relative_path,class_name,source,bytes,sha256_file,sha256_pixels,phash64,width,height,format,mode,decode_ok,quality_flags,error
train/AAAA1.jpg,raspberry_pi_sbc,train,1145801,f349d5f65da9d0e4560ba5b607547dfe61f0ed6924f637f398575cc17508f7a2,de4872f6a413ca9ec88de271a5499445e64eb03869d3d83d57be99a23be27c74,e494c7e39963916c,1956,1982,JPEG,RGB,True,,
train/AAAA2.jpg,raspberry_pi_sbc,train,1129554,70652d187202dc1a6015b167777adf469f392513a32c93cdb7fb200ead8ff7e1,4c31a9e1a06688d4b978e2a6af47c91844d8da66cdd48349ce221494f1ecd298,e494c7e39963916c,1942,1976,JPEG,RGB,True,,
train/AAAA3.jpg,raspberry_pi_sbc,train,1100715,84868b3e15b40f97c56298016ea5b105f4ccb99bc24c309e26248aed49545f1b,2145e0456c0e6a2494d5596ba86661720b58fffe7cf138c5695f1e26e9999f85,e494c7e39963916c,1947,1974,JPEG,RGB,True,,
train/AAAA4.jpg,raspberry_pi_sbc,train,1134963,e66c08077c86396821351fc907891bd7ad308c673912d9f6972081e871cd1ae6,e42165692a5e00cd6e6f6e22526bb19e99883fc317e108d0b3281c3a855c0a02,e494c7e39963916c,1961,1972,JPEG,RGB,True,,
train/AAAB1.jpg,raspberry_pi_sbc,train,1636530,def5c876b4aae569289b59195eab29caf2b658af0176877c8011030433380ff1,df8250f509daf4cf1686a9dc45887e41c6ad6dd7c93f325a81b6ec7dc22fdaa1,e096c74b9963996c,2070,2343,JPEG,RGB,True,,
train/AAAB2.jpg,raspberry_pi_sbc,train,1549937,f58755a36a261eeebb838961579913a20697505564826165aabf87abb82f874f,b80931effb53541a6473d2ce844a5ee8538431bad07f4621d31a81abd0c78432,e094c74b9d63996c,2051,2338,JPEG,RGB,True,,
train/AAAB3.jpg,raspberry_pi_sbc,train,1528149,2de8fa8ea381820a42d48ecfb171d9254bb6f0d5af0f843aabb87e2e03d9c9d0,6e4ae93355dd60a11ad8d95bb0940e9befa5a5906bfc6bb2d3170660a2501dfc,e094c74b9d63996c,2051,2332,JPEG,RGB,True,,
train/AAAB4.jpg,raspberry_pi_sbc,train,1560541,b290289de3012ebd6b6219eb94c503fd4c035ddf35f0f1ee1c9d10af481450e2,048a91a918e59bd14272352d3acaf202d2fdde123b451ee8cf330707779c7f13,e096c74b9563996c,2058,2332,JPEG,RGB,True,,
train/AAAC1.jpg,raspberry_pi_sbc,train,2099064,418b2c01afe2501c60b01717a075a10a54ba4b2d56a58274a7a4569ef7d96916,50958c1f1caf788895d42f9d7b4e7b2164efa0ee7c20a80b944ca75319257f5b,f896c74a8569983d,2050,2830,JPEG,RGB,True,,
train/AAAC2.jpg,raspberry_pi_sbc,train,2183381,89aff7ed7620f73fa07285cdeab8c12a08c17782845283d85cc6f038291e2645,26e19dc527ff77f8873888a3a997b0a591da2ec7ca1d629810c00ecbcd6d1d4d,f896c74a8569983d,2053,2828,JPEG,RGB,True,,
train/AAAC3.jpg,raspberry_pi_sbc,train,2152144,f571b93bf896b5e5b4801124ea0b8a645e5c6299fb42ea9a1578850e63eb5636,2798cfd99eb6d7fe29c3b9c4e7f1acc934a08bc3f7083d753ba54b952859de3e,f896c74a8569983d,2056,2829,JPEG,RGB,True,,
train/AAAC4.jpg,raspberry_pi_sbc,train,2151080,b43099908433188d727f505a4237f6e58da4ac316c1f65c7e73ad5aff6bdd170,40049788163addf8ef68e6a0bc46fbfd38fc901e060b1704373abadd2382a751,f896c74a8569983d,2052,2829,JPEG,RGB,True,,
train/AAAD1.jpg,raspberry_pi_sbc,train,2684002,fcc604cb1d76ada5c9780a3c3d6d4922b7c73296a087befa2b44507966121695,9282019652bcd88f36437f3aa7061c019de70aa442318de1884139d5af0997a2,fb96c3c98c69982c,2438,2804,JPEG,RGB,True,,
train/AAAD2.jpg,raspberry_pi_sbc,train,2477580,4b08b6b657239d563bb529432cdd74476ecfe2aa494b561e6b90a205dc0688c9,7810222733066e63afbead63c2666e2b6afe3e7be599fc136edbdf90b8cfe7f0,fb96c7c38c61982c,2425,2809,JPEG,RGB,True,,
train/AAAD3.jpg,raspberry_pi_sbc,train,2552238,d5ea748d2c3557d6d9cde85f40ee649fce219cdb1f58edf96153eb4c54f9c6f4,8fadb1b1d41cb4f2ef46f898fc2dba5fbfb6956e2eb82dea14c8cc0b5bc78649,fb96c3c98c69982c,2419,2809,JPEG,RGB,True,,
train/AAAD4.jpg,raspberry_pi_sbc,train,2656115,39db9c9ba26eaa80928a953839806160398e1888ba22b965edca93d7a2dc5579,24d129fc845ad06278733e20be79ae2678bc885dada109339f4321adc89d31ea,fb96c3cb8c699824,2415,2809,JPEG,RGB,True,,
train/AAAE1.jpg,raspberry_pi_sbc,train,1694066,61563099046969356e25a32f3f3dd69e5284004b922520659413921d34df728a,71fdd1a7f0972347718a8d99a2364668f4c37abe18a954876dcde4254a72dfd8,a396874b982d9b36,2037,2365,JPEG,RGB,True,,
train/AAAE2.jpg,raspberry_pi_sbc,train,1658931,c619825ed894369f8a49c59146cb702a92d990e1a60a42175f5bc4d64ff53506,481ac00ce351ec934dba8418887249458798fcbeaafdfd7ce3060d0e5943c971,a39e874b982d9936,2023,2366,JPEG,RGB,True,,
train/AAAE3.jpg,raspberry_pi_sbc,train,1663582,9d28417e5652b162775ddb5f5c4ad6d4d7beb253d82060c04a9e53fa339d1339,8dc03f6b3b84bd8281d1b6b419448ba07cf621adb85a3e226d881a17a2896043,a31e874b982d9b36,2019,2362,JPEG,RGB,True,,
train/AAAE4.jpg,raspberry_pi_sbc,train,1707492,6c09ee3bb49e62c933a5c04f5647dc609c52119397113f44fbbddf851da1f22a,920d3e89f8f0c2818325e3d8f9b2137978baaa992adffb2b377efa9f7258f6dd,a31e874b982d9b36,2017,2363,JPEG,RGB,True,,
train/AABA1.jpg,raspberry_pi_sbc,train,1694749,3c1f8b208f6bd5e8a8f3310240981081ba7b48c31d2b45c5542ea47345989163,e4351b4c00e580ea0262d345a865d075f56d6606f8bd4109cd6002a8b3b395dd,ee94c6639163992d,2240,2281,JPEG,RGB,True,,
train/AABA2.jpg,raspberry_pi_sbc,train,1706547,ed5480d800cda81e6e8ae222ff5c54184794434fd5bf70191a04ceb31152c921,b7f00ee087d91b57ad21be1588304560acb95ef396f91b6e84ff1dc9b73db233,ee94c6639163992d,2234,2281,JPEG,RGB,True,,
train/AABA3.jpg,raspberry_pi_sbc,train,1700084,18a57ff88bc2a7df698c3b13d2f8853576c0eb011b628ebca529b4a464d0a607,ac1c22b9f6c8221e8eb42096396ab92bcb055f215b796a9d4c1605813d1724da,ee94c6639163992d,2232,2283,JPEG,RGB,True,,
train/AABA4.jpg,raspberry_pi_sbc,train,1664539,4a8edba9bcebbcf24cdcf47efea1e8e1cf82689a992b95c87961857073d5dbdf,eae243a21e1f33363166e662aae004ac8d82e29889e2f41de410ffa28412c943,ee94c6639163992d,2234,2287,JPEG,RGB,True,,
train/AABB1.jpg,raspberry_pi_sbc,train,1692041,0a30e7f7e9a22c3265fa1a2b4095eff998e3603cd2984fcc25c8961ca6556e59,b6a865bffd1e8ecdc2d6a043b92e71d29040fb3084d12362fb46c9127f2a13cb,ec9cc6439163916f,2148,2495,JPEG,RGB,True,,
train/AABB2.jpg,raspberry_pi_sbc,train,1718288,51085ec9cd3026c1944a29e336a2080a205f6497972913745dfaa88a69504c64,54ca562cbc30d7c3abbfd38d7a7d328aefbbf40b86a5f6a35ac6aacd63027cc3,ec9cc6439163916f,2141,2492,JPEG,RGB,True,,
train/AABB3.jpg,raspberry_pi_sbc,train,1691257,103687a0254fd5bcd7a95a7ac047b2180ae6d9768827f95e5b24ba232cadf603,3d84540f6b92459ee94c10cf55b00e62c4904df17900414179887dbd759462ae,ec9cc6c39163916b,2131,2488,JPEG,RGB,True,,
train/AABB4.jpg,raspberry_pi_sbc,train,1722488,ce7593ceef9e392004a6d9f505e383a0ede4364a1b66db7e181363408cfc98b3,e1896918d1aecfaaafdf6340099508d86fc7a7bb01c5b61b2acf87de4af78640,ec9cc6439163916f,2152,2494,JPEG,RGB,True,,
train/AABC1.jpg,raspberry_pi_sbc,train,2496382,a333841f7320b39355785098404f3b553a1b9cec86c2fb548d587a5ec7531837,85dac60f378cdc669fbcc203ded61fa84a6cda316935ebe2eb4cca44f9fa73ea,ec96c74a9561992d,2251,2813,JPEG,RGB,True,,
train/AABC2.jpg,raspberry_pi_sbc,train,2420285,46af799e894a4cad81e0d813881b1bbc2e2d10068d266264ae1df6db908fdab2,f784ea6059babf78982134032895c46ae50a27e6ad2e48b19dd3168c01d26f53,ee96874a9561992d,2258,2814,JPEG,RGB,True,,
train/AABC3.jpg,raspberry_pi_sbc,train,2464987,bf0aacbc3238ad21ea42ef3b75299d5dd38a6d7cb39bc7ce1c916f3abe4ac97e,480f38bd4be9dd2c121f8b431f7dba4c13b77b3687568e38932340d60b667cef,ee16d34a9561992d,2263,2814,JPEG,RGB,True,,
train/AABC4.jpg,raspberry_pi_sbc,train,2432063,55a1d79fa24289f48b162a1676404b1a0b9c2b0d3be3f6ca8865677bee37757f,2d138ee92785ef9c10472633a93173fd3c9b673c480a3de59cb95b65a990233c,ee16934a9569992d,2257,2816,JPEG,RGB,True,,
train/AABD1.jpg,raspberry_pi_sbc,train,2546079,b2d67b56803025ef0979d3d72922d4a913037b4eb6fa6efe0f8065f11755cc9b,a58802e7d9f6879891970588c05cd35d244cdff4b90d0806cfa19a1412f593b9,fc87d3ca91699838,2223,3138,JPEG,RGB,True,,
train/AABD2.jpg,raspberry_pi_sbc,train,2490015,2a742bc0d883b11b2cb719c30bfb77db4330e95bcbbd96ad2a561758cec7dfc9,f3495acd142f82fcb80ed0ab160e2a355fa43e611dd22c2d46617d9a1e0ebe1b,bc87d3ca91699a38,2208,3139,JPEG,RGB,True,,
train/AABD3.jpg,raspberry_pi_sbc,train,2490409,68bcd0c61baa8796f8f530814f2a56fd11f12e99ab128814ce9cea00e3565f13,01a6627d61625cf92df860f01fcc1dc174e265cae6c53a92daeb0bfadc917c2e,fc87d3ca91699838,2212,3139,JPEG,RGB,True,,
train/AABD4.jpg,raspberry_pi_sbc,train,2442288,bbce810aa4fb5320f0894ae72b06cb198927b9fefbd04527584c093a64814166,0b9223cb68d71cd13455b7eee392dd989af50c0535777b029f52070bc21de182,fc87d3ca91699838,2213,3137,JPEG,RGB,True,,
train/AABE1.jpg,raspberry_pi_sbc,train,1798809,b0c9edcb3e3617288562acc3ce7804519314266801315d2cda79f5fa5a6e7356,f10fa6daf439e0739a97b1465b68d844acd30abd00f60e18d1bc7d598dc51521,b99793489969cc3c,2121,2650,JPEG,RGB,True,,
train/AABE2.jpg,raspberry_pi_sbc,train,1834958,f82e8f2dc567edb8503d6fd7c339e295bb5d26ff95dbab7666a3454d5cb2c221,473110040280edf7fb29ad54319e1c00cccb7de55f895085ba1a2b9baf1a3101,bc97934a99698c3c,2082,2645,JPEG,RGB,True,,
train/AABE3.jpg,raspberry_pi_sbc,train,1810416,b508eb071ec014c9daa4476894f7f23071250438ee41bb1d74e762d92ffeff71,dd1cb1b64ea90ae1262804006b934d396d194a98282a7a7e19823fd4b8bf65d7,bc97934a99698c3c,2076,2648,JPEG,RGB,True,,
train/AABE4.jpg,raspberry_pi_sbc,train,1810138,7338841e82216f859a8ce5f4c6319677b2e477cf3d908990d2a37c361df02cdb,04e763264973b7f98e20321f3295bb2ca66a9de323ca2f71fb5c45826e5654be,bc97934a99698c3c,2080,2651,JPEG,RGB,True,,
train/AACA1.jpg,raspberry_pi_sbc,train,1410293,fda886752f866fefc1dbae7bdd1b0bba5f1f658379816775354f1640a4261ca1,452bf6385af3aa08b1b32adcbe228957a3d003d60f9a1db6e305c94671166f92,e99c87c2906b9c3b,1928,2268,JPEG,RGB,True,,
train/AACA2.jpg,raspberry_pi_sbc,train,1427028,b2a3470e9e3e3d3139cef6ce77002b192c1f8e8d2bbdd2b2bc40e00b33071378,98d1b10c333015514921ffb4ec89f4f434ed049080ef5e858a91267ed27c5c4f,e99c87c2906b9c3b,1914,2265,JPEG,RGB,True,,
train/AACA3.jpg,raspberry_pi_sbc,train,1371365,106c32983d3dbe8d15bb33bf40226bec01201988448ced0d5fcaf8ef867a6300,1f80da5bd11d1925a68523b7ffc2bfd9c620d6fe0331b3b6c2ce9a32a859ab74,e99d87c290639c3b,1905,2264,JPEG,RGB,True,,
train/AACA4.jpg,raspberry_pi_sbc,train,1401936,3d75cf0264ea8b0c80b4ee7aec626a5940d27ba11d1bf38542a2d97be142b60a,9215dbf1769bc4acee3d10100c4ab8d0919ab72cb22502d70347bf16909fb97f,e99c87c2906b9c3b,1916,2265,JPEG,RGB,True,,
train/AACB1.jpg,raspberry_pi_sbc,train,1910169,18f4d9c6baab49d497e263662db833f1b3e55db1ed9b23c763f8ebabe5a9b688,52cc161b72da8fc6c8e8322eeb902f75023f4060f28eaddb058c61e7612b0196,e994c7c2916b9c69,2129,2665,JPEG,RGB,True,,
train/AACB2.jpg,raspberry_pi_sbc,train,1865302,0153ff2bf1e050dbe537412bc2218f40ab00ea33c1590559965af76bad71d5ca,e9927e5919c4dfbe38af56ccc867d1199cc81953e6bd12b4851fc0ba2e1e9795,e99587c2916b9c69,2104,2666,JPEG,RGB,True,,
train/AACB3.jpg,raspberry_pi_sbc,train,2103129,887b5598e8f171c098980d07fe5eff8588659fc9c2b6e454ae7d65495d771262,52f020c7a2946ac0601d9caba856463b98d8d601b20f2f37bd96ff2cb2348318,e99587c2916b9c69,2095,2663,JPEG,RGB,True,,
train/AACB4.jpg,raspberry_pi_sbc,train,2025141,1136d223b91a79238b584a3e47d3c65e13e8ab23cbacfc30ebd7704825bb8b0d,7baab6a311001daf828bd32cd0760357f1b6afdf2770c8f99db4b7c1c246f72f,e994c7c2916b9c69,2125,2663,JPEG,RGB,True,,
train/AACC1.jpg,raspberry_pi_sbc,train,2425459,7bd82bd6800f2ae387e756294474046f6d97d758511b4e8c1eea71f4427ab828,b874e1c35943671aae129074c3281de824316170bcd351469b908b0c978b95e6,ec97c3c291699c69,2067,2795,JPEG,RGB,True,,
train/AACC2.jpg,raspberry_pi_sbc,train,2400737,2f51852525a691c3dd3e57868b6401d8dd08ee1a99db003ddfa0bb9cf6bbdf65,51bd01d8563c851c3308b63956e385ce95ea23688df42d76030443a6fa75f7b7,fc97c3cac1698869,2080,2788,JPEG,RGB,True,,
train/AACC3.jpg,raspberry_pi_sbc,train,2228185,7077b387bcdd135c34405792713b2a95fdec9fbd3640d1d9fb9817aa76f532fd,6cb6935a2487ac79aec45c63c59e3367a0767d0e6dc28f678a5987c4776ae5af,fc97c3c291699869,2081,2791,JPEG,RGB,True,,
train/AACC4.jpg,raspberry_pi_sbc,train,2320747,237ce558c8133feabdd47acf6c2d0b079e6f8c96fde0e10880c16f96939881ac,8df6b08c554114747869bf0a4497b783fa329b22ab235e73efacd363d5aca53b,fc97c3c291699869,2056,2787,JPEG,RGB,True,,
train/AACD1.jpg,raspberry_pi_sbc,train,2085423,d399837cce8ef8e347fe9a7e060162a43ff1705f76d5a4db266aba1850c1b595,04b5f785355e2161ba3028ba8c608760e035a144ada11d4951b127c8e1cb3f52,f996c34899699c2d,2210,2765,JPEG,RGB,True,,
train/AACD2.jpg,raspberry_pi_sbc,train,2020043,edc5bd76c43753a2f67a489657d76e94ead388bac60d66d356cb4bbdd4363d1c,6109740e83218c6773d5cb097a38f03b37e64191997c32298e0ceca1971b5591,f996c34899699c2d,2188,2756,JPEG,RGB,True,,
train/AACD3.jpg,raspberry_pi_sbc,train,1982996,8312c1a691a8cecb25ef1decf0b030d73d164a7f2ec7ba5e0ebd8bce90ba480e,8bbb231c38943f72b1e8b4495b45a1c5a3eab6a5f98da37c6d52e47444d74749,f996c34899699c2d,2172,2751,JPEG,RGB,True,,
train/AACD4.jpg,raspberry_pi_sbc,train,1992550,91e7d2ac8f7b89a3a76fd502d0c3c06dd844fd27fab5f5a7c66df9a9bc947b1e,5962fb294afc41f6035e0509bd571b9331d82e2367982a083f77e16b744f6e85,f996c34899699c2d,2177,2751,JPEG,RGB,True,,
train/AACE1.jpg,raspberry_pi_sbc,train,1710539,d3d87ab81b7c399f5238d15ec2e13e9dcd4967d3c32b660df19d20682b8c89fa,8bdeb8f2964d1054b776237791117d506160533decb7aacc765b780efe9d55c5,b996d34899699c3c,2063,2449,JPEG,RGB,True,,
train/AACE2.jpg,raspberry_pi_sbc,train,1688117,d1b1646316a5d6eed9cc9ae310644760a1231b08fdc3899f540d198fb3cc4312,6a78614074c5a9f2e426b4d75117cf244bf3c710df86fb75cb8e39e484da5a87,b996d34899699c3c,2041,2445,JPEG,RGB,True,,
train/AACE3.jpg,raspberry_pi_sbc,train,1651706,4ad0ffb84df8b1a50b7b7a8a1ef39b9fc1a0070fb68153191c6f804eb3e5220b,6631d5ebd594408983a07db4ace6221e4e8e757b637b6d92d9eb81d085c157f2,b996d34899699c3c,2032,2436,JPEG,RGB,True,,
train/AACE4.jpg,raspberry_pi_sbc,train,1621898,6f629cf0f657344444063f0fa2451e5008639d9041325b3d5b0fbe8c73bc3d8b,4130f412879f3696ca47d9fd71272e78d2b3a78bd114281fd350e118ed9d283d,b996d34899699c3c,2030,2432,JPEG,RGB,True,,
train/AADA1.jpg,raspberry_pi_sbc,train,1739488,df151a81c89e4a3b09b8aac135f91e829b882435e64c92b89e68c71bc426059c,db672d0c15838e491340cca96e5391efa0a365f491fdc5f209ea7ff44c0c599f,e99d86c0906b9e3d,2129,2565,JPEG,RGB,True,,
train/AADA2.jpg,raspberry_pi_sbc,train,1724876,7304925b9a53e3f60d16ad9c204c91b610e9214efe175162e3b24be697e0dd50,46e72031feeb9af5977416dbe422c40eecdeacad7e00c1cecf015ff642a705e6,e99d86c0906b9e3d,2124,2579,JPEG,RGB,True,,
train/AADA3.jpg,raspberry_pi_sbc,train,1716179,fa3d4d06e6e0d65171dc73fd248da72564fc3792de84db7c515ae785bd9ebf0f,504091bc5a526e78ef906281b2418556eec530ba3b88e5f68e250b38adb03730,e99d86c0906b9e3d,2121,2582,JPEG,RGB,True,,
train/AADA4.jpg,raspberry_pi_sbc,train,1632573,90b25e128b37e44006119d09bf84d17daeef7a847c261afb0196a733670cfb94,00dbde1b81865a6c440c1f42a938630d2ee70b219b375fac6c8a1740c7b8051e,e98d87c0926b9e39,2102,2571,JPEG,RGB,True,,
train/AADB1.jpg,raspberry_pi_sbc,train,2607982,6d31c7e7c36ee336e23172e3c0b60b4f36c44b6eae886fbbee4bfd30eb8e6d54,8cffff12563e4a07c9c0c8422377f5d91071f894ae220f002ca1d8e2725984b2,e99c926a91639e2d,2459,3054,JPEG,RGB,True,,
train/AADB2.jpg,raspberry_pi_sbc,train,2682692,b02e479be88521128b6589510a9a59fe36a4cf778bf2ffdc5aa3fd5c93d6ee32,ed14be97367b1886cfe8329986795903c0afbd91350cfded16b891af7858f567,e99c92e291639e2d,2461,3054,JPEG,RGB,True,,
train/AADB3.jpg,raspberry_pi_sbc,train,2608828,520cdc28897daf5478cbb7b54566c646b1e9c10e0f3a09be962fa4261aeb8f4b,90d1c677948aff3e60dade0746377f85d0d389c623463898e0743363db55239e,e99c92e291639e2d,2452,3055,JPEG,RGB,True,,
train/AADB4.jpg,raspberry_pi_sbc,train,2548798,b2505646d4fbbd34ba1c643d8983e4d9ec45cf6e3b520432221e83e75956f88c,027dbba7b3da1486b8965e8830cc2787b68d450701bf6f08cf75e1c901865162,e99492ca916b9e2d,2439,3033,JPEG,RGB,True,,
train/AADC1.jpg,raspberry_pi_sbc,train,1883484,f8ade3269b008b7387294bf0c3007dd0046ae7f29ea1c5070dcd4d9b213cde64,40049d87f60b789ba7d817739356355244336b31488cdaf3b5e46486ce9c94be,f99d93c8c461cc66,2029,2656,JPEG,RGB,True,,
train/AADC2.jpg,raspberry_pi_sbc,train,1727162,8d4c301091d0cc638f84bb685119a41859f3069b5c14e600285f9c7d8c78d84c,2ecbb1c970a740a72a8a57667e6e238c476935da8d0f614d061a47276dd6268d,f99d93c8c461cc66,2021,2655,JPEG,RGB,True,,
train/AADC3.jpg,raspberry_pi_sbc,train,2174770,1760f2a8715f9a218fe418fad744add6d47f2985bfcc78fe086625b5fc993250,d6383c43e0b85650d34960a1a896befda77e16a8cbdfe1e6c6fbb61530d6811d,f99d93c8c461cc66,2017,2654,JPEG,RGB,True,,
train/AADC4.jpg,raspberry_pi_sbc,train,2144403,e82aebb180546a59393d312d434e98eec871886a947c6d929300cd27e9deafcc,2b5242ba0b023392c57a926ed60c19f59aa89bf11f7bc2cea1f44d4b2c960c97,f99d93c8c461cc66,2026,2655,JPEG,RGB,True,,
train/AADD1.jpg,raspberry_pi_sbc,train,1843303,612dc3ffd15144cb7a5fb17719d0b48e15929cc894a3fc58f62c58cc1ed8df90,53e29262fb741b575245eff7df251d372efc570913237e1c6134ae1bd913df6f,ed9c83c9cc61d827,2216,2658,JPEG,RGB,True,,
train/AADD2.jpg,raspberry_pi_sbc,train,1780782,8a39b1ee834769ac39f59e57d2aee8f830452e259aef67469855b2e5535146cd,ca6c9efd6c5d7f0ff42c71ee13c82c0c7293572f17c8784f0f0ce92dcf5fd9b7,e99c83c9cc61d867,2190,2646,JPEG,RGB,True,,
train/AADD3.jpg,raspberry_pi_sbc,train,1803106,2bd7d5c42bef2b66554c53c0eef09fb68780f958e5f083821922cdbb88ce212a,160f5d9fd698f59a144b5aac3b86e9c25b81a7d9d023d13b7c30f9a9a5d1acf9,ed9c83c9cc61d827,2193,2646,JPEG,RGB,True,,
train/AADD4.jpg,raspberry_pi_sbc,train,1821339,0eff6d1baf1778536db31a457cc5e0d32b6cc886d10a72f45a53227d3b4591fd,c375365e733c8eba53e224acf2227e1f3e40cc21f2e5d9477d7a4137333d6310,ed9c83c9cc61d827,2210,2648,JPEG,RGB,True,,
train/AADE1.jpg,raspberry_pi_sbc,train,1457319,29df976e2fde64980be39f13efc3f0c7663f05a449e07fde8aebef32c988a07a,023ab856988a82c618503ff58372e5053fcfe4ce5808c28c3dac1c295bde2abe,ab9ec3c9cc64d826,2129,2283,JPEG,RGB,True,,
train/AADE2.jpg,raspberry_pi_sbc,train,1488087,1e72178863a3fd8773f57007ef292497f9bb8b63ab7a2f2830b56a3d86f6c6c4,2406e6e609eec8ecd4417758301b7e68640b38e8fa2592d4b02a86624cbf056a,b99ec3c9cc64d826,2109,2290,JPEG,RGB,True,,
train/AADE3.jpg,raspberry_pi_sbc,train,1422594,ddac04ad4b211235390c0a1c404b766f1cb914c4ecc6d69493c3192177a83830,c17ccb1d4b43a124a3ea7cb8356b3e226955de4ee01485661b6133b016869fe0,b99ec3c9cc64d826,2116,2283,JPEG,RGB,True,,
train/AADE4.jpg,raspberry_pi_sbc,train,1496898,da8eee439c94c7267c226d88578d814503b8091a601c6dfcf1f219ad3d1e5cec,7fb54cea5fa42b3f42be8797ca8a2cfdb9aba49396d8d2b3b8a96a09f3905e5d,b99ec3c9cc64d826,2124,2285,JPEG,RGB,True,,
train/AAEA1.jpg,raspberry_pi_sbc,train,1472237,8c25952cceae3cc5ad1fb613c7de18842000ee14715bd7b8183041b701a6248f,3fbfe524c0914b0d5655645b9a25b7b23faf30bf610ede98b5e84152c69b9d57,ed9c92c998671e26,1930,2391,JPEG,RGB,True,,
train/AAEA2.jpg,raspberry_pi_sbc,train,1469030,f8a8a338366bd7bd073d020474dad8b8c7cafd14226f87234d3fb99a0748e8a3,6bb0440ecd573061ad15fb9de05b1a1558bc313b5059e4b5db324abe9c14a157,ed9c92c998651e36,1920,2389,JPEG,RGB,True,,
train/AAEA3.jpg,raspberry_pi_sbc,train,1466496,70709832cf4ccf52e99495aacbaaed1768df9080de5c03e95d663155a78f1cb9,0759b83ae2af21799010eb4de1b933b403331f0c4cc9b202d51c9f8f54ab8539,ed9c92c998651e36,1924,2383,JPEG,RGB,True,,
train/AAEA4.jpg,raspberry_pi_sbc,train,1473749,31e42e64f28e6f3ee082ce28603cae02e505bedf79688e474326803acaebe087,83c202b7fa3f2aae4a8a4786013913b88fea82c378946e46bab5eea536fb2af2,ed9c92cb98651e26,1933,2389,JPEG,RGB,True,,
train/AAEB1.jpg,raspberry_pi_sbc,train,2166056,f72657310c94569872c5b0a7dcd7415240b6e307b765882f7c0adc329c65a92c,db881c2a69f65b3c1a11d03e486db689c20e5df1b5c4c26fd6696cf210e54d59,e99d93ca9065ce26,2139,2799,JPEG,RGB,True,,
train/AAEB2.jpg,raspberry_pi_sbc,train,2138765,ea0afd984728ef06127200ab9141653fb86120c35fb23caa98ea16549ef3749a,ca375cc84251846b68e3f79bdf514850df4889397255e6d67d5cffea9f9d8aea,e99d93c2d065ce26,2117,2791,JPEG,RGB,True,,
train/AAEB3.jpg,raspberry_pi_sbc,train,2112555,56240d84a7e9bb33642d761338421621989796ec79fc3fd1c24e9128b49f6ec8,f60b7010fcbc81d45dac053d169e5e7b3e5a4f159a4b010ea2070c8747c257e7,e99d93c2d065ce26,2129,2791,JPEG,RGB,True,,
train/AAEB4.jpg,raspberry_pi_sbc,train,2169337,53c9b2fd31d7bc0104b44368b34e25ebcab145faa5b929196091465e033c9fb8,bc708434ff0d7789704108a17a019cc480ef3a2ddede3a1628a60e41bd516037,e99d93c2d065ce26,2134,2787,JPEG,RGB,True,,
train/AAEC1.jpg,raspberry_pi_sbc,train,1528173,2902fd2b0b1a0cf3a7903f422ea27b3c7de763d4eb4ff6d566e87a88782967f6,dbeeddea6b77999155c4990a4299fa7abb28180e9a0e2b47568e0f3d1778bbb7,e99c93c9c465cc66,1876,2499,JPEG,RGB,True,,
train/AAEC2.jpg,raspberry_pi_sbc,train,1497559,b275c33e50eaa5093f779e66fd1da5b2419a06dd6219182be0a1487214369d15,4981693f3870a1767442e5ac95570e1c6e75c174c09e3b03c4552a7ec5cf36d4,f99c93c9c461cc66,1849,2495,JPEG,RGB,True,,
train/AAEC3.jpg,raspberry_pi_sbc,train,1487860,95476c59d6230e480f41037ad959b4779760355c36be4c74373e2b6f22d56309,3dfa535b15172e12cb0068568a203720a9bea487f83d888c3b3cf51b48edbb49,f99c93c9c461cc66,1852,2496,JPEG,RGB,True,,
train/AAEC4.jpg,raspberry_pi_sbc,train,1558934,ddf22688b6847466b95b3994ef10c6f62ffed2cc8f1f7976ee2c8de535e1dd2c,740ea00724ed9a2cb07d202ff85151005c48e5c99c8affddd88d5dcce484dfc0,f99c93c9c461cc66,1842,2492,JPEG,RGB,True,,
train/AAED1.jpg,raspberry_pi_sbc,train,1825461,bfa1148b6942ec179b28896474d8e9e002e1b8010d5b2a976830583bfd3ca20e,16e3f4fc38f4952cdaedbfbbe9fc418a792b91c393fd0e80021c3fc0049d88e2,e59e9349dc64c866,2085,2453,JPEG,RGB,True,,
train/AAED2.jpg,raspberry_pi_sbc,train,1798283,d938556e5eef7b5fc6917635b7098b49d60aed4cb90c19e62b9afaf6161ce2d2,bf7cb51b4672943ddd46b59bc528790b525a267a58fdada39246951893e6faf4,e59e9349dc64c866,2092,2452,JPEG,RGB,True,,
train/AAED3.jpg,raspberry_pi_sbc,train,1808329,d4bab260e6e6f4a540e98cd43b861dd39445b6f54a428b4d9b70342efbd6d3b7,61963392eb9f1dd6fcdb9d8a7faa08c928e3375892a886ac850521dce3a9e259,e59e9349dc64c866,2085,2453,JPEG,RGB,True,,
train/AAED4.jpg,raspberry_pi_sbc,train,1805959,0f441b4a045c8b6cd7ebe55d95969811bbcb6cec8cfcf18addeff23a53a8397a,025136dea26d32e9a9803569c453ee4ba1e1f64c313db5a04679175b13a5eb3c,e59e9349dc64c866,2086,2448,JPEG,RGB,True,,
train/AAEE1.jpg,raspberry_pi_sbc,train,1262025,90a653475608106095f072eb90f294c6d37d73cae2bb27ba341331f358617b32,bda0bebcedbd465ec5844a55e23a23062a7163d92c71f7cdcbc48d2c1e118fd5,b59ec369c464d866,1978,2106,JPEG,RGB,True,,
train/AAEE2.jpg,raspberry_pi_sbc,train,1248600,a6c655e929a85d631a12fca31866c8ba75151d6e67eccbb743fb0d7a142b6924,00a180acf5771bfed600081b44eee25c4e715b62c373d3b4bc41afe354b894b0,a59ec369c464dc66,1972,2099,JPEG,RGB,True,,
train/AAEE3.jpg,raspberry_pi_sbc,train,1234670,a5341005324e05915f927af8583dfd10283f066be32a429c783006c0db533c7a,422752d30a4d5cdf42e13e39979d3c29f32a4d25273bc3f11db0d02a54a61a0d,b59ec369c464d866,1969,2098,JPEG,RGB,True,,
train/AAEE4.jpg,raspberry_pi_sbc,train,1202577,30a3c87d0899cc51578ec2fb21a5e9194f7d9e9eacc6d9020d59d398f417c8b3,887977fbeeb5537b19f2c0ceb1255ff9cd99a97ae4d2522db9aa68fd19e989d9,e59ec369c464d866,1973,2096,JPEG,RGB,True,,
train/ABAA1.jpg,raspberry_pi_sbc,train,1023755,59c4e219228d4fa3c0d73c9295547c32eabd7e56c46046fd772d682df280a667,d0245514150078c5777a10f46ed442fa6d597f7eec5f6d6bcbee9f04e6ec844f,e89c86e39763d161,1733,2010,JPEG,RGB,True,,
train/ABAA2.jpg,raspberry_pi_sbc,train,1002617,22dc906b8ee2d443321a78f43078d2aa19c9165aa6a89e5dd565babe4accff22,ce9b26d0cecc28a77b00a488b7e6bc2edadf695e8c951c138d457bff8e48836f,e89c86639763d1e1,1714,2014,JPEG,RGB,True,,
train/ABAA3.jpg,raspberry_pi_sbc,train,995782,7f1ced4c6055971b0a500457f9ee6373284b70b7b4573d93369e6992fd4324ff,893b447e52963e9f40ac6efc3aa5be6b1abc3180fb1adc0652ad8090d16bcfe9,e89c86639763d1e1,1712,2016,JPEG,RGB,True,,
train/ABAA4.jpg,raspberry_pi_sbc,train,987766,3433e7398ab63eecc3c3bbc7201c3a12ae214571e30f1cb93ad7d406fa36f1b0,50e7f9f8c5731545b24394bcef52c1c58d8385f8adaafb1723dc8c27d0398482,e89c86639763d1e1,1711,2010,JPEG,RGB,True,,
train/ABAB1.jpg,raspberry_pi_sbc,train,1384132,ffc136e38ca04c7509ca1bf0f802a6b36f4d405372c520f874fbdbabbe11e18f,63b7bed84b15fc24744abf15434757eb6de97cabd6c3fa3a70bfc97839917495,e894c6cb9563d169,1851,2312,JPEG,RGB,True,,
train/ABAB2.jpg,raspberry_pi_sbc,train,1353287,0a18d9c75a3c99c65a2ddc32eea1d04f30af22951893d78f4120f6385162dddb,67f739ece1243219ac0952661a5ffa84c513effa1648b1e3a58f924ba91b0335,e894c6cb9563d169,1848,2309,JPEG,RGB,True,,
train/ABAB3.jpg,raspberry_pi_sbc,train,1356103,dba0369d459055183e0f96f885c63d453e9fdeadddf048a41a129dcba70eafd9,af896a77520c4ef7d4bed0e51baec1edc78982575307c73fa865a7617ca25fd0,e894c7cb8563d169,1851,2308,JPEG,RGB,True,,
train/ABAB4.jpg,raspberry_pi_sbc,train,1340638,bf3bcef1201198fd277272d666b569f47b6c9ead72af9b8d83cefc9fe99131f3,e46c5a1993418dcf793fcc0e2c351e6a6c44978343bdc08724ad955f3deb4982,e894c7cb8563d169,1846,2302,JPEG,RGB,True,,
train/ABAC1.jpg,raspberry_pi_sbc,train,1717528,c142ca66c4ea6ca5eb2ee7dd6f3d707ebec5682f554f51b55594ada2f8bba061,a1ddb4a86a592f625a06c5f53cdad76651888701f4587a3c39f315885fc5a371,bc87c2ca8369d378,1857,2816,JPEG,RGB,True,,
train/ABAC2.jpg,raspberry_pi_sbc,train,1662503,283abfe30fea7a26cb05f695be4001b278803a5ac804169bb2e1b72e66385a6c,f2e2af51afe67abe78991ba7fdb580cc95851ce8dcbbfbd65b0c88b9ace721ad,bc85c0ca8779d378,1835,2809,JPEG,RGB,True,,
train/ABAC3.jpg,raspberry_pi_sbc,train,1615514,4e60b7a492bb001399bbccfb97e256c33dfffc5c3a91f4b7b28d0014bbad7870,53dc9c98f0272cf59b3ef904a815549679ac2a743daa7dcd411df7ebd7dc5c6b,bc85c0ca8779d378,1839,2815,JPEG,RGB,True,,
train/ABAC4.jpg,raspberry_pi_sbc,train,1633694,836b0f73ac84750880e2a9b28d634d9bf1bdb672aecef36b80bf6b547db4d23b,53dfd42a4b29cbc08892706ccf5a77ec8dc98195c8f7a22fe8dc7476c8a80279,bc85c0ca837bd378,1824,2811,JPEG,RGB,True,,
train/ABAD1.jpg,raspberry_pi_sbc,train,2033422,c315ecdd79fd64dabd66b197334d146be03e5074d8fb513d6bfa119fb3f008c1,125b7a304c948f435e46cce060854602822e94cdf73c7920817a36cb55564aa0,fc86c7ca85699961,2188,2816,JPEG,RGB,True,,
train/ABAD2.jpg,raspberry_pi_sbc,train,1954958,36df301725ddbd271acee7edef32f3738adef96dc1e995d265423d710a9807e3,af44f41223999f824d17fa48550d5eac995976476da46f811c688ddfcebd5a47,fc86c6ca87699961,2181,2818,JPEG,RGB,True,,
train/ABAD3.jpg,raspberry_pi_sbc,train,2162109,2715229ea501537f16ddafc9c576687be08e791981615eb183458af819d52149,15414c215385d455e88dc6fc8d2838415dcc3d4cc436d8605eaf0446d3975f14,fc86c6ca87699961,2160,2818,JPEG,RGB,True,,
train/ABAD4.jpg,raspberry_pi_sbc,train,2074375,c12deb8893d661d8e1c55054b438ee39c86c7f470580f478c38e82f783f59ae2,d7f3ac3705ada3e68c0e0af3d6f8fe86426edf04d370e14a814dedeb9e001d27,fc86c6ca87699961,2177,2822,JPEG,RGB,True,,
train/ABAE1.jpg,raspberry_pi_sbc,train,1187409,219b8f577db9a0b59887ef001801c006af57e2da249468dc304bda5bb977f9b7,48a1d6e61147ce2850ca56db64083a451dd2c8f14056a1c03c43ee710e90c502,b896874a9f61d835,1761,2410,JPEG,RGB,True,,
train/ABAE2.jpg,raspberry_pi_sbc,train,1186210,9ceeeffd7ad113ad8e3d4cf74be6e1cee71d8ab560a6f587299106a576406023,d999f70eb8627f22f6574f78f31aa676cdb60b9b191393796a21b79ea82a5daf,b896874a9f61d835,1755,2405,JPEG,RGB,True,,
train/ABAE3.jpg,raspberry_pi_sbc,train,1192667,cc3d1c78130933e5bbf0de453b8bd0fb5ba5724c272f934ee8d380b1b994da4d,d6ed9fc3259daeb08bfdca9acdd8448d6450610b207460fcc6be768cbbf8638d,b896874a9f61d835,1757,2406,JPEG,RGB,True,,
train/ABAE4.jpg,raspberry_pi_sbc,train,1177423,ba2f02deba7b3759fd78b89a12cc388604d7a670821ffad3c5569b4e7c586242,dbbe540634d79adee3757e35a45a16a35977297e981dc87898af78f301cd0aaa,b896874a9f61d835,1763,2405,JPEG,RGB,True,,
train/ABBA1.jpg,raspberry_pi_sbc,train,1480983,3b0ebd4c45fef0e9f9c7d1754b548d9467974cf9ad019aaa1a1993e0fc1caaac,ea951a0dfe323d6f41f5b57dd90ba7b132f639b47881c746c2d144a7614ac74c,e89cc7e28663926b,1945,2253,JPEG,RGB,True,,
train/ABBA2.jpg,raspberry_pi_sbc,train,1437343,cf4abec10497a06f23d587ef3ffc554a3e0df9a38b4d0a7c0bf1bb820981778c,1d9a7fce8643bb89a0613019bc05825583f56d627aadfefe4fd4964256b470d8,e99dc7c286639263,1909,2239,JPEG,RGB,True,,
train/ABBA3.jpg,raspberry_pi_sbc,train,1453108,e06d4035ecff44a6f4a601d9707c788604e9e143dd6f4d6932f714abde3aac5b,e9f673212acc621c4aee48c4cf16a6d558de1fe9d705d52d4553d979704137b9,e89dc7c28663926b,1926,2244,JPEG,RGB,True,,
train/ABBA4.jpg,raspberry_pi_sbc,train,1476054,c6e809e041e90ebf349f4ac5197ada5eb09f241c86bf26be06c199d7904c7e9d,cdc597e993bb93481ec0ddfbf33dd647a889a49c9c8f7c48c5b99234725e8b3e,e89dc7c28663926b,1933,2247,JPEG,RGB,True,,
train/ABBB1.jpg,raspberry_pi_sbc,train,1682889,5f8fc5fbb2329a2dc2b957f3e1ebbe5de3ea5811126e9b7850286b9fe40f8713,4c268e920c1d97ee45df56a20156d4a500d86bbdbe8f5ca21bbe94cb92d09c29,e89cc6c2c7639363,1924,2452,JPEG,RGB,True,,
train/ABBB2.jpg,raspberry_pi_sbc,train,1605072,ae0d9df5bcf307f7ba7057f9bd8f18b546610ace78064f0132412cfa0acdf221,9520ff19d1bc70cc4dc1030f4aa3155f08e3c00a88e21d97967b299622c4615e,e89cc6c2c7639363,1908,2452,JPEG,RGB,True,,
train/ABBB3.jpg,raspberry_pi_sbc,train,1610242,3b8f058cc14b0e0f69d19e54b7c254a1fc82bb33a1936b444bea1bab6403a553,8a753042fb9c06a1e9a64fcd7bc0e3d56a2e9831a99d70865f0cf6d8f25d9436,e89cc6c2c7639363,1910,2452,JPEG,RGB,True,,
train/ABBB4.jpg,raspberry_pi_sbc,train,1619220,9c6a7978fd53f8f71d0587b75157e08a7b8e78ef6956d8c21e8f940bbc233bd9,76c1b365322f34b8e90bce8f0f85fd33f874f15f435e5fa9d3e0a13e82a5ce43,e89cc6c2c7639363,1915,2451,JPEG,RGB,True,,
train/ABBC1.jpg,raspberry_pi_sbc,train,2220692,65c19899e8d5be7130aec5a225bea6d4ecd492dfb5487c6a85b5d45fbda461af,1875ae6165be3b1e051b67aab56a5ac8416d02d7b8a455b6911874517a490811,ec8590da8763d363,1954,2782,JPEG,RGB,True,,
train/ABBC2.jpg,raspberry_pi_sbc,train,2176952,68aeaf05b7c18d04b788ecf7ec355e91b367277c14b21e79f34c347ccb09c2ec,4e626d4af10677287ecc486f449e3062a765f7c4a449e5993677a8c3c5a0b037,ec85d0ca8763d363,1952,2780,JPEG,RGB,True,,
train/ABBC3.jpg,raspberry_pi_sbc,train,2094306,4d3f4c6e8cccb23a3f422dddc52b81c1729f93f568eccfb9bdf58b35f6f0f63c,b2c78393dfe9eaf201b6f7e8094c97dc31544e93fe072dbb5fd8a6f20bb7e43a,ec85d0da8763d362,1940,2778,JPEG,RGB,True,,
train/ABBC4.jpg,raspberry_pi_sbc,train,2122696,c6723e9dcec9359d45aa5729f3e6c4d2f7d5bd08d120472d9c3c586084b86feb,48269b59f8f6ada275641117e4ad3aab6450c61fce9e2d7a987f07c59092b962,ec85d0da8763d362,1944,2776,JPEG,RGB,True,,
train/ABBD1.jpg,raspberry_pi_sbc,train,2398792,087950065e8d742e7705a9aafb42c27fc876e627bd2f6efd5f8b9b97ea92f354,2174af0717257a9968f1f6cc9004150d7fd4c29bb8ca7ea8f820988dcab72206,be87d0ca9368d278,2061,3106,JPEG,RGB,True,,
train/ABBD2.jpg,raspberry_pi_sbc,train,2229762,2f0526a563206738d115b7df453bee3887f5d45d6bfea416f92d210a2b91db71,a76d2a08fffbe3982a56e60c05de22814f60bf6ebfd1c871a1c7d53010b39b65,be87d0c29378d278,2043,3111,JPEG,RGB,True,,
train/ABBD3.jpg,raspberry_pi_sbc,train,2422751,b3a6022039027bb4153b985acddde25fd4ac6100408f3161eddb48784041d696,8f1ec3870e4dc58599192b0760b2a488daef382d81e028fec4f611c52f105cd2,be87d0c29378d278,2035,3106,JPEG,RGB,True,,
train/ABBD4.jpg,raspberry_pi_sbc,train,2407730,222bb7de9206b4857ddc1678a9fcb3ae3dfa89a3eb5aa8c3d8c8f5a622b468fe,14c8cec03e3b67a8999630be617598ae531bb4dabb7bb40b7ffa0bb77f5cba57,af87c0c2937ad278,2013,3100,JPEG,RGB,True,,
train/ABBE1.jpg,raspberry_pi_sbc,train,1596403,a436b79f214320c8a52aa4ee08bfb08a0bcf1eb50f5e21baa7216427e8264bed,a9ad99373803ea8d469601ff9cacb678fbfe151488eaf7e8f32a7faa121cae73,be87d24a9378d838,1924,2643,JPEG,RGB,True,,
train/ABBE2.jpg,raspberry_pi_sbc,train,1554031,0ee7c241b4340bb526df9c3a07adf447f18b96020a2f94912aa59df81a1dc024,de35b20394715b25208f02377b9a26d7ba20e46edc76f7a39b033dff55b52e10,be87d04a9378d938,1891,2632,JPEG,RGB,True,,
train/ABBE3.jpg,raspberry_pi_sbc,train,1514367,8fa4369607dd39eb6a021e71d6854c6999d33436dc86e6cd7303db3727f12dda,ff0b81d4e057a4907e006de6279f332544dd01bc095d50fa04e87c8e622ab2df,be87d04a9378d938,1881,2622,JPEG,RGB,True,,
train/ABBE4.jpg,raspberry_pi_sbc,train,1564923,13cc11ab2bfb99529f0e3a52141c9a16970282067686b0d0eb8bdf7210892650,ce1ea43c64af602d1df9bf8c11416d988e26b380f5d951ca3e6b34ddf2ee7c7b,be87d04a9378d938,1885,2623,JPEG,RGB,True,,
train/ABCA1.jpg,raspberry_pi_sbc,train,1212239,5f106430861617c8c8531e799a6c5bcb9653776339c0bdc588998fedccf58951,c48b99eb11f6a58549753bca94db10f76af605e2e5daadf95337f9d0ad30d658,e88d87c097639679,1769,2257,JPEG,RGB,True,,
train/ABCA2.jpg,raspberry_pi_sbc,train,1234764,2620b813447b4da4b88451f4e1bc7b35c4b92a1bb3ab978fad215f63c63e5520,ad40212b0433d290a92bba7bd522773902f13fb4b8671868a2bd47cbdad425c7,e88f87c097639678,1740,2237,JPEG,RGB,True,,
train/ABCA3.jpg,raspberry_pi_sbc,train,1201703,39e960327dcb462ffaff27482e8aa520d03f90213e6fa920bdc4936de63ca383,b14ce51ad90b135a3fb52613801e49d609012568d40236e6f9e38973cec18643,e88f87c097639678,1742,2238,JPEG,RGB,True,,
train/ABCA4.jpg,raspberry_pi_sbc,train,1363514,c29a39ac14c25a6627fd15c430559a8366a7980916c8e85485bfd254d94d6899,dacce954a2ba86a409270d794f47ce2bedc54050a868c13524daba21929eb0e0,e88f87c097639678,1733,2232,JPEG,RGB,True,,
train/ABCB1.jpg,raspberry_pi_sbc,train,1927854,63a6bbf95610e1892a23f36de6a0e3090cf6d1c972218ecad43436cffaab52c9,abf38fff1f8e0b69670807e69f489e19bcafb2f0f5bf0bef6949a31a7ed6c5b1,e88d87c297629679,1934,2639,JPEG,RGB,True,,
train/ABCB2.jpg,raspberry_pi_sbc,train,1855483,81e6f012e115b04788c4a003b211f598dfae2d641ef5fabaa31c2c3d1410e410,116b9da588f9360632a5c88055879ecf89937c4532ef5c4930caf3ec1d5359e9,e88f87c297629678,1903,2621,JPEG,RGB,True,,
train/ABCB3.jpg,raspberry_pi_sbc,train,1878079,d0aa3d37c7d84c0b4e5f03b3efdfbdc7542a7f6286542720389b2eb001c6a908,c07bfb8ee67a0a656e1d5c02fc51449a641391382516420132b2260daa839d4a,e88f87c297629678,1891,2616,JPEG,RGB,True,,
train/ABCB4.jpg,raspberry_pi_sbc,train,1659731,971993cdf4508ca46b58b3ba7b001d79d5b064182f06a5d4dd0e8487db9793b1,78615b9d69a0a535a11056566d5466100c57be92e6db8ea515d2fcb52cb4a2dc,e88f87c297629678,1887,2614,JPEG,RGB,True,,
train/ABCC1.jpg,raspberry_pi_sbc,train,1977718,8cd782d126505f4703670c66cb3301da7716a441e00cb986d2dfe6f4029e66c4,1c2fc7e181cb424e20a6ab91f62d85e3aaa5b61f33d0561ad1d116f22ead8f6c,ec87c6c2836a9379,1893,2753,JPEG,RGB,True,,
train/ABCC2.jpg,raspberry_pi_sbc,train,2031437,c6a9be6451a053395683271dd3b4bd944263f7421ca9ca05a8d6a415c9766af1,a40cff4ed93b1fa7e5673ee7aa829cc61c5b64c25af05398cc0a3d81070657f4,ec87c6c28362d379,1877,2750,JPEG,RGB,True,,
train/ABCC3.jpg,raspberry_pi_sbc,train,2213136,6e0a2554929a02410744e1e1434aa84844e3539834a37ca9b4cafc479d39087e,ae8e1fbebaa1ac4cdf53845cd34021e6eb58112f9a2b5930463ffeed89ce7299,ec87c6c2836a9379,1885,2750,JPEG,RGB,True,,
train/ABCC4.jpg,raspberry_pi_sbc,train,1766535,34d22f101ede05d67849453f41fce3dbbc11c2390597e7d03c56c91428ba5d92,084c13fe8a351936930cdf0237cc80ffb92a5856260cb582f1e07ed9997dbb5b,ec87c6c28362d379,1893,2755,JPEG,RGB,True,,
train/ABCD1.jpg,raspberry_pi_sbc,train,2014888,e479e4f7eb7904cede4051c7cc28b89773ddb49c5df95e22a861baa44f934098,fb11adf51afd3d2575c6f368c0f7efdd8b3219ec0cfda037b5dad31165c3d474,bc97c2ca81699979,1983,2732,JPEG,RGB,True,,
train/ABCD2.jpg,raspberry_pi_sbc,train,1923187,1b0648290b216f68a8daf1e6d1aa07ab3249e597c506ec0dcb3e621759ebff80,4717d196b4df224787e80fde01d92614603d23b7cb0c706b2925dec2949d844f,bc97c2ca81699979,1984,2725,JPEG,RGB,True,,
train/ABCD3.jpg,raspberry_pi_sbc,train,1939849,987a56faebd3aed2fa800e3988aaeed93b675f46bf40d1df2501073e021ae693,a2a974170590f117d95c3ffc2c72d00b991fa1abb7d594e211790e8764cc800b,bc87c2ca81699b79,1960,2717,JPEG,RGB,True,,
train/ABCD4.jpg,raspberry_pi_sbc,train,1922235,00bcd1469db76192f655ee1a8b9f413496e04e17fd064cbde273cf4b77ba2205,1ef39b5857b57889f5239165ef90d3576c49b09894fab7f6255fd80e7b711833,bc87c2ca81699b79,1955,2716,JPEG,RGB,True,,
train/ABCE1.jpg,raspberry_pi_sbc,train,1381733,7060eba7b087464312a068ec29077181c22ba1f7f64d15e809e1eceef7ed3b43,87e395fdb60126c5e1b1c62f3e1c0cfe372e76a9f49aa14d6c91b056391c2220,bc97d24a8169d939,1876,2410,JPEG,RGB,True,,
train/ABCE2.jpg,raspberry_pi_sbc,train,1337958,88aec67819056555798e424d476a882ad7b76495509633d3a29f555a107d2b3a,ecd883055411993610c0060e68fbcface53dcd4f940f885ec8adcb538f45e59b,bc97d24ac1699939,1854,2396,JPEG,RGB,True,,
train/ABCE3.jpg,raspberry_pi_sbc,train,1363718,de0709ef6a9a6bf8ebe1eb4331ae30cc4e8c80e8a8f9d7ca91ca9294e6088524,b67524986270498406fee782479ce55df4187029802b91645badf6e33d249889,bc97d24ac1699939,1851,2399,JPEG,RGB,True,,
train/ABCE4.jpg,raspberry_pi_sbc,train,1372851,ba193668d5d0e1a9cb1efeaba04838f5436aa48dcfbd611db2125d38115ada54,0eca92297a24f1b694a7e0c4ff6b96f4e9c17236a75704e3b5227ee9ebc5b1b8,bc97d24ac1699939,1860,2405,JPEG,RGB,True,,
train/ABDA1.jpg,raspberry_pi_sbc,train,1676801,7c55bd7ce93f76c55f9bdb499e7f8396ba9e69d65ab1a604cc5e0118c3ed1850,d8d75019be991b4317f4815201575af805a30a4d99682000c71f7c9b7e3d4b11,e88f95e097699638,1917,2553,JPEG,RGB,True,,
train/ABDA2.jpg,raspberry_pi_sbc,train,1667548,a965c84d0b134cd9160f9ef4153ad758605f06d04150959204f0286024278448,64e04257ec41a27f601c3b461a630ca4750701b6467dedb344f9b53273c82f2f,ea8f95c0d5699638,1888,2549,JPEG,RGB,True,,
train/ABDA3.jpg,raspberry_pi_sbc,train,1650665,640fcfa9ac6cd80fce1751879d29f6e01057e2aa8088a89ee2a64d9c084547a9,5aacaf5336e850b04be2ce31d6768857d809183e553f55c50a458597ea92028a,ea8f95e0c5699638,1873,2543,JPEG,RGB,True,,
train/ABDA4.jpg,raspberry_pi_sbc,train,1451384,7bfc13fd067c736237512d91e32e466e5ca397db58ceef4e177fce485266ff24,9d898a9775d54c94135acb52bb90efa61b4d0035238b1f22c00687cc7af43233,ea8f95c0d5699638,1874,2543,JPEG,RGB,True,,
train/ABDB1.jpg,raspberry_pi_sbc,train,2401869,653d8f64f91f9211aa567c5527dd8d363bf063873680fec159736de1e571cfc4,05ae07989eaa446e3ea2c9473c3ea478594838e3def9784e64858344aafddad0,e99f93e29060ce69,2200,3044,JPEG,RGB,True,,
train/ABDB2.jpg,raspberry_pi_sbc,train,2347044,10c888f29635586fc70af506ec7822d52ae513079944b86638f7972f4cd6907c,e17251c0fa041ad4ebf5eae90e244dddf9d4fa69e048117863f6af099c7c09a8,e98f97c29160ce69,2187,3039,JPEG,RGB,True,,
train/ABDB3.jpg,raspberry_pi_sbc,train,2234354,24de776a3b6d2adae1aa6d0cc637dacb9312bd384a2bee110ed35491451ae1f6,87650144199c2baf0f887bf85b06de8ae862e572285ea177d18bc2b21d1bcece,e98f97c29160ce69,2173,3031,JPEG,RGB,True,,
train/ABDB4.jpg,raspberry_pi_sbc,train,2212164,5bada5b0e5b3b00d5e3cb2cd01d55a8e3baee772de866bdad651c2da32e5ee86,da3b195efae1fc8eebf2b18d3df0fb39ef8a11e9be4263d0b51ac2aca30f824a,e98f97c29160ce69,2174,3026,JPEG,RGB,True,,
train/ABDC1.jpg,raspberry_pi_sbc,train,1882148,a8c382c03abd7cc065322e95e7f69eaf7ffc097a970b67583fbae808ef8e2119,b71270ad7bad2875f5f2fe909f693d028784b125869c9c7f23c87561cb300cfe,b99f91da8369c464,1844,2620,JPEG,RGB,True,,
train/ABDC2.jpg,raspberry_pi_sbc,train,1857873,1ef5b33770d1a28d480bb513cccb819a7573b32ce5625a59d13f8600a17490e4,937a1e625ebd9e99843e17a1dde7a53c15f6095e1438eaadf08d08a4d8071a42,b89791d2c769c564,1807,2604,JPEG,RGB,True,,
train/ABDC3.jpg,raspberry_pi_sbc,train,1735954,68bfca3d36fc717d525373253b8f4c18ea314880f81f0d2174c0f3972c704e4c,2062e1ea5c5411d0ac62126e1dff75b1374ee0b9186601f91f4ab9555220c756,b89791d2c769c564,1815,2605,JPEG,RGB,True,,
train/ABDC4.jpg,raspberry_pi_sbc,train,1817499,1c90c3a7aebb7f9fa4683db49be2a3c947f93b22d4ae6fa6a4073cef44ae251a,ab52314957e54abd1f3b139b593f6ee3f0077af80763e789812d9b1bd0f6e42b,ba9791d28769c564,1799,2604,JPEG,RGB,True,,
train/ABDD1.jpg,raspberry_pi_sbc,train,1872550,0c8bb8f9ffde57b7404bf09e77ddb8618d93635d93a95b7652ce252d3335488f,946280755f6a0f380cd9bdf4f5d8ff3cde7b2e2a44e263e05cad83e6ba2c6251,b99f92cac169c564,1925,2585,JPEG,RGB,True,,
train/ABDD2.jpg,raspberry_pi_sbc,train,1748046,e693e9fbc8913d078b30890e6a4f40d228fa92934ba7fadf2392bdf9d9d9cc80,22b3478d8ebdbbd4e707e69d2da14420ae2f9370898447adc90f3e9043a3bd6c,bd9f92cac169c164,1920,2584,JPEG,RGB,True,,
train/ABDD3.jpg,raspberry_pi_sbc,train,1765544,77b26258b971a0eda7b60d7f940ec53f373eeff57dfa8f2ced3a415744993960,6f56e66ecfd5b4bef5df7e7279de925ca4d1ff393595c5cea788db8c94a30d55,bd9f92cac169c164,1911,2577,JPEG,RGB,True,,
train/ABDD4.jpg,raspberry_pi_sbc,train,1592116,1ab228170d7860c1c2b1937bf56b2225fe75cf86c620a9505f6397455af7bffc,68849f5a0e1a72603e2b0343df650dcb50c77c5b2b3e75faac4e7a9234738163,bd9f92cac169c164,1915,2572,JPEG,RGB,True,,
train/ABDE1.jpg,raspberry_pi_sbc,train,1317563,6eb4336f256aee519a9149dc7635454036ff1361d5575b5cb74b49d6e9aee8c2,079e5ea03373cf9088621707a01db71c8508c4519f2691ce35a18607790fb6cd,b996c3c9c561dc64,1969,2242,JPEG,RGB,True,,
train/ABDE2.jpg,raspberry_pi_sbc,train,1292702,5aaefb672704c8529e827309e861c920bde494e9f2bf80c294522b2efb9d62d6,200b958fcd92be05926a619b50c080c595a7ffdaa0a60b6da7bc3cfa28d63207,bd96c3c9c561cc64,1960,2244,JPEG,RGB,True,,
train/ABDE3.jpg,raspberry_pi_sbc,train,1260716,7078ab25caa6ad6c7e6b4e6419929bf0a437f61f84adce923e6c4a4c6eea5f99,41440c4dd8ed576becb0f4fc70fc556e7bb36b82a85a588b0966a25880f9dcfe,bd96c3c9c561cc64,1949,2240,JPEG,RGB,True,,
train/ABDE4.jpg,raspberry_pi_sbc,train,1216153,44b55fb0a780644a64596c43b67f253579b0fcfeb809f90ec4847c9a3017a132,65effcd93bb34bad2d2b89f912c08bad12380bd7a3253317a1105449dcd13920,bd96c3c9c561cc64,1931,2236,JPEG,RGB,True,,
train/ABEA1.jpg,raspberry_pi_sbc,train,1361876,d2e0743d1528c905e8f86cbc57f92bb091906e84261274c24d52f2d84d5a0544,dd408524fe421df4639612ac49e7a7c529d3b278ee39be99ee740270142df9f8,e99c93c2d265cc36,1800,2387,JPEG,RGB,True,,
train/ABEA2.jpg,raspberry_pi_sbc,train,1554909,7c4e23ae9ae38c6914da08bda965dfcbb956f4e13ce826d4ed9d5ceddbd62d69,da2958f24a41f1b0b3162907c776ac209b8304b20b053e67074d0dfeef6ca416,e99c93c2d665cc34,1788,2423,JPEG,RGB,True,,
train/ABEA3.jpg,raspberry_pi_sbc,train,1494455,ff0a8460317c74ed02f4bdda5b0e2117e2fbb4b1e1813cf5096d5ca3bf0cb9f5,ce043f1e71c572a203a5d80e8ae30b62d27f31aa0f78ba83d14d3a570ba1614e,e99c93c2d665cc34,1778,2415,JPEG,RGB,True,,
train/ABEA4.jpg,raspberry_pi_sbc,train,1457609,be27735bf31fef066f3a7dbdd7c63adaf92eb590d8c30c3d59ab44aee6eef531,562b977dd74c6b1a518926fc115ce6c91cb99e9b9263bbb0939e6fddea894aa3,e99c93c2d665cc34,1778,2405,JPEG,RGB,True,,
train/ABEB1.jpg,raspberry_pi_sbc,train,2043328,48bbf83e4d122f4eedc64710702cd620820dbbb5ea3d6e76cf89105781bca2c1,739fd32c28b57ca2d84abc28b021ec891c403a05dc8dac3b7d732b6e28fea71d,e99f93c2d661cc24,2010,2799,JPEG,RGB,True,,
train/ABEB2.jpg,raspberry_pi_sbc,train,2028914,a710d7e6aad3e1922b03b007f4d64f391e48d0454be7a92d3bcea0496771292d,97f7ec5e59f8c1db5111074b81adc3bc1fd80167af1f2ba92d79a64ba6e0e867,e99f93c2d661cc24,1998,2805,JPEG,RGB,True,,
train/ABEB3.jpg,raspberry_pi_sbc,train,2049607,3ee8616cf58873815d6952e6606e37e7ac3ac46b370a22c7211b72dbd6490729,0744fa350b5f3ab87616f883c55b79addce051548da773faab642c10d275e1d7,e99f93c2d661cc24,1996,2799,JPEG,RGB,True,,
train/ABEB4.jpg,raspberry_pi_sbc,train,2052756,b904ec42dd49f994ac30a007f6b61d139975242b309d75c77e228f3d5ca98c4e,7550781fbad2ec809d66cd80f93ed382a3a4dc21940a34a6d84a73dcabdca1b8,e99f93c2d661cc24,1995,2807,JPEG,RGB,True,,
train/ABEC1.jpg,raspberry_pi_sbc,train,1386730,dc7224cc6b8cec976c1627eb011888ef9590ae61d1821f07a2e9964dc11b1943,55adb4e785b2b3d58b7b4bf0c4c85979ff95e591c49c1a9b5ba53a76c7dd4370,b99792cac361cd64,1673,2450,JPEG,RGB,True,,
train/ABEC2.jpg,raspberry_pi_sbc,train,1374153,9d8601cbc4a8ceead10525cc276549ca36ae4fc5f7d8410ec1358b51faa5c42d,7bf0ca916c72818d6abeabd1ff0edb1dad0d0f422dca2431bc95740f1c164957,b99792cac361cd64,1667,2450,JPEG,RGB,True,,
train/ABEC3.jpg,raspberry_pi_sbc,train,1393409,e56c98f08defedfd77d0776490ecbcbaec83ab2e1b23acd8ae08d5a93940b61e,79c34c591fcbf22927c1b9160154d27f0368a3af337b8b15b4c201077779ed7d,b99792cac361cd64,1667,2448,JPEG,RGB,True,,
train/ABEC4.jpg,raspberry_pi_sbc,train,1287356,2a0fd6cca42f702149830484cc95c4a78d736765d69a12cabbb9830c822a7e8e,714c7bfd2f5c5efe35c042e0074c685ef162d3cd229c5530cf62112b370066b3,b99792cac369c964,1642,2443,JPEG,RGB,True,,
train/ABED1.jpg,raspberry_pi_sbc,train,1573330,dd839ae2dd42f2ecbafb87df584ec5b70df5bce72a347bd39e60b320d7486765,df104a8349ab858ad07d407917ba6ff877cb2fceab8798b474c1beef94e8d15e,bd9e93c9c561c461,1837,2394,JPEG,RGB,True,,
train/ABED2.jpg,raspberry_pi_sbc,train,1481411,0b7acf29e27cbc88928906dfb3d88b33093bba09e980400a840df0022e0718ac,e92d8f3a48eaac08ddffd97c8a8c6ea5e7ef4b37a474a765a3f0406799dbea57,bc9e93cac561cc61,1817,2391,JPEG,RGB,True,,
train/ABED3.jpg,raspberry_pi_sbc,train,1522257,72b32d84200461c07d1cd71089ef7c01d1a020c11f56b855386b1e09b4a194e2,545f4cb8474cd2542553fd3c54225b5aa33781710a84da7160f35cebbc94e28a,bc9e93c9c561cc61,1824,2391,JPEG,RGB,True,,
train/ABED4.jpg,raspberry_pi_sbc,train,1520033,19ba9981a85e0be253a8dcdca221a489d60896327eb132957ed6695487124b62,1a20d4658c2a2eb351d01c735f55256ba4f20c83bd3ecb150719fd4638ca8111,bc9e93cac569c461,1819,2389,JPEG,RGB,True,,
train/ABEE1.jpg,raspberry_pi_sbc,train,1165134,40c26ab3d5c425ea78ecac14f7613e23ee3aba75db23f28c6a5b0ead5a00d145,67f437cf98535eabbefb61240bd59835dee3ba3c58f56e8bc83709e88a13cdfd,bd9ed349c461cc61,1802,2068,JPEG,RGB,True,,
train/ABEE2.jpg,raspberry_pi_sbc,train,1144860,7526805204889ed9085838af3efa88fd70bd50091b7695fd5473ae025c3abdfc,73ed95af8563c46e5342945a9696c45e1f5a3a7a52dc9286b17564b6ab425dad,bc9ed349cd61c461,1778,2066,JPEG,RGB,True,,
train/ABEE3.jpg,raspberry_pi_sbc,train,1148338,2f76729d668e1e3471e27648f464840260e8d83ba86061cc2091845df3c30a95,0b21c3d28b88c461ba6d8d6f2fae6b45853419a9949a9fdc6b33cdc6cc580ffb,bc9ed349cd61c461,1775,2066,JPEG,RGB,True,,
train/ABEE4.jpg,raspberry_pi_sbc,train,1106406,8497091df9785678a3ae55f0de49cfffef2db64768285bba6ef094600177ae3f,ea8ebcb456779e436bdc2fb566572ef106c6e3e00bb32aea3f1b72162e898ec1,bc9ed349cd61c461,1773,2064,JPEG,RGB,True,,
train/ACAA1.jpg,raspberry_pi_sbc,train,880216,b25b9989a364b4a02acbaadcb2206273e76124b946db6277c04e23404f632f16,168b67a83fd183a9d320141a1c1a0809b5aa6712736aab8d980ba9c7db8b4f6c,e89d8770966396c3,1485,2058,JPEG,RGB,True,,
train/ACAA2.jpg,raspberry_pi_sbc,train,836904,df052cad936250be87b3d4620fe2c1d77d0ea4c3b8a29f17fae3f774f623b7a3,8ddbbae205350acf1ddbe15f73d92f42a91141668b41174b6c12aef7bc19b043,e8bd8770966392c3,1482,2062,JPEG,RGB,True,,
train/ACAA3.jpg,raspberry_pi_sbc,train,885302,b6f38d1eced6d96a75225622306ce86856ec9a01144779386ee9484164f142aa,27d8d0cd447e05407e4255e0cf28cd4919ade80f6eaeb65926aea1266494e8c0,e89d8770966396c3,1480,2064,JPEG,RGB,True,,
train/ACAA4.jpg,raspberry_pi_sbc,train,885462,adb651dc661f8341be517e56ece1db8b8be5617165d2aa4599857e6ea0546d87,c6c03f61fcf37533aac66b5980fad9454e2af43e8b614d1ce87444e7f74a6df6,e8bd8730966396c3,1479,2066,JPEG,RGB,True,,
train/ACAB1.jpg,raspberry_pi_sbc,train,1219618,3c20491a258a729bcbdd0bf006d157758ae3b513c66d923ba49466d7041ab3bc,586c363b0c5f755cfab4638c2a3c361d1898b440a4cfb723247ecf1338093b5c,e89dc5328762c6e3,1541,2346,JPEG,RGB,True,,
train/ACAB2.jpg,raspberry_pi_sbc,train,1199903,123a18f103990a3856a2194428a98a81b61ee69382df0715a52ef62bb90ec98e,525b5570d5a2169a6e34eb879c147093b9a9fd1e2c0fa63a13c5a25ef732f17c,e89dc53a876286e3,1537,2346,JPEG,RGB,True,,
train/ACAB3.jpg,raspberry_pi_sbc,train,1150741,20768b1e6eb244a42b5e31868b966e53a0f71d5154deb4266dbc5999c560adb0,272b2b6ec8404784ae448d5706a17402a6144b502c24449540d3f20adbcaf540,e89dc53c876286e3,1526,2347,JPEG,RGB,True,,
train/ACAB4.jpg,raspberry_pi_sbc,train,1156824,6e38293ce90dec164d68882adff85917bd4b7c41424eb52e141cd37f956c781c,e50418c3fa5412eb344e2df9f7d08c5c826af5d61a83ef41a08bbc34abc0eeec,e89dc53a876286e3,1534,2347,JPEG,RGB,True,,
train/ACAC1.jpg,raspberry_pi_sbc,train,1645399,cb21da73217a0b9cf035e146837498cbde1f9e8cd48409ce21f1d0bef7701977,4a244d71ee4cc9da2f90d88efc7d5a896edd7966d8902cb6a39c1d4ed240c00a,fac0818f970fc666,1682,2739,JPEG,RGB,True,,
train/ACAC2.jpg,raspberry_pi_sbc,train,1632446,e16f6b23618dfe0666b2b46826d12aeb8ad8ee838658ecb6db0c7689698ea26e,db2ca3eec0f97960d8f93b85a3546aef40a98d4d4ef210215fbbec344d7371d5,fac1818f870fc666,1667,2750,JPEG,RGB,True,,
train/ACAC3.jpg,raspberry_pi_sbc,train,1594446,ada26496461fe1892bf8db7877eb49f99c8dd098b51796af238a8713ced1e4c1,f3914892dceaa027d8f5b10bf84cb570e05a2a3f3e8108a75c269cea1c725b2f,fac0818f970fc666,1692,2738,JPEG,RGB,True,,
train/ACAC4.jpg,raspberry_pi_sbc,train,1518555,383747b013876d62b9c9a3f7423fc7c7b4164710a86850c0e405337a22b10833,eb1b3791248546b3a6542f78266ac9c3c64ccca269924bbe6f4becdfb196c402,fac0858f960fc666,1698,2733,JPEG,RGB,True,,
train/ACAD1.jpg,raspberry_pi_sbc,train,1703839,6988b08981911bf7ab3563d55eef64310df26feb08f83cfb58732d1a559727c9,759c871556c80cb384cd7982881840eb43d3e117721299c0e7c50bf8d0cc4432,be8dc0cec34bc362,1732,2722,JPEG,RGB,True,,
train/ACAD2.jpg,raspberry_pi_sbc,train,1650073,c85ca3fddfb21355309332614a345c45ba57b0c2d04f2e84e042215faea27d91,a0402ea37bef81dc906de4c2aabe68ff3f51472f7d15a6b8e0006ee9624c980d,be8dc0cec34bc362,1737,2728,JPEG,RGB,True,,
train/ACAD3.jpg,raspberry_pi_sbc,train,1757804,4b59227f01996223a18698cd8d598be6e6c5dd16e94fd595bc1fdd88ff833e9a,bcf68abb7bd673d968ed1d2f9f9f978b397e9c31b9c867686371e04a8722bdfe,bf8dc08ec34bc362,1739,2725,JPEG,RGB,True,,
train/ACAD4.jpg,raspberry_pi_sbc,train,1699545,da8d2309f3699a9315e8a1dd95401d00f00e0a543978a5ba787ce34be9b174b7,4cf92cf4d29acc075d30f3152db5b2de3fc536df5d0b1b849f325588a1dcd470,be8dc0cec34bc362,1735,2725,JPEG,RGB,True,,
train/ACAE1.jpg,raspberry_pi_sbc,train,1212839,af407773e3ccf4d9d8d424fba7d08f5dc912f980db65ec78e8ed64f53ef57197,3e36bf77f4020561c23e836fa11f825de323050e0e7ab9ea2e232a8713a512ba,f8c1950e9637c333,1544,2339,JPEG,RGB,True,,
train/ACAE2.jpg,raspberry_pi_sbc,train,1213299,dd1524bfa81b99c4986f7f1e443a2d7b63731452ec0583b69637f95837bb1579,9748299b526fa2d697ed4d93d076db243b3c808f075d652d09cdacbbec874ffb,f8c1850f9637d332,1534,2342,JPEG,RGB,True,,
train/ACAE3.jpg,raspberry_pi_sbc,train,1183229,74346a3eabdde521312242d5acfc249c03e0d6d11b7dcde67ac9de0eac4954e1,17a733cb4ff9e606459f2ddbc79558204b6825720ac6160269c5da0da9ed1dd6,f8c1850f9637d332,1536,2344,JPEG,RGB,True,,
train/ACAE4.jpg,raspberry_pi_sbc,train,1198957,bd45f0dde57ad2c2e33796fa4a37ddee8bb5235e81957771a96e6bc613294bd5,f8751de4d33e7a1f892aa95562cf9b235dd2ec89aaad8796dfd4b7dd56d3fa76,f8c1850f9637d332,1530,2340,JPEG,RGB,True,,
train/ACBA1.jpg,raspberry_pi_sbc,train,1197160,a596094f56fef0cfc5a8a0f92a6d178f82aa26e236b1413e78afbbf4d436f5b7,76ce6779c85bd8dd60efdc2c6ccef5bf84e42861f7efbf3792b5028382c949bb,fa9f9134c565c660,1603,2261,JPEG,RGB,True,,
train/ACBA2.jpg,raspberry_pi_sbc,train,1224144,056138afc7c213d34e758aa8ba1a9b398f2a4f4490b6f41d0037f9ed823c058d,0c848b7e31e43d09b138f57465e368e4d7f52ee05c6464592d05c1d2226dcbbb,fa9f9134c565c660,1607,2262,JPEG,RGB,True,,
train/ACBA3.jpg,raspberry_pi_sbc,train,1224673,5ed8cd0ca0590ca4364bfc17481cb14b0bf5055f2d22f6d938240bd255efc88b,cfcb28828ca54623d2095a8a52fc6691c680103026b18eb4300db1edd329efd6,fa9f9134c565c660,1607,2262,JPEG,RGB,True,,
train/ACBA4.jpg,raspberry_pi_sbc,train,1198192,3701dd3ba57e57b19e497f2dd83d7af2936307e6d2acf0739501888d1dfd448b,c40a5a388392f296838e3c7a9664c97487c83a9a665fae37dd1cba8e0ddeb20e,fa9f9134c565c660,1607,2262,JPEG,RGB,True,,
train/ACBB1.jpg,raspberry_pi_sbc,train,1388297,0aadc182ed1e01dacacd6247c109726fd7396b6f924b4434e872732a2c839d0e,f112caba7d3bc3cfd364e35de758eec2d2aa265cacd38ac90cc80a5f208dba7b,f99dc1d2c662c662,1704,2441,JPEG,RGB,True,,
train/ACBB2.jpg,raspberry_pi_sbc,train,1348724,921d33ab69a9d63678dc086dfc576ac060465025b787b5a1c705ad3b983a4fde,249bba9bb2a9755b31fb6d064cef1b5bf411560b35de87bda2f5a3e2280f3336,f89dc1dac662c662,1703,2438,JPEG,RGB,True,,
train/ACBB3.jpg,raspberry_pi_sbc,train,1389817,607929a1362df1bd5b8e0ac9711cdc0f4830460715e2acb4cfc55e61023f2d2d,4c7cc8a6e407f6280f602ab5fd41cc66e97861514fdeea3f55065d6ea2fb214d,f89dc1dac662c662,1692,2440,JPEG,RGB,True,,
train/ACBB4.jpg,raspberry_pi_sbc,train,1364171,54b8d0616c6b25afa2596e5e337c88110302511385fe8668450acbdecb4a3057,8a996f8b727879d8c8aa4e22c053974355c914b7febfae16b55e8f9aa39fa0d6,f89dc1dac662c662,1691,2444,JPEG,RGB,True,,
train/ACBC1.jpg,raspberry_pi_sbc,train,1833552,17654497619d55e832912f12a02a0014ee40aa8be6bfd7b447b4972cc458e7b7,47851f75dfa6470c0c024a4110d2ac68d7ed96e0213d096f48f97e2cb07b9994,af99918f8546c666,1698,2698,JPEG,RGB,True,,
train/ACBC2.jpg,raspberry_pi_sbc,train,1897856,943aa60ec73637eea0c2c9fc15c4df474d650ee5a2c03ee929bb2e88f3b3c842,8234f3a428e77990dcb0f4e54dce6a5e655e7ebd51fb0e029c7c97b8d2d4dab5,af99908f8666c666,1709,2700,JPEG,RGB,True,,
train/ACBC3.jpg,raspberry_pi_sbc,train,1711759,fe936bcb4ab532320dbd345852b60af8a3a7b9c8f0beb604ce268043b2224e64,643abe2365d9b9991a308465d71d2649b42769fb21c71982f6422fce6dcd426e,af99908e8766c666,1712,2701,JPEG,RGB,True,,
train/ACBC4.jpg,raspberry_pi_sbc,train,1882913,af5c1011b1d2359b06ef1b82b9f30576a5b6682a73324159d3fbb5e69ede6307,ef919fc6efa99a0f666b790fad738b650d6f43d635878af5e47c902a9cb40ffd,af99908f8746c666,1708,2704,JPEG,RGB,True,,
train/ACBD1.jpg,raspberry_pi_sbc,train,2164466,287ccae32aaa0862db68ebd7a7c04ad0b76196d3a7c4b1e92fec999fdb9b6f3a,41f2276573f2901c3c74e638dece73eac3dd3c25b1eee378120d2fd04b1e1252,fec084878507d773,1842,3025,JPEG,RGB,True,,
train/ACBD2.jpg,raspberry_pi_sbc,train,2143562,2b82ee5781c1e718d90f0e2be4b0290c4813ca719c2b75089119cf2b77459a0c,752a7f554d4ae1f7ff5c520466a535050b254390748103701a3304721741e27e,fec084878507d773,1841,3018,JPEG,RGB,True,,
train/ACBD3.jpg,raspberry_pi_sbc,train,2119191,9ad114c94632d720feddb2c71462b07b26f150267471c4a2f1cabffa367dbd32,232e79b21aab96ef6338f95a83c635221cad8dc7fc9611c1d633ffd518b4431b,fec084878527d373,1840,3020,JPEG,RGB,True,,
train/ACBD4.jpg,raspberry_pi_sbc,train,2102358,de0eccdb0907290974bb0a0eafcceb419d6c10638438255363ebf0c52da0bf88,8572c9613f54dd041aa1f572c079bf21c86737faf5c9c2d8fcec9216213a4942,fec084878527d373,1840,3013,JPEG,RGB,True,,
train/ACBE1.jpg,raspberry_pi_sbc,train,1529438,ccad7905bb445277283c2fb47ea0bbc4d19cbce3c1de252de68c7e4242ada497,8041017c00f9ff7286d1214c3c3d58057c72ddd133efeb5ab7358932aa6716c7,eac0850f953f9333,1743,2521,JPEG,RGB,True,,
train/ACBE2.jpg,raspberry_pi_sbc,train,1530142,1cab37eb1f877eb468a36ac480437c24fa76344ff455c9746e1508c9b8a9a469,d220e8adda69e48dcd4d5d343a9d1c5a25764344f95df95e087bd6899b932cdd,eac0850f953f9333,1739,2526,JPEG,RGB,True,,
train/ACBE3.jpg,raspberry_pi_sbc,train,1521125,5c2cab9ecde88b7eedeb38c7fa3b6ffdb66668de9f5125fadc28397ca874cb5f,5849be3b42694de934ffcfc1cdf04be4a1761e8aa2c2ad1472672d598daef788,eac0850f953f9333,1742,2524,JPEG,RGB,True,,
train/ACBE4.jpg,raspberry_pi_sbc,train,1546238,5e2b95c4f04b21db7a594edb33bd1aca87433124157ce897208a5d8e1ce0b66f,4a781ec9f5de40a157e16aeebbeba959c778d3e9ae9471051a07a3aa3369076b,eac0850f953f9333,1740,2528,JPEG,RGB,True,,
train/ACCA1.jpg,raspberry_pi_sbc,train,1242283,a31341a8965ef01026c26cc2f3e29aa1e0fbe5c309df5a804568a6bf9b1a4183,232d93ba6c862f97a8a60417e6a28d31610ba584b9573274358ac4b5ed4f0cfd,ea8f8584c1e1d769,1612,2207,JPEG,RGB,True,,
train/ACCA2.jpg,raspberry_pi_sbc,train,1277300,4676bf7821b36f065b1056f8c3244297504581decbe5ed31e601788b8cb0c06d,0b93c2a4e11541bb8436d1ffc07a67f0fe84d877e916f344908f31c7f8a6ff75,ea8f8584c5e1d768,1611,2208,JPEG,RGB,True,,
train/ACCA3.jpg,raspberry_pi_sbc,train,1254203,0d4e734d1f88d2513ed778446c790b05d8b4cb21620a45e4b15092ea514a7de9,c61e9db19d0dceae60e9dbe8829255d9a74b65a035ddadb1b08cb042d4eda5f3,ef8e9484c1e1d369,1608,2195,JPEG,RGB,True,,
train/ACCA4.jpg,raspberry_pi_sbc,train,1242481,d880395c5e61f8d6150794db0cba1374320644066bf8fc0c7c2766f00ef1db67,d11815c77b7693b40718874dbbed2ef8bbf72e2eda524cbc9386b5b1d4fc1eea,ef8e9484c1e1d369,1610,2197,JPEG,RGB,True,,
train/ACCB1.jpg,raspberry_pi_sbc,train,1701560,8a7c5dbe42f6b7e38f958200af2def1caca40c5836be730e8bec1031fd5a0321,d49daf504d604bb7bf321e4b51c0b62de1a1886bac796ac7b934378a3f990e00,ea8d84c4c563c779,1682,2557,JPEG,RGB,True,,
train/ACCB2.jpg,raspberry_pi_sbc,train,1561761,2e997bb491db1edd925c04004067d2738515aab92e313aea61a1861f1a6c1c79,699bff75f1bb88c7008deed77562e8f646ba73ba7fc037c393b321fd31d215c0,ea8d85c4c563c778,1692,2569,JPEG,RGB,True,,
train/ACCB3.jpg,raspberry_pi_sbc,train,1657455,878fee2f84ecc40b05524c871a516fd969193aec5ca10c0483e0358f10656a3c,97738cb1526f76f8f9921bee1484a86d2f97a88797d939f655b11637db8904a5,ea8d84c4c563c779,1681,2559,JPEG,RGB,True,,
train/ACCB4.jpg,raspberry_pi_sbc,train,1492950,d361cacbfd2f9a9628956465b79b374545e9ecb0a0aa7ed0936d366b5777086f,afeda8c3d3430a93c916e778541dd28e4ea3463ac782393cac1642ae4099e362,ea8d8584c563c779,1682,2557,JPEG,RGB,True,,
train/ACCC1.jpg,raspberry_pi_sbc,train,1947175,d8932d7a341fac82e30308bb35fda0bb047f47ffa9f8ed14368e4648a7f9ef17,9d8889286bf9fee0a88027793b26604be88160128e178e3705dffab41182d706,eecc8486c557c363,1640,2662,JPEG,RGB,True,,
train/ACCC2.jpg,raspberry_pi_sbc,train,1988830,6905ef61a61c648682369dc7fd326a82ac38423c9866f2733d5970ab59087133,da5926b4dd6b59fbf029e6af64f28455bf73cf4b56e395bf79ee9d5a90d5206a,eecc8486c557c363,1642,2662,JPEG,RGB,True,,
train/ACCC3.jpg,raspberry_pi_sbc,train,1776014,2dd0dd76e12ad01d87340b698d3f92358680172c52cc7ac101c53e99f0e50720,60ca0cb9caf6a64b711caeb3d0d14c2913662989e5764ac5ccd6dd95e2a5f73a,eec885878517c763,1667,2662,JPEG,RGB,True,,
train/ACCC4.jpg,raspberry_pi_sbc,train,1749298,92ba33c0e90edddd28de49cdf0cad82aa8ab1ba4d7ff6bebd85a67e45240209a,ab8c1a1d86b2b189fa0976ee39daea28d5695e299c523576f0168cc7ae1aad26,efcc84c6c543c363,1647,2669,JPEG,RGB,True,,
train/ACCD1.jpg,raspberry_pi_sbc,train,1666140,16bfe2336a02dd0f7f397b5e9321e0bb74d59ea70dc61db3f8b4c43bd7373072,6329e21ca45912539c14a97c655aaf95003f5379be5d9e63cc3ebcbba70c5123,eecc84c6c453c36b,1673,2624,JPEG,RGB,True,,
train/ACCD2.jpg,raspberry_pi_sbc,train,1680432,e607c6ba97b6387719c769c187abfbc78279af9d3414a2636cc12bcd0e833e8b,38ec59b47d885db278ff1b1cd1703ce55b29609a840eaf8b5819d753eab29197,eecc84c6c553c363,1669,2618,JPEG,RGB,True,,
train/ACCD3.jpg,raspberry_pi_sbc,train,1523826,a59cf1e7347221417f9890628219bd7dc79d60651b985fb2f9be149aaf95c0be,11b0c6b427ea19972d8cc812a0cdaa14ac794049a5d64875bf5b94c2ef3d6f13,eecc85878513c36b,1672,2620,JPEG,RGB,True,,
train/ACCD4.jpg,raspberry_pi_sbc,train,1560567,b5bb7036336c93e33fcafee22455d897cc6f0bdef4c4f48548676311c53d3bcb,4d9d2b6b32b89d0e08ff98a469dce05fae1f73ee56031a68ba3b90cbcb11305a,eecc8486c553c36b,1671,2617,JPEG,RGB,True,,
train/ACCE1.jpg,raspberry_pi_sbc,train,1284522,27e1cd44a81134d96ba1fa7c894140979c6ec435a0ec901796e80255562571bb,019797f807bd776656d364fbabaf181615a55646c5404241ebb3c7910691621e,ee8484c6c07bd36b,1609,2306,JPEG,RGB,True,,
train/ACCE2.jpg,raspberry_pi_sbc,train,1214828,2748afbd1fb12ee5f67db608029196a1739eb760a8a1ae560257b43fffcfb7d1,c22c4b4e317a4859d2bbd8b95fa7bca1c02b00a8aba81eb6cfd0eac9ad8b160c,ee8484c6c07bd36b,1609,2304,JPEG,RGB,True,,
train/ACCE3.jpg,raspberry_pi_sbc,train,1117403,c8984f328bbd90a2e72edf89472aa372efceebce20d9dec217237195621edb07,f7129a66cddf609c2b7661d1d23685351de09ddbb69b4990601007389e73306c,ae8484c6c07bd37b,1609,2306,JPEG,RGB,True,,
train/ACCE4.jpg,raspberry_pi_sbc,train,1144005,6284dc7614445c36ed922b5dc617e91c9575679f47190f0ab2201cecb7c33e2c,bdb0a998ed603da382817117a9cd1d7909a61ef3a03e2a360251478921da7ad0,eec48486847bd36b,1608,2303,JPEG,RGB,True,,
train/ACDA1.jpg,raspberry_pi_sbc,train,1468223,16253e1b4a9dd143f139e44f2944a0d5581e5dbcf9ba85d99e3ffe55ce45f2f3,13698dc039b8571f65533d5d58f26c86991048b1bb8512d47efc252b5a781959,afc294e5c06dc32d,1746,2488,JPEG,RGB,True,,
train/ACDA2.jpg,raspberry_pi_sbc,train,1452798,36429bcc1c79b6da749f8cb3e2a4ac5e83c4dd14045e5b49cdbc005e52729ea3,343012280072dbc90d55130f095d326203c1def5c958cc91b6e9779ee9b8d1ff,afc294a5c06dc33d,1746,2490,JPEG,RGB,True,,
train/ACDA3.jpg,raspberry_pi_sbc,train,1442573,a55d2de5700b0f7b01eebffea2515d760ac19f44af7fbcd37cb17aa0e83af72f,3e66c073f57d3d6fbb0264c413f3109be322026ce6f675daa68ff21a41a555d8,afd294a5c06dc32d,1750,2493,JPEG,RGB,True,,
train/ACDA4.jpg,raspberry_pi_sbc,train,1468885,873039b1b40afb0ab1d2b3936a60ef4a31bfca4d31d8dfbf0d7a874a3bfd583a,42a75f0f057f8a09788d5015fc23a44298f54c774731a46ef554b4d70e08ff3e,afc294a5c06dc33d,1749,2491,JPEG,RGB,True,,
train/ACDB1.jpg,raspberry_pi_sbc,train,2134202,55c03a75ca656234cb1e39769fe9c8276b8a35e3995d33cd81346b7e03291a39,cbc09312a989c467fc46bbd70b4b4aac37dd16429a86b1dd885aa192eebaf9b6,bfd294a5c069c369,1861,2920,JPEG,RGB,True,,
train/ACDB2.jpg,raspberry_pi_sbc,train,2194649,052117d857b5b175f9b20781432c24ab8abd311e095c7ad4c27aa88f96663ad1,be08be94e0a584638b5d23d28fda34819647692c7ce104dcd60932425938b4c1,bfd69485c069c369,1855,2919,JPEG,RGB,True,,
train/ACDB3.jpg,raspberry_pi_sbc,train,2194290,7d9fbbd426de93f10496f45cdcc67145a7f941c6c3e2496528477acef1586632,9d2980afc3a7b049031eb7bc0bba42ae86366fe1dbade1fe7c1c09c0289724a5,bfd69485c069c369,1858,2911,JPEG,RGB,True,,
train/ACDB4.jpg,raspberry_pi_sbc,train,2128359,1625ca8a0baec52279b13387ea5c647aaf4c35da84380f5d95a01a051ef7d957,a9c749a1f7dd61846955abc1b378a3bd3c3c43771985c03a646c64f86db45845,bfd69485c069c369,1851,2916,JPEG,RGB,True,,
train/ACDC1.jpg,raspberry_pi_sbc,train,1777333,0349cf435389b5da435e4f717a29875e278e23d3a5e65c89725e51d8003fae0a,228879af054fe018e3fc07618fc51d289b23391ae16a2f79652f8bb5991f7a09,ba909497864bc36f,1666,2515,JPEG,RGB,True,,
train/ACDC2.jpg,raspberry_pi_sbc,train,1683398,2b63240f57ad0c0f379b4fce912e81a4e9adbd9870f426c64625739fa221aafd,0f683df740ed441acb46b942d23af75cea13202c56764e43c3c760d720ba96e6,ba909497864bc36f,1672,2517,JPEG,RGB,True,,
train/ACDC3.jpg,raspberry_pi_sbc,train,1584550,a5d3f075bbdef076cbf7b3fb69a1f417915634040df18a82ab532c007409aacb,725653c73a96ba026fed79cf8feba8e67fb58893e0e7546a9cd88ea65b280064,ba909497864bc96f,1664,2521,JPEG,RGB,True,,
train/ACDC4.jpg,raspberry_pi_sbc,train,1762548,7ceec8a0207d832ef39d528c623fc8b1a096ae57206bf75213e9b5ca7235f783,965d7bcea070a1efaf84e994aa0e49df1196f10a0b6ddfe6f27228b7da7bc310,ba909497864bc36f,1662,2523,JPEG,RGB,True,,
train/ACDD1.jpg,raspberry_pi_sbc,train,1455350,d3ad079d3f93b3b5f851b0741593a682818de4711b03b017789f99058dc1974b,28d6218d02d51822ba277839d207411faa2c6f4bc8ed6cd5cb0a2816301b4988,bf95949ac04bc16d,1662,2477,JPEG,RGB,True,,
train/ACDD2.jpg,raspberry_pi_sbc,train,1435924,ae759f097d36db2064582014575ef8c0d780b124eacdc6ef5097a83201254959,a79cb4e7eab8c92c289af5810a91b9f423450f67e16ee2472a01c60c679fba5d,bf95949ac04bc16d,1668,2473,JPEG,RGB,True,,
train/ACDD3.jpg,raspberry_pi_sbc,train,1375368,abb81bac61864e05c51e252bc96a0b5f1a1a141032c6fa3b181abf469cc43c5b,22d6933af8f3bd466fb3e631651691d7a145ee2f40276ad26765ce04e705a801,bf94949ac06bc16d,1639,2479,JPEG,RGB,True,,
train/ACDD4.jpg,raspberry_pi_sbc,train,1384742,32539c40ca0e5d35babcf99e11eaf566a538ad5692aea2c31cd00ce2e347f9b5,b506eeff302cede522acb41a867dda88bf7893a6b65ba40f7b735fb76af25b47,bf94949ac06bc16d,1645,2477,JPEG,RGB,True,,
train/ACDE1.jpg,raspberry_pi_sbc,train,1201584,cbdf07e1b280af2a3b8b8fd58702ea9633475373b43517b0089cbf87ba552fe6,bf5b00be2bcf74ece5a84a770cca2a2896743a9afdafb07f13e26365490433d6,bc97d2cac369c161,1666,2197,JPEG,RGB,True,,
train/ACDE2.jpg,raspberry_pi_sbc,train,1211933,89843ec07846f20aa83439c351b89f88a4b8af9b2b5508d967ace1b9510deb59,844a9aa9c13589ee9496c33995d0986e4b72298546029f0644c6e9a5f9529071,bc97d2cac369c161,1671,2192,JPEG,RGB,True,,
train/ACDE3.jpg,raspberry_pi_sbc,train,1174091,2e207644a1deb646b04fbb66bc67a5c31909be0ed176db99ef2217b10d45accd,93b5e9699296ac57010748e402b2a398418ca25e48712904aafd1b366b6b80dc,bc97d2dac169c161,1656,2190,JPEG,RGB,True,,
train/ACDE4.jpg,raspberry_pi_sbc,train,1165172,62ae09a07964ac6c63ef9d0a0e7759d5da3446c31abfec01dd3d9d3f3602ea8b,f9eb823ed1cf00e5424b4c36f800807abb6ff7fdd4f4724ab9ead0b9f64f55be,bc97d2cac369c161,1682,2185,JPEG,RGB,True,,
train/ACEA1.jpg,raspberry_pi_sbc,train,1146081,02a29e46b1e7b6542141d19cd6bb6cb3b3a7b16446505d97573bb49f97afeb1c,6d283a90bf7169865850646078fc2c2a5b03f766e618aa335e5c200fefa27061,bdc294a5c26dcb38,1539,2319,JPEG,RGB,True,,
train/ACEA2.jpg,raspberry_pi_sbc,train,1165575,b6e7ccf7076e6549362eec8e284b0844f6c86532b7d10478a1eab2fea3898d7a,33164cc77a6b9c447b24deae86eb8569a92e71e32a70e565a7c7f9826a2b30c4,bcc294e5c369cb38,1534,2327,JPEG,RGB,True,,
train/ACEA3.jpg,raspberry_pi_sbc,train,1156321,feb38168ec55f23b4582939822308b48230edde261117b463c46223369ef6b72,194e1487ba69c1fa3416089654a8a0e9b43e5d7a2643e1b61bd35d8236f58679,bcc294e5c369cb38,1534,2330,JPEG,RGB,True,,
train/ACEA4.jpg,raspberry_pi_sbc,train,1150531,103f8b00caece0568d46f48ce6d12b9bd4c86b269a2a3c2c0663b162880e1533,6a571290488decf5e39c603976cb6147bf745a11bf106402dd502b0bbc91ab94,bcc294e5c369cb38,1531,2326,JPEG,RGB,True,,
train/ACEB1.jpg,raspberry_pi_sbc,train,1691720,11b7ab5fe2a055915336dc5f85031569db9abf905bcfa2c1e40ed5c1e529602a,c0dd82b6dab734cca15d77b43bdf6c9d34a50e9b53cefb7d0a5a67d1503cde36,fa8694e4c169cb69,1692,2725,JPEG,RGB,True,,
train/ACEB2.jpg,raspberry_pi_sbc,train,1653009,333a52e5fcf8ffb6fcebd3740c3d7e9c74d703af7bf033217cc8bcca99341c7e,c9e4a387b911edf71ef61039c995e6d40f734d6aaa6646e5cbae6829bd4e322a,ba8694e6c169cb69,1689,2725,JPEG,RGB,True,,
train/ACEB3.jpg,raspberry_pi_sbc,train,1516765,b6f7625b05624e70c3e77b543c53cd1e681e7946a98cd3264cc3fab70a9c3aa7,7d6ec39eb51318d5b4fb7fcc3fbc8781100bd26501c8479a2538d5acf160da19,ba8694e6c169cb69,1689,2727,JPEG,RGB,True,,
train/ACEB4.jpg,raspberry_pi_sbc,train,1601865,33e8e114ece604113bd46302c406507ebb6af0a79270f735c0bd8ccb6d85676b,afd08f2bdbb1cc626198909244278a2beefb58f25e9279f8bbea9a419cabc885,fa8694e2c169cb69,1697,2732,JPEG,RGB,True,,
train/ACEC1.jpg,raspberry_pi_sbc,train,1206970,cb12ca73d99a04e550520497a0fe8a8f6b4b2d8f6a3e1dabffd9c813f1f851f8,8dd6812d83f2d9d855a5f24f2fcd1ec973b8e69d13a83992bd81510e179be0b2,be949496c24bc36d,1467,2374,JPEG,RGB,True,,
train/ACEC2.jpg,raspberry_pi_sbc,train,1143151,97ee055d736b95cd49056676497469ff836c76e1201eabd7def39c314e41d646,aba2690d2ac85cce142ff854c3a7f6fafa9943bd560735fa894d4771a0fb72c5,bc90949ec24bc36f,1481,2374,JPEG,RGB,True,,
train/ACEC3.jpg,raspberry_pi_sbc,train,1111490,b8b0f0bab522b0f928f00d6634397f9465be4002ba96d8cbe28bfc971e9d055e,88703a50d52f28873b944011fe524d2ea8fd617fc000fa53b384c98995344d87,be949496c24bc36d,1472,2378,JPEG,RGB,True,,
train/ACEC4.jpg,raspberry_pi_sbc,train,1257904,98f4fa0736c3de8cec8bac97d58cab6b0b5c0d8e542b6e9d08ec789eeec2bb4d,3008026cd116797e8b8d16d8c65045194f4d7e37268c120295148cdc9beb70ff,be949496c24bc36d,1483,2380,JPEG,RGB,True,,
train/ACED1.jpg,raspberry_pi_sbc,train,1302189,17fa90eb656ba34f059409641d8c1bb4cd1756dec8ab4ddb7f0227942a43d2f9,1da6286161a2262544998a09ba06e454b577d3bbc27bd9122d21583d7e8a4bc6,bd94945ac269c367,1519,2367,JPEG,RGB,True,,
train/ACED2.jpg,raspberry_pi_sbc,train,1315126,386bd7d392461c655c3ed83c2df7c0883aa632be43155cdc956dbf95a799eed3,5f8deb95edaec0b6fca5e814fa7a2cf29c7adf4ac7128812b0db50e49f2eb095,bd9494dac269c365,1531,2364,JPEG,RGB,True,,
train/ACED3.jpg,raspberry_pi_sbc,train,1288110,fb37861bc582138f47b23e079e3a32fe77d7d63e7a5b2a36d76b615b5e9beb91,ba554d1b8e90e34e32561ba650254215059bcb793fb83d9cec0bf88db3aa37c4,bc9594dac369c361,1551,2361,JPEG,RGB,True,,
train/ACED4.jpg,raspberry_pi_sbc,train,1312171,d82f5ee2a557a73a18b018797ffc982be6dbfa0ae988d5dbf00cdc9586f65962,3b7c214903ecce764ae734dd986a40e3b40e63e09fbcd98ce39f55f81014d926,bc95945ac369c365,1553,2360,JPEG,RGB,True,,
train/ACEE1.jpg,raspberry_pi_sbc,train,1027101,5ba44e0b153f1a5f7c7155e660b219b76a6fb536c0c5d70b53bc13bc3d614c9a,1b6ecef076533b1101ceed09d924ed7d0ff6e605ad0e65f9e4921cf0a71ad204,bc96d24ac769c361,1543,2120,JPEG,RGB,True,,
train/ACEE2.jpg,raspberry_pi_sbc,train,1034432,27e9a4ec5f91e508065359f8cf8e1005ebeaff30448fc46ff93eb895185d2328,735b7283872524c06f0b2dc4c4741f44ba3b5d1553f30eea4044d6eebad86b8b,bc96d24ac769c361,1541,2118,JPEG,RGB,True,,
train/ACEE3.jpg,raspberry_pi_sbc,train,1015089,821e00ef32b9d8e9016e4692fe70758cb5406865b26056fb3ec8d30e66fb7f92,0d12eb1a48792974b0d0b91427739051451e22a40b1849bbda3e3ff5f391a839,bc96d24ac369c363,1535,2118,JPEG,RGB,True,,
train/ACEE4.jpg,raspberry_pi_sbc,train,999031,dcff2078573fc80f153dbeb15c0a40e168837f7972ede97795de63fffd85ce27,1a14b1b7e919d3d86f37fb2178a6b633aa58bdea40340f8a2f50d3f58d40c531,bc96d24ac369c363,1530,2120,JPEG,RGB,True,,
train/ADAA1.jpg,raspberry_pi_sbc,train,1079914,3f5f00e7a6f53d930c047b3de65437adf157e0c6db526ec8767b05ddb4d0612a,a50c074f5705c516fa64da0f4de8d6c6371c45a2c0f3671328272ee42556d98d,b8d9d2358e648ec6,1565,2143,JPEG,RGB,True,,
train/ADAA2.jpg,raspberry_pi_sbc,train,1066587,81930c6acfae39143253761595798632521d592aed57d0c13e4cd9e95824fa74,a8b78cbaf25fc3b4694f29107b1ff5c353bb7fd1a84c0776c82b75a01948019a,b9d9c2358e648ec6,1564,2150,JPEG,RGB,True,,
train/ADAA3.jpg,raspberry_pi_sbc,train,1066277,21b3449125e002aa4e27ae32d0e16c2a6a9d943d794e678e8320b3536b9d4337,9e3a42ba60e51b853e9428c1da77b4248f49d0d0640aeada223065307bef3e41,b9d9c2358e648ec6,1552,2147,JPEG,RGB,True,,
train/ADAA4.jpg,raspberry_pi_sbc,train,1066081,e86cbeee08e8de486ee621e985f6d90f70328901345a07983c50b8760a2ba7c8,251aaa4227b3116652e616bba49d8cfb17b67e5eaf4b3fc13ddde2733f16ccff,b9d9c2358e648ec6,1550,2149,JPEG,RGB,True,,
train/ADAB1.jpg,raspberry_pi_sbc,train,1408740,7d1dc71a1aff2f1de613b803c9babe1c2934513fe102d65581bb15b1902a8a65,c7999a005ffbdad6311d8b512d2603613399ed3af1b579ea0424b01eb6c8a1ec,b9cbc335cc348cc6,1746,2425,JPEG,RGB,True,,
train/ADAB2.jpg,raspberry_pi_sbc,train,1384814,4f913c0ade633ebac8561f1a88aef32ead98d91b6489862958758b51634cf361,872e6ea2b12c5130385a860da21b35bd869fadb6d70f2e922be0492d57dd5460,b9d9c335c4348ce6,1726,2419,JPEG,RGB,True,,
train/ADAB3.jpg,raspberry_pi_sbc,train,1386312,06fd10e537db12ccd941f716b76a1d27a6ab5e3e2cb484f8eaf0934b5b116f8a,c490720a9750323a262df1e80513e1c8119bdec566375f99480befd6fd4af2da,b9dbc335c4348cc6,1714,2419,JPEG,RGB,True,,
train/ADAB4.jpg,raspberry_pi_sbc,train,1416744,ee535a2fe73783d8b7bd0d7367e001c35fe9f2d0a6ec0a7ed4e73b9b1e8bc434,a682b8a2849f80f4aef9a5fd4b4d4450f1cb7e42e18e5c91d80bd6f2aaee1a3a,b9dbc33584348ec6,1711,2420,JPEG,RGB,True,,
train/ADAC1.jpg,raspberry_pi_sbc,train,2136001,9eae1e49b09c3091bf87074abbfd1b92cb3ccfbb62e135282ea3544eb45796c2,e5c1fc3d1cac79b3e0a8808008323e2da3327d52036cc6808e45c5b316876261,eec3839f901c8d3c,2146,2684,JPEG,RGB,True,,
train/ADAC2.jpg,raspberry_pi_sbc,train,2031566,78249bd9ff9207abb06f45a25815b63926fc08b3fd26be7a98d0966922bb36c8,6593ce46637feb7d0cfe38bc4510aff9e9d20c5721f3a6f69b9c819144bf142f,ecc3939f901c8d3c,2133,2687,JPEG,RGB,True,,
train/ADAC3.jpg,raspberry_pi_sbc,train,2042784,ee85ca61be62b7b0ccae1c79fc9172201443db9165ad7c3c9e019522fd515894,7413e5001378d187203ad73d35e139ed91b4c79aa8a3346bd2d4a9189c03fd0d,e9c3939f901ccc3c,2078,2694,JPEG,RGB,True,,
train/ADAC4.jpg,raspberry_pi_sbc,train,1972236,c7453175d459d82529afe63881e971d09c9668b5e1f4d941426fa578d8b67afe,2d1d8a20588ceeaa932e3292b63ea7fa3cd1e6e73d4888b0098317519c170312,e9c3939f901ccc3c,2086,2698,JPEG,RGB,True,,
train/ADAD1.jpg,raspberry_pi_sbc,train,2064825,174f65634801cb53fdecb3a34e0a9948e937adb44e5ccb98433df64999cbf041,27249c0f6f8def1584000be5cad2503d079c75370605752287e6c3edfebe1a03,bac3921fc83ccd68,2169,2754,JPEG,RGB,True,,
train/ADAD2.jpg,raspberry_pi_sbc,train,1986458,09837af0d901f0597bc40258130163cacb9f38a58e329fca886be6f178cd8e29,39479b08ebdcdbce5073732c88e5903e8d2626ac29c77a184633b5356d48b379,bac3921fc03ccd6c,2149,2748,JPEG,RGB,True,,
train/ADAD3.jpg,raspberry_pi_sbc,train,2047663,00848e6d0a44162580f4b69b84811b2ac2c37aa52e227ae17d9f105781c36b85,606f7f46e3494a20fc7815ee8d0cae841f2093936533af0a0357e81292620345,bac3921fc03ccd6c,2153,2753,JPEG,RGB,True,,
train/ADAD4.jpg,raspberry_pi_sbc,train,1939036,8667fbd6809af2fc49ca45c9a2ed61589b2ef30587db75af53c23b1dc7a39484,56eb51577fc8a721d96ff22b492f883402719eb74b0d5b93ce497559166442d6,bac3921fc03ccd6c,2142,2751,JPEG,RGB,True,,
train/ADAE1.jpg,raspberry_pi_sbc,train,1374830,e96aaf5655a7c5eae4d2aaf62eb133df195617afeea7d37db9bf8c8dd1ab43a2,30811558b000a6f6646a2104a1ea2bef88467ea655e71e4214f4b6b3068a11d9,bec3931cd131cd38,2034,2060,JPEG,RGB,True,,
train/ADAE2.jpg,raspberry_pi_sbc,train,1360021,60dba550b16a40f4dd2e41cf22a40f2ceee3536a9283f2a3ab9a3f04a6b6b90c,52cf7e0c40a44efed038da3b16a7caee6b4168aba3cdfade19c30bd6a5f7dbf0,bec3931cd131cd38,2052,2053,JPEG,RGB,True,,
train/ADAE3.jpg,raspberry_pi_sbc,train,1385608,f5271b5a43ef5441c0ec3ff09db18c3d7f89de50767d2365d901e8ad8107ce86,21716515af5826e73a3462e226f63647a5b25a030d257d10b414f05f12473e32,bec3931ed131c938,2057,2052,JPEG,RGB,True,,
train/ADAE4.jpg,raspberry_pi_sbc,train,1344277,841ef18cc903917dcaf2157f129fcfb0d2e029d33e15a1bc378464025a636610,fdb5ef44c2c681d7c5841d606a26d8b3946e78e352119c71d7997e036c7db8d8,bec3931cd131cd38,2051,2059,JPEG,RGB,True,,
train/ADBA1.jpg,raspberry_pi_sbc,train,1464199,553c5e7b7149ec89b1cb2770d9f17dadb426d9cc33f0a9c4d8fec610c955c21a,90439d0714a7aa3c48796ff14f3459d44882b6b753169759dad9c6337bfb049f,bcd8d235cd348ec2,1896,2333,JPEG,RGB,True,,
train/ADBA2.jpg,raspberry_pi_sbc,train,1451439,6efca9105844ba1f1d42e37829f7ace391842a873f5a7747d4f639b4619633bb,78f09e7b1d158cff2254ca57a4ae3bf3339df1b8850ed14562bcd208e20edce4,bcd8d235cd248fc2,1884,2333,JPEG,RGB,True,,
train/ADBA3.jpg,raspberry_pi_sbc,train,1448670,31314b9d4f6b49d680db8ae3e1bc8cf78dce703e4cad049b2176eae5bf0482e0,cf621ed04df639e3d88fd028c26311f916e08194947d3e3cffcde0185b1e995a,bcd8d235c5248fc6,1870,2332,JPEG,RGB,True,,
train/ADBA4.jpg,raspberry_pi_sbc,train,1462338,52c5e1050a08a72fde7c18af6f77e5e0486a0dc1bab36f0a83dbfbd64a530882,9d78480ab259f04d5d9448492735bcc503c342b7b572f00685167f9266a72f6e,bcd8d035c524cfc6,1848,2330,JPEG,RGB,True,,
train/ADBB1.jpg,raspberry_pi_sbc,train,1705084,7c35c3d8b8acaad5cef44972f78708715c5515a19954ef0eee913a23170bcd91,243c28d7a009ef42b31118de6d37fa9c0e9cc4ba6735f790c49ff7639ae9ca7f,b8d9d215c53ccd64,1941,2527,JPEG,RGB,True,,
train/ADBB2.jpg,raspberry_pi_sbc,train,1704274,59663a933d6f8d575382afb3d5c75d37d7aa1fbe6d04dee99ab763e3fe00d9b6,319815d6197d1f3a261ff19a2705852d469f3fc52d5760e7e80b7edee6a44b3b,b8dbd215c52ccd64,1938,2525,JPEG,RGB,True,,
train/ADBB3.jpg,raspberry_pi_sbc,train,1648669,4eb4ece56e380ad9618eb76b682b13448752113ee838cfd758dd4d86f8950503,2346edfb2e62be6c184321bfd5ae3c0390784e46f801bc174726ee6868d7a3f3,bcd8d235c52ccd64,1923,2519,JPEG,RGB,True,,
train/ADBB4.jpg,raspberry_pi_sbc,train,1660096,70af194fddff4c9d61d979ba686b97a54c9db7b21540118078711fc588ab0a18,ac3be742aa14546689d9a6c77d56123ef9b7771738498ad39fac8bcb873c99ba,bcdad215c52ccd64,1906,2518,JPEG,RGB,True,,
train/ADBC1.jpg,raspberry_pi_sbc,train,2401926,d490511b129988abdf5aadc86a835624a467f1cd04c3557ba5a659d5757c4798,a72f55766f407c15e9893f1b676f61e05fad1acaa97339353ae292f4d0499b5e,bec39217c13ccd68,2220,2759,JPEG,RGB,True,,
train/ADBC2.jpg,raspberry_pi_sbc,train,2281085,f0e99c12ed2f66a9b49b27937b58ec2f1a32ee14f6f18641637efdea095e653f,ea191917063d656b02482692c21cfbcdadd8ee67c513568ae824ddb3d590d420,bec39217c13ccd68,2205,2757,JPEG,RGB,True,,
train/ADBC3.jpg,raspberry_pi_sbc,train,2154419,33c2a0040fee4fe2ebf5eb8a252cf3562185283b21ce2cd0874dfdded727535b,dac5e1b8a7c008ea88aed00f3f2845119953c85f4a36dc64e6f5d725d16e7779,bec39217c13ccd68,2214,2760,JPEG,RGB,True,,
train/ADBC4.jpg,raspberry_pi_sbc,train,2245000,2189836bb2cb06366ebdc6a0f667ae3f44d040d1ccc8f88572b9e2f401013d6e,773e0c6d46c75efd5918b6f3d7b5f8312098eb9c5ae68db0779ba72cc866a917,bec39217c13ccd68,2208,2755,JPEG,RGB,True,,
train/ADBD1.jpg,raspberry_pi_sbc,train,2738056,92e60ae2640848d2e09d58e19addfa08f3fc45baefd93b0afbeba05bb85798da,d3e8392f60e422ccdc381287f4b68218c2aaf1e91d083dabe582d02de39d6b50,ebc3939f903c883c,2438,2987,JPEG,RGB,True,,
train/ADBD2.jpg,raspberry_pi_sbc,train,2581923,9fad0fc04880ce72fdc5337b547c70eaaf8f57ba01784e46e2ec8d08fb6ac294,1a27d589268a22b6265979840c9a27ff6f9d2f46e5fd21241a9f9e9831046502,e9c3939f903c983c,2419,2988,JPEG,RGB,True,,
train/ADBD3.jpg,raspberry_pi_sbc,train,2607226,a66c39695a1d950ba1e1cfdcf32550a563928d36afa551f629acc6817b73372d,845c76a22a0e2420dcd9d9e7feebd4422e357c830e666a63a3cfffc5023af288,e9c3939f903c983c,2415,2986,JPEG,RGB,True,,
train/ADBD4.jpg,raspberry_pi_sbc,train,2696507,59def6394712398cc362274849eea2e902729025dbe6fd38f2a6ecf1afa3f009,a322e6ff629537d0c718cf9142227d27846af7427ca9811bc2c019a6f37902d9,e9c3939f903c983c,2411,2988,JPEG,RGB,True,,
train/ADBE1.jpg,raspberry_pi_sbc,train,1719849,08bf4177063b7b5575b778e847608781c3891f29c62bf0c6edca89e9ec0cff3b,420b34e8ad766290bf67561ca37c084e799c8bb06f64e3f230762f8988c61a00,e9c3971dd03cd834,2158,2473,JPEG,RGB,True,,
train/ADBE2.jpg,raspberry_pi_sbc,train,1726190,86c62d912b5019804659631cdd88080fa06d988fea0b2b3b15e082eeaae5767c,d8bc7d9de503d5385c1c60ee1d1d28e2df09ab27bf54c74563d22063df8470a4,e9c3879d903cd836,2131,2480,JPEG,RGB,True,,
train/ADBE3.jpg,raspberry_pi_sbc,train,1729607,02b7b2affc2a55cc44653cbf3504cc72f0e944d7d40c3b888a3494b1a73febe5,5763692dcb80e4bc9c453ada3bbddd315093aaf7b47a80205cda5e332ae8bd41,e9c3879d903cd836,2120,2476,JPEG,RGB,True,,
train/ADBE4.jpg,raspberry_pi_sbc,train,1767997,12c796c31c638e6a38bf4c027b2d25c6a37e56898c003a3c814232733c0091fe,41c7ed907c02370e8f5b11beecf1f22b34078ecac9ba3363fab217923423ed11,e9c3979d903cd036,2109,2484,JPEG,RGB,True,,
train/ADCA1.jpg,raspberry_pi_sbc,train,1393841,7c24fd9bd8205d4dab24fbb97cac59cd8715f8f43b8da943f575ffca2bf36c95,a25b457bd2951f651c1744bbf65d4cd4a048ff87f6c7636760b443424442df17,bce8d215c116cfc6,1855,2222,JPEG,RGB,True,,
train/ADCA2.jpg,raspberry_pi_sbc,train,1388119,9a02ca4cd8b0f347563d6057e6576b9a00d0568234fd7fcae708ba8bc58255ce,b998b5e052c1c7a9ff0f0b2d5aa209e70e1d2da3e1bd87bae58415b1dac476d2,bcc8d295c116cfc6,1856,2230,JPEG,RGB,True,,
train/ADCA3.jpg,raspberry_pi_sbc,train,1366628,9ac4f9b3093a2288d8a1ad313ac5f6c3f98485548ea656fc39eaf194eb08b823,ac02180d75f0e17add8bc0066194888ccad26a8376ef8147a7ae6fa4bf39962a,bcc8d295c116cfc6,1835,2217,JPEG,RGB,True,,
train/ADCA4.jpg,raspberry_pi_sbc,train,1355719,80c2202af2264b2c17a283e0aaa78c90f135e0e3f1958a398dbd7f7b13ef56d0,c75bdf36fc484d66a42db2122a18fdf8eff1c57350818a951b3bb08adb3b8fe7,bdc8d295c116c3e6,1828,2219,JPEG,RGB,True,,
train/ADCB1.jpg,raspberry_pi_sbc,train,2056947,e83618fba1c855bfc3b953a79dee37424ec15d1755ce2d8054485dbaef18384a,94b89585065ab681b727c92d1b0b6e6248f0904d6e4dff85346b629b0fcfc771,bd49d235c1368e96,2091,2636,JPEG,RGB,True,,
train/ADCB2.jpg,raspberry_pi_sbc,train,1933759,40f1501e900291c2f2112c3c1e5f081ac5f70ff4789854e63bbee2a2b1955927,8a896eafc69a0f1d1292215df6d2f57936db492cc0cb220442d3a4225dbd6ac0,bd49d235c1368e96,2073,2634,JPEG,RGB,True,,
train/ADCB3.jpg,raspberry_pi_sbc,train,2011170,26b42dc911c8c229f8ce151210417e17352f701e3414328187d3f0cc8cb0b619,2aa9cd35950a8d19e7266b3c3af2d27a84a0f678d816c252721957b2d0ea411d,bd49d235c1368e96,2050,2627,JPEG,RGB,True,,
train/ADCB4.jpg,raspberry_pi_sbc,train,1974421,bdd5d8ca990bf9caf86b71e263241703076a12eb324d2f00a7c6e56fa243f37a,8930f7b70db3b935f193b0697556e34b2194e95d13ae7a31888c2be93a319201,bdc8d235c1368e96,2029,2620,JPEG,RGB,True,,
train/ADCC1.jpg,raspberry_pi_sbc,train,2297196,86b08d779b866a70a87523c3a4cd36828ace94f7b6b9f88f187aa068ad4ad0eb,f4badea8a5196654d04cc391c9e36dad0cb4e2b35a3692c56afab8b2c0797422,e9c3939dd03c8c9c,2138,2702,JPEG,RGB,True,,
train/ADCC2.jpg,raspberry_pi_sbc,train,2284126,9d0480e8de45d8fcdcb4b61fba76a498c95a4c0a46af0cdf93254b9dfa69bd21,50ae48773d0b6c21fc09d1dd9f7ac3ccdf58edb92c7bc3371fa151c31fd4fb29,e9c3939dc03ccc9c,2098,2691,JPEG,RGB,True,,
train/ADCC3.jpg,raspberry_pi_sbc,train,2294503,96fb005312e59529d323184e368eadfa026b3d5b722aa670bfa7cc5eac054f67,bf9a6a256d376f90547e1e196852a4d130c278a2f9e5c7242d6c43e267512430,e9c3979dc03c8c9c,2122,2697,JPEG,RGB,True,,
train/ADCC4.jpg,raspberry_pi_sbc,train,2149450,4c2d516556e3971aa44308fa6e77b667b72f1171cc0a175c719aa76ddd9ce771,e38a9f593844b4dac20db87b53160aa34b142067eddb3e2e0b185cc1cf94a2ee,e9c3979dc03c8c9c,2106,2694,JPEG,RGB,True,,
train/ADCD1.jpg,raspberry_pi_sbc,train,1947974,49f18a15c1c62080611e3427fd08c765ba044e510530b777d411bd6a6289d34e,976001e3e387e2afc85b3f11df2e5bf7d641641786c3861eac8477fa56c73134,e9c3979dd03cc834,2143,2673,JPEG,RGB,True,,
train/ADCD2.jpg,raspberry_pi_sbc,train,2068963,15e3cb8a9052484765ecde81126b1056644c696c7c256c6f0a875d548bc2cbc7,ef0410495c1d36ea0cf9d24da851f525911d133fb0ed744c01d61e36f2b0303b,e9c3979dd03cc834,2131,2666,JPEG,RGB,True,,
train/ADCD3.jpg,raspberry_pi_sbc,train,2085428,c30e2cb181c0567c52116b7963a83b39b4f9f8277f406bc0da5e6afaa4a07f05,67d1c56d35f0fd30153da9966fe91adc141f122019f9d962b0e3c3a1f83d754b,e9c3979dd03cc834,2110,2660,JPEG,RGB,True,,
train/ADCD4.jpg,raspberry_pi_sbc,train,1817946,a457545996d508a75873c5cb9bf87dba807f2ddd2e4eccb0b7e127929a7ffe13,3f7afa4ac1555c0fa4fefe1f342e9dff1fb941d4b48f0712351a32705b86b8bf,e9c3979dd03cc834,2105,2659,JPEG,RGB,True,,
train/ADCE1.jpg,raspberry_pi_sbc,train,1521299,356e6e1524f40c8c67ba36286e99701ca454176c9047d54397a708afddfaf253,b51febdda8d665ac5352d50d9e31106e9188836740752413f20ac8ccb4d64c2d,e9c3971dd03c9c64,2068,2394,JPEG,RGB,True,,
train/ADCE2.jpg,raspberry_pi_sbc,train,1513872,4d3876371867595ec9eae83ac2163777a6975fe4b20739cbbf667e27400e7e24,715855f66b3134d8e0fcdc1393a45d4db2cf65891c3f7ddab53d6babb6efc886,e9c3971dd03c9c64,2068,2394,JPEG,RGB,True,,
train/ADCE3.jpg,raspberry_pi_sbc,train,1447257,585d3aed8b0fb142dee22c2d6bc9e082bbc2903647c3050be0f75d780ab9f821,ae20532b7ab9e6e2724d0a3e6ebf2b1f3cff3d402e56f992e5cbe0eb87fd082c,e9c3971dd03c9c64,2056,2392,JPEG,RGB,True,,
train/ADCE4.jpg,raspberry_pi_sbc,train,1464029,4c65b44d251d9c1ce71c88d4f66fd1a30842513da03cb1ea33d37120f8a9131b,6778b9fba8e2505bb3dc35f2e7441750558d4c422b81398dafbaec88c59c7a86,e9c3971dd03c9c64,2057,2388,JPEG,RGB,True,,
train/ADDA1.jpg,raspberry_pi_sbc,train,1895890,e802aefd07a27fcfc6fe24b264a8084a9912b8ce968e88552b812e6fb0c774bb,95c8960268eab7e0bcada5a96dbbd6365bb0898829eb4434b4466d6ad640c3c8,bce1923dc91ec81e,2227,2454,JPEG,RGB,True,,
train/ADDA2.jpg,raspberry_pi_sbc,train,1874158,70437fe95a42a03518a6e46b30a26ac065a680e05491ab29130be74a102f1539,1c26eaa130913d9a7ff9cc1ceb203d623b63da936b37e7b4d853f207a1a5eb01,bcc1923dc91ec91e,2191,2448,JPEG,RGB,True,,
train/ADDA3.jpg,raspberry_pi_sbc,train,1852887,f916e54b93cad17a3bb91215be39c0ee66a626d46562fe4b02a2f388119ed2ba,b583120b0f0ffb3209b40c21908fb102b06b2c9a6edafc1a5daba71b8a09a119,bce09235c91ecb1e,2183,2446,JPEG,RGB,True,,
train/ADDA4.jpg,raspberry_pi_sbc,train,1857987,2810e21fc6cab54dc2da68d76581e0c4dc48f5177a23cf99ceac1ec6265cd8e5,ae90aaab35381d5e6dda205fdf5f77fc388b08fb683fca7201c64c6af4300ea9,bcc09235c91ecb3e,2171,2447,JPEG,RGB,True,,
train/ADDB1.jpg,raspberry_pi_sbc,train,2694300,8d97b9dae6634d396d5b3e9fc222db481750586610b488387db4864adfb07b3b,8038282e7f524b2ef3790fb8085e7b61c4b5e15d39a902ec234923185787fbb1,bdc1963dc91aca1a,2385,2940,JPEG,RGB,True,,
train/ADDB2.jpg,raspberry_pi_sbc,train,2598153,1c93f514365dd5ced24fe2cd39ca5d5a2f0cc8532370dbd28edf166ef0316d8f,2f62325142119ec38a65845caacaaf8dd1bbd6194304dc0b62a2a8b0bde158be,bdc1963dc91aca1a,2360,2936,JPEG,RGB,True,,
train/ADDB3.jpg,raspberry_pi_sbc,train,2594209,10591d62b6acd5125fad44827aad8411cb8f9002a070081f01b40e5e2e11687b,ef03f96ce5b72e1e0b7063cd7afffb399e32bc87a38b7ab9fa12e85c53ccb383,bdc1963dc91aca1a,2363,2931,JPEG,RGB,True,,
train/ADDB4.jpg,raspberry_pi_sbc,train,2573598,d24fa6707ca38d554730c278b27938b674e10518a629cad3adbc0214f57ddc2c,5da5b2407a28d45654d45bfe609f3b91c9f2ec8a0c02849cfa8931235b4e12ba,bdc1963dc91aca1a,2373,2934,JPEG,RGB,True,,
train/ADDC1.jpg,raspberry_pi_sbc,train,1998491,275946a6224bd035321dcbfcc6cec1be455f8abc161419c8c06172180bff87d0,abf40e99e3f32261c26f8dc74e466ec4795113045cd290c8bcc74718dd9f5940,b9d2959dc21aca2e,1950,2529,JPEG,RGB,True,,
train/ADDC2.jpg,raspberry_pi_sbc,train,1830992,eb78e1ba1416b8f1cfcc2016b15120c69582e7afb6b81b97336ebaf29db19c3d,f4f1d484023832a48edc72c807e746c2b5017bc04e8a94168e9aaa500b0173a6,b8d0959dc21eca6e,1933,2526,JPEG,RGB,True,,
train/ADDC3.jpg,raspberry_pi_sbc,train,1919470,7c1fcb37fd571b4f33838c87920594369a8947d6e86809c4c59163bac5375639,12053e8bb72a628390ccba7c7f04032f48832501b3062587a04b60f2fa129af8,b8d0959dc21eca6e,1920,2518,JPEG,RGB,True,,
train/ADDC4.jpg,raspberry_pi_sbc,train,2053307,f11bdb8f594e50cb9438508d398cb539c3f026cbee34cc1f2e6803a2d9193587,8cb44daa094a11b52e543cf1f3025b01f381603e9b7cf26497ca7c45d7cebaf1,b8d2959dc21aca6e,1937,2525,JPEG,RGB,True,,
train/ADDD1.jpg,raspberry_pi_sbc,train,1679205,54fed7583620081564090e32f85077f47a4534d8c71a53388fce5b7aa91519c9,b706b72410cc3df5ca18e312b5de4890fc8f98abb43cc91520cb97e5cde1251a,e9d2951fc21aca6c,1836,2551,JPEG,RGB,True,,
train/ADDD2.jpg,raspberry_pi_sbc,train,1630002,336b6ad47fecf68a1e75cc5dcb67a681108a046f4a09000d26f13a03d34501cd,44dcde8f91b0933465fdfb219c815514a2e894b2a32e1803e1971984d9cc6deb,f9d0951fc21aca6c,1819,2547,JPEG,RGB,True,,
train/ADDD3.jpg,raspberry_pi_sbc,train,1632678,f049504cf87ec153f06ae5b121ee2bf1f2bb72fb6cd2ee88568339a01b01db84,e43e2e134b61dc3ee8ecb0643194fa19963849e70db3ef089edbbc811cf99ff6,f9d0951fc20eca6c,1806,2541,JPEG,RGB,True,,
train/ADDD4.jpg,raspberry_pi_sbc,train,1571280,0c2888e3446d2b68bbf43cc187e937386829a0ce7f9b0fe47803e94bbcefd163,c4aecea23b8f9745c29f327cb4c18c0c3bcd8b86d098525a3491ea2917912fbb,f9d0951fc20eca6c,1811,2544,JPEG,RGB,True,,
train/ADDE1.jpg,raspberry_pi_sbc,train,1255744,6a4665081eedb0dcfb353fa9518cfb25490e16bd04915ac2e4ef25333df95181,23764c412faf3fc214a52935b1e3204eb2af7ed4930613e5e57ecf4466639aed,e9d3871fc22c8e64,1715,2286,JPEG,RGB,True,,
train/ADDE2.jpg,raspberry_pi_sbc,train,1194386,e4a75ef6f78d43a7373837ffe583041efccae6b926f18886c030122aa3e361c9,576ec947438bd8f3dec82f52308c2adbe9a2a8c9f805056cfe4c0338561016c7,e9d2871fc62c8e64,1691,2272,JPEG,RGB,True,,
train/ADDE3.jpg,raspberry_pi_sbc,train,1187027,f9f6ca2a4f4e41791ddb6310970eaa8defe09987a69bc48b4d7afa035a2e8950,4e20b42c7adeaeb741aaae200da724644b71bb49da3288317c8bac5050c0aa97,e9d0851fc62ece64,1681,2267,JPEG,RGB,True,,
train/ADDE4.jpg,raspberry_pi_sbc,train,1177021,6c8a26162bd834d037b711b6f03fed35b52584ba9f1272d69336692ffdf6c85e,90250b12cc3ca9cd66f6fe079f1c640d31168124f3c23a2836ca2011f2e9afc9,e9d2851fc62cce64,1682,2270,JPEG,RGB,True,,
train/ADEA1.jpg,raspberry_pi_sbc,train,1443563,854f00c09902dd32d0ea92b92b075b2e6ba6f869f42dc2be068a420b07a5dd46,77ce26b796d9017feb48c0a692132423b2128decd07aa32d82ffb41715bf3b84,bde19734c91ac81b,2068,2224,JPEG,RGB,True,,
train/ADEA2.jpg,raspberry_pi_sbc,train,1411245,192599a27ca92096b673c0cdfdd976422ebd34126f5551b9295f0a6549985a55,4534942e181d51bcf935101b383681b1db221011c1f6437a6ea048816adcfef1,bde19734c91ac83a,2043,2211,JPEG,RGB,True,,
train/ADEA3.jpg,raspberry_pi_sbc,train,1393572,b0b296b2052c947f539ca2c07f755750afcc3dc5dc1351e26ffdc6113458fa8d,32ae246e5994709ad0fb585d43b5ccf674aae4dfa6e03456ffdb037ad1addb46,bde19734c91ac81e,2023,2203,JPEG,RGB,True,,
train/ADEA4.jpg,raspberry_pi_sbc,train,1395889,01692a92ef73e6e23d9b483580b22bc13d86551a105df9696a716994a7e84f6b,d208adb60bd9dee4d70fdcbda75139f91955429520adb8ab9551bd2d00b63e4d,bdc19634c91ec83e,2006,2209,JPEG,RGB,True,,
train/ADEB1.jpg,raspberry_pi_sbc,train,1984871,9e95c00a55ea850f886b6b8e855d2081fdc1eac2d9ad5575b45453714f5ff653,c4db1fce74fb32ebffa66fd51c2d4bd658fa95183824c8b01393ff3fb668af07,bdc1973dc81aca1a,2207,2643,JPEG,RGB,True,,
train/ADEB2.jpg,raspberry_pi_sbc,train,1926916,ced0deee5f21dfb72f22d688cd28fe723498f8297e27747d50b6150db8356bfc,c08d6bb1a603451c2499cf2602e542bdca6589b0c7b43216ebea6de41840e83c,bdc1973dc81aca1a,2194,2642,JPEG,RGB,True,,
train/ADEB3.jpg,raspberry_pi_sbc,train,1890425,c1e4c2f357319bd089dc347d0a9a188cfed60aaf09f7a81edae5b91b047cdda9,13edfa5a50681a774e12b14d4a13002f9a179e78f4f2ec17751fa23f6bb58967,bdc1973dc81aca1a,2190,2637,JPEG,RGB,True,,
train/ADEB4.jpg,raspberry_pi_sbc,train,1866274,c0f817d4c6a5484888cf0a8a077634c7a9e4a2e67364df26e1b42de0e4b3550b,b1bbb1890b89dae9ef2c1df17879b2ec8b376a18caa7808448343f391cd9b284,bdc1973dc81aca1a,2166,2628,JPEG,RGB,True,,
train/ADEC1.jpg,raspberry_pi_sbc,train,1619935,c63482cce8e2d041acc9f29f37b95a090461bae1afae4d8497f9d1b92d712860,e9a025e4b4193785cf313f73f1913aace177289846d2d9de910e748659d805bf,e9c3963cd23ad838,1864,2428,JPEG,RGB,True,,
train/ADEC2.jpg,raspberry_pi_sbc,train,1572906,cbe55167af88d05edab6929dd31d3534d6ef722ceb463c0cbfa84267d1021e4d,eeab34242c85b3258a016786bf46598af85b7543f78182656030d970b0d66769,e9c3963cd23ad838,1859,2425,JPEG,RGB,True,,
train/ADEC3.jpg,raspberry_pi_sbc,train,1577779,2b80d03eb679680b69916a4916c5c80a2e47f4c45c7fdc556b85d9fc45736935,a6d388cc90c5d47738355e2e3b8a21176f3db9981123374f24c6c371979aca9d,e9c3963cd23ad838,1876,2429,JPEG,RGB,True,,
train/ADEC4.jpg,raspberry_pi_sbc,train,1669562,cdd1ae7b84b79f9c9917196abaff20e57359cd84743f926144b6ea977e55494c,a224eb46618d89f2f3112c7498339e8d291b0e3c8a71a4494e44c9119763f273,e9c3963cd23ad838,1874,2430,JPEG,RGB,True,,
train/ADED1.jpg,raspberry_pi_sbc,train,1351366,9ed247c78976a573f4608c6c79483001df55ee78d3d6bf8c7005f0f86204cd70,65fd7bd18b10c4d912a086a9d82a0cbdde43ae4903fa586e2a92ea92fab0c1f7,e9d0971dc23cca6c,1709,2465,JPEG,RGB,True,,
train/ADED2.jpg,raspberry_pi_sbc,train,1313110,4f9defd8f761f2048c8113eb0a53a26e6cbfeb4b179cf5405d3035e4f83bf018,5bae8efebc3346fe563210e8c0142b667e763892296f0ab2f52458321dc374b8,e9d0971dc23cca6c,1710,2465,JPEG,RGB,True,,
train/ADED3.jpg,raspberry_pi_sbc,train,1305858,a76483ff164d2bb96a43898aec8ccc079fbca73948c2a4d85ab0e28a03c503d6,839fa0077c08cc2085172f2b0e0c7703066872c7a71a8a79f41c5aa4f667503e,e9d0971dc23cca6c,1698,2460,JPEG,RGB,True,,
train/ADED4.jpg,raspberry_pi_sbc,train,1261306,59fab8407c285139a64877c7a115667c87eaaf0e4d5d478f5908dc7593bcbff5,7de38c9ddd83b7aa12807fe002ad7e27e4c2aa2ea502becf5ee19994ffb6a64b,e9d0971dc23cca6c,1699,2459,JPEG,RGB,True,,
train/ADEE1.jpg,raspberry_pi_sbc,train,1097365,f65d6a4b8f5e6f2d47e769de64cbc5b6ea7eb6ea1fa11bc33b4275e390444835,e34b4bd8030b4f5f1caba9d27e41d9a790c12712e5b3f30cc81a7374bfa4fd0d,e991971fc26c8e64,1531,2187,JPEG,RGB,True,,
train/ADEE2.jpg,raspberry_pi_sbc,train,1070603,8414d6d8bb0dbcfcc79df03920fc1ed15ee330d8fe5bd1bcd5f91572fee23d57,ef414691bc14edb656b32e9827aa8316b07b163dff2ebef7790a63231e6a51f0,e990971fc26e8e64,1512,2179,JPEG,RGB,True,,
train/ADEE3.jpg,raspberry_pi_sbc,train,1061087,c759a94535e3e18f809f8b0090fd9f37c3de5072bedbb1798360dd9faf8bd6ec,ed562134c9130540cdb8fdc7a5a426331171c20f4caff1db235471bf8beb07f7,e990971fc26e8e64,1519,2182,JPEG,RGB,True,,
train/ADEE4.jpg,raspberry_pi_sbc,train,1072675,1629cf0432ac2210642398cdc913b53b2516df42feaafa8fca4a8ade99fedd91,3a26b78064fbe211f3f444587279bfe74af9b5e480a63eec41a8f8c12dc027df,e990971fc26e8e64,1504,2175,JPEG,RGB,True,,
train/AEAA1.jpg,raspberry_pi_sbc,train,1191201,dd567a04868effdbc9c94ac229b520fcfb6e5ef1fe0b2e931b0ae50849ed01aa,649b02a277d3d5ccf2344e35a43a56fcfc41658242631e8809117509f2f07715,b8d9d335cd608cc6,1693,2174,JPEG,RGB,True,,
train/AEAA2.jpg,raspberry_pi_sbc,train,1159219,e593fa510d83b080f094c11cd0c7b6ba1bc6b031c2dcba3eab81d1e12f4a55d8,cc5302d96af65a3bf4de75219e57939885b110f2255ed804cf94d4ad80356317,b8d9d335cd608cc6,1687,2170,JPEG,RGB,True,,
train/AEAA3.jpg,raspberry_pi_sbc,train,1149650,5128ba92e92a8f42a008db5c10fefb8308ae7ef57be20c9df63cf1ce4a0e7f83,d40470e743a45e00555bb60ae604c8e97bc0173791ce0cced280020230c680ad,b8d9d335cd608cc6,1683,2165,JPEG,RGB,True,,
train/AEAA4.jpg,raspberry_pi_sbc,train,1160266,493e10d8ccb36338a47c5e6c005c999a96a259c79925645ba1743fbaa3a20aa2,9109d4438f901147519b575632e1b4047703df1296604cdcaf419a215394f3a5,b8d9d335cd608cc6,1677,2161,JPEG,RGB,True,,
train/AEAB1.jpg,raspberry_pi_sbc,train,1468037,a245a472ca06d63832be283a6778c2f441ce8af1fc2f6f576d88e59d3ad6248c,74095e67e8fd08ad32e8b5f3c65201e45736425e8cafa5620cc429955ed20b86,b2ebc336cd388cc2,1891,2428,JPEG,RGB,True,,
train/AEAB2.jpg,raspberry_pi_sbc,train,1440480,ffb4ebad67f384a37b5d55d0c317264c4c1eb202944bb9622a39840581fd6759,6cafd2a9597fb47ae98b95a6e9078a8bdf99065048b4407e001339bd8c42d4a1,b2cbd336cd388cc2,1879,2426,JPEG,RGB,True,,
train/AEAB3.jpg,raspberry_pi_sbc,train,1403121,ec6f70e56dfca35432885a14c34ffb20de4c445936bcd4e6eef506b0602b0791,d690a5da7a54ffcfd68d30b2a07fcfb71d34af7b3677373bb57cb71597323826,b2cbc337cd388cc2,1875,2430,JPEG,RGB,True,,
train/AEAB4.jpg,raspberry_pi_sbc,train,1415649,814056a9173ab9236f75e93810a9c97ca809aad8343f8f47882fcda36db2bda7,3323894a9632d037119df9aeda7810f33145328a062736eca0b0c9e64fc3f618,b2ebc336cd388cc2,1885,2431,JPEG,RGB,True,,
train/AEAC1.jpg,raspberry_pi_sbc,train,2164219,a12476550d66d2bf37f092db30f924a588170c46ad63f926d17f6be06660a111,478f28817701541dd4119fa411da4d288e1ef89e4620ff7b3541fd729fa0fe76,eec3929e98398939,2283,2705,JPEG,RGB,True,,
train/AEAC2.jpg,raspberry_pi_sbc,train,2180475,491e88a2e03136128f1990d73fc4ad4a89a7925ebad5b9ef26789ed0bcae01a6,3e02b84f2a6d172f7dce5739cc50975367908230e91015344837083e5dbf76d4,ee43d29e98398939,2277,2701,JPEG,RGB,True,,
train/AEAC3.jpg,raspberry_pi_sbc,train,2133498,2519037f15d4db66bbfded9dc223e471f5d7031b861ee114ea36bfed44045847,0ef295a0deed521e5e78e34eea5186afceae9803608572b12861c9edeb1b337c,ee43929e99398939,2305,2703,JPEG,RGB,True,,
train/AEAC4.jpg,raspberry_pi_sbc,train,2181876,d0021f9b27f4dff0cd69dbe371a648cdcbdaccd97321ba45a56c517540efaab4,014a75113da4d24c70d3d3a8fc164b11cd41962910908f460848bec0daa4c2fd,ee43d29e98398939,2272,2707,JPEG,RGB,True,,
train/AEAD1.jpg,raspberry_pi_sbc,train,2694928,69cbd0f6e365f265969e9ac2d0a46aa84232316579d7432c0c02bdc651b191e0,5f78b4a9a625b11ec30bbb7ec106b1b5711d7f0b9d248ad7ea114c7be9fd4764,b6c4921ec979cb31,2512,2778,JPEG,RGB,True,,
train/AEAD2.jpg,raspberry_pi_sbc,train,2724536,c3019f1a23ea8b7081edbb2e3ef2ec8c38a528f5556df18d246e44c564ff6d6a,4e88d21de4a9ae70d34f02a780a3f080151197beac678a90c55044983530a6cd,b6c4921ec979cb31,2514,2777,JPEG,RGB,True,,
train/AEAD3.jpg,raspberry_pi_sbc,train,2587609,0f53b7c34527264ed2f12f2ff939fcd1ffb6e4b12ad2294d349ea1a81fe19736,830315a8940385cc3d6d40157f4b0dc11368d5d3e6c54c3daaa3e44420cf55ea,b6c4d21ec939cb31,2516,2777,JPEG,RGB,True,,
train/AEAD4.jpg,raspberry_pi_sbc,train,2614975,80748dc62f27c5b5a63d78d7817381644bd3d96ff75efbf9f5123d1b1b37b4fc,0eaa58088e15f3e873d5291c99baef023dcd1bcaf9e70375dba339a9feb31c50,b6c4921ec979cb31,2504,2774,JPEG,RGB,True,,
train/AEAE1.jpg,raspberry_pi_sbc,train,1273964,7d6607c6c755f8cb557202d9a2fb637332157d1400291d8145078289f0011ac7,88c5b1829e202b30117f37de3dbf3419c5512a9c9d37174a3e0f6113600174da,fec0921ec131cb79,2178,1986,JPEG,RGB,True,,
train/AEAE2.jpg,raspberry_pi_sbc,train,1208057,76a96e80167eef098d1db3002f6429b0eed80b474d50afe6e4e70d55633e36e5,81246c0303e3284895025c8e2074a8ed39bdb15f1935226bb1e78a44b5946cd4,fec0921ec131cb79,2174,1984,JPEG,RGB,True,,
train/AEAE3.jpg,raspberry_pi_sbc,train,1253167,b3fa78081d51c71ed51d932ae9eae33c227a91600716e5944f290059867fcce0,220529ae130268396f4c935757a17e0c2726101def71152f21aa3a5162e0189c,fec0921ec131cb79,2177,1988,JPEG,RGB,True,,
train/AEAE4.jpg,raspberry_pi_sbc,train,1283526,7a6e46b369c897a332e522cd92c1e5bfb6c85e4c25802644fb2ce1b6acbe4042,4183498ee8bcf5f6af6ae383d2d07bba640e194aa7e072f5cd56fe1837bb3a3a,fec0921ec131cb79,2174,1989,JPEG,RGB,True,,
train/AEBA1.jpg,raspberry_pi_sbc,train,1766250,442a1f477328dd677c13d5658bf1f379b6b4ffd79e69ac8b640c75c67958e98f,02b57c63f82979e720fe68d15226a1225a1792e03b58c7798bbf57fc3432a666,b3c9d337cd18ccc0,2132,2388,JPEG,RGB,True,,
train/AEBA2.jpg,raspberry_pi_sbc,train,1749073,d12a88c2b45cf15105ce2bafacd613f903959c35a76cc78b6dbdf2a214e6f7f0,6ec5b2f6c4c8c0925e3da65195d86c2c4504c9309df96168a10fb0838b7e6c11,b3c9d337cd388cc0,2117,2392,JPEG,RGB,True,,
train/AEBA3.jpg,raspberry_pi_sbc,train,1764202,0f70005a21a29e5bfbd977579545f90754a01d3ace9f70fbddf0df0552fa5fbc,a5a9168763621e4d7ac292a0057ff872a8c7181485c3fc366ef5618e12d157a5,b3c9d337cd388cc0,2107,2387,JPEG,RGB,True,,
train/AEBA4.jpg,raspberry_pi_sbc,train,1768260,53bc5f443aad7eeedbcec74051264cd4372b8f7599aa16f68827ea7a88d38b0d,087ab66f4083973b690e1af934c8d20ac92731980718626f4af25ddf58de6afb,b3c9d337cd388cc0,2114,2391,JPEG,RGB,True,,
train/AEBB1.jpg,raspberry_pi_sbc,train,1909451,df8177f361a7b1e257c830534b47873456fa7cd5f950c43fed27eb76472b0b93,868d586be9b59d614e3be1adb17588d2a25b55a10688fcc23a4deaded83be1e4,b2c2d337cd38ccd0,2162,2565,JPEG,RGB,True,,
train/AEBB2.jpg,raspberry_pi_sbc,train,1809213,69174ece73da37666d067da92ba7a218d07a66a8eb5d735dc5b19d53807edc40,da8b0813a28129890e9fd7d4b718b89d96b68bdbbb682d99467c197a520acdce,b2c3d337cd388cd0,2149,2564,JPEG,RGB,True,,
train/AEBB3.jpg,raspberry_pi_sbc,train,1823740,d8c8e708a7259cc5e018eebc2458fd48312777adab15689f692061adb6794188,40980649543467e913219a4f808cfe04b952ae6be0e949a1a27591d8e0d6075b,b2c3d337cd388cd0,2142,2567,JPEG,RGB,True,,
train/AEBB4.jpg,raspberry_pi_sbc,train,1785266,2478488c41e0362b025aab7ae78d78ca853fda89b573972b6ecc76a1fdd1e3be,2ac965a105372c680d0a84d4bb91bc878fa7a7f19550e3764bb8dceeab9f5dbd,b2c3d337cd388cd0,2147,2565,JPEG,RGB,True,,
train/AEBC1.jpg,raspberry_pi_sbc,train,2655453,7cd6ecd7390c5029794125253720df9ac1c5386723fe0745798840c932b652d0,56f7295ae6ff4cf2b95fae241c7f277293578254def3ea9d0eb2652d1343eb8c,b6c2d216c939c979,2418,2775,JPEG,RGB,True,,
train/AEBC2.jpg,raspberry_pi_sbc,train,2502547,fe0932dff548405a8d47f349720fc4a4d61d406cbcee079c4621017a9df8a067,812c2abb239c418a89c35d52c9caaa1254fbaa593d5cab15e146b94d0f8d739c,b6c2d216c939c979,2407,2779,JPEG,RGB,True,,
train/AEBC3.jpg,raspberry_pi_sbc,train,2541178,f7a054e6fe7438270f04ba89578fb705e34d6c6b51f531b40bbdb5e170826c1d,a744a3a0fa82dfac0caacb3665a01c366b2a2be7ac49cc0710475ec790bc7653,b6c2d216c939c979,2407,2780,JPEG,RGB,True,,
train/AEBC4.jpg,raspberry_pi_sbc,train,2606742,c4ef65812ec7c08a6d2340339f94f384ec649ef49307a289f584d7f1aa9a98ac,ed3e359d6b032707c1e8d44083d62b1c1fff1428bce9bc2fbd2f28b1299beb2f,b6c2d216c939c979,2409,2784,JPEG,RGB,True,,
train/AEBD1.jpg,raspberry_pi_sbc,train,3089568,83b2e66b6e4e9fe7826009ab8f1c6d46e475a731ee9cf00640ff86db5fa91c3d,46c716fdf8d54cd8bf6e6a76d0047af22b15b24ca694fedd9e2f43c33f285023,eec2969fd8388938,2658,3037,JPEG,RGB,True,,
train/AEBD2.jpg,raspberry_pi_sbc,train,2956065,9ac8029f0e88408f050eebd6aaff26ba4d3d89054c7d3e87ffd36e0ddfa75ec3,2cddd3d4d546da0255c0e003885f0c65fa1ded9cfbd8b452320e439fa4dc18c7,eec2969dd039c938,2640,2980,JPEG,RGB,True,,
train/AEBD3.jpg,raspberry_pi_sbc,train,3043789,498f087a6d8981c2d5d67b6432c0565f027a0160bc12a785af5ef39dd9b9c01f,c9bffa4e7012e79f7012ca05fa1f6de2d49a56af952d41700e9dc4324bc45da2,eec2969f98398938,2647,3016,JPEG,RGB,True,,
train/AEBD4.jpg,raspberry_pi_sbc,train,3001758,76b0fa97e4a01542fa307ce6f75404140dc94a78bedc98b4634088c4df65fbd0,73d8d8286f41f118c3288ad414ec9b91a55061b53088bba489c39c9dc7f3ea32,eec2969fd8318938,2657,3038,JPEG,RGB,True,,
train/AEBE1.jpg,raspberry_pi_sbc,train,1937728,119a59685373a00519c3f7a875ccf4b7119f4d4172d2687dda900f2be63a0044,c5cf62c72e93741647ab5a7a81e2e6f7ea84b9ff516a099a8cd1eda29f585b16,eec2961cd831cb71,2463,2508,JPEG,RGB,True,,
train/AEBE2.jpg,raspberry_pi_sbc,train,1904349,5e176b1c76ac2dc8104faee18522e5d014c052a5aa5b31fa0dc40e73c8a2d0ec,b7b491c37d3debed7f64d59a5cdf571ac54af259b34106d7ac2b0916fd2d0bd3,eec2961cd931c971,2448,2509,JPEG,RGB,True,,
train/AEBE3.jpg,raspberry_pi_sbc,train,1895691,f2e930c7f5d6081914a557e21432a887fbcf954a19e7ed7ae2c48aa9e6c0de14,6d3426914368434ae38841b6a0bf82303b719d087be3b0d5cfc4f491642a2ebf,eec3961cd831c971,2438,2499,JPEG,RGB,True,,
train/AEBE4.jpg,raspberry_pi_sbc,train,1918315,88316227d4491404e3562c33d455303d216bcf4f03f53addf1f437b697b3cb70,9c33ad78bcf513bc5ec09b6784397381b62495390ff0ae43b4b78f35696c39d8,eec3961cd831c971,2436,2498,JPEG,RGB,True,,
train/AECA1.jpg,raspberry_pi_sbc,train,1505830,ceaf0e930cce03c73e1db788c96a470d69a1d114e7d5edf8d2eb6d0e5f93bc6d,30abd1ad9ae0f058bf0c9e2b410cee5f74db03b182d435fe62b46dde699d88d3,bde9d217c5168cc2,2011,2276,JPEG,RGB,True,,
train/AECA2.jpg,raspberry_pi_sbc,train,1502606,412f07b580dc487cf66d9abb2f400545ad5694732858cd7d68ecae66b9651d10,887b676a33d6e13e150d9f09df9da4dc3139ea651aa582162c1ebf71a6538a10,b9e9d297c5168cc2,2012,2275,JPEG,RGB,True,,
train/AECA3.jpg,raspberry_pi_sbc,train,1482788,fedf70f9c8beab1e8fd43f7eaaeb638dcf238b76b99bea28cda1435149888d03,d654db57ddaed7c2c97f44d132b53dcbc6dec3fc42ec8f585535cc992711e2a1,b9e9d297c5168cc2,2005,2271,JPEG,RGB,True,,
train/AECA4.jpg,raspberry_pi_sbc,train,1559881,424e70c7654a64940d17982629626b6a24c0c784a13dc7164d72a0e2a274af38,079a517088c8afa3ecebd7a61f4916f446921f3033161f41b05b025ef848f995,b9e9d297c5168cc2,2009,2280,JPEG,RGB,True,,
train/AECB1.jpg,raspberry_pi_sbc,train,2124303,df6c841df88b9d36f01f845a00b37295bcca7a5637a5b4e43a88eea6129df85d,04293e93fb15c77d543a2b50e1660a217d14866e92ee8aec2a272e578b62565c,bb69d337c5308cd0,2314,2695,JPEG,RGB,True,,
train/AECB2.jpg,raspberry_pi_sbc,train,2109966,0ee912140a5578b58a87782788fb2f53beb4b182026e8bb981fc05bc07d57fbc,96d168b1b888f311db34f0052551ea1b933e4968a02e6954b6e105c9c8c662c8,bb69d337c5308cd0,2309,2690,JPEG,RGB,True,,
train/AECB3.jpg,raspberry_pi_sbc,train,2060975,36e1e2ba65af4213125213556257f648cf72f1b3dad3096845763e5a1b2c9216,52c7e1ad71d66160c0362884573599ee6d8150c7ba503d0d7b18e3c4d6dedabc,bb69d337c5308cd0,2301,2691,JPEG,RGB,True,,
train/AECB4.jpg,raspberry_pi_sbc,train,2238298,1519bf0dbf670e293b3442dc3a072d52369fb0cc2a31b4868828af52cea5ac50,91df201348f7ec13cd103dcec2225652ea1217748147a3c51a510f753fd5720a,bb69d337c5308cd0,2305,2686,JPEG,RGB,True,,
train/AECC1.jpg,raspberry_pi_sbc,train,2501320,183cd2a054ec8cad5c09626041fc341265e26fcf1cf0e38f7f2261940272514d,35950b15272bb2c8762c9002443c24be5a150d415d32ca376c850ecbad7bd243,ebc3969cc03899f8,2302,2730,JPEG,RGB,True,,
train/AECC2.jpg,raspberry_pi_sbc,train,2437850,89c9531d384fa1f6a1054b12dda1aab239d651f0ffad226fb7418dda09f1119c,103753377948e5ceac35e10479cc4d2cca294e3212f8726a88531f29460d6869,ebc3979dc03898b8,2279,2729,JPEG,RGB,True,,
train/AECC3.jpg,raspberry_pi_sbc,train,2508239,9712e8cd2991a5a0301219965d6466d93a90d8c10c30dd71b999274cd8c758c5,0740602775b0e10989c5592e7a0612eda2c4391e1dfb304d98875108c7efa286,ebc3969cc03899f8,2287,2731,JPEG,RGB,True,,
train/AECC4.jpg,raspberry_pi_sbc,train,2364317,78fe555a379a77ab1116dfa79044cde71c66dd2823eb3fb5350dc9555a8b4f46,3062c0b8bddaa957df9796103bd08487a99e4534b373fcce6c8f7a1514ff1996,ebc3969dc0389cb8,2281,2731,JPEG,RGB,True,,
train/AECD1.jpg,raspberry_pi_sbc,train,2192463,cbc296676d11bb905af5f5d17e3075ada414a9842b21ffcbdc0c8b2576262acd,04e2586b81f99795bde618cec49221d8c7c795294fc08a32c7283bed2c82dd25,eacb963cd8308d71,2377,2698,JPEG,RGB,True,,
train/AECD2.jpg,raspberry_pi_sbc,train,2373914,615c64b3a1082328d65479c0cf977ad87d5ee879ef7cc42bdc428a8849c29519,6e11c799d9fadb964d2b449744902cc9b1be2f1336161163a10c536c07bf447c,eacb963cd8308d71,2355,2698,JPEG,RGB,True,,
train/AECD3.jpg,raspberry_pi_sbc,train,2292041,61b8402666740c094882c384652395f042e2c0a7263378b0875683f2821ea865,ff2bb8aa5b060abf83ad33dc2d49bca3412891a30f8286b66a5508df6d6b2595,eacb961cd8309d71,2348,2700,JPEG,RGB,True,,
train/AECD4.jpg,raspberry_pi_sbc,train,2065602,70f60b1425698b04e03fdec290af28a0679c3053c391fc0ff5ff02834fbba850,daaf9e074e17ac319b8d879ef9ff684cab545e471f7fdda646e75d83a0d92304,eacb963cd8308d71,2359,2691,JPEG,RGB,True,,
train/AECE1.jpg,raspberry_pi_sbc,train,1623570,936652d5322760eb0fc49191b8d51e7f21854a348a2c81b618dbc59892cb694f,d90a976bd525f69456e732c8ef51bf4a6e929ad9c1665f57b22303cac9c4850c,eacb963cd8318d61,2246,2402,JPEG,RGB,True,,
train/AECE2.jpg,raspberry_pi_sbc,train,1625272,a0ba24c702bba5a57c287ad8c4f5055aa3fd075037c5540a631f88293dc47bfd,0c6643116915bc79b86c243eef602d0f93c24abe7e4a161b2ca398f35ba501a2,eacb963cd8318d61,2235,2396,JPEG,RGB,True,,
train/AECE3.jpg,raspberry_pi_sbc,train,1643378,7d443e1c332a0904c059541b4e3b2ecaaf4c6637fc084d83826305b35f7c9077,308ee60f67fd3fd465e8f118737895c406eb80426c8737881bf59f0befef0053,eacb963cd8309d61,2236,2401,JPEG,RGB,True,,
train/AECE4.jpg,raspberry_pi_sbc,train,1556535,f85868efff3bb778d0aa2b04f6ccc6fc665f67dbfff8c8cf465015fc254f2edd,636f920eb2797cd8e4c1bb17608974585d69718991b1e89e713b30d32a80e4b0,eacb963cd8318d61,2237,2402,JPEG,RGB,True,,
train/AEDA1.jpg,raspberry_pi_sbc,train,2018615,f29ff5f938895edc7f17cd6b8e83345d5c41429caae94c895c2ab873d36b0ddf,490896b900fc54fa5fc913fc3eb03ed4d2a8af02041cf66bf61e68f9c55aa094,b7e1931ec91accb0,2466,2526,JPEG,RGB,True,,
train/AEDA2.jpg,raspberry_pi_sbc,train,2060399,28600cddb301dcde35987997ca89113272e3c7b6b731704495950af9b4642eef,25546fbd4ae454e6daf90c3bef9745736445fc504250cfcc6db2485b4388bc51,b7e1931ec91accb0,2455,2523,JPEG,RGB,True,,
train/AEDA3.jpg,raspberry_pi_sbc,train,2012439,aaa28bddeb71cc7f19e03e721b399a140c8e615a5ef964c289b8ece4eff7dbe4,6feaee9a90378659d768578b5e9d297e55d873311e105cb64304c2a06834bb68,b7e1931ec91accb0,2450,2525,JPEG,RGB,True,,
train/AEDA4.jpg,raspberry_pi_sbc,train,1990769,6e12dbcd2b391ae5182e3b0ffd71c924fc65ade089b354313cc5e961c4e1730c,99e0622e17cd2953b6d54f30140be65661937f222ab4ce9e01b8c7bacdbb5f58,b5e1933ec91accb0,2430,2519,JPEG,RGB,True,,
train/AEDB1.jpg,raspberry_pi_sbc,train,2907072,24ee4827badfcd843d5e1a007bd7569a8037e9cc5e2728f48855dc003584819f,89a19c30878c715ebaaa30108e3bf0aae80e902ea1a4e89ed7c92099aa3519b8,b7c1963ec81accb1,2736,3019,JPEG,RGB,True,,
train/AEDB2.jpg,raspberry_pi_sbc,train,3042867,4d61700593bc2926519e3ff3c38debf132b0a85cbf209d4092d7211eef33d2ee,4e6406d3e56e767253a925978daad700916477dc9e56972a9d50f74a4e060928,b7c1963ec81accb1,2742,3020,JPEG,RGB,True,,
train/AEDB3.jpg,raspberry_pi_sbc,train,2984176,e22272b829fbff668cafac649b005a535c5b211ba21b69772b198e84deba308d,a5a92b42f12704b46735bbfab1d9bc495b27bdf6c245e88b937728c5acec8ebb,b7c1963ec81accb1,2732,3019,JPEG,RGB,True,,
train/AEDB4.jpg,raspberry_pi_sbc,train,2982493,dbfa089771e7e39837f0d92286fac5a1d3d9f19491997bbd3852db59b3f01c5f,2423dd4452b9ae0ec175ac66a260a3d3db820871d87a9ad82bcb02da47257fc9,b7c1963ec81accb1,2723,3019,JPEG,RGB,True,,
train/AEDC1.jpg,raspberry_pi_sbc,train,2159108,7d13757b9a19fc1f163bd8abe1bf344c28d121b0b78619a0a6f2bcfc0b66d2fa,39e6a3c27e6f3b066b054d6223724a940c548ca0c848f80c61a82678dea46f26,bdc3971dc21ac938,2154,2581,JPEG,RGB,True,,
train/AEDC2.jpg,raspberry_pi_sbc,train,2113668,375af4a6df4c14af70f1370737c59385ea7c2715372159e3f25ee762684b0dce,234e8198b9b4ee2bff1baeb3d334c22007c8db580d39b3f556561fc443c46dc3,bdc3971dc21ac938,2148,2583,JPEG,RGB,True,,
train/AEDC3.jpg,raspberry_pi_sbc,train,2184184,302beb5b34cbb89fa5bce115c19542ab2783f1119e0e8eea7cefbc37b3d50f76,39439fd52b9d05dea8461f06a3313024fc3e29bcb032804f10ea6b94fa783c3c,bdc3971dc21ac938,2144,2580,JPEG,RGB,True,,
train/AEDC4.jpg,raspberry_pi_sbc,train,2215070,a88d6ba4182fe344be1bcad9e38d3e7384c493f8b3905faab5bbc93a232bb02c,f0833719081a6f7f30eee250fd5d8b12a3f0397365e64f99c2b0a9f45a5210dc,bdc3971dc21ac938,2149,2580,JPEG,RGB,True,,
train/AEDD1.jpg,raspberry_pi_sbc,train,1762558,725090368657ad160e583daf6a4d058c2264cf74849aa8adfeac8f4b30922bed,2d44cd2c97afc7aff6f73aaa80205db71d24011c0198e289cf8f82a6a3a8bc63,e9c3963dc83ac968,2048,2588,JPEG,RGB,True,,
train/AEDD2.jpg,raspberry_pi_sbc,train,1776916,462e8088780d1d30b654347c65306a7ca1cf2a115bd338d49b54de7948ec7427,c1869b1c4410d3c0c6b0cd316e36a280d042e79b9f4c076137b66b1a407ac7d5,e9c3961dca3ac968,2034,2585,JPEG,RGB,True,,
train/AEDD3.jpg,raspberry_pi_sbc,train,1745508,71452ed5795e5d88e2877b6b99ed734f8b1487d601de648a0ad8f70653388fff,1dc7d4dd88cd4f08ab08312caf6e320be2e66089655b8b65bbabcbbf6fdfda1f,e9c3971dca3ac868,2019,2582,JPEG,RGB,True,,
train/AEDD4.jpg,raspberry_pi_sbc,train,1770909,6298c68464c0ee9bf78879f3f83d2463345ae4f9b4b5f5bffda6872b9cb4659d,fe787dd3763e99d625c7b6b18f4c4453ce4b276d894244fccaabf0777581a194,e9c3963dc83ac968,2042,2585,JPEG,RGB,True,,
train/AEDE1.jpg,raspberry_pi_sbc,train,1207775,20573cd96f6c431e843883b89c54ff2bac3f4f8fb0ace7deb97849585f4d76f4,3bb6389de9a3816c505805027631ac857f555fcda5a54d2e75370de7d4a31bb5,e9c3963dc8789961,1887,2293,JPEG,RGB,True,,
train/AEDE2.jpg,raspberry_pi_sbc,train,1195432,ece9879df6164fe0809b24911f948ceb77a28d6b27a37dce958e34bf1822a8cb,fa77b2ca7cb8a9e274457398b26f30a3250d5f566150b9df77333984123e6859,e9c3963dc8789961,1890,2286,JPEG,RGB,True,,
train/AEDE3.jpg,raspberry_pi_sbc,train,1167789,fe2b3d79de54a09b34d4276a8f4ab73073332b56f7710bc1f4a8571bb5894ac0,f3522d353594158edb8266c2f4e57b952a4dcce9642c7c90e90d095634936621,e9c3963dc8789961,1885,2284,JPEG,RGB,True,,
train/AEDE4.jpg,raspberry_pi_sbc,train,1168305,71c730d6eb898c801b63c57e1f7d75fafffe6da0643fee1ebff35f7db39b38e3,0c3f1d5d3ba301289b55d7a7e0aa9856b330566152c0d83f7bfb3cab87638af8,e9c3963dc8789961,1903,2288,JPEG,RGB,True,,
train/AEEA1.jpg,raspberry_pi_sbc,train,1561826,e8341b6d3873260a394ce03e6f5b0cab232a3c3bc871cbbf294915db10f246b4,06d9c552e89eeabbc9f8ba232e84c81ab731014af80bc36b7902323c2caf7798,a7e0923ec81b9eb1,2325,2199,JPEG,RGB,True,,
train/AEEA2.jpg,raspberry_pi_sbc,train,1610614,8092e8aae26e762bbedd49a75f01d86fc6918fe93b758f3d793c65af988c5145,7f3b13235c4d38a0fd5819ad39b0417f360922f6a03226c4c91a98e3a768f04e,a7e09236c91b9eb1,2327,2199,JPEG,RGB,True,,
train/AEEA3.jpg,raspberry_pi_sbc,train,1581480,d6378802360257fcc0f6383c094c5ed399715a38b1ded19bee2f9696099ad8d2,4c9c87d6da56ccb315379f9c91e380558969f03213ee9294361d4300eb891c03,a7e09236c91b9eb1,2326,2203,JPEG,RGB,True,,
train/AEEA4.jpg,raspberry_pi_sbc,train,1547813,c808ea653f60b14091b250f3402fe2ec535c6f58c3cc2ee0c175249bc628e561,59cc956bd755ae946ddc73b512996a04bbd3df79bd0c57c68772a6c8db1ea8c1,a7e19236c81b9eb1,2312,2211,JPEG,RGB,True,,
train/AEEB1.jpg,raspberry_pi_sbc,train,2321231,1f429296c51085c00c099fef0683c12fe90b19b5ca3966192b8ab8b6cbac0443,f95de21cb554e3f2287ded5cccead91b0ef6d28d9bb05a704fe4ac71f8972339,b5c1963ec81adab1,2420,2692,JPEG,RGB,True,,
train/AEEB2.jpg,raspberry_pi_sbc,train,2297618,0a7fb6726431cf19db548228c40ff5c6ed32b3589474e1e928657317aeeac377,3b66c2d923137c0e993e9a118f2f72b46bcb7498384a9ec8ccae1c2868806d44,b5c1963ec81adab1,2424,2688,JPEG,RGB,True,,
train/AEEB3.jpg,raspberry_pi_sbc,train,2154818,5ba6c01cec75316dd85f4bdbaca884df9e522985b7b5851818ee8d9362d39984,e830bfc91a885723d00213dcbf7128d158d1bee9630725580ab7e85b6742bf4d,b5c1963ec81adab1,2419,2688,JPEG,RGB,True,,
train/AEEB4.jpg,raspberry_pi_sbc,train,2258812,a6601540e89c084652138cacfebb03beb3da78e84d4b6666031f193084bb6a87,38c2d8e6594bb464a469050a269712b6f1301f51e5e1831db08f533f71c379a4,b5c1963ec81adab1,2427,2688,JPEG,RGB,True,,
train/AEEC1.jpg,raspberry_pi_sbc,train,1779691,7a17b98d660c2d09749e9ad0b56b7c22921b12baec0dd24c26166980d698bda9,cfd990faee6838e33f164bc6bab7407f5528618dca2416c85701214667c20e52,e4c3963cc93a99b1,2103,2451,JPEG,RGB,True,,
train/AEEC2.jpg,raspberry_pi_sbc,train,1782891,a69d3e686913fdf9c2f91561c17039e570c2ff97e5ec887fbeeb5af750c6d4d2,bbd8bec34ee03e23e3d3430972652c8db5989351ad497f94ba8e7573af2f753a,e4c3963cc93a99b1,2092,2453,JPEG,RGB,True,,
train/AEEC3.jpg,raspberry_pi_sbc,train,1776126,75a5f86ca0e4b5e71b5819bfaf2559f0106c3082cff5d89adc161795ab6f6527,6c0434594ec83a75adcb0ae91caad26d017986a754da893cbc2efe02f32a2084,ecc3963cc83a99b1,2085,2454,JPEG,RGB,True,,
train/AEEC4.jpg,raspberry_pi_sbc,train,1726761,d8853f0c742c0011d9802d71586d85fb790fe1804c65b4b90fb5b4fc4189beac,6cf3ada7e04eceb30e512fcc3c2c415525e9740939ae10c13466412f774eda92,ecc3963cc83a99b1,2075,2452,JPEG,RGB,True,,
train/AEED1.jpg,raspberry_pi_sbc,train,1530417,5bc84d0aa2e994db5bdd6817c99e9412fa6343e43a98bea00ac523fe2d347293,0274ab42f6d0f8f69d3a22a6152c63706c3fb1a10e0b1c05ec789f49a9ec4fac,e9c3963dc838d961,1906,2491,JPEG,RGB,True,,
train/AEED2.jpg,raspberry_pi_sbc,train,1506376,0ce4d2a1b76ab0cfb878f5d65b16750ad859c47698f89435e6925d7669f99266,29d4408dd8914a88f040add30d8c69b2a09abc2242fdee02abaed95a0f7df242,e9c3963dc838d968,1890,2493,JPEG,RGB,True,,
train/AEED3.jpg,raspberry_pi_sbc,train,1498105,fa7e1211055932c9bed21e2a0ee4d7449234abfdb7e5bf2b3f3ffe66d9030954,aec82c3977b920a2e93d3f5e47e159bed104d72df87a2dfd39c01c8834d1c882,e9c3963dc838d968,1878,2491,JPEG,RGB,True,,
train/AEED4.jpg,raspberry_pi_sbc,train,1531493,0b7111ae1414631df614b4d00141f59499a7ec5e44ad308b9fedd8787d731806,980b877336abc89e00e1058e7c509be4e714e8849e647f1f6f36de4cccf5f45f,e9c3963dc838d968,1884,2492,JPEG,RGB,True,,
train/AEEE1.jpg,raspberry_pi_sbc,train,1117951,3b8434ce931c9c033fa3007e0086ec35e2cf4358d502a5332dd55829cb5a3035,9370cbf3f12f542d985fd0b37bb29117a546236252a742c8700a8cec07b61bf2,e9c3963cd87099e1,1732,2187,JPEG,RGB,True,,
train/AEEE2.jpg,raspberry_pi_sbc,train,1091068,ac52f0baa830244f3b263ba0f70ccbbb37bd9a393cbd5b1d0de6b43a987cdea9,6445862ddb5926bc9adbb74682502843338a46e79a379bcaa8e4b5ac9445c441,e9c3963cd8709965,1730,2194,JPEG,RGB,True,,
train/AEEE3.jpg,raspberry_pi_sbc,train,1137776,bd354d2eae4149c1de06f4cf40ca182537e836366cedb19955bbb02c3536243e,e15f3d44aa90412bd817de1a353947778a268d69fe8fed45928280c5fa9c80cb,e9c3963cd87099e1,1739,2195,JPEG,RGB,True,,
train/AEEE4.jpg,raspberry_pi_sbc,train,1123207,2f1b042b8705550ca33d093e598509c3f7414ba89decd7251d4502b2fa324dab,7c68d7a76dcd01415cad374d2c74cd39fdc534459cb1bf196be1f52b981e4854,e9c3963cd87099e1,1738,2197,JPEG,RGB,True,,
train/HAAA1.jpg,raspberry_pi_sbc,train,1139084,8cdecfc643331945c62d7c873b6f8585687e1fc8f21f487c9001d3da91219be1,9becb6557d6b185c66dbb51227c9b532a0138de9a8ee37b0dbebd029b323cbf7,e59c9663906b9d8c,2036,1722,JPEG,RGB,True,,
train/HAAA2.jpg,raspberry_pi_sbc,train,1118681,82f984391272bc7ad3bc0a341dacc888b45c4b759fd03ad3a86d8792f9996750,bcd4b77ec55922542148bdf7ddd3c4a8f76d34227a124c4a2dec4cf7061071c6,e19c9663906b9d8e,2027,1722,JPEG,RGB,True,,
train/HAAA3.jpg,raspberry_pi_sbc,train,1101420,962cb2e1e70bd45b3fc3dd783acfa66a9a386d7fc000818de9bc3242654c441c,add1d205395434e78b8a0a4de1b364454dd420f050f805770b1bcca212fd36e9,e19c9663906b9d8e,2019,1722,JPEG,RGB,True,,
train/HAAA4.jpg,raspberry_pi_sbc,train,1107734,5edd9d3d0110d3a47e2ec27a2825c7fab02f25e17916a912fc85da756ef1d292,e2ae7d8938c9de54016d1148b3c05833e850941e07b5a75b9f4c81a27e120592,e19c9663906b9d8e,2020,1725,JPEG,RGB,True,,
train/HAAB1.jpg,raspberry_pi_sbc,train,1372944,def3fb1387f270ed4db610a3df8394484b5ab8b2d2349c80d2e53cc17baeb175,851319f86523899df2820de96596da7ec9ff50f0e7c5ef10a565b7d3ce51cddf,e49c8663916b9f8c,2101,2034,JPEG,RGB,True,,
train/HAAB2.jpg,raspberry_pi_sbc,train,1401463,91781a2a9902497380d64828452a0402fabbc08ee7d27725bbd0c91c9d07ddf3,6a10e87ca29ee8bef81b5d0d224bb56af93709c2cb5f71fbf162be7e293994d2,e49c8663916b9f8c,2108,2037,JPEG,RGB,True,,
train/HAAB3.jpg,raspberry_pi_sbc,train,1377586,2832ac6959772929c310e49208d27f7829c5b67637932b4a99ea0f6a3f0f02a0,29b083eca076eb8c94258da3a223faf9e566e206cc001f9507721bdc633cd72a,e49c8663916b9f8c,2110,2031,JPEG,RGB,True,,
train/HAAB4.jpg,raspberry_pi_sbc,train,1347257,afa61fdcd5eeb4fc84460ef90b86af9bb80289cd17a86444befcfb7bc157e900,76fc9231c953b211ebf3351b6808dd9d8bd2aceccadd284cf785eb310502b849,e49c8663916b9f8c,2118,2034,JPEG,RGB,True,,
train/HAAC1.jpg,raspberry_pi_sbc,train,2044704,3e0628018a8a310085a74283971042378960361990e688783d11dffbf9442807,359b7bf6e5e2a4c9953751d7cec6ed6afc79ea044e2bf2d6f7efb5ef2f27b012,e09c874b96335b36,2188,2537,JPEG,RGB,True,,
train/HAAC2.jpg,raspberry_pi_sbc,train,2074497,a8247e7cc224c82b5d7a30964c3f57a919826da77b880a68ecf5ff5f32dbeb11,b3e5a997c9dbd0ca8c8df5151ab42b4a1669c5b02a8d0aa5758b679fd521b1f2,e89c874396734b36,2178,2540,JPEG,RGB,True,,
train/HAAC3.jpg,raspberry_pi_sbc,train,2053360,bb11ad1b3aa5eee78b7e1a1106ddaa69c68f26cda8e2a1180f65813a404ff8bb,96d437c80d0cfd818c021da6dff3566a9a3df6c6b02a0e7afe6ba17508bfe4b5,e89c874396734b36,2181,2540,JPEG,RGB,True,,
train/HAAC4.jpg,raspberry_pi_sbc,train,2112341,62d4536ba3aa95bec9e0785e4871af915cba2eb5a4f7c5f92ea3343804aa251b,2ac0b80f345dc3cb92c507d39d13dc8e513e270e7709d5fdedd5b9bc93824862,e89c874396734b36,2182,2542,JPEG,RGB,True,,
train/HAAD1.jpg,raspberry_pi_sbc,train,2513290,69468d404f6ed05fc815d87de9763f82c695f60e0c08d1575687e70295ba42cd,0ed67e3b791c6f10e8e4a7440b4339c3ab39823d84949118a0c7e51f6ba122a1,e08cc77b9961cc96,2404,2834,JPEG,RGB,True,,
train/HAAD2.jpg,raspberry_pi_sbc,train,2068733,85f8bc3e1998412e56372e79e2b1e8f5ad0a2cec35c4f3b22c2c2d708f89a8f1,5ffad488393e1f0cdbc08a3b5d07e1b499b48e0e1ae2af64cefe041d8abc8256,e68cc7739a3169a4,2244,2546,JPEG,RGB,True,,
train/HAAD3.jpg,raspberry_pi_sbc,train,2307900,6afe9ce026c05daadb4acf072a464883c32e27d44fab2fba2e4823d5a26bd729,ede1842c5a5bcd7791e3d16fa13b051646a1061a7e7542b11c5a6182eb84f0ad,e08cc77b9861cd96,2403,2691,JPEG,RGB,True,,
train/HAAD4.jpg,raspberry_pi_sbc,train,2302991,88f4add7845c9d6be8746929775df673ea113959141e21777e2fc6c5e561cd57,209cb932f54f2a1642555c109ca75ff95cc90297068564e7fff814bbab130b90,e28cc77b9861cd86,2419,2718,JPEG,RGB,True,,
train/HAAE1.jpg,raspberry_pi_sbc,train,1568196,d8a229e113ff70dcce53f6e139129c84d030016b587f069f4e05d9bcb7f1f032,85b59f7f265e85ba6ee44b6350f9597a2b8ab58f0798bae2a9c05382f9b23745,e01c876b9a375966,1951,2203,JPEG,RGB,True,,
train/HAAE2.jpg,raspberry_pi_sbc,train,1594979,4871c71cd39278cad5fd375f61ae435f7f304de2fe14ef59bfd08b9490a5533f,54b8cdb3366ad013ea71077414fe6a0801ece9c82ceb33f43424bf6f6a9cffd2,e01c876b9a375966,1950,2214,JPEG,RGB,True,,
train/HAAE3.jpg,raspberry_pi_sbc,train,1576504,fc721a1f358a911678f46631b7223c5048b44f68342f00808760fe461f32ed05,bded2de540b1d40a83f3eb90f46ea58addbe9162d58cd1cfa0e55934c4d9c8a3,e01c87cb9a375966,1951,2209,JPEG,RGB,True,,
train/HAAE4.jpg,raspberry_pi_sbc,train,1515213,ad8a73b21c9ea650bb23c6908b6a2a4532f27efe5ed0ccef5ff76be767f60f40,8b78203f375c89bc7fac6d1b90dc2dc6c7323f2dfbde1b47c9947c8a37c429e2,e01c876b9a375966,1952,2210,JPEG,RGB,True,,
train/HABA1.jpg,raspberry_pi_sbc,train,1305258,6d3ca49f026df3baaff587666c5f51049bf44c812650cb6660627e49d6fd8bab,c0e044bd1d40189773bed0954cd209ffeb9a3ada293029879979cf5f96e762a0,e99c976294638d9c,2195,1922,JPEG,RGB,True,,
train/HABA2.jpg,raspberry_pi_sbc,train,1283094,7207de9e11cd5a454fce09039780066b3a2336536c7273ca18aaf865f072c2a9,07e6423df27c16ac385b59076b5f129a1ea05c03ce2bbf966f008ed7f7626cdc,e99c976294638d9c,2193,1925,JPEG,RGB,True,,
train/HABA3.jpg,raspberry_pi_sbc,train,1303366,06e1e02caa40bb26ed9e9738033830f1af1f5805ecb9fc7eafeef34d7fde11bb,ddbac314942bda73fb2d0848c61fcb1e27ea17cf35cb6f202a809ff9606a22a6,e99c976294638d9c,2191,1920,JPEG,RGB,True,,
train/HABA4.jpg,raspberry_pi_sbc,train,1311407,63a1aa3f39640dba8b0eb72070fcac43a84d186d81dd5f64e6f112de32415c04,e7a8267d42468c2f5d8fc957d5a8d74e4464e3e1b87c52b1ca0979877ce1f98a,e99c976294638d9c,2191,1923,JPEG,RGB,True,,
train/HABB1.jpg,raspberry_pi_sbc,train,1550414,6cc3eec8efcc7c8e679e4bcb31da0c7d06d82e9805f1eb09ad661f3481268ca1,7352ae3c2f75ac689fa512cda106d0236a2ce451617222cfeecfd67fed94a65f,e99cc76296639296,2143,2130,JPEG,RGB,True,,
train/HABB2.jpg,raspberry_pi_sbc,train,1554686,0aaca8cdd9d433981dcc3d9e826a62b9a6b1f6fc24e6e04d83d3ff4aff60163a,46c3c960015f7e2319f3951caa7ece02c51341fa83aa3daa9f6c17b0ec21191e,e99cc76296639296,2136,2122,JPEG,RGB,True,,
train/HABB3.jpg,raspberry_pi_sbc,train,1562702,3b864670fe3b53d600de2b81b535e4611a3bfba8e82f1f77ceae97e91833b6cb,2f220747df6029feba6cca3c7ed6701cfd74c49fa7591170de2ac18122d8a019,e99cc76296639296,2138,2124,JPEG,RGB,True,,
train/HABB4.jpg,raspberry_pi_sbc,train,1591868,1fa987a78c0ca5026fb1d1d769e8d941f17abc136633f67fef2a176aaa683ac8,d93d1c525577b223d3e66947994a166845978f6c2d07acb605fc3042d2214133,e99cc76296639296,2148,2133,JPEG,RGB,True,,
train/HABC1.jpg,raspberry_pi_sbc,train,2338380,61a3935b793d95755a3203726bb6411411af4bceac0cc160249054a22af433ec,827fbe182f194cd9ed4d793cd6f09e026639a7a8a6edd627dadef64e42cba2b7,e01c876b9c63cba6,2437,2578,JPEG,RGB,True,,
train/HABC2.jpg,raspberry_pi_sbc,train,2290680,5bb4e66b9a2d47a0e83f9d8c143e2d8b5f90b57a3ae2c3b5eb8f74ad995591b9,dc411604aeb723bddb0c7dbea1b12b7fa4b9262213292945b7cc18c9f1a2f6bf,e09c876b9c63c9a6,2424,2576,JPEG,RGB,True,,
train/HABC3.jpg,raspberry_pi_sbc,train,2318155,65b185d437d9cc3248ee28ab17665a19edc3cdca8bf001ac02b7c6c37e15add8,d01bdb536336790bd4920f3e2cf9f0b12e09a9297b2a453f09fbdde5244b74f6,e09c876b9c63c9a6,2427,2575,JPEG,RGB,True,,
train/HABC4.jpg,raspberry_pi_sbc,train,2308855,ad261704d6266281c5b8f8c1db585b05fd83d90dad36d54a2a76bc795b342c7a,d34b368b16d8231de8ed9adead6358a05c0ddcdea4d8d79bafec0750c3077920,e09c876b9e63c986,2421,2579,JPEG,RGB,True,,
train/HABD1.jpg,raspberry_pi_sbc,train,2838219,9e088472408c41c01519bab2577658ffd70de5930aae242ad5414fbbac360350,1fbf357b26044b17c4e0388780cd8976eeade77e6658df3927f9206df67d50e2,e83497ca8c699d36,2536,2843,JPEG,RGB,True,,
train/HABD2.jpg,raspberry_pi_sbc,train,2803619,3d3a8f58647ad63e2c4522b6dc85e3d9884c44fd0664146c2eb4c6fc6b913c00,7084f53f5b5a42b5f0efa60647335ecf1fbdf8c825bda7afe39cbfb6d98481e4,e8b497ca8c699d26,2534,2845,JPEG,RGB,True,,
train/HABD3.jpg,raspberry_pi_sbc,train,2727575,65fbae8c110e80795fc485f3e0349cd71d5b973f6e17a2668c6fac339dac6c3d,815f35687c4d29c8e46bbc8d64728dab4b1bb1a99a52cb3da0b36e7e63e8e77c,e83497ca8c699d36,2530,2844,JPEG,RGB,True,,
train/HABD4.jpg,raspberry_pi_sbc,train,2847387,61ff1ca35a4edbe56fd2125fc1afb4fdc25acbd185eb56290d34f7e1ef08aeb1,531e53b51a88a5ea498122c68608c72929b319b3e61b7c0aa86104afbc2754e4,e8b497ca8c699d26,2528,2843,JPEG,RGB,True,,
train/HABE1.jpg,raspberry_pi_sbc,train,1733673,29660795e721d6604410826c48a3a29711ef8688aafe16f0db9db565faaa5425,b14c8acd5f0dcb054ac9e9e7b2b4a6855d53601b3ee9e261016d98274017d620,b82693c8ca99cd37,2218,2441,JPEG,RGB,True,,
train/HABE2.jpg,raspberry_pi_sbc,train,1679572,5f6b84648abff2be60db1e5d3639236b4297ef28593d808715474cb655e64e90,f2fff2b86cd1d080b4630f5cadcef4b2385f161144e803476cf70a17258262b7,b82693c8ca99cd37,2211,2447,JPEG,RGB,True,,
train/HABE3.jpg,raspberry_pi_sbc,train,1747650,ff2db5b9cf859ca5a01e2f60b24d4bbe7fa26cc19284056cac0614fc38cfdc81,0dda08c4da54bbb8f73093438b788cfe696773a790d52f439fc87e56eb0f54ae,b82693c8ca99cd37,2201,2443,JPEG,RGB,True,,
train/HABE4.jpg,raspberry_pi_sbc,train,1765847,dd408c32b23af5acc3e942e7056504ad9801e92e57ab16171e286316edd326b3,594e154a9b15b8505d1a00bc04b5a6e59e8b1d90847b99fdc8612b9856bef1a3,b82693c8ca99cd37,2209,2450,JPEG,RGB,True,,
train/HACA1.jpg,raspberry_pi_sbc,train,1325100,af52ca796fcc56549dc62bfe8a7bbc787a829172f6b87bad43369b743a02c655,4c282a0fba2324b178475d3f1b475fe17a8996e7a7c6773182987d5e868a2e7c,e9a697689e918a17,1986,1960,JPEG,RGB,True,,
train/HACA2.jpg,raspberry_pi_sbc,train,1289644,b9872e249e8317e7cd899e96c645612757c151d2a879bece3a5ecd31db5c76c4,24dbcf1743f15172f681ddfdd9b01237b590792e7f336e8624959769c3a736c9,e9a69768de918a16,1978,1956,JPEG,RGB,True,,
train/HACA3.jpg,raspberry_pi_sbc,train,1284260,1283f4837f61ec5869f788096606c1efd6ccab048f4e0c18e5aa86906fa5aed6,0f25688d60f4c8126b8dc4f052a9f31346cdd4cf3fbe452fb153a40cc317a481,e9a697689e918a17,1972,1950,JPEG,RGB,True,,
train/HACA4.jpg,raspberry_pi_sbc,train,1306204,a02d052073e614e61ffc8776cd6cfb9615d32a90bb7f947f899de919ca6e9658,2e6156ac6b6e3d50e26ade276c8a79f2485b357a42ca7e87d0137d0a4db40ba8,e9a69768de918a16,1978,1953,JPEG,RGB,True,,
train/HACB1.jpg,raspberry_pi_sbc,train,1868600,b0065ef3edfe12233f1cedcaf9415b44774586b59a0c1d30a9ec490d94b528c9,6582f1cd3d048239c74d6c878b00f499713a82ab6bbf4dae934b3a33cf879bf8,e91c9768de698a16,2142,2311,JPEG,RGB,True,,
train/HACB2.jpg,raspberry_pi_sbc,train,1814817,cae5f729faf58ccee1863e0208b6c3499e461e79230b1e7c5aef2a8e422d9682,02fd3bc2062eb88ff64de0f20ebee5f6a88dc5d5ca489a59dbef03e62fe9104a,e90c9768de699a16,2113,2302,JPEG,RGB,True,,
train/HACB3.jpg,raspberry_pi_sbc,train,1790753,9240a366b02e292750dd56d37d5e12a8f55dfe70df314dd9334c24bde8e9daf2,2f493401827dc258017739801234bf192566e793e9fc4c2d32b1cf9f6ac3b233,e88e9768d6699a16,2098,2294,JPEG,RGB,True,,
train/HACB4.jpg,raspberry_pi_sbc,train,1820172,2afbe493dfcd25ecbd44156dedfdf879177abf5e448f1f7eaac74d3dd98c8d0a,e1086e0a958b9c322ee1f700acea4fd136b7ff4dc667d4a5a51adbb120dd1257,e9868768de699a16,2108,2300,JPEG,RGB,True,,
train/HACC1.jpg,raspberry_pi_sbc,train,2089060,cc1ae9f340e82dbf41f16dd04eb60c9764ab84bb27ef3256546960999a6c5849,929a9a8819f777e062d8503a73baa3ca0238f0e65cd519d470505d7664654541,b896c3e8ce698d26,2155,2477,JPEG,RGB,True,,
train/HACC2.jpg,raspberry_pi_sbc,train,2098920,806127ca0fb0f31492590138c648d11df89bd0f275099068a4b26c4b1562ae6f,9a85f5ac763f6260c83c031ed8c2babb0d00eda7d354e83f30b799f29c53b405,b896c368ce698d36,2142,2474,JPEG,RGB,True,,
train/HACC3.jpg,raspberry_pi_sbc,train,2095856,9b264df8734be21c02bad38200729b9a049b2717a6c139121f765b5968ded1aa,ff93503100faee27278661ec141d9a5bfb34043374f4e12eeeeaed5ff9e38f57,b896c368ce698d36,2148,2477,JPEG,RGB,True,,
train/HACC4.jpg,raspberry_pi_sbc,train,1962084,4264e27d40d22fde2e36f7c246612f139a6c8c47fc228fc93f367400d4a113d3,0094935172a160f67dfe10740d07c06da48890dedd9a49b41aae77e3883c8b2f,b896c3e8ce698d26,2139,2471,JPEG,RGB,True,,
train/HACD1.jpg,raspberry_pi_sbc,train,2107875,957a688089e42282c4113ac661a6b303af153c8bf17dd4d0a25ce0c0008891e1,d2ec7f7fb07a49c6ee54001823b2af4c4673126302b78b4f37933174fbc0bbe6,b89ec3e8cc698c36,2229,2472,JPEG,RGB,True,,
train/HACD2.jpg,raspberry_pi_sbc,train,2109419,fd1dc237c4c297cd80df7b28576b621b1372bd8350a6442fc7691f900f0c9b3f,7898f420274fd51ea2cc36434b686b95031432f1731f32983d3d1eeedac8b0c3,b896c3e8cc698d36,2208,2467,JPEG,RGB,True,,
train/HACD3.jpg,raspberry_pi_sbc,train,1985431,29c723b06ff8bfb9b5c0caba77f8349d15549b898da24f9452dd4dc818231ee3,b8ad223a9a51926c564e2605663cd02cd564e14a2a2d7ee021f64a2a2804245c,b896c3e8cc698d36,2202,2466,JPEG,RGB,True,,
train/HACD4.jpg,raspberry_pi_sbc,train,1988465,033d5f76df4a0aac6cfa023e4b2b5e844b7b563cddf71154e044a2910d7f1760,5aa6a83e981dc7c1731b8d89702b9a89da5302f75d2e6aba39033d309d1b679f,b896c3e8cc698d36,2197,2466,JPEG,RGB,True,,
train/HACE1.jpg,raspberry_pi_sbc,train,1623342,0c3355f8dbc09df38e2accfad9e4592233d331531ffcf44fee5cb508c7b721db,c3ed63ae1af966411c64be1b4fc3a148b28b41088def00246e3887a53d5e5771,b8169368ccc9cd37,2027,2186,JPEG,RGB,True,,
train/HACE2.jpg,raspberry_pi_sbc,train,1563367,50f013fd54eb0ba0ab9750e5de24837f746552e9b05ee2ef0c47acab8b76011a,e5c69fab7787e09b0e519fd1e25f683de6e14bd83bca12fdf88afef1f6814c79,bc169368c6c9cd36,2011,2179,JPEG,RGB,True,,
train/HACE3.jpg,raspberry_pi_sbc,train,1547689,0ebf0efa456ae08d8e9a1044f19214c08cd5f3600ff869584be720324e9b6736,9b6091493e5a84887d48719ef7eda0ed19d4472279689ec566018b8c941a4a51,bc169368c6c9cd36,2006,2176,JPEG,RGB,True,,
train/HACE4.jpg,raspberry_pi_sbc,train,1487271,a4e8487432ee01c32857ea684af7ce396054689d8dae7a5244659890a438e3d5,8db2d898bd846874181c806a98cef4c13690cc1f83dd91c4c5f2090b6744e374,bc169368c6c9cd36,2002,2171,JPEG,RGB,True,,
train/HADA1.jpg,raspberry_pi_sbc,train,1614411,6202d4ec9525d14559b14538a17fd32d938a94377111a82f26b009308e401a64,8796b37efe58b628e20f9445996295bb0dfc70eaec9d3b826ac004aa5b83058e,e9ac97e0ce15093e,2248,2330,JPEG,RGB,True,,
train/HADA2.jpg,raspberry_pi_sbc,train,1573743,eeb84554f7f62fae56b0291aa256cbb4e07a557e44d6f6dabee3fd0a7ad546d6,42621776c99e6e39dfbf7e98582e3f48345a0cb76c8a8bb8b29512f737c7a2ac,e9ac97e0ce110d3e,2227,2320,JPEG,RGB,True,,
train/HADA3.jpg,raspberry_pi_sbc,train,1587471,0b3e93db96fd3ae380a048741b99bf0e9c4a4a1506923ea74224bfc73d9f9df9,2598b5b6952800876d5648fac8399ebca3d248413b7beb9807b85dfd9c943352,e9ac97e0ce110d3e,2229,2316,JPEG,RGB,True,,
train/HADA4.jpg,raspberry_pi_sbc,train,1536246,209f7cf11ae1343ac704716fb91767fe6521244cf3a5658e25ba5103e0a4622c,61e012718fa29391a7cc248b767319c74f70be8733cbd76cb62bb8dd1929a090,e9ac97e0ce110d3e,2209,2311,JPEG,RGB,True,,
train/HADB1.jpg,raspberry_pi_sbc,train,2567694,561e25ff1e134a29d53782fdd14736d48da34d5bce0297b86c78830db048191f,abab3ead763bdb0db7d89404db6128ed678c30b4e986ce5a3f8e8379de96bdbe,b99e9360cc654d36,2408,2723,JPEG,RGB,True,,
train/HADB2.jpg,raspberry_pi_sbc,train,2422069,4b8816fbe4e23f32dc72103d7b0acdced3028f7fcdd547831b3d3c197d56f772,9f7aad26fd28a4fa0eee2506c0463f7d5785266ad628b01ef6ba8a7625d4bba7,b99e9360cc654d36,2403,2722,JPEG,RGB,True,,
train/HADB3.jpg,raspberry_pi_sbc,train,2410559,1fd1d8d09dd8f24246fab70bf81e36c6221b227674563e4783f1ef0a86c311a9,c0f9561616e0313992b818481905b099ed70fb801f1f4ed1851906f240111763,b99e9360cc654d36,2396,2717,JPEG,RGB,True,,
train/HADB4.jpg,raspberry_pi_sbc,train,2457808,bd906f778f48ec10263626893fed1f3a0f8f256257528de5c3b6f0130e9692d3,0f217a4c65ab93c5476f7ba655550766dedd7bb6b944abdc97b6c9c1c8ff4cc2,b99e9360cc654d36,2386,2711,JPEG,RGB,True,,
train/HADC1.jpg,raspberry_pi_sbc,train,1478950,a21866b8416dcdd685971b0f88d924ad30ac266ebef4337cec8e007e75c19b6f,48a808d48b0677c65048a098fb54692ba498bb48859ae80c5a1103bd6ff4461f,b99ec360b4616e27,2027,2314,JPEG,RGB,True,,
train/HADC2.jpg,raspberry_pi_sbc,train,1510853,73fc277c3a22ec306739e5a863f706dc816eb7584691f1d6e86a2713a2203875,91d411f8d7581198d524ba7f628cadaabc80530e1a0a3ebbb2affa8b65721f62,b99e9360b4616e27,2022,2314,JPEG,RGB,True,,
train/HADC3.jpg,raspberry_pi_sbc,train,1474161,ab94697c051987b362fb4c715d6b99f06d300ce2d9fcb49cd4c34c428bc30dac,09a88f6a07a7be07eaea216c64dcd48e1c42ef2015d3d726ed6e963421e5e7d8,b99e9360b4616e27,2023,2310,JPEG,RGB,True,,
train/HADC4.jpg,raspberry_pi_sbc,train,1465976,b587521d60e2e6072a6afa6d7a1b34b888cc9751c94cfb99cbb9ab5581803784,7a311f1e7e42b4c29bd7e03147d9db8beeaf04640b88c81fb1afadac140dc8cd,b99ec360b4616e27,2024,2314,JPEG,RGB,True,,
train/HADD1.jpg,raspberry_pi_sbc,train,1841084,d2c643f7ada29c46e15333129e547375e9dbb1709f02eab0787c2c43e62041df,875f68fa330d9190b7532b34e00cd165b0e9069c70f6ed185064f2099de09469,b99ec3e894692e26,2094,2302,JPEG,RGB,True,,
train/HADD2.jpg,raspberry_pi_sbc,train,1757342,919fa49e412de6fccb8bf7621bcd760a974b7c30b2e1d4ad35a23e498ef0de92,682de15b1465aac54a3ff181f8358e65dea24a47ccab8608e47b3abfae8daffa,b99ec3c89c692e26,2103,2301,JPEG,RGB,True,,
train/HADD3.jpg,raspberry_pi_sbc,train,1860609,71c55ac5a3c504b0804f7d9acbbc79ea1689cb17f71933841004cd1b31bde478,2978278541c9cb5e17baf26e5b6809eeff593c97310d4cc051c40dbd08a1c7bf,b99ec3c89c692e26,2103,2303,JPEG,RGB,True,,
train/HADD4.jpg,raspberry_pi_sbc,train,1884657,187b53b67cd68a6d405fa865dbaa8db631cce1704a295c52ffaefc03b7a8045d,35b1cf8cfdaceabc40780e48a21e895721769bfdd364f19297be1d3f87ca393e,b99ec3689c692e26,2127,2311,JPEG,RGB,True,,
train/HADE1.jpg,raspberry_pi_sbc,train,1359471,9dda825214b513e2f898b650976762815e429a8039c898e2a27c3e9489623ff8,1bb18a8c432ec2743a267dfca6d6efce8af092fe06ca4876cde476b10957158e,b91ec3698469ce36,2006,2008,JPEG,RGB,True,,
train/HADE2.jpg,raspberry_pi_sbc,train,1355992,d05e742eb50ce5034e6c624d0ef5dd5e4a07afc1d2c554702d9610f73568fb7b,738685293a632b83f5dc07c5600b41777d71292729ea1ffe45504225606e8ef2,b91ec3698469ce36,1996,2000,JPEG,RGB,True,,
train/HADE3.jpg,raspberry_pi_sbc,train,1405200,374fc576708024860c262fbeab3b71b8a6633169cceb06fa9de8f84811e79c09,310f6356f9837870cf2fd17ff7a7f6799748c9e7c9d9ddb701af9d52840162f5,b91ec3698469ce36,1999,2001,JPEG,RGB,True,,
train/HADE4.jpg,raspberry_pi_sbc,train,1415630,f548b2297e6ed0d7dd2505c3c6f73eba0171ffeb2d2b89f207a2a301fd9dae95,98fd72a0dbe99ba4de5de85f820f0a7c2a0d07481d502b525ae7e3b77e011ba5,b91ec3698469ce36,2007,2005,JPEG,RGB,True,,
train/HAEA1.jpg,raspberry_pi_sbc,train,1627981,4dbae5e3a4f46ae5ddd9883766d65c6bfb92fa9762c41898279a9f183029466b,1f19429e0dd69a0b141ace0f76195035ff37ae43c9521e262c27c986066700ef,e79d92698c274c6c,1989,2240,JPEG,RGB,True,,
train/HAEA2.jpg,raspberry_pi_sbc,train,1586409,4b665f21965fdadc7083619c7d2ecc3a5f60673255d1ecea8b139dc690a4ffa1,c21ad623be7da1b0cb1eda2110d8d2fcd733343df7cf5eff2c37dff59607a0ce,e79d92618ea74c4c,1985,2233,JPEG,RGB,True,,
train/HAEA3.jpg,raspberry_pi_sbc,train,1568918,0598c7fda4716198a6eb303f51046e85550cc52a319cca34ad0a43025ec72464,09a8a32546e8cd7eeb95cd3119925fb2cec84888800c2afea8a24014c99c8642,e79d92618e274c6c,1995,2236,JPEG,RGB,True,,
train/HAEA4.jpg,raspberry_pi_sbc,train,1573416,7b10ae2198891be861901fb2209a5a988dcc758b547d02b8962da553d4d8d5c3,e08f94067f4d4dcc714fbb03b8208fc1fc850cc655e018d1000b167282a188fc,e79d92618ca74c6c,2001,2236,JPEG,RGB,True,,
train/HAEB1.jpg,raspberry_pi_sbc,train,1703414,242fc9871f9bff487e4054b51b14bac536124667da9cb84a746e7309f42b33d6,0fe8f4c16d27a752763bdbdc31a2d3ea34f5f54372104762028810abe350724a,e99e9260cc69cf85,2028,2491,JPEG,RGB,True,,
train/HAEB2.jpg,raspberry_pi_sbc,train,1713957,73369a68e4dcc902e74b0f79becf3d3b6348455273fda4962c19767db18f2f8f,d517378c44980d71fca0e4a3356a34437d17f66321fecd00666540b4d126056c,e98e9260cc69cf87,2026,2484,JPEG,RGB,True,,
train/HAEB3.jpg,raspberry_pi_sbc,train,1693030,03399d4a349b2a4c842f4cffa60ce15e12443d83cbad52f0abbcd9444d7c9368,8b9219b95368c9a461f2123798f6bcb802e9fbc30e5aeb2d8ba9da419034d45b,e99e9260cc69cf85,2034,2490,JPEG,RGB,True,,
train/HAEB4.jpg,raspberry_pi_sbc,train,1722974,8ecd37ada471dc59ea048508368d387ea7993d308c5d8305081adffdeb4e3aae,baf133affe0ddaae226254b55da103554fd2a0293f2b7d93e7ae7dd2501263f4,e99e9260cc69cf85,2045,2497,JPEG,RGB,True,,
train/HAEC1.jpg,raspberry_pi_sbc,train,1328349,0df8c21155a31441c753f0d0f11368c0dbfd90a1e709c1f9b0e549e342161b76,d2d993c52c0dcd7cab969a3b4eb7f9597662979c2768a7b1ecf3c5c248b50ec1,e59ed3689c614b26,1902,2227,JPEG,RGB,True,,
train/HAEC2.jpg,raspberry_pi_sbc,train,1277365,83edead69a2794895ab2957d9df22830e1d8aa7af4bbbf911a62ed4b299b8efa,50d68d069ee1ef35923191c4657e586b5f31287088d7911c1e1be49a353caf4e,e59e93689c714b26,1893,2217,JPEG,RGB,True,,
train/HAEC3.jpg,raspberry_pi_sbc,train,1255511,b321bf25ac82ea52b13fd93376fb7d92aedc0911a254bed55a2100bfd0225dea,d2891d76aa450e5eff28ded5e826a4537a82abe75063f15c6415586492a3c11b,e59e93689c714b26,1883,2214,JPEG,RGB,True,,
train/HAEC4.jpg,raspberry_pi_sbc,train,1209044,50784ed0190b4f309b007b321c390325c780f11e812c631b0eb6464654e26eed,1fe9c097c236cf85ff3ca7f15b86f442de4ce322da1c2e05931d7dfc20670de6,e59e93689c714b26,1884,2213,JPEG,RGB,True,,
train/HAED1.jpg,raspberry_pi_sbc,train,1493422,221fba307486838973ceb36f6fe9070074bff8cb16ea43893a7670cf0f7632e9,ce435382e0dd7389fed397029857093b63d12c04029b7638acfd4e42a6342825,e11cc3699c6e9b26,2000,2165,JPEG,RGB,True,,
train/HAED2.jpg,raspberry_pi_sbc,train,1460285,e4ed1eb6e3da8762e6dba0b1992292a5787a48ded3381452ffa179527cbbc2bc,24487c2c8455f57b2450025b37b47ace51b26eed2691f4d782f54734b7ac023b,e11cc3699c6e9b26,1998,2163,JPEG,RGB,True,,
train/HAED3.jpg,raspberry_pi_sbc,train,1466444,ef63cdbab66e80d3962e7b0e31395161aade9359e0e7131c7769fd7b9c145b17,47e12799e906562ef5dae57bd35dcc842f8736929206937ac71a39caa65696f6,e19c83699c6e9b26,2000,2164,JPEG,RGB,True,,
train/HAED4.jpg,raspberry_pi_sbc,train,1423393,b2c288906dbbfa9024c007689fb728a8f04eae74feea9ba35104aaa9743cb313,75886cd6345e4470e08b69f481d64b90d42db9e0ef3e3d32970dabdde32b8090,e19cc3699c669b26,2006,2166,JPEG,RGB,True,,
train/HAEE1.jpg,raspberry_pi_sbc,train,1151855,338040f6648ff2101f80ff2cb955bb177b5b1332a56a2ee337a435ea7d4d17ae,0db5d75133b0e2431dbe089efcce045a9772ec3192a30140c7041f0bd3b6b803,b31ec3698c4f9926,1980,1897,JPEG,RGB,True,,
train/HAEE2.jpg,raspberry_pi_sbc,train,1120271,2da5f1286c25a84ef2adb55e2040285254e2208cccca0f867512c92656dca2be,10dd6bdcf4960f63a54b459f3cfa8aa9807aba19002dff073dd219239514fa46,b11cc369dc4f9926,1982,1897,JPEG,RGB,True,,
train/HAEE3.jpg,raspberry_pi_sbc,train,1109533,f3d0701419222983096316b20eda92e8230900c4523fc24a505e9881d5de5e9e,580cd38181931e97febc9fe293d9d70df0d81efc3d57c86284aac0afd9415147,b11cc369dc4f9926,1975,1893,JPEG,RGB,True,,
train/HAEE4.jpg,raspberry_pi_sbc,train,1129256,70df286536c57384bca452c1612d2343319c4db7668c632bd317ce3911f0a8ef,7f9778a61315572655768fe58363ddd8e6134e73c3fac4f0d38267d6e29ee4ec,b31cc3699c4f9926,1983,1895,JPEG,RGB,True,,
train/HBAA1.jpg,raspberry_pi_sbc,train,1038021,ecc4a5461b3bee0d42da33616366818ebef12906a51bfd8ce49a6bf783d64a8f,a71014ea47d90de05006379d4f8226b903363422cf122e41041304173f6355b1,e9bc8662d46193cb,1860,1677,JPEG,RGB,True,,
train/HBAA2.jpg,raspberry_pi_sbc,train,1034984,a6baf6a21dd9c7ee24cf1558210bec2835da31d29b3f2fd66f750eecf2351ade,502c6e1cd892c21335bc5c973a9082ae85d0670652b3feb2fd8d282c08b3d38e,e9bc8662d46193cb,1859,1682,JPEG,RGB,True,,
train/HBAA3.jpg,raspberry_pi_sbc,train,1056560,f3d2a34f9c4be95398c7a545dc5f9a91d54be8406ffd0a9dfed3bc61b4212697,0e779897d80bec968e72bad62496a0c6b1342c5c55847052d5accd311729eb1e,e9bc8662d46193cb,1854,1685,JPEG,RGB,True,,
train/HBAA4.jpg,raspberry_pi_sbc,train,1039141,8d1d840e0b988144424687091a4a9efe3389b6960f77084bacef1a76a208c883,bc461c4cc7d64347289caca391790339c545cfb1cbebb3c9c11aba1c75880319,e9bc8662d46992cb,1855,1685,JPEG,RGB,True,,
train/HBAB1.jpg,raspberry_pi_sbc,train,1144756,e6920d26c5981d0641971035be2509919bbada1817ff768dda789ceaf2172cc9,3858bc4d2026563111b0a54b6401166b40fea51dbc3880b3749e9a3c4ddccb4f,e99c8762c663964b,1879,1940,JPEG,RGB,True,,
train/HBAB2.jpg,raspberry_pi_sbc,train,1134222,b69bfde282cbdf218c27422a4a532a78a7f115bb518e7c7d063778781c26502f,6bdc2eabb7472c2684fc1ed01295da33d483890599764f5fd897209b900f931c,e99c8762c663964b,1872,1936,JPEG,RGB,True,,
train/HBAB3.jpg,raspberry_pi_sbc,train,1147403,32a70ee495546488c1f87a98c3c785796e195b34fbc26dc74034ba7f89ffb2f1,90035098be27e1d9cde389691467cd3721b56cf94fbdc0a4714472f3790965dc,e99c8762c663964b,1871,1935,JPEG,RGB,True,,
train/HBAB4.jpg,raspberry_pi_sbc,train,1145836,00a9d3d47e8fa3a1d6e972c3ae69f194c3aaf32d64f723760e5e5b21aad20dd6,0e0d073677b48f43f03c39454e7aefa6316210a52b31c76b6ba709989bb3d530,e99c8762c663964b,1876,1936,JPEG,RGB,True,,
train/HBAC1.jpg,raspberry_pi_sbc,train,1771800,b0aed4d14448abed4952c9c5cc8a2ea2425f2038a6b4f58302fe33d20cb1f5cd,cdb0abd7912d73750e64b10a5d33d49245cc60d4feab3302358274df0407baa1,f98d874296696636,2015,2501,JPEG,RGB,True,,
train/HBAC2.jpg,raspberry_pi_sbc,train,1826784,1e52094947449c8c558ce77851188172ade168757433305ab000e39af5ef990b,ee14ce61f7500d4af7659a4407fcc7f607865ed79f4d6e0b86ee99c29cafc203,f98d87c296692636,2019,2502,JPEG,RGB,True,,
train/HBAC3.jpg,raspberry_pi_sbc,train,1885353,846a01218c0f049fea0694ffdfe92fa6c04dd9a68b80854a8ca30b7f395ee2a5,674941f218094f8a8e1e1c811e504c9eedad7a7fbcba0fd2139b3c1fc30350b8,f88d87e296692636,2021,2502,JPEG,RGB,True,,
train/HBAC4.jpg,raspberry_pi_sbc,train,1806413,56cb475d2c8ad9ff1deb97517777012f7446f13be1a1452505ef389219ca7968,af12c922b8dfd03fc1638805e312fb09ff94bf2240b027b0574d924514b9992c,f88d87e296692636,2024,2505,JPEG,RGB,True,,
train/HBAD1.jpg,raspberry_pi_sbc,train,2139855,e4ec8aa95f3e3b4b9547a5a6e5bb3e71b284e3e0865598e3ed229847d5af451e,382b9c7c173e027bacb54237676e88089443504341310eff1f69ce4798cfe5c7,e08cc772967361b6,2274,2482,JPEG,RGB,True,,
train/HBAD2.jpg,raspberry_pi_sbc,train,2098865,8a670661b3463869c9b779d030f97be4574746d94d2a0c99797a71d3788c2d0d,98992adb2a57e9e0358eb0cc19f434faa28e330d226c18eba62eeff80cd9653c,e08cc7729673e196,2276,2505,JPEG,RGB,True,,
train/HBAD3.jpg,raspberry_pi_sbc,train,2098947,d9539b778fb96d1c5d29f1d9a5bc1494b7017e9457466adb03d0764049b4962c,49c49080029273e85e07c63a7cd1547b0b429898de7e7a5d19101407fc91709b,e08cc7729673e196,2275,2506,JPEG,RGB,True,,
train/HBAD4.jpg,raspberry_pi_sbc,train,2058924,6d44dc1fe0cbbcaa04afa6e1df4afb90102d143ed2597a01fae9133a314b5cda,278902e6642dd3228e019e6e4e9f4de23d3d88c618373413483cb17901823e4e,e08cc772967361b6,2278,2498,JPEG,RGB,True,,
train/HBAE1.jpg,raspberry_pi_sbc,train,1423778,22de6d7c8b3e2c6babdbe08a7758caf5045e7c4038ef3f2d46623f0c4c95b60a,30ac725924915e28a8251a79c8fd83ee9371fae7fd3e6970d722043a1b3325a1,f84f874a96304f36,1777,2211,JPEG,RGB,True,,
train/HBAE2.jpg,raspberry_pi_sbc,train,1399006,e9940bfa2945fe8733db4253d2f4bfc72014b9b2dc80b64b4a5899ff214aaf86,bbb4966edbf643c4734e070ad3f3ab5428585df351e77b9b399806127e6317e2,f84f874a96304f36,1744,2197,JPEG,RGB,True,,
train/HBAE3.jpg,raspberry_pi_sbc,train,1388630,ef04d18e97cb0517044700e4373bd33cb80139b2c5bf8888bcf5bc2ab3b8ef8d,d9db8bcb51ebb53c629e019c0d3371df7942ff1525efdfe3f13c26af063f5e55,f84f874a96304f36,1744,2197,JPEG,RGB,True,,
train/HBAE4.jpg,raspberry_pi_sbc,train,1358849,8e6bdf0ffd201ac1cf995e73a78cf668831d30ee18e0add399704b4cdca09af9,3b322bb0da003503b03b5ad5fd0e5c18e7fedb581eeda38fc5bdd427b7745654,f84f874a96304f36,1743,2197,JPEG,RGB,True,,
train/HBBA1.jpg,raspberry_pi_sbc,train,1285079,e7fc714eb015f64825af582d02458975c62a44f3e4c1def0e0e8d7d18fa06467,c89d8034f02e4ab6355a5a4ebeb3491902f5f18c301bfba74247cdb6cb869d64,e99d8762846992db,2011,1835,JPEG,RGB,True,,
train/HBBA2.jpg,raspberry_pi_sbc,train,1286402,35d0071de46a93905ead9f42ce0c726d085d72987782bc9f086c40aff910f7b4,e90bbd1bf21ad192852fb4859c91f78f50fc44701621347c3ba5dc574c09f502,e99d8762946992cb,2004,1835,JPEG,RGB,True,,
train/HBBA3.jpg,raspberry_pi_sbc,train,1279141,058a11e1cb4d1615b6eea3bcf2413899b1867a5ee4da93ef1670c903056f8182,c3f0475374d23a0fd414dd68f5c4ebfcb225d03dd8af1fe13531e0e9a35ad0a6,e99d8760946992db,2004,1838,JPEG,RGB,True,,
train/HBBA4.jpg,raspberry_pi_sbc,train,1290400,91b753869117effd46dea9a89636a297be719558d49e335e8230afa8043987af,7f91edd50711831266479e502355e8467df9980fd3a57d8a2c30704d5da54d70,e99d8760d46992cb,2010,1841,JPEG,RGB,True,,
train/HBBB1.jpg,raspberry_pi_sbc,train,1314114,521249e5f9a147121af686bd0e2dda0c8c6dd228b1cbaac2d9c1b917c81380fb,6aa8825499cd4df65e7d2ea3eb20724a55d6ab5f62608a7023b22a48e4733bb9,e99dc766866196c2,1986,2024,JPEG,RGB,True,,
train/HBBB2.jpg,raspberry_pi_sbc,train,1349696,c976c60022b0da59c6a0f5a2ee46e406089ea1ba420e750e02ee762ead55711a,15a68b0b4177df90ca7638e30bfe81aa9c05ffa438fa14991bdd6c55c062eb21,f99dc764866196c2,1966,2026,JPEG,RGB,True,,
train/HBBB3.jpg,raspberry_pi_sbc,train,1386088,93c867eb72f8217586a4694d5ecbd4207137a2e7539669c560ea19dc512336f3,8432a5720190f2010ee7a645421712cf7ca6f1f4649751951fe36c75e231be45,f99dc764866196c2,1978,2029,JPEG,RGB,True,,
train/HBBB4.jpg,raspberry_pi_sbc,train,1321687,0a6a1850703b71b920b2794a9d2a865a0cf776b550242ee8f2bc7b3b3d925e62,1c520256a85b90d91fcedbf7777d252865af78e694f0e9ef605c3623f868f321,e99dc766866196c2,1983,2034,JPEG,RGB,True,,
train/HBBC1.jpg,raspberry_pi_sbc,train,2010749,2a2532162ef608d633b40e3b927e7f14196f13ebd8685873e716488f3a11fc45,5333e831ebd31e60e03b8fa5b85a6afd63045f1613cf2eec63cfeda63f3d23f6,e88dc3729669c6c6,2170,2503,JPEG,RGB,True,,
train/HBBC2.jpg,raspberry_pi_sbc,train,1951687,8dd6c9f6148557fb5afeedd9eac2a38f1b67b8b3a2b93b96f1a08ac48d0d4b4a,240c670f40298b325da66495185845813317fced55b66970aac3b851a13f7d49,e88dc3729669c6c6,2164,2492,JPEG,RGB,True,,
train/HBBC3.jpg,raspberry_pi_sbc,train,1991092,06fbda23b9e94ff378d7d2feed04e9e8c34ee2c2a79f298a9f6700a060485d4b,4dc756b3ed9546d9b4caa5182e997d06f596fac1a939d2af737f30cd1fe79d5a,e88dc3729669c6c6,2144,2488,JPEG,RGB,True,,
train/HBBC4.jpg,raspberry_pi_sbc,train,1944075,7f7851dc4ef1ef89df4afa7b1bf47e7a1ca2c5d1306fbaf8387341eba6df0642,43b5db98eca357240fcb86602ae2052090356c41eba3a156d96a3288b427fbb3,e88dc3769669c2c6,2118,2484,JPEG,RGB,True,,
train/HBBD1.jpg,raspberry_pi_sbc,train,2584874,fb2dbea69abbee0d80d8d29aa1ead7e0cbbdc1fbc971d45ad4940d687ade5952,7d58137e28b4255c576c02f89e9c2819fd210c13d3c3cbea69ea893fb86a877c,e88783ca96699e36,2293,2777,JPEG,RGB,True,,
train/HBBD2.jpg,raspberry_pi_sbc,train,2553052,040bc39017e768de8e61467f8a8849eed5012b3126191e192f7ee607f1c965de,54e3812b88dda28d5f9d8a4cb65eb1e73a5348b850b4e280df682a8346d02d2c,e887834a96799e36,2271,2767,JPEG,RGB,True,,
train/HBBD3.jpg,raspberry_pi_sbc,train,2489900,374fbfd55522967c020ec49c4ec68c81462124010d63c22e2f1a419f4d4b94c7,6107129e434d54fdf00974be5ab6b4b45cecfd184de8c3a39365197dc73e71ba,e88781ca96799e36,2253,2760,JPEG,RGB,True,,
train/HBBD4.jpg,raspberry_pi_sbc,train,2475371,229c1eab41fbffc72c4fc61193bbb95965ff1744c5a7e1a1ec74800d3353ecbb,93576662408812b1da0df31d85206a2d50525e39cec50c57e333de3a03572dac,f887814a96799e36,2256,2758,JPEG,RGB,True,,
train/HBBE1.jpg,raspberry_pi_sbc,train,1772018,3f2e9b4c3490b1641066f7f3241844bb714dc81c21dd8ac6e26b49f84505da22,4533e495f7a1732f7d7367a8ff5e186dcab6417680d213233417ee02867bc062,bc2791c8c2d8cf36,2062,2413,JPEG,RGB,True,,
train/HBBE2.jpg,raspberry_pi_sbc,train,1715800,8eb205aa6945353870e24ac552330a48979b1d9a54ddc9e89589df3227e12320,7d581547a24c0fdd160a8d2420e4e588a478c084c3972f67c51fde35803de7eb,bc279548c2d8cf36,2045,2400,JPEG,RGB,True,,
train/HBBE3.jpg,raspberry_pi_sbc,train,1794308,6c191a2ef68dd59fb021ea8d6f86f1d8062973436b6590d1c01b73b253d56816,6e11ab129e3befdce71ec16e367c40c06c9130fb2bdbd77536ee5a5c656ca585,bc279548c2d8cf36,2045,2402,JPEG,RGB,True,,
train/HBBE4.jpg,raspberry_pi_sbc,train,1815049,9fd70038be758ae2617a0c95f0f6c93876f87bea2f31b47fc8a92dca9929a100,ba2d4e6136261afcf05099d42c8d4bf40ca8305332bc55c91ad6e26d027f1ecf,bc279548c2d8cf36,2051,2403,JPEG,RGB,True,,
train/HBCA1.jpg,raspberry_pi_sbc,train,1191552,a964c063279fbd190ce1f3a9f7b1fa59814c427cf9e807a696e180724df9e2c9,1f386dab296a966128219fe85c215b5880805a3aa0801ab12ac145830fd16e34,e98785e8d6d98a16,1847,1885,JPEG,RGB,True,,
train/HBCA2.jpg,raspberry_pi_sbc,train,1207612,312b962e5334cc1019d6decee45f14ff832d84b1f12025612051dd5b1882cc8a,d7b985c52657f24dd5752b378b60d858eb42aaffb22c5a309a808c4b3ab3320f,e98785e8d6d98a16,1830,1875,JPEG,RGB,True,,
train/HBCA3.jpg,raspberry_pi_sbc,train,1193847,5ea0f0a5a9002003c854a7081610c511cb71de502aa4ad2af99a5925384d8684,35ad432250d8a71f048a86661212fcd27af5fc83716c3cabf6de4ff6e394cc3f,e98785e8d6d98a16,1833,1879,JPEG,RGB,True,,
train/HBCA4.jpg,raspberry_pi_sbc,train,1209833,8a2d61fabb216eb846ec7f09a5389e23831daeaa5dc3ff3ecb020a4ae6c05c44,6242d146fbc6465776d76d4980465a5e6a10698d2f5f1d9ffd3bb1b38dff3106,e98785e8d6d98a16,1832,1879,JPEG,RGB,True,,
train/HBCB1.jpg,raspberry_pi_sbc,train,1694151,fcc06dded51730316b810f19953ef2396b3f05d311c683179bb65af63d4a4b44,251e0e6f294619cf4cb71d8250573a22f4bb5170ac92048c74bfc357869db17b,e8078168d6f9d396,1975,2232,JPEG,RGB,True,,
train/HBCB2.jpg,raspberry_pi_sbc,train,1618087,506f163a367bf683dec2cd7fb8a0cea0f886d402ae87c207a95319bf3fe2d0a1,7a065b83845ccceafa4a21604f5ec0150e5cd9942b02f436a2ec22d614cb28bb,e8078568d6f9d2d2,1935,2218,JPEG,RGB,True,,
train/HBCB3.jpg,raspberry_pi_sbc,train,1582181,693047291df13f6643cd81f69ff9b9f5fd75c8c880658f0150b0c99115a836f1,df1754fa0027be979a7f491a03e808d0f749a69b1e3f61d03f52b8f7b475ee7f,e8078568d6f9d2d2,1939,2219,JPEG,RGB,True,,
train/HBCB4.jpg,raspberry_pi_sbc,train,1626530,ab75779676672e150fac54bd03d113e3eec3b99d520ffa8ccd071139c520df22,c59d0aaf9359946a9ccf5a0ab41895c0ea01610b2d82a4f7d788a88ee0aeece0,e8078568d6f9d2d2,1942,2220,JPEG,RGB,True,,
train/HBCC1.jpg,raspberry_pi_sbc,train,1953288,057a60cf081ea3d1c1fcf773eec230a95c910237b9838534da2808df7a3292d7,349d27bfb3afad80bcf405b846e596af1b28b82def826d06e6b9a4aa16bd89e1,bc87c1e8c7699332,2006,2406,JPEG,RGB,True,,
train/HBCC2.jpg,raspberry_pi_sbc,train,1897876,f8d76cbd7adca87b10b267d38f0ef08e3166324796e77bd7f52a3f998721c692,6bc3418480c3010426cb7b2b07f669e43434b31b2f7c63ef06088088bd087676,bc87c1e8c7699332,1994,2399,JPEG,RGB,True,,
train/HBCC3.jpg,raspberry_pi_sbc,train,1810868,e988658c154a1c700b45e2ad9b489d44cf0434f85bf6cee32f8a279ba6bab4a8,ffbe2edc0e890db1ec37301592c2e4238069b686c71099aa9e1a3963b9ff8dec,bc87c1e8c7699332,1974,2390,JPEG,RGB,True,,
train/HBCC4.jpg,raspberry_pi_sbc,train,1704775,29a38a66a0f481b47150b315dd04c0c2e74767faade2016152012e28cd2c14ba,ba734fee14dcb478ad6168f5696495c411be7c0927707ec19fdf6c81fd9eb604,bc87c1e8c7699332,1955,2385,JPEG,RGB,True,,
train/HBCD1.jpg,raspberry_pi_sbc,train,1876566,7bed932afcb2b65415e077d1b66cf60b759a95d14e672d588093a38f3f2b8bd7,f7057a5c03896e556936bf00f9ed1b4dbf4921de8636ec62e5f4c851a33ff8c4,bc07d3e8c6698d32,2045,2401,JPEG,RGB,True,,
train/HBCD2.jpg,raspberry_pi_sbc,train,1878278,95dd3d989c5af1bcc94fa91a5e5532df64696c78e43315b64dcc5b4280267b9e,04f34905c3d9544f5ed68b23d048be72b4b21ce3cf7df74bca02c1e718abf737,bc07d1e8c769c332,2003,2377,JPEG,RGB,True,,
train/HBCD3.jpg,raspberry_pi_sbc,train,1876249,e91ec88a4fc43bab5a796e3068c90ad3f40505b5a232323092c3504cabac6dd2,caaa055e22e9fb609fdf18bb6d385d48ef2d838b073c9d2af6312200b214f328,bc07d0e8c769c372,1996,2374,JPEG,RGB,True,,
train/HBCD4.jpg,raspberry_pi_sbc,train,1892417,6fff450f3167c3b539b9bb17ce7d377fe513f82ae1d4ee15d3fb7fa772e75162,0ec29b773c82426c2ffab74444e98501df0cc64f977a356de07b7db38027e420,bc07d0e8c769c372,1997,2374,JPEG,RGB,True,,
train/HBCE1.jpg,raspberry_pi_sbc,train,1411828,c136e85308fed0f537edb7e88ab1d830dca3b88d82fe7a9e57e7654c495bccb7,134a491bc83cd3c66a1c3c1aa46133ae7bbba45f04927f16f10511966a20056e,bc27d06ac3c9c732,1868,2120,JPEG,RGB,True,,
train/HBCE2.jpg,raspberry_pi_sbc,train,1363319,8904bb38a39bf960287197716f3876d9c41554cd3771251883eab60d9742cc2d,8cf62cf3ea43f3bc674aff8d0eadc77bd38edb3cb73b08560e1649122d2cea5c,bc27d06ac3c9c732,1858,2117,JPEG,RGB,True,,
train/HBCE3.jpg,raspberry_pi_sbc,train,1412974,57f69796ab74ecc7699e227ad53ec40c3d1aa74abe0221443d2fcd7a6f7e8a91,8102e58f1697ab44ac02b17737df833f7967bf61b5e7d731188fa39e8fc26873,bc27d06ac3c9c372,1848,2113,JPEG,RGB,True,,
train/HBCE4.jpg,raspberry_pi_sbc,train,1336131,2b90f4eadee9208d24d86835834d7786b8b5898c8c0e68833e426781278da8f8,c51177ddd7c0bdfdba4b4d7fe6d438551ebf478e47f6bacef230fef195d1b2b8,bc27d06ac3c9c372,1838,2104,JPEG,RGB,True,,
train/HBDA1.jpg,raspberry_pi_sbc,train,1610677,48365771035dd07695b884a85498c56c305eda9b1140a4572e2fb39167140d22,8ef1589f3c03cfcaa23cd402d4844dc2ceeca914a2fddb666312d79d446e0507,e88f8568c6b98b96,2016,2247,JPEG,RGB,True,,
train/HBDA2.jpg,raspberry_pi_sbc,train,1605065,17d5ac237bf584dd49ad08306bd7f3c32127551ec5a2ba482fd90debbfedd595,70065078074450b95490972239791a368c0ce83c77fb91e6610f30c80caa5995,e88f8568c6b98b96,1996,2235,JPEG,RGB,True,,
train/HBDA3.jpg,raspberry_pi_sbc,train,1534345,09c4a157c862dbd8c1489f2cea56120cec2ab5d8782a3acbf0af600a032408d0,797a03551d8ac88ce472130f476cc74298e04998bb0c2c209035ee284bf1db15,e88f8568c6b98b96,1986,2226,JPEG,RGB,True,,
train/HBDA4.jpg,raspberry_pi_sbc,train,1581966,defea822dc662699f291d9bdb24bdac2fea3686c25ce3e3aa35511d2713d0d0b,6bb9fd5f14610cd727d97d97fb9ea14989df7192c0b1c342baa9834acd720054,e88f8568c6b98b96,1985,2227,JPEG,RGB,True,,
train/HBDB1.jpg,raspberry_pi_sbc,train,2121734,b4a3bce2077666dff0c46f8361022e9145f587478a1843a37bebe426131f1593,c8967985b7fd3f318e3ff9ffb6244d78354b746cbd7c182ca21fa1e0299faf6a,b8879368cc69cb36,2220,2647,JPEG,RGB,True,,
train/HBDB2.jpg,raspberry_pi_sbc,train,2162732,813fa759c801767de91c34cdda49a9a05e4a6a80a82625508889c9adba2238d8,d4a0db0435bbe94e2c960c4a82054151cb1a5787d788937e9b9094b5254f950f,b8879768cc69cb26,2222,2654,JPEG,RGB,True,,
train/HBDB3.jpg,raspberry_pi_sbc,train,2146918,14e46870cdf80c860a00ae6bedfcc915ee5b7b1d3410c1b9a46813001afb8c61,3ed759b2b6325cbf9804d80ce4ef4a0235f83e1101ba35017e0cf8958478423f,b8879768cc69cba4,2211,2639,JPEG,RGB,True,,
train/HBDB4.jpg,raspberry_pi_sbc,train,2008165,4dd10f5f587d7ea5876aab3fe82c88c28c65121c2b36ee55516c6b5f1589d21a,d46c52c2d11f270e4b53a42296c9ac1c362e0932b3ccafc5c986dc3c6c6babb2,b8879768cc69cb26,2212,2641,JPEG,RGB,True,,
train/HBDC1.jpg,raspberry_pi_sbc,train,1621683,0c9c8d6adb4e551e0dbcbc4b019025367e3cd1142b432d6def00ec27b03f89bf,707def4c29c7371baf9462b10ccfe5937dd109546dd7a2c6a4aa90a6fa18fe63,bc97d360b4696925,1891,2238,JPEG,RGB,True,,
train/HBDC2.jpg,raspberry_pi_sbc,train,1545542,7b7139d0a3469ab82b71697e6e129165999f6a95173ffc23dab0b6dfe2d12e15,a1d491e26031c0bfbf0b0eacb745efb487618ba607882dd24b68e2402bfb56f0,bc97d360b4696925,1878,2233,JPEG,RGB,True,,
train/HBDC3.jpg,raspberry_pi_sbc,train,1555242,c94866729492b6e05cb451acb59c46dfddd8d0ab3253ceb6078c882a4dc9ddf9,d428255e96db9048ba508a5073af31544e1a4240b81a86a4555726eb323e3ea3,bc97d360b4696925,1873,2228,JPEG,RGB,True,,
train/HBDC4.jpg,raspberry_pi_sbc,train,1571992,9142238077ad9d4a9ca5fd7cbc4381650f88becc83fde659cd2c7a63df66b9f1,9ca7873087935305efb9bc31d647c3a35b4f7eb978dcb3656ff377e4c7c1c76d,bc97d360b4696925,1875,2230,JPEG,RGB,True,,
train/HBDD1.jpg,raspberry_pi_sbc,train,1695668,b5f0e5b62cc807ed1d2ee5a41abf5b5b3d2ea467eedd1ce225178fcf87287544,ca290ecbe55b31e470e6693cbcc5307911257c7a0a65f53b9d984e3a5571ed76,b897d3c894697c34,1970,2232,JPEG,RGB,True,,
train/HBDD2.jpg,raspberry_pi_sbc,train,1573389,eabc6bac16373856fccc0bd524bfcb3f1e596399bff558a77179ab3aa4f91c86,0f64b9c07985f6d37f4735b91f25c67ab5d1c400dbfc9ae679d99565fb13eb50,b897d3c89469bc34,1935,2217,JPEG,RGB,True,,
train/HBDD3.jpg,raspberry_pi_sbc,train,1623299,3ebd7ecd24bcf7a3bcb9d9ace72f46613ad269136c255fbcbc1b64a6f9169d99,0d9d91bafc8ea9949d456c2487309c6882a0c155db66c9f7a323e33c23269b5a,b897d3c88469fc34,1931,2211,JPEG,RGB,True,,
train/HBDD4.jpg,raspberry_pi_sbc,train,1513077,0c976b52180dc3c830010e9d64eb2003a32c4185267db9bf90aed2ce8acaeaf3,77ac1088df4afb3c3c7b5eacebf9868d11574e2040cc1b161867b933f48544db,bc97d3c88469bc34,1902,2198,JPEG,RGB,True,,
train/HBDE1.jpg,raspberry_pi_sbc,train,1305016,b40e7b4b0a8a6168c5ea4ee6202971c141a1efd8d4c3e732aa21c110dc8f8d3e,452274dea986159a94bf1c9f891567d3a504d63c0239ea7f8007a4d11ac00c44,b897c3e8c4698676,1851,1943,JPEG,RGB,True,,
train/HBDE2.jpg,raspberry_pi_sbc,train,1279189,c1b9f2bda62fa463e4c359720187e9525e6ee0254f5504453df50c030b41c919,f26cd6b91b56e131779c4403acbd3d992fcda0248371df8467ed206f80b5970e,bc97c3e8c4698476,1833,1940,JPEG,RGB,True,,
train/HBDE3.jpg,raspberry_pi_sbc,train,1273058,c8743c0f999424bb10de0c853c1bd0a50b84536f752171b0e2212af3c0715a50,301e78b25587ad3e4687acb0b0c7d4d07765dbd63a908b9f7cfbd4b56151d820,bc97c3e8c4698476,1840,1944,JPEG,RGB,True,,
train/HBDE4.jpg,raspberry_pi_sbc,train,1269746,d727c16d2d70603110b11f359929c0feb0d5e7243024a944bfe464913b0357f9,33f74dfd0048aae60f183d73ae4c0b8e696d1db6abe139e8eee663a7bed83498,bc97c3e8c4698476,1829,1942,JPEG,RGB,True,,
train/HBEA1.jpg,raspberry_pi_sbc,train,1400065,35f83b6eb4d1d40af605d48c11794df325292850053a3ed10edf6d32a12a10be,2f7ca0df51ca7ddd5be7d5a3eb66f6ae9030b034175cfee0819fb2405bb8abbe,ed8e92608c27cf9c,1861,2233,JPEG,RGB,True,,
train/HBEA2.jpg,raspberry_pi_sbc,train,1338317,d69351196ca152aa7fa7fb21f8e4052c75a159f194e092adb0d041fb6ccb9d5b,2ae74451a9d31e0b9c6e65f67217531521f600ecf536a854462db65fe588af83,ed8e92608c27cf9c,1847,2226,JPEG,RGB,True,,
train/HBEA3.jpg,raspberry_pi_sbc,train,1345161,7c0bc80c62d4a1ddac66c2bf8f1ab975007681f40243008b8552c7b4581afd8d,5b3e715280adeb8249115e6ae0f9d20cbd9d13a3a08a66d7703ab815f6afdc41,ed8e92608c27cf9c,1857,2227,JPEG,RGB,True,,
train/HBEA4.jpg,raspberry_pi_sbc,train,1235870,52433a3666be522fe8fc56d69cf3ed347b72baaf27fadbf3644ecbaa608839ea,3fe868b725614bca03cdbd4e6c136de44d4cd3c818508dfa78429e075229950c,ad8e9270cc87cd9c,1819,2278,JPEG,RGB,True,,
train/HBEB1.jpg,raspberry_pi_sbc,train,1868107,0b3eb1f67d838756c24bcef4b903849531711c434ec2dcb658ddb715c6a3b3d5,327671e6e92aced8aa855df0593da263b2cd78a472796619b4fbb39fa4f4ca19,bc879368c869cb96,1943,2473,JPEG,RGB,True,,
train/HBEB2.jpg,raspberry_pi_sbc,train,1864573,8be384507fc036c2aad431c250f7c018550c62ed26d4d4c55cc7c241eaa3a4a6,4b0cf78d98569d42afe788b41c05d6821e2ba5d8c76a7ca68b381f42b41a940e,bc879368c869cb96,1944,2476,JPEG,RGB,True,,
train/HBEB3.jpg,raspberry_pi_sbc,train,1816314,00d0b8948b10b2b143be33e0a780cd0d243ccfb427a156e14f6803f9f26b65b7,6ccb0cfc43380f5e4f334b48a152f601e170f485b6f52682b08d9cb67dae484a,bc879368c869cb96,1934,2468,JPEG,RGB,True,,
train/HBEB4.jpg,raspberry_pi_sbc,train,1833035,ebc01ddfdc65f0f4894b882f30da9e575055f77c547390b0d5e4ce76c6df3020,8b1a96c522a3ed64df2b9de9b17efa72bc98810225d70c625b9c7c5022e568df,bc879368c869cb96,1933,2467,JPEG,RGB,True,,
train/HBEC1.jpg,raspberry_pi_sbc,train,1025609,05c79a48aca284b6ae2766d88c5dee0fcd7ec862116a1ad99ce0fae71ad03e92,b1813b989eea703338d251c6b224413470cb70c245a47b3313bcce4b2a3dcdef,bd9e936894796826,1757,2150,JPEG,RGB,True,,
train/HBEC2.jpg,raspberry_pi_sbc,train,1017747,909cb9701c17a7e75de62b8da0e9c758d64dd57e20f6fc413a789872fbff95df,cb386ad4eb8012fbe090cd4ace05da34a75138892091d2491b98ef3806aa188b,bd9e936894796826,1756,2148,JPEG,RGB,True,,
train/HBEC3.jpg,raspberry_pi_sbc,train,1042801,31298b2498a40007f56dd557fffcb5135c9653b6f507563dadcf66fd810f8c70,75e6b4bada66ffdbca068cfaf09e765b77e24ceec8d47740414bc993a8a05dc4,bd9e936894796826,1761,2149,JPEG,RGB,True,,
train/HBEC4.jpg,raspberry_pi_sbc,train,1038642,476acb71916287e3b3a0cec9d47fa1fdf274085922879bd20b61a7653b1430b6,90a75e112c0f1d1de9261b06ae6876d29b51dea5123e60fd5d5b30822140cb18,bd9e936894796826,1755,2148,JPEG,RGB,True,,
train/HBED1.jpg,raspberry_pi_sbc,train,1425384,a3103d98f5ca3d148a8530f4deb9829764a59738582fa33e7ef36a3d3b211f2c,68a1d4e44e552a4218afe4f8d4e312e8b0caa0fac81f679c23d227401ee82682,e99e836994699c66,1841,2099,JPEG,RGB,True,,
train/HBED2.jpg,raspberry_pi_sbc,train,1357440,12d6bda2874cd00648a209c3cdf777b78402844914f557f3b5dd5c65c6ed76ef,55493f18e8a8c7aeef8a8b0d030907ed81215cd50a1946276e984aa2c0519d12,e99e836994699c66,1826,2087,JPEG,RGB,True,,
train/HBED3.jpg,raspberry_pi_sbc,train,1342871,62bc2a38eeadfe5777c4d90cefb716656c28b7525ba94b1c68b096ec4123e694,2640a8aa56323b14f30b4b142f03fc75e7a7eb7f1431f3d1f59dbbe5a3984ebb,e99e8369d4699466,1808,2086,JPEG,RGB,True,,
train/HBED4.jpg,raspberry_pi_sbc,train,1382107,2c4af463059f396b5b015ff05d409f914ca86a0b37af9020096608e78f11e79c,34607eca08c15f0e039e5c08b918bd79decc354115c6bd0fa2c995acf43fc10d,e99e836994699c66,1826,2096,JPEG,RGB,True,,
train/HBEE1.jpg,raspberry_pi_sbc,train,1113053,98b9934ccb269c71e347666f4d0acf4b97524fc7a6fc22b88aa315343da94fc6,264d532563235c1353b79f5f64f865402f8d19352f59b3f6c9046cbd307de06c,f996c3c9cc699462,1778,1849,JPEG,RGB,True,,
train/HBEE2.jpg,raspberry_pi_sbc,train,1120286,90ac92f5d7e65d8901a6fb83af8996ced06e73465b8ff93e1824a5e80093abd3,d929ecd34e533b2f871545c1427d5c743a259d2dc62ffc56c380fc2f0f5d3117,f996c3c9c4699662,1770,1855,JPEG,RGB,True,,
train/HBEE3.jpg,raspberry_pi_sbc,train,1073486,92c8e4ee30cf418590a7645e28e885e66fb376bdd84717f542cc8953216d0a3f,242207b1c538bbeefdeeb5ef2902f3d78fd4e687f6f2032cb1e3bd777e134dda,f996c3c9c4699662,1771,1852,JPEG,RGB,True,,
train/HBEE4.jpg,raspberry_pi_sbc,train,1097213,01138a9a4d7a0528a719f34b12cc857f4e76a0ea7fc9c00526c7fe43ef75f75f,0f941f48c7a05c05c690f4016fec7392e2cf3e2756630de11c47b6faa2c6cb70,f996c369cc699462,1775,1851,JPEG,RGB,True,,
train/HCAA1.jpg,raspberry_pi_sbc,train,967802,b0b272f547b7da842e535f301940507e8bb9e0f5c161e2399e6f60c055ca4f9f,cd49692a6e68978945c2d2db9fcc9981fb4973df762cb4b4e4ee3a22021eb49e,e89f876096c992cb,1640,1799,JPEG,RGB,True,,
train/HCAA2.jpg,raspberry_pi_sbc,train,962476,8bdfad3a478c6038875a17392f973b475b1f80cab5f1f6e996702ed5370baec3,655d6c395e3795669b4a4e3a07e2ec8e0418d53e9a010fa2929921cf1fcd554f,e89f876096c992cb,1648,1801,JPEG,RGB,True,,
train/HCAA3.jpg,raspberry_pi_sbc,train,984429,dcc958b3bd13b48216aa37a22dc4742b82d1f7bf62a7a73f68da69d14ec0b215,9996c9189dfcf8465ca919dac00680ab2dd063bbaf919b2bfe7eb16ec428e834,e89f876096c992cb,1652,1807,JPEG,RGB,True,,
train/HCAA4.jpg,raspberry_pi_sbc,train,984926,3cbb16a5a5dc357f7a0d79e0b9f866d03a4ef606233ebe1e702444057d48c92d,8a47c0d3e6a3fd98db3c474c85c1418669aba359e921477dec1408ddaa87a711,e99e876096c992cb,1660,1799,JPEG,RGB,True,,
train/HCAB1.jpg,raspberry_pi_sbc,train,1054459,f22672785524bc8c4aedab34afa9e0ce444281821ee759568332aece1f35f67e,9482ff5c7a22c87bce523e2842d974032260eccd9641b121d4ccb93cbfa5389d,f89b8734c46d92c3,1609,2032,JPEG,RGB,True,,
train/HCAB2.jpg,raspberry_pi_sbc,train,1077993,be11e6a031afd8e3520bf2fb1e692ebc383309214ad9519f3278b95b1f34088a,6643141bbf96a297d79d220228c97725a6997e0e5247788e7e2dc4a109b29d22,f89b8734c46d92c3,1612,2028,JPEG,RGB,True,,
train/HCAB3.jpg,raspberry_pi_sbc,train,1068520,cd05659964b9e07f919919710941f77176483aa06640f46225ab19efa96a6dc0,c5706b8ccd16df4e7497a01389027742319f491667fdfcd532d06adc5f468ccd,f89b8734c46d92c3,1620,2014,JPEG,RGB,True,,
train/HCAB4.jpg,raspberry_pi_sbc,train,1065059,9c7e55bba00218485b72485a14f6e3b463a5da8ce51d9bdedd0a5d8be4f7d553,26f5acb2002285a95af90c30d230ce32c25d8d29abbfef4745ddc0d524d2b814,f89b8734c46d92c3,1625,2018,JPEG,RGB,True,,
train/HCAC1.jpg,raspberry_pi_sbc,train,1612613,6acc0a536717fdca5a8ceb1ba270faf0bb621a1447321fa3365974c40ad7bef1,46688f707c24cdeb14d8d68120be05183360799d292dcbae06580bec89720044,bac3c196c46de136,1764,2353,JPEG,RGB,True,,
train/HCAC2.jpg,raspberry_pi_sbc,train,1587193,3402aa4a7508e914a49480fc8b1c9e525d0ff646a547508b975a4b2f045a6c76,4bd76885427ba1733ec3139d5e81da4c61ee4d20334a1cb2b4b391fdb5fb0f63,bac3c196c46de136,1761,2361,JPEG,RGB,True,,
train/HCAC3.jpg,raspberry_pi_sbc,train,1524440,347724465db038ec749793918bcb9c7fab3dd47a685be82701abc7afe242b9d3,a257e33751a44fa1db3bc7c066e3825bf3d668a2fecb6f199496a53acabd4423,bac3c196c46de136,1769,2364,JPEG,RGB,True,,
train/HCAC4.jpg,raspberry_pi_sbc,train,1587306,d442f267fc6eec55eba39e888d65e1f22fbce89c5234311b12816303b7fb91eb,8357239807498b54490a1c07d730c9d05bb7eea240920975ed1b0786912fdd57,bac3c196c66da136,1776,2359,JPEG,RGB,True,,
train/HCAD1.jpg,raspberry_pi_sbc,train,1564404,6914cb0559a0febca0b80b692eb1648deae5d13376960cea3c52216677964af8,22046956d76b77bdf588db3b7582f3e6db9aa902e3bebd59a9fc12a95c3d3591,b9c9c536362c93c9,1928,2446,JPEG,RGB,True,,
train/HCAD2.jpg,raspberry_pi_sbc,train,1541163,5137ca556cc5844a7e9e33cb33ef7d9b566464d6a3c089aed5eccfcbfab54a4f,b54f1b58e93565aab48219e1223e5d1fdbbfcb0d0db17521eaacf33b193da337,b9c9c536362c93c9,1919,2396,JPEG,RGB,True,,
train/HCAD3.jpg,raspberry_pi_sbc,train,1512587,8ad9030f2e6fc691443772426e11c146379e87d93f7868c2da6b852936623d88,efc17db390d025cd80a576c11f8bd32bbf1820f51b5b24ccc9f249a3a456b211,f8c9c536362c93c9,1884,2423,JPEG,RGB,True,,
train/HCAD4.jpg,raspberry_pi_sbc,train,1473146,6962f0fc9c9e89ebbb56224cba145cff4dcdb8f727d578ffbecb29380cebaaa7,0bd2833bbe5fa91307316c49f86adc5aae33e9d6cff75fc225fae0f88f196a15,f8c9c536362c93c9,1883,2410,JPEG,RGB,True,,
train/HCAE1.jpg,raspberry_pi_sbc,train,1096568,ae8d0a0901a111b2bc987e796852cd0b5c0eedcc959cabf466769e062de8c647,ff890e9899d78f463ace3a3ad07efaf4541089519e75a092d06d87e986a5cd94,b8c3879ed22dc136,1653,2018,JPEG,RGB,True,,
train/HCAE2.jpg,raspberry_pi_sbc,train,1113508,1498875ae000385e75e130b99b0f233dffeac61b02947ed77e102bfe8d5cd29b,0730812f7c416bc6fe48f8db6aea7fd54befdebfd9c0caf8af93e946576153a4,b8c3879ed22dc136,1658,2013,JPEG,RGB,True,,
train/HCAE3.jpg,raspberry_pi_sbc,train,1103824,46df184092249274c4e529dd0f5d0d17471783b9797125346e4ba5b3a9ab1bfa,e2a0515fca64e017794e2d8e785b9eeef5055879a88765876f5dd5f331b2e592,b8c3879ed22dc136,1650,2011,JPEG,RGB,True,,
train/HCAE4.jpg,raspberry_pi_sbc,train,1087662,648412a78c6c4c7f2592fac21403ad723cbf68e1174d0d5558e587c466333e82,af2adbe46ae2adfed734c6431ddcfb7ce1cbae33d0f0677df3f868675a89fe2b,b8c3879ed22dc136,1658,2005,JPEG,RGB,True,,
train/HCBA1.jpg,raspberry_pi_sbc,train,1059409,3cc5c07663bc9e20c0df5b1b8d6cf711ed93db1dfc251be3caedddde27387360,dc2b716c237d60f7938b37d87d16aceef097d480170ad452b29df80d5cf61af9,e89f856c87d992c2,1723,1851,JPEG,RGB,True,,
train/HCBA2.jpg,raspberry_pi_sbc,train,1076739,9088894e9e5ff61198bd362f657e9625caf85f643131d68a3b272bfa2d5d3a36,61da5c32864aa53088ccb45b1ccf9a77ad8ac249bccba52b7e2716c60940cbb7,e89f856c87d992c2,1723,1847,JPEG,RGB,True,,
train/HCBA3.jpg,raspberry_pi_sbc,train,1076025,2229bb266355c144ca47d88cc744a7d43791c04f443892565e096946cad6ec80,1047dc03e8614018ee173a771bdd39a5bd82f4823a6a78f6b9e68996674d8c98,e89f856c87d992c2,1723,1845,JPEG,RGB,True,,
train/HCBA4.jpg,raspberry_pi_sbc,train,1025026,ffe84c5f3fdac4f10a3da13ee69d45874d0fc535a555f1c198de98f48cfc41ce,854dbb308d9b272428d8e83372e7118eea43761356c075e14dc58719afbd5031,e89f856c87d992c2,1725,1846,JPEG,RGB,True,,
train/HCBB1.jpg,raspberry_pi_sbc,train,1268241,8ee46c218fb3c6295b2a53686231bd11827ebc2e2184d24887b15b86ad6182b6,31616d2b6ce3e514257b25aa1f93ee6acf830ed9b04d623c623be39d66b8ab60,f89b8724c56d96c2,1738,2038,JPEG,RGB,True,,
train/HCBB2.jpg,raspberry_pi_sbc,train,1297688,dccc626dc98de820c9d2ad46e4f800cb30889ef0d2736761975017671a7f1d9e,b272911409fe4125626496b41f8c50d4e0c0ff309ff5181e914a102dcd0cefc9,f89ac724c56d96c2,1732,2032,JPEG,RGB,True,,
train/HCBB3.jpg,raspberry_pi_sbc,train,1263541,d6d5f14e45000abc10408bebf3b517c4331a5380daf926968cc08d1ac01a1461,e098360fc40f4cef878367b7e9cd130d804db7397532d055a2993b8d8194a33d,f89ac724c56d96c2,1728,2045,JPEG,RGB,True,,
train/HCBB4.jpg,raspberry_pi_sbc,train,1266975,28497baf66ee8bdd24dd7e4b3de25961560c27be75520adadd60cfe770b29b7a,791b881afb838e18f58a0218b997325246d926da017078b9de75713ee9e9a37a,f89ac724c56d96c2,1728,2040,JPEG,RGB,True,,
train/HCBC1.jpg,raspberry_pi_sbc,train,1727405,63fab443bc7d8db4ee4f9cd57fb57f7b02a924cd3ed3dd70949994135e3407e8,7d828bfa89f3de946703556bb28c8445df17420830b131bf425f5f1a18190ba7,bec0c036952d93cf,1888,2384,JPEG,RGB,True,,
train/HCBC2.jpg,raspberry_pi_sbc,train,1762683,8dbbf9eceaaa34934b8d387d3324f18a7f9f5ee8e61c728a5de385ed88924d83,18c42a7e70eb75eab2a6f0690cdfa26bbdea7e74aeb9d15d59887c3dc5e4369f,bec0c036952d93cf,1887,2402,JPEG,RGB,True,,
train/HCBC3.jpg,raspberry_pi_sbc,train,1653775,4b4c15b566307ece6d2946e27babc2197c2ceeeb99121be070da92964c3b45b4,fe0e68bf2a33a5efb665e3424b9d7cfb7787da3eed8f90943b381477eac9fa30,bec0c036952d93cf,1878,2367,JPEG,RGB,True,,
train/HCBC4.jpg,raspberry_pi_sbc,train,1748520,2568b1d7299a2fb10a175cd154332744fc92bf622f2e6330123e9202e7fbea39,2cb2430f540b6814cee219dea645d2cfc84564358b8a882f691d588ca562ec40,bec0c036952d93ed,1890,2363,JPEG,RGB,True,,
train/HCBD1.jpg,raspberry_pi_sbc,train,2112519,d1ef71eb66ef4248219d96e3a5a6273097851e28f30e357f5a571caac026ef4d,d2aab09a737a956fadbacb9f4797d7824cb1286e35a18e8cdaa5ab3456dfced0,fed08187c12dd137,1949,2563,JPEG,RGB,True,,
train/HCBD2.jpg,raspberry_pi_sbc,train,2002852,c1eae63e6f20ed11f818584321a3dcbb98285f27c82748f89c8d972e3906952b,4d9ade827bdc5811e4daa0fce5ac39bd6a896a1fdc72aded133142578cacc030,fed08187c12dd137,1939,2575,JPEG,RGB,True,,
train/HCBD3.jpg,raspberry_pi_sbc,train,2079886,55cb64da8bd381c544504b25528ebec63fa59bc5a2f12782e6e5c14511b0d4e3,dcc22419e344afc8d326049a8262e3ea120d0d5e0ea45b19158b622062883aec,fed08187c12dd137,1943,2568,JPEG,RGB,True,,
train/HCBD4.jpg,raspberry_pi_sbc,train,1991035,36c64a8877d71a57bb49405265bcdfb025bf56b6bad5a647905f3818e999e658,0ee12cb38c5b2f1aa2b0987c6c0be7473eb6845768ee1849cb7ff1d0775c2561,fed08187c12dd137,1938,2571,JPEG,RGB,True,,
train/HCBE1.jpg,raspberry_pi_sbc,train,1573043,ad39afa854cdd8a43d91d735c4c50ec8774020deb1d974a0048c772a64912383,1724ba135669acdd26d29fffa9670489d9aa4e66ff1bd16e792635fbe14b4722,ff618547d28cd036,1803,2279,JPEG,RGB,True,,
train/HCBE2.jpg,raspberry_pi_sbc,train,1537304,de42f4f5d055fcec61a6397a108eec7c5cfd667601ca7010bb857b6e1d75c8ea,bd81ac1e633da5ba1a916377b4d74579a98a2d6766c1ab88e58db8aa123365e4,efe18547d28cd036,1803,2285,JPEG,RGB,True,,
train/HCBE3.jpg,raspberry_pi_sbc,train,1545192,543b21b9cf6ff2626c037d47542f940239eccc210e0622b5129f3418062c0d3b,3cf6329c312f2eb8b45dbd62e14eb429aa94eef3393ef0e222c2578df9d655af,ef618547d28cd03e,1808,2276,JPEG,RGB,True,,
train/HCBE4.jpg,raspberry_pi_sbc,train,1577055,c7709980b40069dc5eac7fc78b0fc8332d2ec535defcf7cebba0884f9272d550,8c58ac573d2b6d6aa677be6d3b115fa421764eb7bd7eb3bb106513672fa4c870,ef618547d28cd03e,1807,2278,JPEG,RGB,True,,
train/HCCA1.jpg,raspberry_pi_sbc,train,1061100,e53e0892417905e93e0c746ff6cb5f3f09886154d351da7d84a5e120cfb13ba5,13bcc9b3e62c00828959e72d7110fa7233c2c03ce6c2e4c364ae98f5b8f52ee3,af0b806cd3bcd2b4,1681,1769,JPEG,RGB,True,,
train/HCCA2.jpg,raspberry_pi_sbc,train,1036486,d6f408899194d614fed73744778308d14ba91d68c69ad36355def21318602f8b,dcb8bda41eb96e26d855ac711ca730bea56edd3c8b308e6c1d93d5df0524c0ba,af0b806cd3bcd2b4,1679,1768,JPEG,RGB,True,,
train/HCCA3.jpg,raspberry_pi_sbc,train,1034988,525d75410c094c95ebe3f902a224e1b06736907d03528a96c572e46a33ae976c,46452b1d064183be30f6fed20570b79298276dbed6a2d75268e146ced58d47aa,af0b806cd3bcd2b4,1677,1769,JPEG,RGB,True,,
train/HCCA4.jpg,raspberry_pi_sbc,train,1020818,e3003a46b0cdaa751d991b616b1ab24c0ee6ae308e151caa92f8b23cc4af83fa,3c9074902d9e9b1f267864b3913d866bd486db9ebf152e1ed2ac0d64cc83b428,af0b806cd3bcd2b4,1677,1770,JPEG,RGB,True,,
train/HCCB1.jpg,raspberry_pi_sbc,train,1398333,01231d4e802bf82b2c3a3a95a566ee7f8f6945cfc1d5397fdda0b62fb3abe299,6053848b0325effcdb3ec4b727c4a77f7ed2b4c3315200c4d0e259a13106ad10,af42c02ec3bdd2a5,1777,2122,JPEG,RGB,True,,
train/HCCB2.jpg,raspberry_pi_sbc,train,1407876,302d1f77600a9a08933632652b95cdb3bb62d99fbd527dc725cb4d14aca6d0e8,181878fe682dfa98c6419d823327b905991baa2e4ab864b0927f4c0713626e5e,af52c02fc1bdd2a4,1768,2129,JPEG,RGB,True,,
train/HCCB3.jpg,raspberry_pi_sbc,train,1461688,7305ddfedf094bb554d6077347d5bf83cb05b11dd5ebeb9eb08f135bf463c2ba,46b52d638f5d812aecbe8530242d5b71bdfe1f9b6b3d201e828d531d18e56f73,af52c02ec1bdd2a5,1768,2123,JPEG,RGB,True,,
train/HCCB4.jpg,raspberry_pi_sbc,train,1452943,4699003ff8cec3971c61f5ceb39de59d0e3f6d58b15af19b1f2537ee1371380c,44d7026bfabcf6ba15fa905d583adcf4bd04b8b89d5bddb0afa128bdbb9589c1,af52c02fc19dd2a5,1767,2126,JPEG,RGB,True,,
train/HCCC1.jpg,raspberry_pi_sbc,train,1760730,7f0cc6238f531713c269bc4e75b5b0283b50b7b54bf7df1c443ea0c0de8e4a87,8220ebf228f98a5cb20e6bfcc53adde44c3214b0af24ecb14b05f00db6f881f1,bfc0c08fc32dd227,1753,2250,JPEG,RGB,True,,
train/HCCC2.jpg,raspberry_pi_sbc,train,1655219,9aee5e1280ea1755348307ec3af0e8920ac99d9528197804720721e4726e19d8,53f5fb2ec5bdc1723253dadc335a3c736571124be33ddbd904a564d69f5b1ec5,bfc0c08fc32dd227,1760,2246,JPEG,RGB,True,,
train/HCCC3.jpg,raspberry_pi_sbc,train,1619600,70c6fe56dce9f6238be6e4a53b0a703bfadc3824da91da15a2dffd30763e7cb0,07b0392e837be326489f0180d9f5bfb254355b29488b0d6af339d15b86a77e6a,bfc0c08fc32dd227,1754,2248,JPEG,RGB,True,,
train/HCCC4.jpg,raspberry_pi_sbc,train,1662609,e027d1bd55921e4b4f2deab624c0e36952fce13e6a8a79946839783f61ed0352,51a8ad6652ad0f2e86b1fcbada307c88187a2b647d55a43e60d2f93a7d356987,bfd0c08fc30dd227,1763,2253,JPEG,RGB,True,,
train/HCCD1.jpg,raspberry_pi_sbc,train,1547139,df102ce5b3a38359212f7bee8ba6a5a477ec5da980ef6a4db76a75d9a906c79a,dab670326e7a9e68718c38ade4fc18a3849bea74e096924915e7b735835c46b5,bf91908ec38dd266,1750,2250,JPEG,RGB,True,,
train/HCCD2.jpg,raspberry_pi_sbc,train,1568175,500bfa76dded4b8b952fece258e1a2d2b4d5152649a1889b2525e8e7a447cbca,5fda502faa8fb19f5da29d7dc652e5df09111660f685b1f2ab5bd03dc3cf3de7,bf90908fc38dd266,1757,2249,JPEG,RGB,True,,
train/HCCD3.jpg,raspberry_pi_sbc,train,1634605,97d8c109e36dd3fedc61371826c6dd7944d3e09e9a677ffe65a4cfd9276232bb,651a05c325f209d425e86e0575beb3c4985d970a9afd97f08743d84e42580f7d,bf90908fc38dd266,1750,2248,JPEG,RGB,True,,
train/HCCD4.jpg,raspberry_pi_sbc,train,1538530,fc1bbfb12f74d0e1fc982710c5a29706371d086f4a40b57122f323d429e68390,731c828a26c184fd490676f500dc9702eb03ce3bc807b98ab8b33667a3af04c8,bf91908ec38dd266,1746,2247,JPEG,RGB,True,,
train/HCCE1.jpg,raspberry_pi_sbc,train,1201167,518de4f899ef7c025ae97446bb21392d9c37263d455d29145353f011c791debb,31159b66aaeecd61344869f28d36a1831ba22cc811d717c3b6f4f26cf21b7f89,bff0809ec28dd266,1685,2031,JPEG,RGB,True,,
train/HCCE2.jpg,raspberry_pi_sbc,train,1213931,f2a5a6ac9f3e098150650f175eadf0ca2b899e6f4f640258058db2f0ae06e05a,dbba39336d3ec9664f9f4af748d7df461899751c57cdb3881a150c228fa5b3bf,bfb0809ec38dd266,1682,2030,JPEG,RGB,True,,
train/HCCE3.jpg,raspberry_pi_sbc,train,1166434,3722398f826e36858bbd92d1210bbc805ee934dcd8b1646940b71fd8b70c89c8,41d3af9d174a16f2fe1d504f1604dfd24763d7cd8037f13143a08bc23a1282f8,bfb0809ec38dd266,1681,2030,JPEG,RGB,True,,
train/HCCE4.jpg,raspberry_pi_sbc,train,1167168,55d38e3c71ac64c53992021f2527f205dfa1d237c7a6adfb5ac21d3487b67a52,6b528ffe15d0bd0ec6c21bc5714680de63381b1556d1f1dca666b820213a75a0,bff0809ec28dd266,1687,2035,JPEG,RGB,True,,
train/HCDA1.jpg,raspberry_pi_sbc,train,1388827,178110864d789077fb9057c54409ebd221c1842278613a400c5ae2b70eac8677,1b8319be161e80c7bbc9ec8a1a02a44b6fcf7fcfc6ba93aeb1c8458901689915,bfc0d06fc22dd096,1842,2104,JPEG,RGB,True,,
train/HCDA2.jpg,raspberry_pi_sbc,train,1368417,eb5d391014102cb2ffcd62e0c5ee020c28f960f25114fe087a44bdb0e82fa6ac,08026eeb5b4e9f4eb93af91793dfbce4e73f9c162f244f4aa0ec7021c42cee16,bfc0d06fc22dd096,1846,2099,JPEG,RGB,True,,
train/HCDA3.jpg,raspberry_pi_sbc,train,1391339,a9b3128c7557ce281d050684cdb68f1b25844b3de2537d250138eb25eb4a4850,3b9d9d68363f52233845564f1f6f8e774b177baa6b594a72eebd921400b0cd39,bfc0d06fc32dc096,1852,2098,JPEG,RGB,True,,
train/HCDA4.jpg,raspberry_pi_sbc,train,1387542,88d41575669fa7110b801fa2331b2d75d3a901011c285b14affdcd7d22c71c2f,a1f609d34b0608fe7c515d0cc58821603dd8aaa50385e208964b2b7185c33267,bfc0d06fc22dd096,1845,2104,JPEG,RGB,True,,
train/HCDB1.jpg,raspberry_pi_sbc,train,2018225,51e612d8ea22d9bc37dfc90507f86cde436c91645f449d9f6fcbfe9bbaa6137f,66019e363b6d354707e60da767be03a6f993236eae39197e107847e827343a20,bf83906fc268c2e6,2010,2482,JPEG,RGB,True,,
train/HCDB2.jpg,raspberry_pi_sbc,train,1935205,307b6e4508612da8fe406dbd13f0becc41b540571dca7ce825ff41edbcdadb03,92eb78e1fe2a0ce5a1ad2d75c3b36b6554aa179e937512c1c6505e92e6987299,bf83d06fc268c2a6,2004,2476,JPEG,RGB,True,,
train/HCDB3.jpg,raspberry_pi_sbc,train,1937420,bdd54c08a973f6553f3db5435d7b4477eff2c4a7038606f065b8d6c5df7e5c23,9499eac8c61ea117f9f009ba67369d0a6b92b5213b530bc4ef26e0f5f46ff649,bfc1d06fc268c2a6,2000,2465,JPEG,RGB,True,,
train/HCDB4.jpg,raspberry_pi_sbc,train,1926831,f29495c94bbeee00109e5d9f121e0f23a38780589c86f69d4d172582f62a216c,f595c5e1e924ccedd01ebd0cf3c79c6937c68e244f330328804d1d8a90af16de,bfc3906fc268c2a6,2002,2468,JPEG,RGB,True,,
train/HCDC1.jpg,raspberry_pi_sbc,train,1324705,7cb76c45e586b1555d6e0d9c59f219400d9f9980a730b69fdda01e00eee6a3de,fc37bf2cb613b1443af6abdf4db030def83fe2738dc558eb5c52aa95faf13f72,bf97c227c2687074,1720,2108,JPEG,RGB,True,,
train/HCDC2.jpg,raspberry_pi_sbc,train,1311234,46e08404fe3b91aa5ee7c79e1252fd656508804f5c8d5a92f30d77fb0b29b1be,38a58b40949cc792e6913c7fb0a43f0097fb315d9a9c1becb476398be308fcaf,bf97c237c0687074,1715,2108,JPEG,RGB,True,,
train/HCDC3.jpg,raspberry_pi_sbc,train,1292696,d50df4a56e5c6ad58ebb5243cd8f39adba02dacdca5724d5a563443afea7c05e,81e1ed6bfbd42acb16464dfe077615fdd1d48cb6922557c4116419449be78fca,bf97c227c2687074,1721,2110,JPEG,RGB,True,,
train/HCDC4.jpg,raspberry_pi_sbc,train,1267736,4b931239194a19809d732e0ba5b40e0c780dfd04cd3070d31936015d1dc45bc4,f50e3448a18f44fe0055966f65886de2df016197d610c556c3fd55f3c7f32932,bf97c237c0687074,1715,2109,JPEG,RGB,True,,
train/HCDD1.jpg,raspberry_pi_sbc,train,1451969,124b3f838bb0c1dcbf7ee5e92a2ea0f6b63839da7ae63319a92f5a6b89d12e13,1061d86661e3da80fefbd10f49e8491825ec7fe66baa567976c09ec78dfa8eca,bd97c386c368f034,1751,2183,JPEG,RGB,True,,
train/HCDD2.jpg,raspberry_pi_sbc,train,1572123,f93e5f2c3512ea37e8ff8d72f753dbf0f056799a0bf4a5b89c261955c63dda66,6dfd3b1f55debdbd757d1a13af1af82ddba5c1126a63dac92a00498dd9465f19,bc97c3c6c368f034,1754,2181,JPEG,RGB,True,,
train/HCDD3.jpg,raspberry_pi_sbc,train,1509538,63099ec0207da63fd7e9cd85a305887464d3879d39e122969f55f168bb8cf503,10a8ee5229827a673075b6d152f6e9eb065a40437b9f0c6dcab4dedcf78a0775,bc97c3ccc368f034,1765,2173,JPEG,RGB,True,,
train/HCDD4.jpg,raspberry_pi_sbc,train,1450024,516d29cd1f97a5e0e64ed77ff442294773710ab04ee0b378ac307b1cf6d93926,de5106f9816462f57526aa88f2759ddfcde96891568b69498b57a56499eb5a61,bc97c3ccc368f034,1757,2174,JPEG,RGB,True,,
train/HCDE1.jpg,raspberry_pi_sbc,train,1165572,7d57533cb9fe16297f397faabc0cfd855364fe194f775028773c1ef1bdd5e93d,656d55b60021d7364c799c324a5e9b344492c1a0734ebe05f83b579d6a77b2cd,bc97c2c8c3699666,1633,1996,JPEG,RGB,True,,
train/HCDE2.jpg,raspberry_pi_sbc,train,1204478,9136591ce41f9fab2376af8937a69f60de3f2dfc28be8ff619c61b1201ca1071,6c303f2be5d0df5c21bc819ddf4e438dcb24f6db70d756b75efd83474da61ab1,bc97c2c8c3699666,1635,1994,JPEG,RGB,True,,
train/HCDE3.jpg,raspberry_pi_sbc,train,1191775,a80a238ac1be186d2bfeb128f73e74cdcab10d4ac24cb52b8e369524b746a8c3,a9e6c7b56a02ef11362991a2616db5e5e27b87cc9274806d6c5f4d1d63eefa4b,bc97c2c8c3699666,1633,1998,JPEG,RGB,True,,
train/HCDE4.jpg,raspberry_pi_sbc,train,1211729,a46f5d7866304d0cac987fcb11a907142fc98d7f6dee316d00eb8ccb928e876a,4a81efad225801ca7b8d7b125a9c59b3702979ba9b32405a099c1de2b10862c0,bc97c2c8c3699666,1633,2003,JPEG,RGB,True,,
train/HCEA1.jpg,raspberry_pi_sbc,train,1126736,e464e965edf6f8a01021ad8f70fef10c6a546c40247dd33aca88764657fbcaae,6dc6c8ebc08783a96a2ac4ba46c8c78b2aa67cdd48bd6c0174d99945922ec2da,bfcbd034c06cc396,1702,2013,JPEG,RGB,True,,
train/HCEA2.jpg,raspberry_pi_sbc,train,1196838,e978f595bcb9e608907846e65f3123888d961bfb3a969676a445c596aa5b3067,cbb90336797ed536c0369c4630bb014032e2c6572388330eed9e00f2dd3c3c62,bfcbd034c06cc396,1691,2012,JPEG,RGB,True,,
train/HCEA3.jpg,raspberry_pi_sbc,train,1154032,daed33956b20da1ef16601ffe7b8132c98ae458bf813e8779b07e69bb23008d6,871d779f031682741438ac7dd884a60d53ad8d2293e9450c14e978e1ee2f1e32,bfcbd034c06cc396,1685,2015,JPEG,RGB,True,,
train/HCEA4.jpg,raspberry_pi_sbc,train,1176611,a6006e5f0ac10a806ce0c479df1909999097bfeb3fc90ea18e2ebabcb8c7864c,0f0d115cff8f58da3cc21bc35fd9c850c45094a917a865a5921c05f40b1c7bd4,bfcbd034c06cc396,1681,2026,JPEG,RGB,True,,
train/HCEB1.jpg,raspberry_pi_sbc,train,1640175,46d3d075f5b4c29fd03f056128b6bc597f1545a11695cd4f67b02a5a66933cec,d0f6793ea1213d5d3c0241fd9f79a70b752cc73d560bfa97bf72424df299e6f7,bfc3d22dc868c296,1851,2350,JPEG,RGB,True,,
train/HCEB2.jpg,raspberry_pi_sbc,train,1728851,f9deca0d8ddbeb2f9c7cf82c1f39369746392d2f61bf1d7f3e4288fe9fe2574a,f9fb01d8259cd9ec200c75d38d7a906ad73ef76b21a601bd1e709ead401b20ad,bdc3d26dc068c396,1868,2357,JPEG,RGB,True,,
train/HCEB3.jpg,raspberry_pi_sbc,train,1704014,ccd465b85a0c475074be9380ca2719bb15b5cbbb0273f3e5a4af16ee633952d4,ff29fca864ac657f7ceffb08eb9971ea11ae547ed5012b6c88cbb92f768b40fd,bfc3d22dc868c296,1871,2365,JPEG,RGB,True,,
train/HCEB4.jpg,raspberry_pi_sbc,train,1679457,04472e6016d8a28a04d4a612ce461eb61237bf87d83d33d5d5bd0dd3d9e261f9,091563eb04f50c613ca852628e8c124c9ed635447c5535dfe18c7be86fc9811c,bfc3d22dc868c296,1867,2359,JPEG,RGB,True,,
train/HCEC1.jpg,raspberry_pi_sbc,train,1069314,74506972fedd868f1af51ff8139cd97fe3284735e17500c91a896fe7f630fdfe,fea304b064d26c3ea4c5a166d66f5789faadb8c07a571e6bd24701a4cf0a1df2,bdd2c237c169f034,1586,2057,JPEG,RGB,True,,
train/HCEC2.jpg,raspberry_pi_sbc,train,1057451,026382eb4ba3b460516befd68865f0fcc457b23d8e22f4cd9bcf01adc9c220b4,cb205700042929e985a822c7735c331342e256e606443712e37adb26dd70a64b,bdd2c237c169f034,1587,2060,JPEG,RGB,True,,
train/HCEC3.jpg,raspberry_pi_sbc,train,1049042,d65bf1e674a8367de99e11cd5762b8e9943e5387285a1559df6211e60e0a7470,666e054e16c4f8f23bd312477e925a3cc016b205e87b166b0436aec4b788f064,bdd2c237c169f124,1576,2059,JPEG,RGB,True,,
train/HCEC4.jpg,raspberry_pi_sbc,train,1055858,f09b154c76c00383d5dc639e361f0d9127036f5f04898b7679b1337f0a088536,5282b1f459d002517af155e108c8f9df22c9df5ff79f661c2f43033bfc015894,bdd6c237c069f124,1569,2060,JPEG,RGB,True,,
train/HCED1.jpg,raspberry_pi_sbc,train,1023030,cd0ab16b69705794b047196a0e291c88c9e47c241d49b26e604972fcd3e913ff,cbedb7809a63685901139987edfaf93051cd4552a6f94ecd9042afb2012c6f49,bd97c31ec36cd060,1529,2106,JPEG,RGB,True,,
train/HCED2.jpg,raspberry_pi_sbc,train,992473,7e71c7c8e96ef52273eded1b9edce4b5397ee0350d132d81d0e72e11d4bbd433,4255b0abe07b547ab894382f4492ef40b4073a713550cbc9e4cfcfc3adece38d,bd97c39ec368d060,1529,2101,JPEG,RGB,True,,
train/HCED3.jpg,raspberry_pi_sbc,train,995674,cab6b5801740c7945e436cfbbac9c1a7138098c2008623a614f67fa8a8cc4992,e115f2db2c493a775e1d267763ca2af3232b4db6f9ac34857c5b17172c7cec5e,bd97c39ec368d060,1531,2104,JPEG,RGB,True,,
train/HCED4.jpg,raspberry_pi_sbc,train,986476,9cbdbb861fbc8df8cd721f7cda0945cd4af6a50d5c75c6c722107279c4392a93,2447373db6a201fe6672a531b242f9a0ddc50c6851e88fdaf5dd71a2f4960063,bd97c39ec368d060,1530,2105,JPEG,RGB,True,,
train/HCEE1.jpg,raspberry_pi_sbc,train,1026596,ed44de289825e0f66ea7373df5fe987569e17afacb01aa633312e6c8de17c2bc,99a729e249886f7834012200e5c617b5a02af1c4004f2b34ed0ec7e2f4a68e19,bc16c378c3699663,1516,1979,JPEG,RGB,True,,
train/HCEE2.jpg,raspberry_pi_sbc,train,1025146,2acc5e1e72a3b2cfb392f57751daccb05df192203743f5b268fa59eb5b300cc1,30406f50377074d51a7dfb43db92e9005222ec1d36312b3c9e65e7cdf882d61c,bc96c358c3699663,1515,1976,JPEG,RGB,True,,
train/HCEE3.jpg,raspberry_pi_sbc,train,1040825,950a9d5ac27d508fca498c5379b839e757f60211eb279e8728136d40ed3978d5,060c2cc898aa60fb73b411fa118f6f75d99871bceb94b44c463259780e594784,bc96c358c3699663,1517,1972,JPEG,RGB,True,,
train/HCEE4.jpg,raspberry_pi_sbc,train,1001237,ce7a5d3141cec75469f5e3f62be344b998158e47cc68063911c6477993a41244,c8f71a3070d43a0bba1eb2e064ec2f93ee187e6081288a7182b3e21a0de95e50,bc96c358c3699663,1511,1982,JPEG,RGB,True,,
train/HDAA1.jpg,raspberry_pi_sbc,train,1010477,240f5da3713f02e5fdecaece2a17a2951f1548f880d99cda0b0f538ccc87a1b3,0033ce57979417d554486e57a54e8c3d3d44b17a289a5a4534543f254f616188,b89ac5359bc29a65,1634,1933,JPEG,RGB,True,,
train/HDAA2.jpg,raspberry_pi_sbc,train,996838,f20069e2cf03fc4ddc2b1c36d781152b010b88313c19bd8dc100d0d9b9abd700,472d7d6977f51612fc74393c3b35c7c6dcfb90c28264be3a91e28faeb73c905d,bc9ac5259bc29a65,1624,1922,JPEG,RGB,True,,
train/HDAA3.jpg,raspberry_pi_sbc,train,992453,fa7d4ea6bdc7b909dbd82872c94ca953bc15bc5f686cf38c92e5966f2f1703a7,b85d31146a79821dea5aeaa9e98a556c54292ae6f499b159a492ce0ad78a0c63,bc9ac5259bc29a65,1623,1925,JPEG,RGB,True,,
train/HDAA4.jpg,raspberry_pi_sbc,train,1004529,7d4ea2bb537834234e815bfa2c3a902acac098d11e7673bbad8d9bd6e2383167,b1e45c995921ead41709950fe5407c6739b080daa0af15df1f66d9ae21990d40,bc9ac5259bc29a65,1623,1926,JPEG,RGB,True,,
train/HDAB1.jpg,raspberry_pi_sbc,train,1216754,63060f8aa08aed26293e2478f8ea048c093a2d2bdaa59312495bc035ce478540,080fcabe35a7dfc6ab755862d6722604ff3a04b88d64edda2c11bcf2fdfc4025,b8d8c7358de29ac2,1704,2140,JPEG,RGB,True,,
train/HDAB2.jpg,raspberry_pi_sbc,train,1245990,926d47bd1dd4da3e0d17dec01aa56cad8f05befae27e147c2f1564860140d9a5,3c2e85add55692fb34d85d81927f01a06e30cff16b9035ceed0d9c65ad0ede7a,b8dac7358de09ac2,1686,2136,JPEG,RGB,True,,
train/HDAB3.jpg,raspberry_pi_sbc,train,1219248,08d3138eeee2e2055745d6cdabdb09e2606c972ca3339b5fdb8f2e5301231e2b,41ab5e3a77de6fe68a37ac67ab5cc635f41b3f2559b12b8d4367c24b58989cf6,b8d8c7358de29ac2,1699,2141,JPEG,RGB,True,,
train/HDAB4.jpg,raspberry_pi_sbc,train,1267909,cbd603a924642d462d7ddd3ced918616a3ac49370697bf55d1433eaccaf3e3fc,6d015a1394cb0ede95ff848ba09f5e3eb275614f0fed39ce5428c75ecc7e068d,b8d8c7358de29ac2,1699,2139,JPEG,RGB,True,,
train/HDAC1.jpg,raspberry_pi_sbc,train,1873052,aace65528272d63c1a1625607ebd74c3d3f9a72bf478273580dedd6ca304195d,f3f000519eed0211d0a66b578b47c3d9c6c4e7fdfbae824b8b041085ab0cb144,ba40c69fcc2d8b93,2080,2408,JPEG,RGB,True,,
train/HDAC2.jpg,raspberry_pi_sbc,train,1827740,9a7518b1693985cef9c40bc98268010feecfe7e96df3abc0ed780832ea77c434,1b7d217e74136d1a623403a8fdb701b1016d1a38846fa296ec084c57cb0dad27,ba40c69fcc2dc993,2070,2398,JPEG,RGB,True,,
train/HDAC3.jpg,raspberry_pi_sbc,train,1822370,e135b3ac559053cc10f497e2d580a3fc117180a89eeb39a6fda01ea939cea942,f79564cbc737ffff1a83c473d8c6a07e60339a20653c10adb68420e7285936bc,ba40c69fcc2cc9b3,2072,2391,JPEG,RGB,True,,
train/HDAC4.jpg,raspberry_pi_sbc,train,1873188,0b7c9b3bc4f6f0a150993091bf1b82f2d33995e1287aff9248267f308f214cdb,dbc2be127e2ad1a118bb2f6c544e6e35b9c42406b9e97a8376e7c0c64f30c03e,ba40c69fcc2dc993,2061,2392,JPEG,RGB,True,,
train/HDAD1.jpg,raspberry_pi_sbc,train,1511515,8537fa916b180428ae909dcc5e971a8c0c2ba54ec844afe109a1218461933231,38d4232189537eb0a69a066d1e7af32efcf9da24adf77f5c0fe8b38128b211e1,bbdac637e4241931,1955,2378,JPEG,RGB,True,,
train/HDAD2.jpg,raspberry_pi_sbc,train,1466776,000da76a29866c022c47e80ccddde84754b9b632ede6cefba25c9b16dca2fd40,4345a9e1c035fa7e5d35dc6cad810e2f6b2e027ad57669e772fc024be61b468e,bbdac637e4241931,1942,2366,JPEG,RGB,True,,
train/HDAD3.jpg,raspberry_pi_sbc,train,1478410,99711fe8d8e746d3ab22b4eb1b2c2216f35732eb3e1b4f2728eaac8270c50dc4,4fb28033a0f83eaa388b9895e923719e252a1636db3c623de21f86c166e2dc82,badac437e52c1931,1934,2367,JPEG,RGB,True,,
train/HDAD4.jpg,raspberry_pi_sbc,train,1449865,7d68d78439b3f8903752bb7875ec4675c1c921a9728d67c385bdc0730c1f33c1,399389e7016b352d00e35488f0d75230915ea40a470b9f1e928704420b7a1be2,badac437a52c1b31,1908,2356,JPEG,RGB,True,,
train/HDAE1.jpg,raspberry_pi_sbc,train,1467341,5dd2c2a0bf63bcc2c97a726586ea3f84e23d850286cd1f1bf978764c37fbfcb3,2c527debf6fe5ca49ceda8ad25b1c9380b0b54a0249533ad38ff5c6e7aead087,b2c1871ec92dcb72,2036,1997,JPEG,RGB,True,,
train/HDAE2.jpg,raspberry_pi_sbc,train,1481085,9ecc1662e8e9d3b18b19467a8aa34a4def1fed2f708711f28536118a3f3b2324,2e0ef16a129d1171f418863be100eb8c53a36d466e3ad6187d4bb80b5f75c1c0,b2c1871ec92dcb72,2032,2002,JPEG,RGB,True,,
train/HDAE3.jpg,raspberry_pi_sbc,train,1443921,0b1ae656903a6f8b02881fdbb38002347734812c52269f0897f0729dcdafd385,425259462140743f45cb79127c1636529522b990e79b18bf6af3c91cd0c8450f,b2c3871ec92dcb32,2032,2003,JPEG,RGB,True,,
train/HDAE4.jpg,raspberry_pi_sbc,train,1447544,bc55b0af658bfa73027b0389f5a8077acf100145bcb0f488058f368d9984a293,09b8f8ce6d2b15bab78d28177b6cd08e2d264256f59bda67073cc58f30a73699,f2c1871ec92dcb32,2037,2001,JPEG,RGB,True,,
train/HDBA1.jpg,raspberry_pi_sbc,train,1083027,f6d217683e12740caa17e625052cfc833dc9c1fbe018a06377acbd5c534af0d7,83b1da264c3e5ac674bea42f06d52911936ac07f039e66c1a18dbab400d10ae6,add8d0359bc49ae2,1798,1978,JPEG,RGB,True,,
train/HDBA2.jpg,raspberry_pi_sbc,train,1067439,e3ff7ddbd988b77ef861c08cb14bc2ae1a921256bdfccb33241dbcecfeec43ca,3df26d15a5c7f11ca276e3ad2b55bcd5eb56d57002e8734a105d8626e3184297,addad0359bc49ae0,1791,1978,JPEG,RGB,True,,
train/HDBA3.jpg,raspberry_pi_sbc,train,1105058,6690ed3eac90d2c714d9f638829d0de7aceb56254b7bc2548ecd3d565428113c,75b5d66c44032d6745ce938955296a72b13bfb5b19488ad9d450e8f3e78b2f82,add8d0359bc49ae2,1797,1981,JPEG,RGB,True,,
train/HDBA4.jpg,raspberry_pi_sbc,train,1119545,7ef6b855d170d82362732769a503ca922e415233de5a4c4f27de83e291b66b17,c78997cdb4500eef13d61f9f52030e57c8936f0d573240a1cee42e8d9016c64e,addac0359bc49ae2,1784,1991,JPEG,RGB,True,,
train/HDBB1.jpg,raspberry_pi_sbc,train,1528084,46d43d0b529acaf988b8f8c1c4b667ccfd0bc30f049bb430ff2079c6b827c725,c89981cd2a71099958cd403b88a95e8e455ee66e6e3240e46fdb25605412d18b,bad8c53dcd329ac0,1896,2223,JPEG,RGB,True,,
train/HDBB2.jpg,raspberry_pi_sbc,train,1510370,fda053ce567a14511abd33e70130d343fc3015253082912a8f0c08400ff82754,2a55fd4b73c048c057b160f9118b568c45abe2bbf4a1ea9e2c9128b5b47096da,bad8c53dcd329ac0,1891,2227,JPEG,RGB,True,,
train/HDBB3.jpg,raspberry_pi_sbc,train,1491912,44db572a4a1f08dcd706fecc5f1391f7fda64133bf96fbe43b7c534204670792,0b178790b9d206674b60cf50cb87b0361c319ae02f6db70c2434b5ff79d26fcd,bad8c53dcd329ac0,1897,2224,JPEG,RGB,True,,
train/HDBB4.jpg,raspberry_pi_sbc,train,1520092,5e0f42d025b4c560d993430828dca23b582414c9065d0c24b4f448548721cb0f,dbe16c1f098af042c0dd2167915ebcb38b0530000dee33a3a9d6be80d19bc7c9,bad8c53dcd329ac0,1894,2225,JPEG,RGB,True,,
train/HDBC1.jpg,raspberry_pi_sbc,train,2099786,b9be4016ca1551d2f9f137cf2be6d452e4b402125b2553ccb10daf10ead01781,9c9395219944372870b9cbdfc25285b1d6baef7635b146b094b150dcd13e5b67,bec8c637ec309a70,2208,2555,JPEG,RGB,True,,
train/HDBC2.jpg,raspberry_pi_sbc,train,1984450,e9428a1f3585a0361ba783c4a1744bd9748ce26f53d6b98fec40230bbc003089,d74bf631c521f4a0c386794bee35c5663b6202b8e2cda669029587dbd4656e86,bec8c637ec309a70,2188,2564,JPEG,RGB,True,,
train/HDBC3.jpg,raspberry_pi_sbc,train,1967588,7d20de8f8fb8c4ee583ed7c26d4e8722c62e61eca2ec169247f24d8830a72ced,a04288eb0a741815f7d86aa39dcfe3c2a30b91fefcd3ed30b54b0d218370b184,bec8c637ec309a70,2184,2575,JPEG,RGB,True,,
train/HDBC4.jpg,raspberry_pi_sbc,train,1918666,a447b0254133a7589db3f4864837ccda0c7b741881277509e80fa576b4d7595e,1c7ce28fb75faf30644cd626a713f252e7070751293d49b0364c22c993b78e66,bec8c637ec309a70,2197,2584,JPEG,RGB,True,,
train/HDBD1.jpg,raspberry_pi_sbc,train,2589294,ce9531680a2896113cd9bc4f07539418899441237d0949c4017e3b8419b37040,bee0ff6b086b3ff94857951421507ac4c772a726c7fc62fc50d03ddb22ba7708,eec0879fc82c9b32,2368,2737,JPEG,RGB,True,,
train/HDBD2.jpg,raspberry_pi_sbc,train,2552177,8fa5274a6e5327ead42bb8b474b7f28bab276785ae9c474dfc222422221b723b,159a42728bbdb089bc669e0376da02b3bce206bb53080a5bbc063557aa190c77,eec0879fc82c9b32,2362,2733,JPEG,RGB,True,,
train/HDBD3.jpg,raspberry_pi_sbc,train,2500188,68bc9f692265da83835f9a0c8637ac246742ea76434fd744794267300ffb0446,25aa0634d3f648b177ec8871b2c5e0ab1b79eb1c7c1dc6852a87c161f826371b,eec0879fc82c9b32,2352,2733,JPEG,RGB,True,,
train/HDBD4.jpg,raspberry_pi_sbc,train,2519197,294aa3abced373d57662a5f249fabdd68e4257c2fff1e24b2ec381e53353c8d4,5b5f06db4ec80d694592e2a37e43ce118e79cbf61d8d26c03bfd477d295b45f6,eec0879fc82c9b32,2361,2736,JPEG,RGB,True,,
train/HDBE1.jpg,raspberry_pi_sbc,train,1577630,f73aa8866c7138869a21efe925f873c93b83c1f5aaabc56357f3e80fbfaf25a5,57d677c5509dde8b1ad90f250e8cfda70aed7e804ae3efda2d8550680ef35591,e843873f983c9b32,2179,2303,JPEG,RGB,True,,
train/HDBE2.jpg,raspberry_pi_sbc,train,1615779,7f5334b422c5e2424d2be760d9b4e9362059faede8bd8015927391de07f35f52,219e3ecae096be73c31ed2ac3fbf95e691d36fda0cd4f6b4db6730879136af0b,e843871f983c9b36,2170,2295,JPEG,RGB,True,,
train/HDBE3.jpg,raspberry_pi_sbc,train,1623445,ff5f0680c80cef3d98abe9996ccadb5dae3d0fbec5b17c73bf137eaa41cb702c,fe26fe82d36ac99fdf9f99d754637480372e7a7ce87fa9fd455e2b38e47b50c1,e843871f983cd936,2152,2289,JPEG,RGB,True,,
train/HDBE4.jpg,raspberry_pi_sbc,train,1649022,80fb8255f22c56e1cc53df655671dbd4fa0b7850896de2a2a15ace657e4aa414,0de75ca349e0a7ba2a08a09aec4d224385d69150fbf5b83010e21d97c0061350,e843873f903cd336,2145,2288,JPEG,RGB,True,,
train/HDCA1.jpg,raspberry_pi_sbc,train,1187626,a54e949b55a19057f48dfb0430383e44c2bab27199ad56c5c5f26df6e7dccd73,5b721492b2edc65a3f96fa49e2ff1334e99c1fe3e0557fd2777dc0a60c7ae4b6,bc7892b79184cbe2,1897,1892,JPEG,RGB,True,,
train/HDCA2.jpg,raspberry_pi_sbc,train,1154074,993b4abfa4b643edabd6e32f067c64346145218c0c9deee2598c20c36dd2b078,ca3773c3aec65f2f98e45a28f30082551d12af75860316847806eac4dfc693a7,bc7892979384cbe2,1894,1892,JPEG,RGB,True,,
train/HDCA3.jpg,raspberry_pi_sbc,train,1173990,4f9debc292cf0165af4993e8bf32fc9213fea301ad12ac0d3d4cfd16aa64350c,ddea4b965c58b46cde3308ecfae5ab9299c3072a891c310fc9d1054e70c1b913,bc7892979384cbe2,1885,1891,JPEG,RGB,True,,
train/HDCA4.jpg,raspberry_pi_sbc,train,1158816,9a8f5de1b1efd725e682d2da4f488ad71f8e9cec7672e9807c8bdd9817b0203d,a792a4f377f75f2fc8b8246326e6931355405ffae8174f60a066ab3ed2280ed5,bc78d2978384cbe2,1877,1895,JPEG,RGB,True,,
train/HDCB1.jpg,raspberry_pi_sbc,train,1821598,69f7e00e31433011929c1f7657b3cb89effa23fd61866daa195c7f3c8a1880e5,50b1f1716461b7fe5a3f06d457c13ab9f3791b8e969bc6bd431b8d3dbe3e3aef,bc78d23fc1948be0,2040,2274,JPEG,RGB,True,,
train/HDCB2.jpg,raspberry_pi_sbc,train,1778987,1041068743150134dda485097a8f721d7d21e250b7dbad2b8202793a813d2239,a9c993a5530e6e3e82efa9911cd8bbe04d8d8b194dc0d673c7623cd75d491142,bc78d23fc19489e2,2041,2284,JPEG,RGB,True,,
train/HDCB3.jpg,raspberry_pi_sbc,train,1714818,c127128a6d62f6244581e1d0cfcb5144f7cdb3a313a9a028672746eae863b9e9,1a2854013e6a620267d694199e3f71a97116d776d6c80d113383fd4d1c405997,bc78d03fc1948be2,2027,2270,JPEG,RGB,True,,
train/HDCB4.jpg,raspberry_pi_sbc,train,1729446,8b9f118637651e8fd0edb38d0e8e3bdb0503a58c6623ef8bfa4a7f3c3ba11bbe,12ea6ddf8e745bd2d0d09324316e455fedbc7351044ee91a1d2eba86f41161b0,bc78d03fc1948be2,2021,2269,JPEG,RGB,True,,
train/HDCC1.jpg,raspberry_pi_sbc,train,1958905,2d56802186ae3bc10fcb10e2a782456c93f05f87a8b22952488b73abf7d47c11,ef46fb7d6a7eb0c21fd5baace19b26dc950bef29dd99dcb9f40c12860f86e05f,e8c1873f9834db70,2132,2465,JPEG,RGB,True,,
train/HDCC2.jpg,raspberry_pi_sbc,train,1953582,aa2bba0835edde3e7eab47380727903d6dd2c98f751c1fadf264ebc58149d5e6,3e2a2227806b83d0b6a549fe1ff5c6258505a6f53bb1bb1cb5b8664984877e9a,f8c1873f9834d970,2125,2462,JPEG,RGB,True,,
train/HDCC3.jpg,raspberry_pi_sbc,train,1981951,72799167afb1556aff95bf10a222892e2249852baed82f53d3bd41a5d8063827,0328f8cbd4aa7aa3c3d0bf4bbfc6b6e24461fba0f5ff10284615e0a922f14607,f8c1873f9834d970,2124,2462,JPEG,RGB,True,,
train/HDCC4.jpg,raspberry_pi_sbc,train,2060718,8c19ebce3c92dca511f7444697973449ce713870272496de882fdede7add0902,499914ba67cf687f72a4a9a1182f3a57b4a7feddb418c8f77f55056f9b3f1759,f8c1873f9834d970,2123,2461,JPEG,RGB,True,,
train/HDCD1.jpg,raspberry_pi_sbc,train,1683983,2742690df514951077cfdc4ad8cd8b6a199a99feb32b528f193b42a63f98059f,ae25d2ba6497eff8d55055963fa7e9c20e0e98b3a289924deb03bbafd25c3130,e8d0871fd09cdb64,2009,2420,JPEG,RGB,True,,
train/HDCD2.jpg,raspberry_pi_sbc,train,1802412,1086213d4c59953c36e1e5413f8d78b97be3d8434831759b7db5fc190616ac9f,f1f391f9c00c3956a41b6c87e255954a498acad11272f8e011e1b768efc25206,e8d0871fd09cdb64,1999,2412,JPEG,RGB,True,,
train/HDCD3.jpg,raspberry_pi_sbc,train,1763172,a64e739d8ed753eba37eb986c65cd73001a3b416fb186b0f3618c4177c243b6c,3c59d8b1896b2ce09d6aa5cb0f914f8d490abcf2bf279dbde106eff260cf9add,e8d0871fd09cdb64,1995,2413,JPEG,RGB,True,,
train/HDCD4.jpg,raspberry_pi_sbc,train,1750483,33dbf8e694dc8cc643e79b465bfe401ce8e91f94b4730a0c19487c1257edb34c,16199334daa338a6929c184f66d8dc98b18c4c31aa950568b183993fa32665b5,e8d0851fd29cdb64,1977,2403,JPEG,RGB,True,,
train/HDCE1.jpg,raspberry_pi_sbc,train,1431794,e0e113be1f8b6e354df17e3ec8abb959a66638d1ec598e73ff1a9590e72f3119,caf05f8a377727e17da278c3c1c1d52962fcbd2079442ffcb2e07a85c1b10075,e852873f909cdb64,1880,2161,JPEG,RGB,True,,
train/HDCE2.jpg,raspberry_pi_sbc,train,1455573,4f2961c57f66ca9b4529acc4c428e809ec2bad09557352b01e470ea6f918ca1e,100cc38d955cb98fa9cb9438dc73432762bf5354124ce7d8037d8b5fa3c0d7de,e852871f929cdb64,1878,2160,JPEG,RGB,True,,
train/HDCE3.jpg,raspberry_pi_sbc,train,1421748,1c80bb99ab7554167ee8c5fe8b9c72b7851ecc488787638f3b1c12ef9589b157,8dd6e182bb765227c0628f8aa677cc146f165645e4865cb1b01d6e3ac4ed950a,e852871f929cdb64,1878,2163,JPEG,RGB,True,,
train/HDCE4.jpg,raspberry_pi_sbc,train,1399596,31e42915826c7a65c58a022e55437e012060a01880fa658530a740498ac5dbfe,ce3d381163768f1978007907605890b8e4dddd997f80d7b57167f5ffcdc7e3e3,e852851f929cdb65,1858,2153,JPEG,RGB,True,,
train/HDDA1.jpg,raspberry_pi_sbc,train,1525229,79deafe53a0d9ca6d77d0aa3642ed15fde1912fe7011a19dbb9b55df6a1d1268,013dee36b97c28ecb72a2ea8c45abf28b7c1b3f707c48dc9e385c606a34f1517,bcc8c23fc9369196,2235,2092,JPEG,RGB,True,,
train/HDDA2.jpg,raspberry_pi_sbc,train,1583304,1caf05b4ab27c6214305ca0a94b32fff249b1bec382fe8a0442c7b05630eb6fe,70609dcfdcf7f526a1947d0b1b9a0463bd0025bf7416a72b6cca841c6e006283,bcc8c23fc9369196,2227,2094,JPEG,RGB,True,,
train/HDDA3.jpg,raspberry_pi_sbc,train,1523689,0bfdecfb11685ff76c85522e5561976a4c0a371ab93a5585b4a63f631b7df8f9,26fc0f7f47c8b153462b7a3ef533a301f112f087985b19285fc35a75602693f4,bcc8c23fc9369196,2219,2093,JPEG,RGB,True,,
train/HDDA4.jpg,raspberry_pi_sbc,train,1514668,2fed9c000218ec882db3876ab30420154edbad5064cbdf1e7ede78549de4fdbc,47754e649c2208de35f115fe0d1e99fa9287b76b20b2a20aa980e4e26064c1d3,bcc8c23fc9369196,2227,2103,JPEG,RGB,True,,
train/HDDB1.jpg,raspberry_pi_sbc,train,2576591,8beafa1dd570948ab0fe3e2c4a5f8a9e910ce2f9ffc59f51afe69e142e0b3113,28557421e781d03cc178db3bd658be9f6e67aba5f0e9ffb428b756415789684e,b4c8c23fc83697b1,2554,2648,JPEG,RGB,True,,
train/HDDB2.jpg,raspberry_pi_sbc,train,2561879,1418b141b41c2bae564d08a30c6935153e4ad6c1d594ad1d967c88ac24b7364c,0ccf77a57de7df340a4b3dacd96104631c25c42563db75610a09d00804f4cb88,bcc8c23fc83695b1,2519,2630,JPEG,RGB,True,,
train/HDDB3.jpg,raspberry_pi_sbc,train,2574388,05b8ea70c8ee77bff3ae245d0a037c0baf974cacd7c0deb01b5fad4243d78236,06c5ad105ebd16b14b16e61a33d5f6ab43ff1f892605e0214edc28854e8b027d,b4c9c23fc83695b1,2535,2638,JPEG,RGB,True,,
train/HDDB4.jpg,raspberry_pi_sbc,train,2514461,3def5323d9d82765a6e96518ea1327d2a76803a0f761502312cc6c774a00f08b,62295507b3c590bd425b481dd3680ab81771d53e4669f44e1814dd926a4ea2e1,bcc8c23fc83695b1,2517,2630,JPEG,RGB,True,,
train/HDDC1.jpg,raspberry_pi_sbc,train,1881834,eef7fd53352dceefd677c35c48e4bfb88e2630d41aa11d6055c12709b1f34afc,cf698d99a6191d0d950c3480683e8db78801bd8a6a087734a676399b01995ae7,bcd0c21ec967b331,2033,2301,JPEG,RGB,True,,
train/HDDC2.jpg,raspberry_pi_sbc,train,1872072,e0863351751871b044357ffdca13a33f225e9ba4b27995eb282e893f6f87b29c,403d237052b32469ed8b51972281c442d8598c54ee869dc98aa07b4aeeef26d1,bcd0c21ec967b331,2014,2289,JPEG,RGB,True,,
train/HDDC3.jpg,raspberry_pi_sbc,train,1836494,dbef85d1e450409c09468d79c3f8c5eb94c8f2a0776894dc00aa571c752a5e15,a1d5ae65f3356d8f400c216816c10e8043c87af93bda8bdcf4f0300fe8504023,bcd0c21ec96bb331,1997,2275,JPEG,RGB,True,,
train/HDDC4.jpg,raspberry_pi_sbc,train,1815292,4fa63fafa92770a6a90c329be9e855ef38a3f7876a8e79752ffe6e350e16c847,c774b17b3ffff431d643029e7b0e286e8485c90beffdc70d2b7c1cf7ad070208,bcd0c21ec96bb331,1979,2272,JPEG,RGB,True,,
train/HDDD1.jpg,raspberry_pi_sbc,train,1656215,f7ba91b8c125f6a031390900dcfda427c14407ea42d004d6ca355a0f3c2aede0,f181b6694798df346f0eee274e448f798c49378680c9403c20b12204125a5863,bcd0c21ec96d9731,1954,2358,JPEG,RGB,True,,
train/HDDD2.jpg,raspberry_pi_sbc,train,1627540,52fbe999829e978f07691f07c3a2ed5417646b139663038b04a17dcbdaa866c3,5a0a0deee717547bd2531bf8877278731b8db1a08252cbc0e2952b29f1cca2d0,bcd0871eca6d9721,1891,2364,JPEG,RGB,True,,
train/HDDD3.jpg,raspberry_pi_sbc,train,1652229,c1f300962077548f7bb24cafb8e395541e9f332d099b95820f11980bd86c68c0,a17bebe2af6a6f68640111a105e0a2a9cecbe3612d04c86658f04f3689ec25c1,bcd0871eca6d9721,1891,2363,JPEG,RGB,True,,
train/HDDD4.jpg,raspberry_pi_sbc,train,1602213,a0d5cc598bbcfce75838e2dc6bfa1ad96db1adbddf27a5a775622ee114302a6a,e669c966a552de355aa5f9a74f1c426bf60086eab5f5d08da4af40eac45a8b0b,bcd0871eca6d9721,1880,2356,JPEG,RGB,True,,
train/HDDE1.jpg,raspberry_pi_sbc,train,1281224,3a2dcc808fb5e7962e0e69e939e2644483a1e1af53115a9ee018338399b4d2bc,697437ab666298348d5e77b4e37bb96baade5e1cc31b622f47693ec1448bb6d9,ecd0871eca689e65,1711,2117,JPEG,RGB,True,,
train/HDDE2.jpg,raspberry_pi_sbc,train,1255466,38a0d48468955305f41adb9d0b36474dbb33303c1fe3644d67bf2c044566e268,c5ace2afdc65e9561edb63adc93f66bdb85668fd73738746ec04ea847e80d7d7,fcd0831fca699e60,1704,2114,JPEG,RGB,True,,
train/HDDE3.jpg,raspberry_pi_sbc,train,1247774,531a8c874ee12a2813e89e02ec09484570272bdbc113173f2b13ad804ac29925,1d2b640c2b746675cdf68367c47e4546ef228f38f3abe5f4ebc6af1cd69f40a2,fc90831fca699e64,1700,2112,JPEG,RGB,True,,
train/HDDE4.jpg,raspberry_pi_sbc,train,1296746,3c7cc631e94bb1abdeb2ff85913413bc6802c75db00ba15e0da97e0449346cfa,865263d26be593228033e9db8646f68ac5153157bc01f19890062f26d2f7f677,fc90831fca699e64,1700,2115,JPEG,RGB,True,,
train/HDEA1.jpg,raspberry_pi_sbc,train,1187732,1c97faa4567c14e41a24456896a0f9d227fc541fd9b0bed6f96e7eee57a02810,10beb16e672ae4606cde1e9b2b61518444c71699595ea28b0e0603ce8bc5e09d,bcc8c337c137909e,2047,1826,JPEG,RGB,True,,
train/HDEA2.jpg,raspberry_pi_sbc,train,1171797,c1e55dc5f10e99902f87e2517108f3515f2fc4c65deaaced22bdad6a22003641,e02d7e91ecb964b6b0e5b5d7e1563d20c38176c3e15fce0fdc2c5cead6fa36c8,bcc8c337c137909e,2049,1824,JPEG,RGB,True,,
train/HDEA3.jpg,raspberry_pi_sbc,train,1201815,5dfab7999247ab6d80af9f0fab0e4317f5c3aa30ec0b4c97c6e243748d8ba281,6409a9618ceb435ded6d41cb967c002a49e11af9d46a56082b09dba9a00f2800,bcc8c337c137909e,2050,1827,JPEG,RGB,True,,
train/HDEA4.jpg,raspberry_pi_sbc,train,1174558,b7262a171bb2c26bf91b6ca69880963ab64caffd625db4d344891e3e24e37128,6761aff8e7745c42225f9bcec5c58eee8f75f47f97692d80696d9374a6cf69ce,bcc8c337c137909e,2051,1826,JPEG,RGB,True,,
train/HDEB1.jpg,raspberry_pi_sbc,train,1991565,efee77f918eeda895a5617ad418ba6dd667def22ecb96661b244d9f7a7f61207,3e58d874bd27e79b75775b8f7164b4507ed098841a8db6f42d4ebe978e6a7e3f,b4c9c33ec8369696,2286,2364,JPEG,RGB,True,,
train/HDEB2.jpg,raspberry_pi_sbc,train,1920426,e51e765cbb6de4f0109a4c0b65dedd429e2800e0462be6a77ee4fac092c69843,efddfb23783b6617b2f9ba2eb68e79d8e6ec07bf1c2d6ac62f31edb7c88ae19d,bcc9c33ec0378696,2263,2348,JPEG,RGB,True,,
train/HDEB3.jpg,raspberry_pi_sbc,train,1903761,aa6e30b8da356c20dde52f85740e13026a22e1f5b85c2e0c431a1f8f219bf06c,75aca3ef9ea679a1ec1ecdfb9091ee105b8fe0df962e99bdd70c33272bc9f6b0,bcc9c33fc0368696,2256,2350,JPEG,RGB,True,,
train/HDEB4.jpg,raspberry_pi_sbc,train,1953087,3f42329d2cc7ec0851674dfe75817cf927551444fe1e01420320a3eabfbf91fe,e3805cafb3ab0b7c6d19cbf8e39cac0186184da549f972e8f5017955907f64e7,bcc8c33fc0378396,2245,2349,JPEG,RGB,True,,
train/HDEC1.jpg,raspberry_pi_sbc,train,1323853,dbeede9119f9dc205f3756d46ef87f82f3774f39c4f892ae952d91390d635f03,72968224894d7a55ddffbf13bf6133f5b798fc4475a32a064bb89cc25e9791a0,bcd88316c96f8327,1804,2190,JPEG,RGB,True,,
train/HDEC2.jpg,raspberry_pi_sbc,train,1560932,505343e007a840cb8dcb603cbc7ca575d9bbaf40aab1f5b60f06929e8ec4548d,ba60339a2a5defee62f749da0ed254729f9a783182d92401c507dddf027bec6e,bcd8c21ec9279333,1883,2192,JPEG,RGB,True,,
train/HDEC3.jpg,raspberry_pi_sbc,train,1524264,30b1cbe09cc0a4a745595225cba0c97c0713df8cfc101ca210b9e1a6b261b676,0ad20d20250fbef6c0aecb518ca33331364f3b906d5335b46989e5ff94ba97fb,bcd8c21ec9279333,1881,2192,JPEG,RGB,True,,
train/HDEC4.jpg,raspberry_pi_sbc,train,1543979,27fe01496b5e6effd61645e6d25edb64b97148ab1329649f1cb1491bdcaffb56,dd75f87be6a0f79b17ba6a1da875e7ddc43c82c115ce6241d6fc6aee9ef81836,bcd8c21ec9279333,1889,2191,JPEG,RGB,True,,
train/HDED1.jpg,raspberry_pi_sbc,train,1456388,5fe7b27d043cfafcec3fd7bf3a14fc7ba78751752d25b1b490b242726ee7ed21,bf22c19d932c2712cc39b67ab1607cd4424f9b1d4acaf0b5ed38e3213d061113,bcc9c31fc9648b62,1850,2270,JPEG,RGB,True,,
train/HDED2.jpg,raspberry_pi_sbc,train,1358903,7ce6122efda29f4161b4e8c5c1c845d0fd94f5eee516f0eb4b67fd3680b9ba62,51f6295e681b9bfab995b5d6eac36e7f657354d16fae05b2f21dfd821af98137,fcd1831ec8649f62,1757,2270,JPEG,RGB,True,,
train/HDED3.jpg,raspberry_pi_sbc,train,1378125,afe829375d54193c75e1e4e7542585da52d7c20bfb0b7d495cdce4fe4ed35ce4,0b381cdc7995d29131239f70344f2638ca0129494f1646e662182a2ae345fc82,ecd1871ec8649f62,1756,2269,JPEG,RGB,True,,
train/HDED4.jpg,raspberry_pi_sbc,train,1345368,587ea68fe209613bcae64f24fd20be1288c1ae2343d7365944156c31c5ef6186,f3683bf651f95a44a5a07fc52f0e2230ee5621316126f518abfdf64ae3b88700,fcd1871ec8649b62,1751,2269,JPEG,RGB,True,,
train/HDEE1.jpg,raspberry_pi_sbc,train,1152429,584380e5bb6dd1043b5698bf593c645b69f13fa364e7636b58206cd3f39c4e44,7695b73188a11f2130a7c29c49ec0449984fcf74df8f184c383e970232c66883,bc51c31fc9601f63,1739,2102,JPEG,RGB,True,,
train/HDEE2.jpg,raspberry_pi_sbc,train,1177663,e2c1f6ab72e284b6db7ec386739c966ce24e77db47ed4ad2f4501b67e8dbb9f8,e3283ab6a61ecb374072d2cb634ba7867040f431096ebe52abd2e64a4067ec5d,bc51c21fc9641f63,1729,2100,JPEG,RGB,True,,
train/HDEE3.jpg,raspberry_pi_sbc,train,1147274,87c2db4c35f485cc20d5cd662b67c9e1e47cfa2e7c209e1189503bc9e688ada5,7bc481b3c37b11d73073c76a0247db63f5a6b3ce2c79f5b08814ef1dd116d2c3,bc51c31fc9641f62,1729,2099,JPEG,RGB,True,,
train/HDEE4.jpg,raspberry_pi_sbc,train,1149828,6719dd8b883b01aa9b10a729024333236d1f96a22f47744d055321eec6c8fb57,b253cb0625e0c62acae8e1acd142f6543b96c82e09e3446fe3089e0e5706ba95,bc51c31fc9641f61,1722,2099,JPEG,RGB,True,,
train/HEAA1.jpg,raspberry_pi_sbc,train,984261,527bbedb6f089e0bc491cda0d327cb4d7cb7061e699de137d14e6b4863334b5a,eb901aca74ecb95e72faea60e9db1427aba70948a7c7ca24c0c99b82f853c9ef,b0d8c7359ed2186d,1747,1961,JPEG,RGB,True,,
train/HEAA2.jpg,raspberry_pi_sbc,train,969384,0fda4d7b7347b9b8b305bbe8d444fc892b2e3a67193df18a296356d7812d5501,64a76f2c0d2f70da331e7d6be816a36cc70479bea3fd12676a76b267c5a3b999,b0d8c7359ed2186d,1745,1968,JPEG,RGB,True,,
train/HEAA3.jpg,raspberry_pi_sbc,train,978268,4e357e283917421e619390a03e9ddec5457622d32e47d4528daadb3f9411c5aa,ba16871ad3ad624bc90249ab390015ca400adfadbc6569daa487947030ac69ef,b0d8c5359ed2986d,1745,1963,JPEG,RGB,True,,
train/HEAA4.jpg,raspberry_pi_sbc,train,974219,cc6cdce30463cd0230e8bddc9a0266c82fc3096f9503e532a3de46576726e964,969ade56988e781722465fb21acce4eb6d878f2328a71807a12e9b63225841be,b8d8c1359ed2986d,1742,1963,JPEG,RGB,True,,
train/HEAB1.jpg,raspberry_pi_sbc,train,1154847,cd4d905dea69645611479b89521292dd4e5127bb152b51fe0ea215970787ff19,ba7a10ee49f395a8d719b92d36561346990c9d13fb82a99a2a51376711edc51f,b0d9c73d8cd29ac2,1789,2161,JPEG,RGB,True,,
train/HEAB2.jpg,raspberry_pi_sbc,train,1173056,5d2a6ebd60e7904b3a54dd9004ad4a268c82e8cf3de2c8bb42b48529638b93d1,53dedec6758f692480e434d947e14c5cce19abe47d1b725b33c9fd8ad1a3543d,b0d9c73d8cd29ac2,1789,2164,JPEG,RGB,True,,
train/HEAB3.jpg,raspberry_pi_sbc,train,1177261,abc188482d2286007830e6fbfc9f2747c23fe9dbc7da39e9910c4280575f56ee,e1b5834743c60427af01e5d7ed7d124036d726316b768892b05a094f1e48d91d,b0d9c73d8cd29ac2,1786,2162,JPEG,RGB,True,,
train/HEAB4.jpg,raspberry_pi_sbc,train,1196985,13b6fde512b73592cd1568d8d8e558437c5c8d03cd37df7a17642f84e76a5d7b,d590934f13ebe96b95003ef323ef2a2ecfbddd0e47cb122bc7f7d9c89f1db4e5,b0d9c73d8cd29ac2,1790,2164,JPEG,RGB,True,,
train/HEAC1.jpg,raspberry_pi_sbc,train,1942031,52e527b7f750a81a29c7fc826cdb81be134c414db6ece85a8fb8c940b355e0da,b6f2ca748f49013ba2f6073ef2bc8b3b31252d61f355e4418287cc7734b389c1,b362c69dcc609bd2,2259,2488,JPEG,RGB,True,,
train/HEAC2.jpg,raspberry_pi_sbc,train,1982710,f12e92259bdddde0a368574dfab720d5b188067cddeaee4ddd902e2718ec25ae,ca7bace93ebe282f23351ceb7eb5a847a870fee94654d75c6a397686fcd31ac3,b362c69dcc609bd2,2265,2487,JPEG,RGB,True,,
train/HEAC3.jpg,raspberry_pi_sbc,train,1952666,f20df5b24891ca3d305b054bff32035bc15d42ceaaf20a688cdadca2d9835172,f359c700e00f3de6c8147c024cb2e79b14ec8e583e9ec9d7b690c663c4a828e9,b362c69dcc609bd2,2261,2482,JPEG,RGB,True,,
train/HEAC4.jpg,raspberry_pi_sbc,train,1875209,f82b206ea09936cd5c4c3f77e75649ea2730a707adad586f80327e6131ca836a,a2c9b3e4098ef3b998eb94682ac28e4c06d42abe4f4a31111669520741ca3f74,b362c69dcc689b92,2257,2483,JPEG,RGB,True,,
train/HEAD1.jpg,raspberry_pi_sbc,train,1958994,7efabc30cdf4917446288710b3bd2bb2684cb2f10e3d551e9f0229225766dab7,c2455bdd94ed75f328c8ded86c45dc5e3eba89c5fd4a426a279e6238ea37f57d,bbcac63d6c601b32,2135,2468,JPEG,RGB,True,,
train/HEAD2.jpg,raspberry_pi_sbc,train,1906531,0fb8872dcb96051987786fd5c85afcdd635d55d2472d4756577950a9f9c685f4,944049d37cfa25a962c446be4a721849ce93a0f5a8ff96ab0b7040dd05311e18,bbcac63d6c601b32,2121,2469,JPEG,RGB,True,,
train/HEAD3.jpg,raspberry_pi_sbc,train,1929359,f229c0efd7a518037dc89bee7035ec5f06c9ce47e028c81dbf1c2b4d0a10ecbe,e5df193b9b88ff386b1130229ecddf1d035abbfd1e5e6e16f1d3648fe514ffbc,bbcac63d6c601b32,2103,2466,JPEG,RGB,True,,
train/HEAD4.jpg,raspberry_pi_sbc,train,1893017,4735ed9c52d280e580632c1593255af0092e53cf610179f280babca9d6f7d480,62f4750f664738bba53863fbc53747a33236a31fea808a331422a3fa290ebf93,bbcac63d6c601b32,2100,2466,JPEG,RGB,True,,
train/HEAE1.jpg,raspberry_pi_sbc,train,1366016,ff3d80eb26ebb42e15e212019ac37a72ab849594112c24d8373861ec3e9d627c,c37388ba70b6780bc6b1bb5323c2f518ced5a02dd07effbacddd01c405885de1,f340863cc9728ff2,2143,1922,JPEG,RGB,True,,
train/HEAE2.jpg,raspberry_pi_sbc,train,1376849,fa5aef2d33655dced6ea8c31914c218311400b1ffa44df617c3a90672cc838f3,8486e46b9bbae1e38abb80c06f6b1818fdb2e91d617eb82e399e1f6ced60a0fa,f340863cc9728ff2,2144,1932,JPEG,RGB,True,,
train/HEAE3.jpg,raspberry_pi_sbc,train,1437656,442732c611514cef8c3511fda5ed54722315a232e1b21b8736d23943537473d3,8c18eae5ef256184e9b4b682cb66748e8e06971a0bd49151206ea5a4fc70868d,f340863cc9728ff2,2146,1938,JPEG,RGB,True,,
train/HEAE4.jpg,raspberry_pi_sbc,train,1360944,2099876830b42f5653f4f44693428f019c3cd764d474ab4868161bfdae7d23a6,11e8a3c9657d00cfe9ca1bd6e0c97f2ef929c03620fd66a156004bd0cdc5effe,f3c0863cc8728ff2,2153,1938,JPEG,RGB,True,,
train/HEBA1.jpg,raspberry_pi_sbc,train,1311443,7c7665bfe6ed297497e91e8b7a06bcd8798c43227f6047b17282d95cf06eded0,3fba4b07294332bcce627870b0145edc024cc43b5cc9d44bd8583cf28ea21595,bcd992379b604c4b,1994,2059,JPEG,RGB,True,,
train/HEBA2.jpg,raspberry_pi_sbc,train,1298137,bde3e05540d998a1df900a39a0f2245430d363ab77ba1d342ead466331c015b4,9ea606de22d696f4faa20d2a8a67a5a18486ab081e4fb9f6160d44b0f73e0749,bcd992359b605c4b,1979,2051,JPEG,RGB,True,,
train/HEBA3.jpg,raspberry_pi_sbc,train,1315897,47060f52512992ebc44f84a8c2bb4b39ad3b84d8109ec9020cff83f2fdcfffbe,f3d50a38bf4eb4ae364b9ae64a2e983d6cb78ddea5b8e1cb034a57510a8784fb,bcd992359b605c4b,1976,2058,JPEG,RGB,True,,
train/HEBA4.jpg,raspberry_pi_sbc,train,1313757,39d32b7723fb11ed47955fcbaf299ccc10531e460cb400f60cafc703b930a2b0,5486f18c77922ae6ec7698eaf4a28ee4e38b64d472e8ed1aa15d88d9d5fc54f4,bcd992379b604c4b,1982,2067,JPEG,RGB,True,,
train/HEBB1.jpg,raspberry_pi_sbc,train,1585217,385745d97286debbeb9e0c0eecf626cadc3bec923a8762ade4d5ee208af2cf28,3375891dce4fb7732330cc5d2fd5f8924f64d99603053a2412aca6dde1d5db4f,bac8c33d8cb29a69,2009,2238,JPEG,RGB,True,,
train/HEBB2.jpg,raspberry_pi_sbc,train,1574095,18013f38d09e0e1910f3a9df8e562f391cdcb80549c445ec8b12525241fe18da,d517cc053beedce2b1635a94d731051096f68723c655d745b202b56ba3756b74,bac8c33d8cb29a69,2004,2239,JPEG,RGB,True,,
train/HEBB3.jpg,raspberry_pi_sbc,train,1522058,404c9a928609a28bce7243d860120269855223c734c2c42692e4164c0008fee8,ca1487de0b5e3ad0b38ac6aba150183a2fd269aa5b46d73dcf7ef623be581aa5,bac8c33d8cb29a69,2005,2242,JPEG,RGB,True,,
train/HEBB4.jpg,raspberry_pi_sbc,train,1542308,305288cdd5eb076df81ba6a2fb4f83035a2d051e28e5fe6a11a8df90eda252c6,18566b350fafff55d9626a750d8b3c89075ecc6afc31f9ade58c669b73d8a051,bac8c33d8cb29a69,1997,2238,JPEG,RGB,True,,
train/HEBC1.jpg,raspberry_pi_sbc,train,2068234,13dd0e939d2ace623f52eebe721566fc357d1a568fbb2355d8f6ed79590524bf,2c701b831496165e158b9acb0925b565ce728c1a484b499ee3a68839ca6b1a20,bbc8c33f4c721331,2393,2553,JPEG,RGB,True,,
train/HEBC2.jpg,raspberry_pi_sbc,train,2029338,8cc48e3ea26f0ad00108557a884a023def942ac6931dec289754b9af26c67b35,53f3fcce43bbf0d27e8a30d8a05d905d0bff9b30c908ccf591884c261befa628,bbc8c23f6c721331,2392,2555,JPEG,RGB,True,,
train/HEBC3.jpg,raspberry_pi_sbc,train,2004056,f518392523cc4b2b670204bbdcc0653d928e16f28612332bb15888f9d291c281,1c9d16b4a39413545b3e769fa3a687229d8a373bf80147116f47cdd64c2eca0f,bac8c23fec721331,2381,2555,JPEG,RGB,True,,
train/HEBC4.jpg,raspberry_pi_sbc,train,2042762,c69a4305875f338e5901f098f804192684a04a0fa7e6428f12d96752b0a04a6e,6ce1ee70c4ccbc3bd410ab893e3db7976f4b906836e1ce5d1bd817bf3cdc44f1,bbc8c23f6c721331,2394,2557,JPEG,RGB,True,,
train/HEBD1.jpg,raspberry_pi_sbc,train,2776047,05e3845e4f051d2d570cc72389d175c8952467da5841c28a56425b908813125a,4e3380cec10a294ce38fdafc65a4ebfcc30becb3feaf1f84a4bd6a58dc5d7664,e3c0879fc8709b71,2659,2838,JPEG,RGB,True,,
train/HEBD2.jpg,raspberry_pi_sbc,train,2816129,f87b6b6ef2679e32455d11b3f1e0b478f58cb349af2b8e78dae858c252c4bca5,091f03daadf87d15de07d69b2682a96e7c1ea692dcffdbd7b8ad3489c3f419da,e3c0879fc8709b71,2654,2836,JPEG,RGB,True,,
train/HEBD3.jpg,raspberry_pi_sbc,train,2830217,27cc790875780047cf559cee8aec5b261348f42501296f84cdef0c0eff072e2e,d394ee8b18998638cac92b9013acbaee3e327c1b6d4ff050532cb7e7519366fb,f3c0869fc8709b71,2662,2837,JPEG,RGB,True,,
train/HEBD4.jpg,raspberry_pi_sbc,train,2881752,4b51f1fa18e28eaa2ceaea9532bea2b20bf2905fc045e5aa4c58d895ed7f88c7,63806dcd5492f1e78aef8f5632e4155e397177dc6f586ed222642b52af6d3c36,e3c0879fc8709b71,2654,2837,JPEG,RGB,True,,
train/HEBE1.jpg,raspberry_pi_sbc,train,1934322,80846c486dc9b28984e16b1d8c5bc0236232caf05a3d8894275aecf9a07fbcde,2adf4fc02c6c64dc1301e04d5de4b05de3714533f295e536205049e55e8cb2f7,e243863f98709f72,2381,2297,JPEG,RGB,True,,
train/HEBE2.jpg,raspberry_pi_sbc,train,1934519,081f4f34d6c7b6c5b28878a54dc1e41b5446ac93cdb6f38199e185a5239f137a,9371a8dc0464be84ffa3eacaa7febdaf4632c4cd9b7eafd1e4946a54da6a081b,e243873f98309f72,2373,2299,JPEG,RGB,True,,
train/HEBE3.jpg,raspberry_pi_sbc,train,1910526,b2f779f20398e3ead3936f4b9ff9b3f0160548c651aa1e2d0e422357ff3d5a3e,246c7f085de440d551dbe70f5984bf376407e963d989223c07f4cf910adf7836,e24386bf98309f72,2375,2309,JPEG,RGB,True,,
train/HEBE4.jpg,raspberry_pi_sbc,train,1843834,87f17202ec6c0eca446a529aef94e585aa6a1fd3365684cf7560a44ec49856d9,8b9db761d60068bd3a67ba3dc097470dd791669c8dbcab2259ebc0fe30514fce,e24386bf98309f72,2375,2312,JPEG,RGB,True,,
train/HECA1.jpg,raspberry_pi_sbc,train,1396140,64255b57820fa06919ad0730f5ffcf8201142caec56aa9a89cebf2cafffcf9d7,3a703f2e3c43efa884596048b95ac10951a3d41793b568ba5993964d692fc0cc,b8e992b799d04d62,2033,1948,JPEG,RGB,True,,
train/HECA2.jpg,raspberry_pi_sbc,train,1397736,5ab0e17d89742a2bac368eceebfe559600694ebd6a5c64c1c70a151e62d47737,8d205936775fead1f0280d49c1e1b1fddfd88ae882be36d2af6b393a507dbe41,b8e992b799d04d62,2023,1955,JPEG,RGB,True,,
train/HECA3.jpg,raspberry_pi_sbc,train,1403324,5debac216dd66a69d9175585efd9bc908f31557e21f9abb034f88f600b1332a0,b72fff8a9f76bf04943d636fc523a4e341a91b67cd709c99ab198ec59f920452,bce9923799d04d62,2018,1954,JPEG,RGB,True,,
train/HECA4.jpg,raspberry_pi_sbc,train,1390565,a070f3ab4881be53a1acfc51987acd72cf33d3aa0e32aa94d06104f9490c5505,5f87402924283b98fbddd51a6e533fada4819b71166c95d6a6edb708a42afee9,b8e992b799d04d62,2023,1955,JPEG,RGB,True,,
train/HECB1.jpg,raspberry_pi_sbc,train,1783608,b932b9da34567e31b974c770273f3bf55369bd150014bce20745e26f32b4fa09,8b2bce8a9fd3ee061014a05f58f47d302a0f7902e24f5677413f21104d8b514e,bc69d23f98908de2,2192,2343,JPEG,RGB,True,,
train/HECB2.jpg,raspberry_pi_sbc,train,1801136,91251c47094519de4323ba6540380eb1e1484587d1008e4bc7dff1e265eb54f2,1488c21be2636786b6fe9ff52788a01e197ee446e018d5c6a222109e502d94b5,bce9923f98908de2,2194,2339,JPEG,RGB,True,,
train/HECB3.jpg,raspberry_pi_sbc,train,1736906,4a0291b03db2e20a3725c03f39f9d60e7c3c604484cd5aa67811fe0bb1a73c2d,5fbdb0f11a30666ef363d8a52a5b4e56b254f8e1def2b0e0a37f45969e5ca2b1,bce9923f98908de2,2184,2340,JPEG,RGB,True,,
train/HECB4.jpg,raspberry_pi_sbc,train,1837563,b52c9e862a81b911f36d57cf985a0bb7a55de888ea539d3c386e30ea9d240155,ca15d96c3026216ed02ae5ab04c17feb08460dc4b1abba290c6767c62471f28d,bc69933f98908de2,2190,2345,JPEG,RGB,True,,
train/HECC1.jpg,raspberry_pi_sbc,train,2417461,45e64f64d2d989657968b37b435e30293c727334d4da7a384e35e3a9ada5f2d8,c0974ce313f494c77a25b03133d88d0ee76979e1a780da30f31646bac7330607,a2c9873d98704f73,2328,2513,JPEG,RGB,True,,
train/HECC2.jpg,raspberry_pi_sbc,train,2389753,1a7d6e733904db22d2fac87542e75b08da44a65b06c5f172ddf2c6e109b4cdfd,b00de9fae78f23a89bb2e15c3441b14ec1ef3021dcdec8348a5b828e7afb8d1f,a2c9873d98704f73,2326,2515,JPEG,RGB,True,,
train/HECC3.jpg,raspberry_pi_sbc,train,2273987,67a1885513664324c5dfe84b3c919121fee4b9f528cdb900c3457f982ee115e8,53b6843ce21084d3bcf73ce357b3c35d15ebd3475c2a8f9b74df2fe76f8ce49b,a2c9873d98704f73,2320,2511,JPEG,RGB,True,,
train/HECC4.jpg,raspberry_pi_sbc,train,2347217,960f2001e27a49759452b836316feafb2c51d6621e84eff6c08b6912dd1781d1,bf46eb48863c0e214b33ef87244b2b1cff7a6a0ea257b555df8820aa62e8a44b,a2c9873d98704f73,2326,2514,JPEG,RGB,True,,
train/HECD1.jpg,raspberry_pi_sbc,train,2094014,6d340ed9f05a004037d8a7b75fcf5bd78633e1be877ac1bac1217f9a90b9bb1b,3eeec86e05a314d47d0023526e4faa411602a2ca7d2891a6aa3084d5bffb592d,e943873f9890cd72,2218,2492,JPEG,RGB,True,,
train/HECD2.jpg,raspberry_pi_sbc,train,2069042,2f9c337a64adc2b74b5183cf40b5aebe01455c31b9a6f4afc7f88513f77fc726,cf06ff32752894b7d75351e23c92c10595b9fc5b905c5ee12c4bce712d88fc43,e943873f9890cd72,2208,2485,JPEG,RGB,True,,
train/HECD3.jpg,raspberry_pi_sbc,train,2038279,43d8e1d48e27961548daf936635352121e8cd35427ec717aba1cb30c6f797591,9b4e79911defabb93e6874621fca2a407ce9eb07abfceb095e8f46b564d54b3d,e943973f9890cd62,2196,2480,JPEG,RGB,True,,
train/HECD4.jpg,raspberry_pi_sbc,train,2223673,24201bf946cc1c11c22dd2ad8f9dcb6dce269b0b4beff29f02dc42772790fa5d,754fbb90a84aea18423f4cb11ea5e2c76e2c781c11ed7164e61c2835a8fa60ca,e943873f9890cd72,2207,2483,JPEG,RGB,True,,
train/HECE1.jpg,raspberry_pi_sbc,train,1725534,911a6de300de36308a1401cf9adcc2e6ad8e388fb985b608342aa48256a594d2,9e661750d8bec38c7506480b3611295c5450bb5a96c6e51be0b793b0de5498c7,e943873d98d0db62,2069,2235,JPEG,RGB,True,,
train/HECE2.jpg,raspberry_pi_sbc,train,1648824,bfba2e4eed214263286e4d06c8f468f024e38989111decbf49faaa766833fca7,3855e8222e0432f789093ae93c02c5c5b95a5879ce80d819dd93111b7d20f697,e943873d98d0db62,2062,2232,JPEG,RGB,True,,
train/HECE3.jpg,raspberry_pi_sbc,train,1648069,61e1e2d8294f2cf85b22762160e5439a9089e7871dfaca1c75022d31e5652de0,2503c5de4b388a8060b89ed7cf2c67c7b3387abf949ef44f0e58be2c1928cb85,e943873d98d0db62,2064,2231,JPEG,RGB,True,,
train/HECE4.jpg,raspberry_pi_sbc,train,1663565,52de234863579a8bcf6b3ea39d7850ec12bda0e376df64c2981b9a447c9d4481,ea0d783f2403e2e52bb39685b48f52f2ea8c82399b36cc0de96bfce4943bb27f,e943873f9890db62,2060,2230,JPEG,RGB,True,,
train/HEDA1.jpg,raspberry_pi_sbc,train,1615637,30b9a93ba2c3edcb3c51cacb4621a68761fdd04bbec93d95fb249409623daa35,53f8b2c2dc4c6a6ed15e539915dd7941fb3e508f6d0d185abc10a0112c3c15cf,b4c8c33fccb29b48,2463,2191,JPEG,RGB,True,,
train/HEDA2.jpg,raspberry_pi_sbc,train,1617967,1a3cf9c18fb8b00b9ea64c5f3fffdb1a27abfdd5a0014786389222c00fb64786,90d085739b890c8852015aee478d463d3fb4c781e35cf377c4840207e81f4546,b4c8c33fccb29b48,2460,2186,JPEG,RGB,True,,
train/HEDA3.jpg,raspberry_pi_sbc,train,1639956,10bfd59bc13be378f9f4d77e81c332d2449a97278febda72343994c91c6a624a,efbbeefd9c6353ebbac7cd7437630541736208190722ddded7fff42722bd65d7,b4c8c33fccb29b48,2453,2184,JPEG,RGB,True,,
train/HEDA4.jpg,raspberry_pi_sbc,train,1609484,8a5166afdd88bdac790662229751888b1f34d3029a2f1bd29b06ff2d310a19e2,f42474cdfa2fd9b5e941bd69e67e4a8f6cbcb291453e963cc46fa89743380abc,b4c8c33fccb29b48,2453,2188,JPEG,RGB,True,,
train/HEDB1.jpg,raspberry_pi_sbc,train,2556343,ca44f4ddd02d25e3dd112a73b23cc5fe919d20b87fd3f4ec5121d1276045e788,46a1172dd2714b9cea3fa41be175a98508958816af293f0216a8f7a57ef20e91,b5c1c31ecc3097f8,2727,2712,JPEG,RGB,True,,
train/HEDB2.jpg,raspberry_pi_sbc,train,2661144,a051e93548aa5e381087c7dcf87cfaf6ccb29af948339ea94d5085ceaf1e1f52,3b26c66fb37b81ab8536eae9cc1909bcc07d60c8f30398b809acd2af11b9a560,b5c1c31ecc3097f8,2728,2705,JPEG,RGB,True,,
train/HEDB3.jpg,raspberry_pi_sbc,train,2594149,07d7aa446c5270139c8d291ef9eb5a1b3b521f27904f0f499d2e0abab6a6ca15,7642d4819c3a32f527b555f541d3e2196eb1c70237a1cf890c1f5f7fa8a759d0,b5c1c31ecc3097f8,2720,2708,JPEG,RGB,True,,
train/HEDB4.jpg,raspberry_pi_sbc,train,2621534,a815946bc8069bcd1e4732160ebc4e74eee9eee356f8677912a36de1ccd632f9,91e183a4c1ab4a084602d201a38f0f31a4285c5fa2b459b021a39da13e94a3f1,b1c1c33ecc3097f8,2742,2692,JPEG,RGB,True,,
train/HEDC1.jpg,raspberry_pi_sbc,train,2061803,8c544ccb9a2f5d4e71e2ef907cda30a152a7e1732d7aeeeddbad1a6e58b17155,5a85c9dd6f1bcfc13c6a7110fc14ce0638e2abb00f9adcfcbbcc16d7d33293a1,b4c1c31ec866b7b1,2185,2332,JPEG,RGB,True,,
train/HEDC2.jpg,raspberry_pi_sbc,train,2015015,47f5730155093d41461e7a1b25315a44c535ec41a2ae4f09fcd8495b132d17c4,365cfbb34f1fd8157c45bd46bc381de348c07f7a0448a12789d7f92fc30357b0,b4c1c31ec866b7b1,2190,2323,JPEG,RGB,True,,
train/HEDC3.jpg,raspberry_pi_sbc,train,2013581,3a6d72a6d9b0c2c56cc7a46d22219e7b66d1d2ae37484ac2ef582ce3ac46a7a4,516e0899f8504f924dcf7c33a3d77594ba0fa5481560ab0e83b80ca534c01f73,b4c1c31ec866b7b1,2182,2319,JPEG,RGB,True,,
train/HEDC4.jpg,raspberry_pi_sbc,train,2001251,f693ee156f81995a1590af11484f5aa8a8d85d8bf7363e8a4fc11524c733439b,360e6940063ebc22641c7cf7b4078a1a73989af4e3b926958a48fa365463b3c5,b4c1c31ec866b7b1,2172,2320,JPEG,RGB,True,,
train/HEDD1.jpg,raspberry_pi_sbc,train,1866004,d769bf1397f3351e67eb5d3bcbc92fdcbf2153c4ad1ea0db217404ed7d0e15f7,19e6eb53c9a55eea99d9555be8ed90c5fa93de1a4ab63ad45b02db9858f330ec,b5c1c31ec8649773,2156,2416,JPEG,RGB,True,,
train/HEDD2.jpg,raspberry_pi_sbc,train,1785913,ee58a6c9fa020b29b3931a58ceff7d483a60acfa32716514b7b08d91a3e0997c,41f15115eacae07a21c2e85113a29085e6c5b86fa16009f694958c82399d093b,b5c1c31ec8649773,2158,2419,JPEG,RGB,True,,
train/HEDD3.jpg,raspberry_pi_sbc,train,1847229,219f0572ccbfa2b302a6e83567f1af9ce14df5009157e51722ae8fe08d9c5ddc,2cd127b3406163e071379be480f532cd3f53efe6d2711777c850f8575774f673,b5c1c31ec8649773,2155,2415,JPEG,RGB,True,,
train/HEDD4.jpg,raspberry_pi_sbc,train,1825329,fa68a04db1e2f60383231034a4f2769a22de2f2ec943aef45120e517291db629,cea9f78a636bce6ff0ddbaad34e4947ba3dac7d7b566e6881eedf14eb492b450,b4c1c31fc8649773,2149,2416,JPEG,RGB,True,,
train/HEDE1.jpg,raspberry_pi_sbc,train,1299271,1aeeec7b7b0aa31ca2cd2b4f6f2c969468e6fb296439694e63878b3b2e839795,11c61c9afe0f5b5963ba10ddbae80b2f4d051352ff19aed6ce90307c0d486ece,f451c31fc8609f63,1899,2139,JPEG,RGB,True,,
train/HEDE2.jpg,raspberry_pi_sbc,train,1288289,2d7b93a73b9c7cfaee2b9dde0c252c0a7be559b1936e4b139aedc092b6d0ec91,007c1a27fe4337b6719831f3e128b8e8830045cb221a5f1bc8e2168fbb7b5c52,f451c31fc8609f63,1890,2133,JPEG,RGB,True,,
train/HEDE3.jpg,raspberry_pi_sbc,train,1305189,6d7f9c078e389fd975f61dc881ba0d93535cb0a27e2c264ffa1f8792398cd0c9,12455017e6dee9a0b5d924cd5dfd2b91b46b770f2976825296e6ace19aaa895f,f451c31fc8609f63,1896,2136,JPEG,RGB,True,,
train/HEDE4.jpg,raspberry_pi_sbc,train,1335207,7cef7790f1123eda54bfdc305c26315001ba4924e7076becc9e238e3268df700,1d62e2cff381927f3c7274f74176384ba7940d8a444035aa06497b5f99de4661,f451c31fc8609f63,1899,2137,JPEG,RGB,True,,
train/HEEA1.jpg,raspberry_pi_sbc,train,1461875,133be1db58c6c7bf959cfb553f0293e9693336004825e11e2dbfafb16de978e6,cce2643006f7dfdc333f4f3f2f76699dc217f54941b8a54e7611d220aeebf331,b3c9c336c4929ec9,2271,1855,JPEG,RGB,True,,
train/HEEA2.jpg,raspberry_pi_sbc,train,1497784,a63162626d3e209e8b28f75f325165337c08ff9372a3362466c0bb04015b3de2,09b37910326d0dc566990ee5cd041c15baa71bcd7cb8dbe4706ef639363f0ce7,b3c9c336c4929ec9,2272,1854,JPEG,RGB,True,,
train/HEEA3.jpg,raspberry_pi_sbc,train,1477865,c3077eb8b420fdfb68e6f3d03df95c9b59fa8d469e6b20572781e21ad9b00edf,b96ba4b2828cbd5527d0866b830be329fea2736239adc42e2245e81af32ad115,b3c9c336c4929ec9,2274,1850,JPEG,RGB,True,,
train/HEEA4.jpg,raspberry_pi_sbc,train,1475562,0efb2a7ea51b2e463a80e5df0a7b121a1aec687666c2b10075a9c2d76276d411,a01a864ce18c679d061114bf667502b517509dd367170cead7485e8e8f17a311,b3c9c336c4929ec9,2275,1851,JPEG,RGB,True,,
train/HEEB1.jpg,raspberry_pi_sbc,train,2180699,2cd43608648fbd957c1fb26e7338ec9afcd3f233866778a07f0b9b9ab29ac39f,a4483e00fda2431a5955010f2a0fe2bace3960339062a47336b39ad8012145a5,b1c1c33ecc3696d8,2467,2426,JPEG,RGB,True,,
train/HEEB2.jpg,raspberry_pi_sbc,train,2099092,45b8763af650125d7746ba0886697c1131e13b265da6aa2820f13c3ffb89b860,54c96fee1a15d6e0738a54040e7cad100600ba0ad45f75a84182a66ca1c1fea5,b1c1c33ecc3696d8,2453,2420,JPEG,RGB,True,,
train/HEEB3.jpg,raspberry_pi_sbc,train,2090402,9e5ca7281574a056bb0a22894da16204d0c6d93641f12f276770b88c6c006bb6,5b23d65e10dcd2dc47fd52abb498512df2b9962aa6bd41187b797e85e4e28592,b5c1c33ecc369698,2443,2413,JPEG,RGB,True,,
train/HEEB4.jpg,raspberry_pi_sbc,train,2097515,9ce13db6ac0f331de5bb9e7e77c2515e20c73059980cb18d1c71cf6a6c5fcf14,593bdf96b81de39326656c7ce207f09b16bb94b4d34a0f8438824e3eecdda59f,b5c1c33ecc369698,2439,2401,JPEG,RGB,True,,
train/HEEC1.jpg,raspberry_pi_sbc,train,1598461,5e8c096babadef0c0dc860ad2c2efc7ebc785886ec5d5f9d51bc5029121c302f,b7c85985de99290af6aeae5ceb3b7195661af9e15567dec4ffd0f0c56a62b5c4,b4c9c31ecc669672,2041,2241,JPEG,RGB,True,,
train/HEEC2.jpg,raspberry_pi_sbc,train,1598706,868ff938e5792b9e77fd3e4933c66b7955722c6188bbbd00f1b337b996506c0b,db6e0ff8b0ca493519d5c60429da79f4ad500325b1d0a759aeb960586b6f5a7e,b4c9c31ecc669672,2038,2244,JPEG,RGB,True,,
train/HEEC3.jpg,raspberry_pi_sbc,train,1650009,51d79754d2d0b6ffc407b9ee9b237abb1a9a729f6e5eb8ce8725799ae7729874,6c7f14cd3e9bfc72ada705cd6b61f4434f8d9cbad1ff74e40b045dea3c3f1858,b4c9c31ecc669672,2033,2247,JPEG,RGB,True,,
train/HEEC4.jpg,raspberry_pi_sbc,train,1595701,01177688d7ca40776aa8ad603b0a025c8772ee3e0c1d363343fd9dcd931eb680,96f21b74400748e82cd36e05a319ecca1f54ed4d9f2c8605a9fe717f7a775566,b4c9c31ecc669672,2027,2235,JPEG,RGB,True,,
train/HEED1.jpg,raspberry_pi_sbc,train,1414599,4d93244f99681251d9d77ad608ad5cfc4fe24bc136e6e84dd224b4aaaa170b9f,d7ead340d53696babf7a31b9d76503f630c4332a538822e3046e839ca6174b9d,e4c3873ed8701f62,1856,2285,JPEG,RGB,True,,
train/HEED2.jpg,raspberry_pi_sbc,train,1422949,c5e16a4454f018105b1f4eea0be453b38cfb2edba7405ef9e685d0f3abdf64a4,703e36a67367fa310ab064042346ec6e22799e79b8145d6ecfd37e10b7f10148,e4c3873ed8701f62,1855,2287,JPEG,RGB,True,,
train/HEED3.jpg,raspberry_pi_sbc,train,1441746,0df62df579bc9ca7a1b7861b156708301a81dd9987f6e942c61c799f83a0d608,7496dc4b9e51b503f47f099d5c777fc2dc926151c4a28c8b040e5f73388aadaf,e4c3873ed8701f62,1859,2292,JPEG,RGB,True,,
train/HEED4.jpg,raspberry_pi_sbc,train,1448873,b2dfee5c9569ab73d72fa1e2fc3780a3a6bdf4c17afbf3cf6a93a5a12bbdae2c,2bdaa8787351647dff455d5c1e74690e0693222789e187f21f2c4cb13d13803f,e4c3873ed8701f62,1859,2294,JPEG,RGB,True,,
train/HEEE1.jpg,raspberry_pi_sbc,train,1309307,ffe4fd9acd34673209b2ef42cf2f64de17279d41d2695e3b91ea657fb93b01ca,45a195079a4e11771254ec9f28824717284c0dfeac76335f20748733632f770f,b441c31edde01d67,1883,2116,JPEG,RGB,True,,
train/HEEE2.jpg,raspberry_pi_sbc,train,1359305,2ab605852920c0cabdeb4503f2733eacbf05ed6a0b271ca7d98dc669e48fb48f,c706e3b7c08c312560532d573bac793cf2552be725f2c6b2a69e31e4a26e2c27,b441c31edde01d67,1884,2133,JPEG,RGB,True,,
train/HEEE3.jpg,raspberry_pi_sbc,train,1364662,76b1691d4915a9b412aa1ffd9079f40aca53041558f8cecdd8ab69af9c6714f2,b11bd09c04db480c426555a10e0e2408896d2a01f3dc10bf3dd8373809b7f9b6,b441c31edde01d67,1888,2133,JPEG,RGB,True,,
train/HEEE4.jpg,raspberry_pi_sbc,train,1342701,79dab2cca69ad1d7fc2b5ddbd5bac895afea75449f9fb4c521aeb7def9d2b66b,f9ecdbd5367af13ab8973f468141a3233440a916f89069a91ff0448a92c77266,b441c31edde01d67,1883,2134,JPEG,RGB,True,,
train/IAAA1.jpg,raspberry_pi_sbc,train,830403,ba040a1a4b68dbff46d08bb3ab32d2f336cc2bad0799c1e8c22893d04a73ea57,130b7c61ddfe0e36af3e9ac84d2b1d81dbaafba6e2b7796f72b5f04636099856,e996966399c11c9d,1839,1509,JPEG,RGB,True,,
train/IAAA2.jpg,raspberry_pi_sbc,train,846175,89e6e671a323fd7dabff0136388e0bccc37e92d9ba62a58813691b42610a806a,939429a96cfa4422588658748901f3ddb8e4f1aefc42b93f37a7635e75619f10,e9969661d9c50c9d,1850,1507,JPEG,RGB,True,,
train/IAAA3.jpg,raspberry_pi_sbc,train,835960,69ab80c664c24c1b7d1f26b15541b5f22c7511c00f21b1dc13995dbd6cdf35b4,334db682a4b0feda93c0dfecad8412184909a2d34184892193622f4d5bbabc60,e9969661d9c50c9d,1852,1508,JPEG,RGB,True,,
train/IAAA4.jpg,raspberry_pi_sbc,train,839552,dfee77b7c34e17b831c2ad16210095f210be27e781e63725d3e0b9bb953cc866,006d068e87b95a9e7a09c7732b40cf1ce51c1dad6cab2f267f1714bee853c183,e9969661d9c50c9d,1850,1507,JPEG,RGB,True,,
train/IAAB1.jpg,raspberry_pi_sbc,train,1084262,228072a8b8067e4ba1d293b84316b4258fc14e9618acd679074dfa9af0855357,f83e5b5254b7cf6764674768c6cf528d607dbef1e3f45640542eced4c5dc3058,e996966b980d1c9d,1913,1755,JPEG,RGB,True,,
train/IAAB2.jpg,raspberry_pi_sbc,train,1028789,5c329833afa7b6fe0246ddbc9b8c5254a1330c39331d2046e5eea681c2687989,68335e9a609a25fed7438684d46235a187b7445773a67e951b516c0eaa09df86,e996966b888d1c9d,1913,1756,JPEG,RGB,True,,
train/IAAB3.jpg,raspberry_pi_sbc,train,1009127,0e6dd0c43640cf4dad37e4962201fbba84b1e3fea1c403b7a027a7d8b5ddc9e7,85b50dd1af178921762cbf5cbd3e05b95d58e4159f4b6e597718a4933b78da68,e996966b980d1c9d,1909,1753,JPEG,RGB,True,,
train/IAAB4.jpg,raspberry_pi_sbc,train,1027951,052d4eeb89cc552a6b975afffcdf6976a0d53f3107b483a7229bc562b2502328,dcec30c71b9074e895cc37de41bcca4f53bd3df8e1bc40f30d8fa340f2831265,e996966b980d1c9d,1915,1754,JPEG,RGB,True,,
train/IAAC1.jpg,raspberry_pi_sbc,train,1425720,2f15383d774ff6d92bdfc39c2a7f46250e8798a25cc1320c06f5874978315865,17dde0d3f92c4ce713d200a20212d502da96d3a35eb2fa4e472db84e686d5ff8,e8879662d39c0f1d,1952,2077,JPEG,RGB,True,,
train/IAAC2.jpg,raspberry_pi_sbc,train,1385976,270402e12c2beb83dea2642b6376cabeb97fa370f8c8326381dc0e0ef6e50174,81b8a84b31571b2433313d1cf47d7945c65084adda09acc4e55d2349c85b6037,e8879662d39c0f1d,1943,2076,JPEG,RGB,True,,
train/IAAC3.jpg,raspberry_pi_sbc,train,1318263,ec3183eb370ad52f078d3d9323cfa440ee746a27d84c8880d8ebd004e953a3c9,8f86d4473101470faaa0179b384e0fa05844b3d2491b14dfa4369fd119f74685,e8879662d39c4b1d,1941,2073,JPEG,RGB,True,,
train/IAAC4.jpg,raspberry_pi_sbc,train,1282313,86145430cde2d0bab10d98e9bc30edd7cfe78400b9a81a8f07c4b6ae26529127,0555f6e187e31de417c3d454c08d5f14a7c867c45abcfe59912df2be813d2b0e,e8879662d39c1e1d,1933,2072,JPEG,RGB,True,,
train/IAAD1.jpg,raspberry_pi_sbc,train,1520990,154f00e8abdf4e40e0b3c2c0c860ee80ca5820e6a1acf89f7323c7e1dc0cc5cb,8174434a1589b3ad4fbf92c66548ec1a31ff621013f6eb92dd9b386eb42de7cd,f9868672d38d0e1d,2083,2059,JPEG,RGB,True,,
train/IAAD2.jpg,raspberry_pi_sbc,train,1479822,db3948849619ed3e53b454c53a0c641759726066a3e9d5d6e95589b6e3e4dd60,e7cd9b5c3e53fb57a94a2fe066296233749feafe27c26deb2e872e90f6098db3,f9868672d38d0e1d,2086,2058,JPEG,RGB,True,,
train/IAAD3.jpg,raspberry_pi_sbc,train,1431067,af6ce3adf5d9bfe2bc412f5ec1bc63fe29f4e53a26311e5d67511eb839561ccb,d88a7becf192731f48d26590bb6f7f1ce367f42ff5bc693bf006bd620e110aae,f9868672d38d0e1d,2084,2058,JPEG,RGB,True,,
train/IAAD4.jpg,raspberry_pi_sbc,train,1452908,842780eba763f6b12c1884db22a767b0437b4c0bf0c6981fbb9ee1c539092fe6,54b99519a6a9ff3448eb044c80364194e0a8eea18d445185d7b5e76a609e28b6,f9868672d38d0e1d,2091,2059,JPEG,RGB,True,,
train/IAAE1.jpg,raspberry_pi_sbc,train,1164702,df4c0b5b5640168f1b798972f5bd4452fa851f201e1eed2963b82744e4a0a6f9,cc004dc022d19fd922d5f8f07032b235f0d2275f03d2c4831508662a7ebe0937,e90e97e15a9d2c62,1795,1838,JPEG,RGB,True,,
train/IAAE2.jpg,raspberry_pi_sbc,train,1169202,7ad87f1c44ce839fa509afbde499a6cc583c32e9969ba696303cdc76726ff5e3,b1a714da6f3f48d097e45a210a661da35eb2e41b3fac2928e08bfa3601f7584a,e90e97715a9d2c62,1797,1840,JPEG,RGB,True,,
train/IAAE3.jpg,raspberry_pi_sbc,train,964289,0d2bcc7ff65ae049c9aefb92818e2d2ddf31222f75005164276250d621584298,016331bc26c57ace97e70f2939f931951b1391fe37f292d3a02050e2b0759f40,e90e97615a9d2c63,1780,1830,JPEG,RGB,True,,
train/IAAE4.jpg,raspberry_pi_sbc,train,973292,a21814bf4c0af8f2d05922625511bdf71ebabefb58302a77bf2b23ff46b3936d,ce35e2f164d0d00c8106dcb7cd59684407eb654b9094af301e147d854f698f4a,e90e97615a9d2c63,1781,1831,JPEG,RGB,True,,
train/IABA1.jpg,raspberry_pi_sbc,train,1292728,82db40cf485ea19e65a12cf9ac43422e30a6245bcd7b53f46889799a8a0d1932,fff13a2e9f259041fc9bad3cde5fc6cfdf2747c590a6e3010a1a9272bf36d61b,e9969660da9d4c93,2066,1783,JPEG,RGB,True,,
train/IABA2.jpg,raspberry_pi_sbc,train,1302984,82bf2aa08b187a831c751ed202f427eef9b1f696b6169ef9cf2499b7420ed439,bb83d81a94a928eb94479d07c441caa2b64643c4a3d8574e0bb199d076ad3b6b,e9969660da9d4c93,2057,1781,JPEG,RGB,True,,
train/IABA3.jpg,raspberry_pi_sbc,train,1283318,25a126ae0f636e61271a74b432fd1b54d87a4e4e1475d97758999b5c2d28b906,e616f344177af580ff614cf1ba9a43e2828ed2f8a8636bfdac2fea0d36eb6cae,e9969660da9d4c93,2056,1775,JPEG,RGB,True,,
train/IABA4.jpg,raspberry_pi_sbc,train,1254497,77fab005ab9a089a56d35d26074858d43df6c2b89bb55a290f3a2647222234ca,a017a0a4b957e085a155b79b88068227559d5cbba42c282bcfd51adc68d04e56,e9969660da9d4c93,2056,1775,JPEG,RGB,True,,
train/IABB1.jpg,raspberry_pi_sbc,train,1305846,f6390e326dc6f6c4684e4cf9848051a925ca59629887b8f0ac38562b3420a411,0d98a0b4683094d356a049a78a00754d9b28f5641ee56b19a034798a87972aff,e9969662d28d0e9d,1991,1823,JPEG,RGB,True,,
train/IABB2.jpg,raspberry_pi_sbc,train,1289503,f0cf7e8b16d5357a05a07db792799093d0c9b0c73c4df8aa740ed76a00ef4720,14df04ee893d11ccd2c10326a03dfd8a2c43052ef5f107d46b454bd15fdc8aa9,e9969662d28d0e9d,1996,1825,JPEG,RGB,True,,
train/IABB3.jpg,raspberry_pi_sbc,train,1253942,2aab8349675bac9afbecf4c055f9a1f7155c8fb02041ef66b3929262f0880879,39cadc13067bf17279ce3e61acd183839bb2bb5f4d91343ae94408dc792ec34d,e9969662d28d0e9d,1996,1823,JPEG,RGB,True,,
train/IABB4.jpg,raspberry_pi_sbc,train,1272154,eb8f3bad9dda090ca71452e341ae74a31ff5d0762f8408500357f9e0ffec1f25,beefe4d0afc79b684f931d0822fbb351e94badfc6b69b7bc582743b24cfb8d2d,e9969662d28d0e9d,1989,1823,JPEG,RGB,True,,
train/IABC1.jpg,raspberry_pi_sbc,train,1566834,58161afe889236dccecb891e5ceade7652c76adfe515f0d4e99564ffe8603cef,ca052963b2fa15a25929dfdf289f04ea1b61125e48dab166d8477a0908070fc9,e9279662d28d0e9d,2099,2097,JPEG,RGB,True,,
train/IABC2.jpg,raspberry_pi_sbc,train,1595443,97746b46665305633151717c5a7a3be3dbf40671e5374b6d91a579350393ba89,72e7067ab0f84c17ac30d6f83dc3277c891022944d1002d9457dc51e01df8fe3,e9279662d28d0e9d,2099,2093,JPEG,RGB,True,,
train/IABC3.jpg,raspberry_pi_sbc,train,1616333,111b2ed9c725ef6f7af94af22cc27d25fc106718ad904dea3f32b8595fc577ad,5eb8f69500d6992410e0448c5f5e31a49a1d90fe391e240c0842a2e840be1cb1,e9279462d38d0e9d,2091,2090,JPEG,RGB,True,,
train/IABC4.jpg,raspberry_pi_sbc,train,1586555,a2bbf5a8432158c999b72d576cbe78960101886b733807dec087fbb06c4a446b,4bb4a122a7351617dc73fcbeda4c82b5e84f63c8e750725dfb10ea569a2c3fcb,e9279662d28d0e9d,2096,2090,JPEG,RGB,True,,
train/IABD1.jpg,raspberry_pi_sbc,train,2031720,5f770facff8526eb4d3adf18d0af700f4e9c5835617017f57b4d509b03dbc4b5,72c7dbe5519f75cf14f0c70e01138df7d53712e82506f03f2555719fbec440c8,ec869748dabd0e19,2283,2298,JPEG,RGB,True,,
train/IABD2.jpg,raspberry_pi_sbc,train,1914020,cba327c69ee96367479bd259d44a4079efd2d1de60891e4112762a76609efd18,cd44ba9726cf17c824b8b3f68d6ba9a381c262fe7b503c9ec620e02c75bfa420,ec079748da9d4e19,2280,2294,JPEG,RGB,True,,
train/IABD3.jpg,raspberry_pi_sbc,train,1939494,108c1cdf4b7ff016fb45bfb73795e5b36b7603a4ce2f38de3b2f7044f19610cb,aacc014ed6008d2e81af48321e1efb656d4e2454d05194ca05c35addf5f8ecdb,ec079548dabd4e19,2267,2291,JPEG,RGB,True,,
train/IABD4.jpg,raspberry_pi_sbc,train,1917277,22a6da73076eae0f1ff8d9755f0643f90f62a064d9e9c5b9a7fd75f2bfa87687,5f3d699ffb50f35b7f2808a595236d7db85ba5313112839a004b52e52e73e320,ec079548dabd4e19,2268,2292,JPEG,RGB,True,,
train/IABE1.jpg,raspberry_pi_sbc,train,1305246,91e43084212deb78398ce3042516436983c9fccf8f1936002a01ec88adee8215,f21931f7304a85e48f1fe78a3a824f7ca0760ec2025a42c106728247ed709d76,ac0e97e0dab50d1b,2077,1931,JPEG,RGB,True,,
train/IABE2.jpg,raspberry_pi_sbc,train,1274564,d13f3f76f6b546745ec17780268d19bd961b0e2988570f798e61609a472bd1f2,bbe4c35c480e51f5daa86e8c347c4f655e569a0c4db1328d5e275e7771849f8a,ac0f97e0dab10d1b,2071,1937,JPEG,RGB,True,,
train/IABE3.jpg,raspberry_pi_sbc,train,1279271,84b5ae7911c56a2620366e33c421d38fd87067ebdbcb188e08582414b942e568,59ab8dfcc253693e0fd5db5ae8e3a4d02fc18bb316fe5d7a0ebdf7bb09a47671,ac0f97e0dab10d1b,2065,1933,JPEG,RGB,True,,
train/IABE4.jpg,raspberry_pi_sbc,train,1259691,a0c19f926cd3393656dec784106635b979884eebd0e00a1421ed5dde08d27296,a212988a5e35ad472879c5759346cbb41905b5b5ee4b0caebe927b25818047ff,ac0f97e0dab10d1b,2060,1927,JPEG,RGB,True,,
train/IACA1.jpg,raspberry_pi_sbc,train,985315,79b7bbb215a05e8fdf4d33955abca04815c501bdd8d6b4e87cbdbd135379b6a2,1eb90990ce32e4447659692d243c770597ff1ab62d33325268f7e462cba83b3a,ec8d9760dab10a9b,1818,1681,JPEG,RGB,True,,
train/IACA2.jpg,raspberry_pi_sbc,train,1006578,ad088e3649243e639783289335e940f42500ba3fd5921b2fd1ecc5b987ed1cb9,905047a4900fff6a0b15cb97512faff327194412cfd7fb6729746d408bd1f964,ec8d9760dab14a93,1809,1676,JPEG,RGB,True,,
train/IACA3.jpg,raspberry_pi_sbc,train,988174,1697afefb7a21b4473a7335023501810255e7aa5df41f5918c37b5103fbe3794,3cc735d8e93e92480410379436e0df329c8318e02984cfba39f8b0729d15e0da,ec8d9760dab14a93,1812,1680,JPEG,RGB,True,,
train/IACA4.jpg,raspberry_pi_sbc,train,971567,1682744792645e3579a59b0fc4568762c0ad0c4af9800b3cf75041616996033d,53b5dfb5fad86770a34251de49062d69495bb66332e3b506a80610071a98b76c,ec8d9760dab14a93,1812,1678,JPEG,RGB,True,,
train/IACB1.jpg,raspberry_pi_sbc,train,1392224,ef782a31cf425a9bb08dc2801a2a050498d8a32712141f6b7c7211d6a642750c,24a6ae084038faf345ad75aa628b59fc7ac071382b815f222752ab8caffed38f,eca7946093985b9b,1955,1946,JPEG,RGB,True,,
train/IACB2.jpg,raspberry_pi_sbc,train,1405499,d8231be95872558256172687caf4c0319b97a6c0a20fe6625315a56364ce275f,e055b8dbe458e813ef3f7db2a3fdee27e804abf4542e17972519ad4709b5eb92,ec279460d3985b9b,1948,1939,JPEG,RGB,True,,
train/IACB3.jpg,raspberry_pi_sbc,train,1380410,ab7d81a615027943e641617c31f942ed0bdd175bcc5366f0ee8be83c9487ce91,ce9fcffea805a2d7cdcdc8f29859bda78a6f7768bed42b72cd412a7bda7d976b,eca7946893985b99,1944,1937,JPEG,RGB,True,,
train/IACB4.jpg,raspberry_pi_sbc,train,1440011,a9eaa356393bc616c408993704a9c538259117d93c3aafe4de83f75f419eb769,44dbf6a8c723bbb234eb06f333fe53cabf838b5e856212a683da3414d0928bda,eca79460d3985b99,1946,1938,JPEG,RGB,True,,
train/IACC1.jpg,raspberry_pi_sbc,train,1658459,1117a2e9f0b768a1e7b0204e33d505bf1b79ee972eaf2e45a274dac6c1e3eb1e,c8a7559b38dda03d2b0145656870f414449ee42c625d1aff5e0f853f04727af1,ec878660d38d5b99,2008,2029,JPEG,RGB,True,,
train/IACC2.jpg,raspberry_pi_sbc,train,1601739,7d208c206dbc1a84d5dd960e8329e68eb358ade8d6cacf3acdca5f6cd0b78fa3,bea36ad25473bbc20d7ebad57bd72d943b5523c90f8e9e7420645cb86272062a,ec878660d38d5b99,1997,2026,JPEG,RGB,True,,
train/IACC3.jpg,raspberry_pi_sbc,train,1614324,86a5bd779f972a08856aebd1ef1d4b756c320f371b997a8334f04cf6b7fd97b9,1b0a81d6672a438cf7d5834aeca311fee7461d7e449f64a991f6f0e82e1a6f83,ec878660d38d5b99,1997,2022,JPEG,RGB,True,,
train/IACC4.jpg,raspberry_pi_sbc,train,1659018,81df8fc3bdb21ed7c4b240034d6380b8fc2ede795a58aa8443f99b5776b2059d,23dbadaf0bfba54535075f120bfcf8d8dd0f27b35e1ae00b4bee0890571e8c86,ec878460d3cd5b99,1990,2020,JPEG,RGB,True,,
train/IACD1.jpg,raspberry_pi_sbc,train,1569794,5db04cf80489d2adbb7eeb5a8673eb3d7302d29f77816fa0a34ef9f159559d19,dd49a85edb16cd26ba21ece5880acaaa3fa43d21f76bc0c435101679d8b1dd8f,ed079760dab94a19,2037,1982,JPEG,RGB,True,,
train/IACD2.jpg,raspberry_pi_sbc,train,1476981,afdc57422263bb6b746de0d6599df70970252ad7cf933bade6c31dfdf67fcc8f,c9b78564364b1dbfe4347b3b9143ba1b37a676f1dd7df16b16c42d20dfe97048,ec079768dab1ca19,2021,1972,JPEG,RGB,True,,
train/IACD3.jpg,raspberry_pi_sbc,train,1536561,29f7e9506c6d8094bc7d9f06c7afb5987230ae73236dfc2c1814e87df8db4b8a,30d589f97a491677f13639344618ee6e9371666471780b292ad34200d35f211f,ec0f9760dab1ca19,2021,1971,JPEG,RGB,True,,
train/IACD4.jpg,raspberry_pi_sbc,train,1490361,9a91ced16141738aa50bdc1aa6f74205354ffc851009bac60e0ef7cb04d21575,8927a01d16c01030e6fa17429210bf9d18e42db65d8327bf364db6cd655f1d8d,ec0f9760dab1ca19,2014,1964,JPEG,RGB,True,,
train/IACE1.jpg,raspberry_pi_sbc,train,994475,f85f817e3e1fb4588adfcabe5a4f800d5032a9534aa7e869974251ae2a530bf6,31872c419220e7aed6bf79831292caa803ed049f125a3df9fd51ca0d51b9f009,bc0f9668c3b1cb91,1859,1697,JPEG,RGB,True,,
train/IACE2.jpg,raspberry_pi_sbc,train,983905,80e8dcdbb9e927f14e2566659cb8509ca77aa51db109e3dead03c5ca35357d6f,85ea1b86487f4b63a4e9ce3a84096ec555419383452b63fc7de1da165d98e369,bc0f9668c3b1cb91,1851,1694,JPEG,RGB,True,,
train/IACE3.jpg,raspberry_pi_sbc,train,993382,558d8010d05a97400552017b005dd2c3779038e7a4ba5200328699817b3a2771,2369b0453c99ecf3fd3e4e36998b825bf893a8034b419d419dbc85f66cf90d79,bc0f9668c3b1cb91,1856,1699,JPEG,RGB,True,,
train/IACE4.jpg,raspberry_pi_sbc,train,980320,1c5521e3c1929a75b0d99718f7fa59c93f28f71e1144cd26b6c55918f419a2bb,44d7ed671efaf2ea8ff0661bdcfb2b74581e6e458c67602bea8827741240e3d0,bc0f9668cbb1cb11,1864,1704,JPEG,RGB,True,,
train/IADA1.jpg,raspberry_pi_sbc,train,1459767,8a78b425cc18b8d2696bb63ef03b6173f81bab4a35f562aa7fcdbc28c8a04025,6e70820fdcdef16dfe8e2bbf5f045a551e36008d8309def21e62b36aedf0dc7c,edce9460da130d9b,2054,2049,JPEG,RGB,True,,
train/IADA2.jpg,raspberry_pi_sbc,train,1415354,d83d8cae760f404900ceee46f1542ef4d43efbe31d6dbb0b513b864da06b9403,843179264c9db36ba4bccbdc233d035e9e244c51d94a3e9f9f175d92705b55c5,edce9460da130d9b,2056,2052,JPEG,RGB,True,,
train/IADA3.jpg,raspberry_pi_sbc,train,1395964,b564c47c3b68581ee441d92df6682ee83436147ab59f8a9a4a3f2bc8e3bb4521,4a77114346e867a50ddaa5bc0e79710ba9e97304fe2132a6c12606e6c4619cc2,edce9460da130d9b,2052,2053,JPEG,RGB,True,,
train/IADA4.jpg,raspberry_pi_sbc,train,1424339,f67da69699f6e602850d32ffd1b157179f3be2a373fb95ec912d21ea1b99378b,1e2b2ebf599d705cfc34b22b1bb313834a66556c44fc738fd3e8148a81a8608d,edcf9460da910c9b,2047,2045,JPEG,RGB,True,,
train/IADB1.jpg,raspberry_pi_sbc,train,1978432,f3ba1d6f1ca992b1672faa5e7aa1e10e249b1604e4ee06766d9d3d8a4b893cc4,b30ec04750aeeff8cc47059d7be7deccf15fcd03897959f4b7bcfb566c6d0ef9,ed869460da9d0d9b,2254,2317,JPEG,RGB,True,,
train/IADB2.jpg,raspberry_pi_sbc,train,1969183,2a43553779e0f7f67f52b6200be9324bcff897b1d15087ef6f71efcca3fd26bf,eba4c318acdab11fa73a7797b16aff7fc6a041ec1451805ff3e4ac777717f11a,ed869460da9d0d9b,2249,2315,JPEG,RGB,True,,
train/IADB3.jpg,raspberry_pi_sbc,train,1940907,961598a17307469eb4b381cb3249048913761b6fcbbd8e6fd2fcc26d61c7e56d,35dc929804040742b5fc6626008519a3c220d550cb2f81ab267328e97831b1d7,ed869460da9d0d9b,2249,2317,JPEG,RGB,True,,
train/IADB4.jpg,raspberry_pi_sbc,train,1948497,5b2b5a96cc3834e89373d4209c911b5502039396ad180264e5fe09e411c95bde,52f450a0d83ac4428f414ea9bab2e608d8c444dde89ac1bfbb7e94d08cbf5d6e,ed869460da9d0d9b,2255,2321,JPEG,RGB,True,,
train/IADC1.jpg,raspberry_pi_sbc,train,1290634,b7a941848602ecabc5a3e1af3b3585ff09b16922b6277725ba17d423258e9331,5a157ccbb74ccdbf350019b2dc35ca9d09a38cd52b66c16ac7b5430c0e64a17f,b9979462e2cd4b19,1880,1904,JPEG,RGB,True,,
train/IADC2.jpg,raspberry_pi_sbc,train,1280822,fd006eec16d6fe44d599282a5bc56918157346b7f4b6e57bf9ed92d39a19512c,a1e90da7f2ffc9ba67b0f2b7537e7dcb842e3001fa27e2252818a435e8b3fbe8,b9979462e2cc4b99,1873,1895,JPEG,RGB,True,,
train/IADC3.jpg,raspberry_pi_sbc,train,1213481,d563c74fae17b4263a58c8d647f9edbfbb59a85df3ca72aeda100f47a3ff6368,0da401574f5f46d6edfd3060f2bc88afc326403947c574eed004631305f1d16d,b9979462e2cc4b99,1866,1894,JPEG,RGB,True,,
train/IADC4.jpg,raspberry_pi_sbc,train,1274830,dd4621fab9c5ed027af44d96355c7e12e95f8ff0b9a28c196c88af2e7f4708c1,e2049723cc7eb22225ce10e0346b10c0bb9ba2fd14f5522d1b0c61974ca8ec82,b9979462e2cd4b19,1882,1902,JPEG,RGB,True,,
train/IADD1.jpg,raspberry_pi_sbc,train,1389008,0d1d0dd8f783968982431f4eb05f127351ec84bfac28376176b290d51aa85390,b5a8ae180542785c0f8cda1a321fe40b9482567fe484cad48bf75c3b8b302aed,e9379642c2c9cb99,1953,1832,JPEG,RGB,True,,
train/IADD2.jpg,raspberry_pi_sbc,train,1370729,df988397faa7395252c021c1ca478b372521abd548fc143fbf8ab453af46ca8c,1428c3d6a09137cfb6fdae3409379feb1c7c39ff6847ef78542e2bb904b101d6,e8379662c2c9cb99,1942,1829,JPEG,RGB,True,,
train/IADD3.jpg,raspberry_pi_sbc,train,1345304,50524f113eacdc0156d15b7731c87c362e3f62de3c4e4bf4db55493506b3e212,215658af5cca73bcb27c9e4fbbba22a05cfc0a0b6ae682e4753657cb18c24981,e8379662c2c9cb99,1945,1825,JPEG,RGB,True,,
train/IADD4.jpg,raspberry_pi_sbc,train,1333736,24b6335cd8c2d7beed746c1adf974f97a5a61052c856b222b55df137c6dfd98d,d8ff16b2ba3639cc67250fa317d3de6143918ad489f61d423e61dfd647632471,e9379662c2c9ca99,1954,1825,JPEG,RGB,True,,
train/IADE1.jpg,raspberry_pi_sbc,train,950387,ddb096d4caab457991bc4ea07beaf06f9f636689f5e9182fffa476b198f83077,078386c0e7bf01d24def004e9bc97fcf3c65f7d315f7d73a121efbf35c8fbb0f,e93e9748c2c1c8b7,1887,1563,JPEG,RGB,True,,
train/IADE2.jpg,raspberry_pi_sbc,train,941511,e1049a21719fa3262d7f39632a49b4786263b81567efd70cd7ad7cc6f2796710,2afa8288f26f3055921d7b6f4a1bcc5d4b9e6417cef7833b22235d34c9611dd2,e93e9748c2c1c8b7,1879,1560,JPEG,RGB,True,,
train/IADE3.jpg,raspberry_pi_sbc,train,934665,2ba59255bca5696746216419f6b43cd37638c0f2a6a6d1350098e39e4b5136cd,97b26462ecbf5d5e792b49a1645fd0fc063c4291861b444f456b70e2a97d0bac,e93e9748c2c1c8b7,1877,1561,JPEG,RGB,True,,
train/IADE4.jpg,raspberry_pi_sbc,train,944357,62c41755b219bba6063d2e61851231d07a87c6db8b3785e086b26e8d65d3ce53,75797c2f002c55b68f0d269105bff68e75a1a8c846185960a621d5b82e89f9b3,e93e9748c2c1c8b7,1883,1560,JPEG,RGB,True,,
train/IAEA1.jpg,raspberry_pi_sbc,train,1221709,6d24560b6b85725fb26289757944741e2faed0ae380b5949a69731dea6e0c262,d13701a4ec86071c0d7cfa34816094985c657f4da12cffe8597be323f03f854c,ed8e92604a9d6cea,1771,1877,JPEG,RGB,True,,
train/IAEA2.jpg,raspberry_pi_sbc,train,1068322,c4842b79ea00efc1ed9894a7f6fd5b46254636831bff56e467240ead694299fe,80975629453fae65e38378e8f7e0c273f170f1fc4b16f23627cc1c645f862842,ed8e92604a9d6c7a,1770,1876,JPEG,RGB,True,,
train/IAEA3.jpg,raspberry_pi_sbc,train,1078488,0881caee06f8e5a76a526ae70d4abaaedcafa0c411de67415b79c2f3c25cbb4a,3399b83a206d9593d02f4727842876f72e9b8653e377c2d4b761b16cc35e5855,ed8e92e04a9d4c7a,1771,1878,JPEG,RGB,True,,
train/IAEA4.jpg,raspberry_pi_sbc,train,1071763,ed037b5d1dfa73a75822d822ba45853f7f9b9f870f8a742b4a4d211f74d0829f,60c87f0d6798665e26afaccd28c61088ed13f5efb42e8a0c623923d6b63541b5,ed8e92604a9d4c7b,1776,1876,JPEG,RGB,True,,
train/IAEB1.jpg,raspberry_pi_sbc,train,1441707,8e5a23073417af52d1683c93f84db05a08adf18b9dbf524973324bb33ab23d40,ea176590431709fb73e1ed2fe778258422be11dd52d622e864f62a7d0add365a,e9879460ca9d4f99,1997,2132,JPEG,RGB,True,,
train/IAEB2.jpg,raspberry_pi_sbc,train,1436063,d1603b1d70953c4e55e48ebdee4a148d6de5eacc505fa8eb81be967536e3ba76,f330d5f2425d1412db2c1e07778cc5c53841ff1d7c867eafeb6baf22c73b87ba,e9879460ca9d4f99,1987,2129,JPEG,RGB,True,,
train/IAEB3.jpg,raspberry_pi_sbc,train,1411711,6fed57097c9fd1943e125a4900d51a6689bbc90edc2f3215e3d852c2af1d3b65,cadeb2fb2b5add856f55014262c4d67af2596c5fce35018288cb111a20eebd94,e9879460ca9d4f99,1977,2125,JPEG,RGB,True,,
train/IAEB4.jpg,raspberry_pi_sbc,train,1490571,d6add2f305f99b23506e5382cd2b3fffa949793c848d42dd8904e8a18d51d83e,414d4fccec2c84df0b6eba311124f19edef230517647545a32dad113e5cdde0e,ed879460ca9d4b99,1972,2119,JPEG,RGB,True,,
train/IAEC1.jpg,raspberry_pi_sbc,train,1310083,90cc6d75101bae83dc699825b16e53547dac8e1050e0eb76d406a000a7ae78d4,f88c897921d795e7a80503e9c87761272fff11879f963eb66bb61597a54086d3,f9979660c28d4f19,1844,1884,JPEG,RGB,True,,
train/IAEC2.jpg,raspberry_pi_sbc,train,1258539,6209920827cc4ea2a64b64003a4fbc60c241ef5f2cdbb8837f9a5fc3f482195b,e6cc2b1719990a4fa4d92a8d23a412b460194d5bec88c4ab2f88050ae6c432e1,f9979660c28d4f19,1839,1877,JPEG,RGB,True,,
train/IAEC3.jpg,raspberry_pi_sbc,train,1213425,d101199bb1b2d0eecd8bd2900bb4e37e09b8bb63ee99bd92e662893eb7858dab,1dc3906b70c3fef082aa09dbc5b055d930ec036f81319d250a0ff9c0a7efd8ca,f9979660c28d4f19,1842,1874,JPEG,RGB,True,,
train/IAEC4.jpg,raspberry_pi_sbc,train,1250992,288e0a5d1342fd4909a9b178a9dc6d083627ab01f14c7695098a91309cf9fffc,256524d0c130f13d6b85e94fed20a87f0591fe3f1ca5e6a007f93328a51ddec9,f9979660c28d4f19,1840,1876,JPEG,RGB,True,,
train/IAED1.jpg,raspberry_pi_sbc,train,1117201,3a220e2ba0fecca5af86b58a91dc7fd1df1a59c1e1f36f27e12a6f62a0d85436,f1f3093cb799738314cfe1bd19d2de12e7e0c2fcffd45bea1a231f3b5be8f41e,e93e9749c8c1cc95,1883,1735,JPEG,RGB,True,,
train/IAED2.jpg,raspberry_pi_sbc,train,1107260,5874b19cb24087915160d2082c7f86f8a8b8773e70576467f515893d7e6a650f,1d5b7e265f1b8e359276df2969fd79244d41b45b2289bf21860d9c1ced502044,e93e9749c8c1cc95,1882,1733,JPEG,RGB,True,,
train/IAED3.jpg,raspberry_pi_sbc,train,1114800,fc1a6f2edc448cbcadad3d5232574a2d009cb36d85bd9487b078ea53772ab009,2708ccd9b9f921b305d56b94f4ffc484799fb165fe0b1a937880cd1c36e85830,e93e9749c8c1cc95,1883,1735,JPEG,RGB,True,,
train/IAED4.jpg,raspberry_pi_sbc,train,1104841,f425331fa5560278ae3fd7c3b744a68f12d4efd921705080d4850ceb23a40509,0fce7a156168b925351106ec5c19c635c2719bedf20f21ee96833551bbfaadde,e93e9749c8c1cc95,1883,1732,JPEG,RGB,True,,
train/IAEE1.jpg,raspberry_pi_sbc,train,887178,8be69c67d86b469148710f434797ffd68982b469e72594600e2421d86ffce8bd,4430cc7c5ee2721b61db86084c1b55345b6c55b539b94e018bbea39baea1cf57,e91e9649c0e5c8b7,1812,1516,JPEG,RGB,True,,
train/IAEE2.jpg,raspberry_pi_sbc,train,877185,4d08fab4445bd15491903e81c9248599705fcddda1756e4d4e8a6eda7da0db72,8cbec885c1e7ac8093d96abf96a18db0095e6c333e84d8af2403c133e0dff684,e91e9649c0e5c8b7,1804,1517,JPEG,RGB,True,,
train/IAEE3.jpg,raspberry_pi_sbc,train,860609,fe32795c2d21ad4e35bdbf1f101ef762c5746a2978e481be888f4ce02faa7e57,7ec7bc515b5a5fc212a358eb76e5ce9f4223255c1874b072082621251f46df1c,e91e9649c0e5c8b7,1803,1516,JPEG,RGB,True,,
train/IAEE4.jpg,raspberry_pi_sbc,train,850363,5fb726358cd2637a70f8a03afb9e4c934da8e63220655850916473ef3d4ddf1f,59ec793a3698856a81401f5d1059ae864936bf612ae0923253ce5ad2a94bc370,e91e9649c0e5c8b7,1805,1515,JPEG,RGB,True,,
train/IBAA1.jpg,raspberry_pi_sbc,train,719833,5e021cf08867cbfab7133488ce6e9a6d3ff30f710c9472a74705ee9c77d29027,2e87b658f4734df37725b6092e336cd6183d6da48b63df08616f691156b3d8e6,e8be966a91c1d998,1702,1434,JPEG,RGB,True,,
train/IBAA2.jpg,raspberry_pi_sbc,train,703500,04a4e08cf25b60c2a82f400091c7b51b742d0c579fbbd6247d3c90ad857e4d0f,865893e82e245d38f9608ebeda13ba581beefa5de48376bc9e45fc2e9f0cd2e6,e8bc966a93c1d998,1697,1436,JPEG,RGB,True,,
train/IBAA3.jpg,raspberry_pi_sbc,train,704261,85442754c202b862aac56cb72e4a534036bfc6ffcc14605c56dfb7ac758df0c4,533c38058ddf99c8e66b46ba0c473232a4613269adc6926d4befaf6fac6bff2c,e8be966a91c1d998,1698,1434,JPEG,RGB,True,,
train/IBAA4.jpg,raspberry_pi_sbc,train,692343,b770cdaeb903960eae6e949b617f6eed02a364ad914f3101dd779c7361227d48,ca2cb896c0b851c8d4a8bfcf43048ac9c6624a89a245af7f18673e1cbb735d3d,e8bc966a93c1d998,1698,1433,JPEG,RGB,True,,
train/IBAB1.jpg,raspberry_pi_sbc,train,985682,12e36eac80352c11979159edf64ba648901b3d1b43c801a2154bc592356f8fc8,4a7b35912b817fff7c1f2457b795e07acfd830ff1c480f4aee27e820705ca3ac,e996966a91e9981d,1809,1680,JPEG,RGB,True,,
train/IBAB2.jpg,raspberry_pi_sbc,train,937676,20d4edcdf9e2ce1d3fd1a20928526227140c8a0b25dd31a667c31094087e7415,f23443d94a566723adbbdedeb72697c6c438e5779b864b76834cfed0e672e767,e996966a91e9981d,1802,1674,JPEG,RGB,True,,
train/IBAB3.jpg,raspberry_pi_sbc,train,924579,09c2c2aaad57bccddb10d1e23e4c3c220190f97bce9006d66a142aa5d967b56e,cfda974cc78de2468878b11a52f75b0bd3fc7f45b82ec199deae8851a4db3449,e996966a91e9981d,1802,1672,JPEG,RGB,True,,
train/IBAB4.jpg,raspberry_pi_sbc,train,914958,6a5defdfd437f6642922459edbb37f0f32877ae080933c694252161a0461b06a,474391a53d5265401c386e99f5ec570a985ac08f169351634977bdf00097fa65,e996966a91e9981d,1803,1676,JPEG,RGB,True,,
train/IBAC1.jpg,raspberry_pi_sbc,train,1236301,573ed932db277855297c3225699b93a5d8b1f16b8c34c110d939e02473687817,a1b0343eb48ed980939a0f9e277a2c798ed97ccf4b699e57e518563e3095cb97,ec818666d3c4db9c,1820,2011,JPEG,RGB,True,,
train/IBAC2.jpg,raspberry_pi_sbc,train,1275633,35b4441527ae7b2fe25576f4d9e18ea29caaa101147a0d5036b05b2f96c6441f,54a9197a59c34b255efde601c41acf6b6094360d4d3d4a15cf4c2f23123f2008,ec898666d3c4d99c,1821,2008,JPEG,RGB,True,,
train/IBAC3.jpg,raspberry_pi_sbc,train,1252383,68984662282a374cefbeac7bdb4fe38278236b21da4d9ab4ebdda2890a9eaeea,16f50153c7d7c62abff98837033b26a5ce4d5d9a2af465cf0666fe11fe0b884b,ec898666d3c4d99c,1806,2003,JPEG,RGB,True,,
train/IBAC4.jpg,raspberry_pi_sbc,train,1219244,e377e44d437a7ef0aaaa2cf342a03f62b62989612c7ae1375cdf8ac310485323,a62a971a124396903651be675137f85e7eb49f47327c7cec85dbe34b74201309,ec898666d3c4d99c,1801,2000,JPEG,RGB,True,,
train/IBAD1.jpg,raspberry_pi_sbc,train,1334046,d894266e5614bf75a92038e1250e526f61e836c2f67ab117570723d347fdbc77,e997350b8b8ffbd756ebcf6bcabddd87a6ebcfd827796808474480133e1010c7,f8978662d3cc4b1c,1969,1994,JPEG,RGB,True,,
train/IBAD2.jpg,raspberry_pi_sbc,train,1404885,f9b018f51e9953b4e46b6271c5242ffe54ad4f41a55f67fc00a7e62ab39f0877,d5183d59b6e76742b0a367dacb5c360b3462a3b4e6c1cf46a3bc000c51e7a4d2,f8978662d3cc4b1c,1977,1997,JPEG,RGB,True,,
train/IBAD3.jpg,raspberry_pi_sbc,train,1376478,83ec694e75610b5de202605149491e7705c8cd61750fe7ec0cce99a7b92e31e4,69b89be51f089c09ac3ec7abed478f1a4590e2265b66a5a5bc015b0703b61685,f8978662d3cc4b1c,1967,1995,JPEG,RGB,True,,
train/IBAD4.jpg,raspberry_pi_sbc,train,1356243,0895d47e8a273339e2f0e92182fa544e244715b093e52e42e142f24372450355,778640dfa1ebf2a3f460c4a085d8d62e7738adb01419bb46377005014dcaa53e,f8978662d3cc4b1c,1970,1997,JPEG,RGB,True,,
train/IBAE1.jpg,raspberry_pi_sbc,train,960041,18e08821a38f56a33df74c04fa0eec7f75443c757079438ee97b91719fded720,7c97b05d8837d4e7c11db17999a8270fc66f73e42867301d4678ecbefd220a2c,e84f9762d3940b1b,1624,1788,JPEG,RGB,True,,
train/IBAE2.jpg,raspberry_pi_sbc,train,966678,384205347d4cc361e1ef00c2d96e638268c05a430a056264f296506a2a5ac091,273e2b7b381c5ab1a2fbbe9ade0f1f17441ff67d3627f7544c0e166e2b55c6f9,e84f9662d39c0b1b,1639,1797,JPEG,RGB,True,,
train/IBAE3.jpg,raspberry_pi_sbc,train,988193,340122c383f38ecc0b078c4dcf657b34eaddeef51bd15d947e9fd6543ea8a375,0f14fe585e459cd9fda78344a618a27583006e82d0f6920abca2131cce37a00b,ec4f8662d39c0b1b,1651,1799,JPEG,RGB,True,,
train/IBAE4.jpg,raspberry_pi_sbc,train,1057319,118fded3db3adddfa5c129706f5da6d29257df4849df870760bc6bee025c959e,a260318f21ff77d069c7f3fed47a5c9d99873b670af7c2d72a0a0350eb31038e,ec4f9662d39c0d19,1674,1805,JPEG,RGB,True,,
train/IBBA1.jpg,raspberry_pi_sbc,train,1037901,ad05cab0e3968cc678606d2549c6590550fa0f4f47b4082b02bdeaf82efebb6b,d787ce5c33b7f596ff16b4eb100b5698518fd92f9b0c126e1580fe8e8422bc43,ec97966093c8c99d,1894,1666,JPEG,RGB,True,,
train/IBBA2.jpg,raspberry_pi_sbc,train,1053737,a7e61444d6bd72fa5e510e9d6551fb380a821493e05840fede3bbc1a090e6b33,c8538ad4a792fa9a7fa08d231cab244e97524382c076ac506b1200b7531a01fd,ec97966093c8c99d,1896,1662,JPEG,RGB,True,,
train/IBBA3.jpg,raspberry_pi_sbc,train,1056483,c0ef4b2b8e27947cc8332acc59d5f37c89475c8a044a7ee630d39d2f8e22b15d,4840245c3913597f1ecda7281c2ceaa8c519935d89703286717a93c450e75322,ec97866093c8d99d,1884,1660,JPEG,RGB,True,,
train/IBBA4.jpg,raspberry_pi_sbc,train,1045286,407aac15c16e1448df25e62a60f83a48840515d523ea9cbfce5194e600119ee7,9d4b92e41706740e83f96bf5af322fc4b6a93ebfb6a8e405d6c0cf50c28b724e,ec97966093c8c99d,1890,1662,JPEG,RGB,True,,
train/IBBB1.jpg,raspberry_pi_sbc,train,1108717,1a642877edc6f41206a35af196ef881f644ad460b1f8414b8b661c48145dd898,f101b448cb1100d22be8544b38f2f24920ecde21b10b095139d313ddf627363b,ec97866293c8999d,1876,1731,JPEG,RGB,True,,
train/IBBB2.jpg,raspberry_pi_sbc,train,1045598,f60cdbd6ed8d59746e8b69ff189c2b1f812b652a2a3206495c82647e6fd4a3e1,b66b8725f15bfba76c1fae9884c9a55ea9f535abb0c140c9426dec13e89e25e4,e897866293c8db9c,1856,1723,JPEG,RGB,True,,
train/IBBB3.jpg,raspberry_pi_sbc,train,1036210,53e897827e9ebd5c2486659086abc8970432d4b6b7eff6561ca6d3fc15d93506,95bc193417fdf3983ebc0a124bda3a356cd7a83802590ddb4fba455fb93f6da0,e897866293c89b9d,1858,1726,JPEG,RGB,True,,
train/IBBB4.jpg,raspberry_pi_sbc,train,1036036,05b6dc11d0925e2243de2942b291398ab9c06651b55862fc7a864cb33b75ea0c,7c232e367a931818859df910748240498e0cceae76da301ab4f547b4e6b3c1b4,e897866293c89b9d,1854,1727,JPEG,RGB,True,,
train/IBBC1.jpg,raspberry_pi_sbc,train,1518494,c51fb52635fa4ed4f55d3338ec62928db08a49fade3f62f833ccef6e0b65aefc,a07ef0ff29f4847cd455c2004566d92ce52c8ae8d9bde6f52a04269e56351c59,ec178462d3c8db9c,1977,2034,JPEG,RGB,True,,
train/IBBC2.jpg,raspberry_pi_sbc,train,1496741,4f01acd373f8a3328f4052f3b93e0d7af09f4564eab1d48fb39c14807b61245a,0a805699e68b90ce93681d5bc86135562356aca40b043455593fdd04785d6d78,ec37846293c8db9c,1960,2023,JPEG,RGB,True,,
train/IBBC3.jpg,raspberry_pi_sbc,train,1490946,d9ba61b3edc3cfa2c1dcc2b5c29e44ffbde6fdf05c44bf3b533e5258af5d4d2f,a6167cadce5bf65274798580dbe8d3a4581f957ce14b177bfc2ab2266590809b,ec318462d3ccdb9c,1956,2012,JPEG,RGB,True,,
train/IBBC4.jpg,raspberry_pi_sbc,train,1487453,42ffc97e8f2fef728aac8fc52f20fd3ff080ac6e53a965508dc766917ad06c8d,8ce351b5deb4af4343eb52fdd712012f4275e8b2bb91bb5a2be16cf74c8f05e9,ec318462d3ccdb9c,1935,2006,JPEG,RGB,True,,
train/IBBD1.jpg,raspberry_pi_sbc,train,1828720,161d1650c66fc61d35a1e49059bec5bb4658ad060c00e2a56b565c528b5ac880,2d8ff3f5b6f543e4e28f837c632e12e646fd945152b925f8f925f370e5b3002b,ec27844ad3e0db9c,2097,2215,JPEG,RGB,True,,
train/IBBD2.jpg,raspberry_pi_sbc,train,1766098,f5ffb7229c7121f7103b0992f76a00467b7e90f558b46a443c398603447b70cd,3eef34d59d082b87815e5f129b09196c8b6feadc2f889af5c3ce2a11d445fbc5,ec87844ad3e0db9c,2084,2210,JPEG,RGB,True,,
train/IBBD3.jpg,raspberry_pi_sbc,train,1774378,251166f2cac75ad72ac424362cb112edfff6fc7e1751ad3bc7e044eb76812a31,0a4d8b3dc174100433b3efe76f62454c1b08b810e68c90f9b1102e485a41db46,ec27844ad3e0db9c,2077,2206,JPEG,RGB,True,,
train/IBBD4.jpg,raspberry_pi_sbc,train,1791905,ad905a7866472895b90a238bf2c16b024486b3c0f838fe4236db4a0be5cb5288,6bbcb678516cfed9ec092bdf4d84dd215081ce98a67da7757ce7a3f4a0f2a0a2,ec27844ad3e0db9c,2074,2204,JPEG,RGB,True,,
train/IBBE1.jpg,raspberry_pi_sbc,train,1187818,bfa959954d5c9321522c6c740c87eb547aabe72680b4357b848b7cd0b90296e4,a227a9eef66abd0df30ce57ec3e700dd122a3a855bbfac9cc9416c191da418bb,ac0f9568dbb0ca3a,1914,1861,JPEG,RGB,True,,
train/IBBE2.jpg,raspberry_pi_sbc,train,1167560,e4f0dc9bc623a4e0fb548f232f545fd89a08695f1cfc094760a99607a0eb06b3,230b63a1946b91a929c47641143e1e2fe0d391959c313ce48f7101a91ab142ba,bc0f9568d3b0ca3a,1911,1859,JPEG,RGB,True,,
train/IBBE3.jpg,raspberry_pi_sbc,train,1188514,c14dbee1635599c3781e6e47f6f910861edcd0877f1332452f579bfca25b824c,237e19a9ea8c82a99560769df762f70153493bc98cbcecbea64e874280061baf,bc0f9568d3b0ca3a,1913,1865,JPEG,RGB,True,,
train/IBBE4.jpg,raspberry_pi_sbc,train,1166957,26eb39c8fc9406c2dcc197eb2631c032eac1973784d75176479627db4b6c2cbb,22091ffef4f841c8df1262482b753b0abca064d31eb913f7cf071ce6293225d6,bc0f9568d3b0ca3a,1914,1862,JPEG,RGB,True,,
train/IBCA1.jpg,raspberry_pi_sbc,train,945777,d8e6a0b18e2dbb77a1221625cc72c3ee79e192ccd7e1e1b678dfc9421604176d,c61af7503ddd9d08e82a0109c64b0f5a1090078244705ea26ba5543389343c37,e88f9560d3b0ca97,1710,1604,JPEG,RGB,True,,
train/IBCA2.jpg,raspberry_pi_sbc,train,854183,4ad090f92f45c20b71d33d3bd6bb1fa938855a06f6e71b8ec0a707c354603961,4b2e9651cdeddf94f408d09e55a4e92245ced86a7a58e514b25f1680fc3048a3,e88f9560d3b0da96,1686,1585,JPEG,RGB,True,,
train/IBCA3.jpg,raspberry_pi_sbc,train,843372,bae71643a5084175c0fcb28c94b81ac838d42f6c45f7fbde8a3290d32601cdd9,99f2023a941e550345477c6d821f36234824bafd764b13b1bfc595b31b4abc8a,e88f9560d3b0ca97,1685,1584,JPEG,RGB,True,,
train/IBCA4.jpg,raspberry_pi_sbc,train,864985,c63d442213b404286b84e6d54cacb8ecc80aaee0050d484ff196220cc96df970,cfb51068a878401fd3324a99be907260ac5f83512c8d0b724e5dbffea8a7b225,e88f9560d3b0da96,1685,1582,JPEG,RGB,True,,
train/IBCB1.jpg,raspberry_pi_sbc,train,1348594,91976090a732bd3cf2d7ace122bafbaaf1a61b09eb347eef4af97ce61521eac4,554239410c2de7d35dd2dd07eb61564e2d1d3f9f6dceb3a298c70385e0f66ef8,ec8f846293f0db94,1848,1873,JPEG,RGB,True,,
train/IBCB2.jpg,raspberry_pi_sbc,train,1356674,4783960b6e73b9151d7ca27afa57273c4d6277f962044b2ce74793eade88ad0c,8db8a26b57a5ed4069774f8e388665d77838fcc890a785beed516611d2abd1d9,ecaf846293f0db90,1834,1861,JPEG,RGB,True,,
train/IBCB3.jpg,raspberry_pi_sbc,train,1295933,bd6e0eab0714a9ed0fdeb3f1fb83078efea1be766951d5802e2aac4bfab872ce,5fbf5cedee966075a0ec34bcd4fab4802cea27b6f057f20e46135281e0d4d564,ec2f846a93f0db90,1831,1857,JPEG,RGB,True,,
train/IBCB4.jpg,raspberry_pi_sbc,train,1281236,19212e8aeefc7c0420dcb17349849449440eeecd016ff506d3ca67b576d58fd9,19f2d6492a9c3290cea12fed77a40565d04d3b2a7e063eb6eddcdb01cb4b6c70,ecaf846293f0db90,1826,1853,JPEG,RGB,True,,
train/IBCC1.jpg,raspberry_pi_sbc,train,1441697,ddab92fc699bd07f0fa746e72798f3bd1160021316cb283d082255ce2e215daf,3794fa491c89322cb20eec35e5e1153e203eb1a6bb21246e2ceb6504f1f594c1,eca7846a93c8db98,1866,1950,JPEG,RGB,True,,
train/IBCC2.jpg,raspberry_pi_sbc,train,1434223,4359fc65582fa5909600f4c2789a05ea684bd38c071762390e4deedac9949f4a,8487e05336ede62cb6233bab18699cac5d37631b4189ec5cd097090771439909,ecb7846a93c8d398,1849,1937,JPEG,RGB,True,,
train/IBCC3.jpg,raspberry_pi_sbc,train,1372723,b740c4e125174e87ccab6a88536b6c387886152430110591590cf886575fbbc4,aa229478ce3f0d65e33a21e65481b05efc7e3eeb0e9ed0bf7b97de0fa680fcaa,ecbf844a93c8d398,1836,1929,JPEG,RGB,True,,
train/IBCC4.jpg,raspberry_pi_sbc,train,1492035,18ed9aed016ef72971945d4bf87459fc5a06d22df40799c5afb9a8b0e54cc73f,36abb9a589984418985a393e4fef6e7eb97a7a1df2488432f114b8d6981c3f46,acb7846ad3c8d398,1883,1929,JPEG,RGB,True,,
train/IBCD1.jpg,raspberry_pi_sbc,train,1350718,eb93ef0023be09ddd334c904e9ad3a14323732fcbd531f191734523f40c9c034,72d50240474ab94158e3ebdbc99ad0e1a86bfa672e8d72172b4b31d0fa1bcc70,bc0f946ad3e0cb91,1871,1887,JPEG,RGB,True,,
train/IBCD2.jpg,raspberry_pi_sbc,train,1389757,14b906c4ab0dee4d71e094c16d5d131afd5c32afeb5104e76585df83605842e2,795dff684d4ea02be40b6ed8ec97a4d91fbc0670add0e96b1f4a748bafd0618f,bc0f946ad3e0cb91,1858,1876,JPEG,RGB,True,,
train/IBCD3.jpg,raspberry_pi_sbc,train,1332139,1147687b0b88deddac81fe66a068a8e29eee5b97a42d1385004dccc2a8938f78,e68c5f99313b8d345f77338ac770519448c687bb5a60b73c3393ba9c2d1c9f9b,bc0f946ad3e0cb91,1855,1874,JPEG,RGB,True,,
train/IBCD4.jpg,raspberry_pi_sbc,train,1381583,34f5a7cd5afdd2cc17e0a628c50d5d962d31609dc73e4cd56c80e209bd84c726,d3ccfb90682949c23d31d53053c69ed70c7424edaee694dcbb272aa35b9e6344,bc0f946ad3e0cb91,1859,1876,JPEG,RGB,True,,
train/IBCE1.jpg,raspberry_pi_sbc,train,1049155,46d3a2bf85c143f552b03d96b198186d19d94ea572c196d54359ad6bdb39d2fb,719420ae58d3571b5c554744b251e10d09e27a9246c4c1ab24a9489f79769f08,bc8f944ad3e0c3b1,1717,1672,JPEG,RGB,True,,
train/IBCE2.jpg,raspberry_pi_sbc,train,1021795,72f0256a07273ac120144b958887449acc1503776ce3890d16806396baf0b1f8,e87d8feeb8af6d38c2084c3f9ee4eb606cc15c8a900ceaf89d8dc21d4202cfbf,bc8f944ad3e0c3b1,1719,1669,JPEG,RGB,True,,
train/IBCE3.jpg,raspberry_pi_sbc,train,1033966,b7d9e037054c2e85a87a29270ae1dcb0177aaf93e3599da8f587778e62d3f456,558060160f6ef292ace0997f51b1781eb6a4c26903552a56f493b42231e29b9e,bc0f944ad3f0c3b1,1719,1671,JPEG,RGB,True,,
train/IBCE4.jpg,raspberry_pi_sbc,train,1055779,4a748a0625c6aa7b8e9e6fc71bb32d5265c4bd581738d8f389c26ff0704ed9c0,3a02898745585a51e8b169eb4dc9379c53651cf632395b11f0460bb5cf634e53,bc0f944ad3f0c3b1,1723,1673,JPEG,RGB,True,,
train/IBDA1.jpg,raspberry_pi_sbc,train,1229853,2f0b8f310edc24c35f4d768257ddcccbf1c0e5fffce2a42e99c79e924057911a,c85ffd0de9cd1139964d3a2574733641295b9d94521db156bef30165f2bd03ea,eccf9460cbb04a9b,1885,1974,JPEG,RGB,True,,
train/IBDA2.jpg,raspberry_pi_sbc,train,1194481,b00511f24648d0e771526a7378f91a7b97f59ce88ac13c8d5912955fdc22dc8a,30154d1d71ad3f9df3ab7c88456d3f9fbd3403d69ce63ddcae13af8d8d7512c0,eccf9560c3b04b9a,1873,1966,JPEG,RGB,True,,
train/IBDA3.jpg,raspberry_pi_sbc,train,1180605,dbcd22a817d854a136b97f84299d238d66b71d2e63f7b68703ac0b4b8701438e,1db506134ae3cbf6a8bbfd713078e68ba1e617e82dc9c7b46151db7dc44f0336,eccf9560c3b04b9a,1873,1964,JPEG,RGB,True,,
train/IBDA4.jpg,raspberry_pi_sbc,train,1175805,76770bcb767745dc406020d617eb8c4acc782603f253d81ee174e1d012ac9858,c7528df8bb87ba68485162e50de0f899eff218e12e39a8b78be3234168d569d8,eccf9560c3b04b9a,1871,1960,JPEG,RGB,True,,
train/IBDB1.jpg,raspberry_pi_sbc,train,1600470,773402505c3a3c02b8fc1b0f5eecb4873627caf4b7f7a70ed50413c3db2b4a77,1a2ecb808d2400032d0d12f9c53b86a6d14d1bf8f420a0145df7e1366f19d6a9,ac879460d3bccb99,2072,2220,JPEG,RGB,True,,
train/IBDB2.jpg,raspberry_pi_sbc,train,1573916,f3b6733f53481df4eadc6012769ef45d6c80c51d675308dc34026ba3fe5ff823,dae762bcc0f88a1e54bc40a1bb6c65dbab8582d789cca32d14f9ebd55dca1288,ec879460d3b8cb99,2081,2220,JPEG,RGB,True,,
train/IBDB3.jpg,raspberry_pi_sbc,train,1483650,2016dc51ecf309e13eb7fc40d5dc32424ca97e53233564eed45f401ca8ecb943,dee851d62e9b7bd36a47345a9e9c3c1032b29909247230798c493ffdffb7bc6f,ac879460d3bccb99,2076,2215,JPEG,RGB,True,,
train/IBDB4.jpg,raspberry_pi_sbc,train,1435216,7e92a3edf25a1c8adc7c1e8c1b98e1004b2f6d7779cf12639989d89e4cfaf663,bce9e910df86c362d351d7a3c6c7ae04218cf1ecf152108f8b1f56ca90f44d5f,ac879460d3bccb99,2079,2217,JPEG,RGB,True,,
train/IBDC1.jpg,raspberry_pi_sbc,train,1271117,d16710a17b6be765af67bd6fff1361958f45c976884faa5588c328833ab2c766,9ab65335f34ca1aa0b6585e06983d080623429037cd6af0fd1924f725be04893,b8939466e3ccc399,1757,1827,JPEG,RGB,True,,
train/IBDC2.jpg,raspberry_pi_sbc,train,1262368,a2f2039baf8df661c4a7d86038283c2e7aee688db4861e95d8bf94a6e969483b,aff7bf996824328d8dfd3f4d875bc987ed9fe70f0454e5ed02873ed3abffd419,ba938466e3ccc399,1743,1810,JPEG,RGB,True,,
train/IBDC3.jpg,raspberry_pi_sbc,train,1226131,2b8705db66b109a101a5f1284dd784ec7a39f59ac75e2353debf9df3a05fe977,3400bc959a161f9d55d6659b65bb2eeab54fe6852559451ebb09e3d2678fc4c0,be938466e1ccc399,1711,1795,JPEG,RGB,True,,
train/IBDC4.jpg,raspberry_pi_sbc,train,1137808,cbb31cc37507a6602f65943745c1eb57d3c824178bb86f5210f49038ec78846d,d978fcbf958eb1a5b524a8f802b2d5fae3145555452ad7ba2eb7b8a5d31d19f7,be938466e1ccc399,1711,1797,JPEG,RGB,True,,
train/IBDD1.jpg,raspberry_pi_sbc,train,1200392,0fabc60b4be4f1d598958addeac8d7296b83ea7c4bcc43b85d90f9147f00b9bb,3c2c8944f5c1e71a965ae54010e4583d331116cfe4ca263dd789bbc34cb8a240,ec97966a93c8c391,1799,1799,JPEG,RGB,True,,
train/IBDD2.jpg,raspberry_pi_sbc,train,1144460,26e581cd93752aa6d349ac4302470c0292b139a21f6e1e83db14eb9cccebb824,daff422c40521b5fd7159383759d38290df15a30e839fff711e0d19abdf2f5d2,ac97966ad3c8c391,1794,1803,JPEG,RGB,True,,
train/IBDD3.jpg,raspberry_pi_sbc,train,1109648,7d01ba177bb14a89890f48154905280630c85b6a28122581dc56a91d1be53308,a6577a2bee7e6c2a7781dd507e52c0b409b16e7470755ccbb1c8a799db9805bb,bc97966a93c8c391,1783,1801,JPEG,RGB,True,,
train/IBDD4.jpg,raspberry_pi_sbc,train,1136592,d1f5b642721c0cdfbb2b5012780aa30f22603b0ce0b1f4bdf5c30cd88ec6a534,91f406716d1c0f9fe11b6512b597dbebf8507733f465502f41a0491e58cc0a04,ac97966ad3c8c391,1784,1803,JPEG,RGB,True,,
train/IBDE1.jpg,raspberry_pi_sbc,train,877789,8883e1ac1563664f63caf250fec7585ed3c3dc17ae9360a89b1d7eb1ddf5c3e0,85c5370fbdd4bba684cd13fcb247b1586464c2407a28f65ae01bf7541c975c26,bc979648d3c9c331,1763,1582,JPEG,RGB,True,,
train/IBDE2.jpg,raspberry_pi_sbc,train,869415,5a8bc7c79978e41cc6d6a2333d81c127fd2ff5917d4c77616698225fe7e02f4f,f706698187cf9e1a193e8d7dce38b1599019d5ff045448adf723968b6cc2e2da,bc979648d3c9c331,1763,1583,JPEG,RGB,True,,
train/IBDE3.jpg,raspberry_pi_sbc,train,861748,4f3579490721585b205cdfcf20cbf5d4d194cfc73d085f4a490ca2081bd9c32e,d1f013e58ca737bcacb80b6234bac46d86c320a8af8653ed7579bd95ab3338aa,bc97964a93c9c331,1760,1581,JPEG,RGB,True,,
train/IBDE4.jpg,raspberry_pi_sbc,train,866843,d7b0a161574377b04ff2e9cec62b15fdc7cd7e36175e0f25ff6a51c4bbde21ba,d002815cae378ef66c687d026f24ac2438e7018cf54d819a6a4afd1db6b386c0,bc97964a93c9c331,1761,1583,JPEG,RGB,True,,
train/IBEA1.jpg,raspberry_pi_sbc,train,1084906,d5b44eef04cfcb443c8fbd07da4874c19528c6322cae6ec4ac47c0aa8f0982ae,09e96a7ffaba0a757735524ad276e1356af9f20123bbdc60e1c6607aad370a55,eccf9660cb990b19,1641,1839,JPEG,RGB,True,,
train/IBEA2.jpg,raspberry_pi_sbc,train,1069155,de942297c2d61b6ad272f17f458f89325b23475d66daed14cdb1ef3689f4d916,9d5f7c45bb96601d757ef831632d9ad94ce54f38af6754d193868ea315739610,eccf9660cb990b19,1640,1838,JPEG,RGB,True,,
train/IBEA3.jpg,raspberry_pi_sbc,train,1012394,d3e12afdc6928d7486228b13a7e35bfb36cf6f1f33142351ce2dc6cf74e0f0bd,08dcd255d1f152d979026d7a753efbbfc9ddae24e683ad113c5b795ecd4ee201,eccf9660cb990d19,1641,1839,JPEG,RGB,True,,
train/IBEA4.jpg,raspberry_pi_sbc,train,1022730,84dd2bd9fd6a86215c5d81d8b44b54d67d69ed25ad2ff4638d57a19ee38b8afa,514974229742432e07265db012d7ff3a9cfd58a24859d6235234dd464dd84a7e,eccf9660cb990d19,1640,1840,JPEG,RGB,True,,
train/IBEB1.jpg,raspberry_pi_sbc,train,1357212,3e37d7a491204252b612d7e4d2b9f0ad37c79dcdefc20ee66c5416675940b377,14031ecc48dba10b62988ba2b3d63d2dde697cc931d6dde4858a4562bab53117,ec8f9460c39c4b9b,1858,2060,JPEG,RGB,True,,
train/IBEB2.jpg,raspberry_pi_sbc,train,1347904,fa00fbbb6ac43a2518bceaa56edc5ccd7f982139cd951e82eb9837b5110c9cd6,6d65325ee984c74b777a7d60025a08ef6c46660654d7ef0589b2bfcd963d55c0,ec8f9460c39c4b9b,1862,2060,JPEG,RGB,True,,
train/IBEB3.jpg,raspberry_pi_sbc,train,1324972,6821ca1f9f13eb5e0879fc9cbfdd44469bac3b3f480d82a3541a603077d945d7,dcbc75cc3f4248f485f8a83ae85463895afe43c265600e8d27c60fa7e56ecd5c,ec8f9460c39c4b9b,1861,2055,JPEG,RGB,True,,
train/IBEB4.jpg,raspberry_pi_sbc,train,1288675,15ad486f089306e55b2dc44bede1d1e1d1cb0fc3bac4996ffb1e3918bf2e911b,135b6be1b5c9af25f0fd1809e9b7c0909456febfe6f14085a45557a7aa0ff09d,ec8f9460c39c4b9b,1865,2059,JPEG,RGB,True,,
train/IBEC1.jpg,raspberry_pi_sbc,train,1203242,acaa166ebc6301e0935ddfae7cdeb3bb943a314f7c33b44bb7f6970a3460fa4c,e858c270c0056ad592e3f75ec1fd7aab68573b7b45edf9cefb1d10ee39ffa644,f8979660c3c8cb99,1739,1815,JPEG,RGB,True,,
train/IBEC2.jpg,raspberry_pi_sbc,train,1183177,cc23620ff460c9e1bc0ff650c7fc407a12484e9325842455149d5d0cb10d991e,bf4da94fc5e525c0ab5c6b75a9f27f2b3bcc22e7952981be76f9056f1b7c6e61,bc979660c3c8cb99,1724,1806,JPEG,RGB,True,,
train/IBEC3.jpg,raspberry_pi_sbc,train,1145219,d55843300183a35a42417b6381dcfea10fdd3cd87b078348bcd1de966f622431,551e122a2e3275f5886c0fb61dfb7b9e1bc6ba0c174f0afd09e1b28b17906c6e,bc979660c3ccc399,1716,1803,JPEG,RGB,True,,
train/IBEC4.jpg,raspberry_pi_sbc,train,1079403,868362584b1efadc31a7bed42bd2e2414f78186f55a91b5c1c4972e696cd8f28,f77daf790eaff5a8159c3c6b6ab2e756c6ba9a8c67da1b13a8dfe3957401da6e,bc979660c3ccc399,1714,1796,JPEG,RGB,True,,
train/IBED1.jpg,raspberry_pi_sbc,train,996925,a6047b1cbafa24c174df30baf84c92b170fbcb52c04c9d5ed6611828e6fb373e,f65c80b3fa2929f036f6fc19be18fb63525e74e3aa2ce4d112bb6736fc3f1af7,b89e9668c3c9cb91,1758,1710,JPEG,RGB,True,,
train/IBED2.jpg,raspberry_pi_sbc,train,1007477,f61583316104feb9fd7f0d9a27297ab3ab8eafc40b4a65b8690e3a1f09f85f9c,bfa18bdd410d0ba29f2a91d55fa536a938cc00a63682b3c32b41f176abfc5920,bc96966883c9cbb1,1749,1710,JPEG,RGB,True,,
train/IBED3.jpg,raspberry_pi_sbc,train,968578,dd689f2cdc3cc3321ed7845ed1c7949ede03ff2237fc3d170bf40544890b3e7f,1ff6f0dc6a835fb92007cffa68d74c98f82f6f2c32696b98eb2aa3046239e63e,b89e966883c9cbb1,1748,1710,JPEG,RGB,True,,
train/IBED4.jpg,raspberry_pi_sbc,train,1015398,d4d630329e812c3c1194ed4be777917861b2d99bc970398dfa0343eea7220aa1,f947cba6671f4600756a974db071a73913ea52eb12395c4bb797a9a772a2b6d6,b89e966883c9cbb1,1759,1711,JPEG,RGB,True,,
train/IBEE1.jpg,raspberry_pi_sbc,train,764497,1d78beef31ed92a07cad663a1e8a987e7f853955eef3ae56fa614a1e0a12b09a,65e6c8d6a66d2f87d4627f680f88f0c84ef4c0d63323ac95cedbf5676822925e,bc96d668c169c327,1678,1547,JPEG,RGB,True,,
train/IBEE2.jpg,raspberry_pi_sbc,train,767665,d18bf09e9691569390a68f7c661caf479d63805bdbc8fe1aba14bacc3d37d5b3,aa1add59953e26870f701c310d65178702a7cde9f83610329aba36960368f0da,bc96d268c169c727,1665,1545,JPEG,RGB,True,,
train/IBEE3.jpg,raspberry_pi_sbc,train,782777,3454d26abad6cd247677b66189945f5e8c36dddcb8ef6b44e3bcc7ca5f847282,a8de3ae4401251716d5e47ed7fbcbc385967cff28974aebe31d7f3f435e14404,bc96d268c169c727,1665,1545,JPEG,RGB,True,,
train/IBEE4.jpg,raspberry_pi_sbc,train,747983,3c3813a919f103886acf54cf1c97bc4e5645e58c7faa733dccca1663354a1c02,42508e85430680709f85f390ad9ad7d32bc79d91c5b151704fe49335583c6bab,bc96d268c169c727,1669,1545,JPEG,RGB,True,,
train/ICAA1.jpg,raspberry_pi_sbc,train,728366,efae7074a361a6b213c6058cd02e38301786094c00704aabc5fd4c490c0230d6,89745aa9e24f67e8f96b091235e8cde487dd4e72ba389dca87d58c6ce342c65f,e8bc866a93c3f1c1,1506,1571,JPEG,RGB,True,,
train/ICAA2.jpg,raspberry_pi_sbc,train,725240,f923cdbb295e29f7ac903f63b5367277a50689b5e9c86f64620b02a07da88d62,0b831447be5c5544ac1d3c5147bef77c9c608d1fe0a648dbe1ebc8c139340bdc,e89c966a93c3f1c1,1507,1577,JPEG,RGB,True,,
train/ICAA3.jpg,raspberry_pi_sbc,train,717740,17469a68f2eb1a7c6af569e4eb4e1d099947cb4f0c931ca94b660899def3991f,cdaf1b6ac7ada256106af0bde46563d6b618b5c6fea21a2b7e497e1d3b037cfd,e8bc866a93c3f1c1,1506,1573,JPEG,RGB,True,,
train/ICAA4.jpg,raspberry_pi_sbc,train,708648,b7d41b6f5b9cf893a9d13c791e87e95f0840046b87753db3ec44ebb42dbe6bbc,d6c9d4e281eb976486f266e3b5fb0a6908269085c766f4bfbae1c500d3169afe,e89c966a93c3f1c1,1506,1575,JPEG,RGB,True,,
train/ICAB1.jpg,raspberry_pi_sbc,train,830453,0febc5ea98c6be9b6c0b7ad71c8b96e97f82a177fc11fc36a5690c1aca7e4b5b,81eaa50399f262acf5ee2d135488544daf3c006173c7fd1e37414a8d3ab784d5,e8bd866e93c391c1,1544,1666,JPEG,RGB,True,,
train/ICAB2.jpg,raspberry_pi_sbc,train,830306,0205c5af898bbaffa2249760dedcdf1890c8ed9ea16564a1f83ec2317aa0f384,e11a5e82ea38a01aee85a4965f029169f5c7aeb4fac687aaca1c93498557e5ac,e89d866e93c3d1c1,1555,1661,JPEG,RGB,True,,
train/ICAB3.jpg,raspberry_pi_sbc,train,817868,3bcf10ff57a671250977adf07c1fd0d0baf2ca7d17dfdeedd19078be546e838f,f8b57b69061f7952e653af94d2cca2a5f3a1de4a888d53a1ff6224b23d7f3c88,e8bd866e93c391c1,1553,1662,JPEG,RGB,True,,
train/ICAB4.jpg,raspberry_pi_sbc,train,826274,203244383a5b648af6381cccb98826fa45827fbd6d401b8d3e6377f748db6137,7b3013521d8de72457a3be166eec47a1d2ef073f280d19a035f9e8b07ac6bc8b,e8bd866e93c1d1c1,1563,1655,JPEG,RGB,True,,
train/ICAC1.jpg,raspberry_pi_sbc,train,1132847,b5bcbb2615ef51b3fc37330394f8d3bc4122ecff12b154e18b73b0db2e5ea2de,11c185daa8fb34a3ff3eb4b76213bf50884aba869ccecf5f951651497550c9a5,ebb8840f94c7d1c3,1705,1873,JPEG,RGB,True,,
train/ICAC2.jpg,raspberry_pi_sbc,train,1153693,ec15006fe70c664ee370cbf16944d5b84b968256e0649ee10389be46274b7246,e74481d621351a47bf95b160e0a3c218d9ababbcaf4f405eba058135e757de33,ebb8840f94c7d1c3,1718,1870,JPEG,RGB,True,,
train/ICAC3.jpg,raspberry_pi_sbc,train,1101503,859fc1296a6b44a782f1da77983c3e549dd7a95772852f3d4954be260410d6c0,d2a5cb56e7afcce7aade8b60cef9ed6bb9ee2b23b8b11e2dde42942037595515,ebb8840f94c7d1c3,1722,1871,JPEG,RGB,True,,
train/ICAC4.jpg,raspberry_pi_sbc,train,1085343,d125ebba865494dca5e8bb6b518fac2abd52802f88779a81b07a8160e3a376d3,28ac0387d565698c517aafd32b2e2944e6bb11ceb03fe75742480348fb66ccb0,ebb8840f94c7d1c3,1717,1870,JPEG,RGB,True,,
train/ICAD1.jpg,raspberry_pi_sbc,train,1092243,745e009e8c5eeafb0d975f5808fe260dfe66797ed666bd6c50af095437261356,6852338f2eadbba8c8910d064c2191769152983fcc5235d5d734daebf7e7c2b9,eb99866690c6d1cd,1719,1830,JPEG,RGB,True,,
train/ICAD2.jpg,raspberry_pi_sbc,train,1048413,88c4a1e0acb4a92760d0d636ce53ac2b0327ad8ce78b0f8de699d4dec92ed470,070f9f08c96cafc6074ce99a250969760b829e7dac531462d349c6a351cd5a46,eb99866690c7d1c9,1697,1821,JPEG,RGB,True,,
train/ICAD3.jpg,raspberry_pi_sbc,train,1072224,807985be4431315888814322d9f5736b48722b8ab5391b84d59fe759425f344e,034d9c83c219bbc8f79cf8d16836257913c85822a8233a6f068d51f3a988edda,fb99866690c6d1c9,1698,1825,JPEG,RGB,True,,
train/ICAD4.jpg,raspberry_pi_sbc,train,1093584,5d50f58f1c423c4513177cad7423e9c131fc5f7e8d693530aa527e9838856acd,745d8e6ca28c1762619026584dfd75fbcc05e1c1e5c5d22909be64e043dbed1c,af99866690c6d1cd,1717,1830,JPEG,RGB,True,,
train/ICAE1.jpg,raspberry_pi_sbc,train,911381,c9a9dd132f7671db9364a79355dbac9965c659f5b89e103a6ba62f33281d87d5,2ef08c8702b37e465a61eed9d2e8c24746c7ccd34cbd5e618831c6d8b42f8a33,af799466d086c999,1546,1707,JPEG,RGB,True,,
train/ICAE2.jpg,raspberry_pi_sbc,train,918013,bd089f5364c71e6e740b47527fd699b8702bac09dea902216a2ae50943bb83a3,f9e1153dd55eaf0a7fb3752d47d260789b99c4f3a00cb6cc31bf6f2d0c717ec9,ef598466d0c6c999,1547,1703,JPEG,RGB,True,,
train/ICAE3.jpg,raspberry_pi_sbc,train,903469,4a97a555b52e7f1bcdc0dab20eab2b29d0be9b2c109a14ad64785c37629fd4b9,505e2023f0c185090991c672d6b9795662c51ccfaf6e7e77820fdfdbcce12191,ef598466d0c6c999,1555,1704,JPEG,RGB,True,,
train/ICAE4.jpg,raspberry_pi_sbc,train,933628,b33f9665c5915a9b674cff1f138f183fd198cead09178ca62aefc1bf930e8812,3b46f0415791fc1f1d59d9a3d2d5d3d8f9825be7ba55fe4768fc13a4fd25de82,af798466d0c6c999,1556,1711,JPEG,RGB,True,,
train/ICBA1.jpg,raspberry_pi_sbc,train,913271,a3bfb5fdc2e21e9e51e773d26dc146a8a9336ab201af7eecd8db5d0c006e808d,74945352b14cf4e4ed78ebb3a91dd2da249ad2467e36e864bd766b8da414f618,ee9d866e93e0d190,1690,1614,JPEG,RGB,True,,
train/ICBA2.jpg,raspberry_pi_sbc,train,905630,72b582d6a37085eb44905b8167111df970783de55bbc0e00e3cfa6628730be4d,40e408eec8a1a7c3fd0da90ecb88e785484c52f0a626bf9ffa0698a39d161e85,ee9d866e93e0d190,1689,1609,JPEG,RGB,True,,
train/ICBA3.jpg,raspberry_pi_sbc,train,898770,800266beb47f1a318405630e5dabc548e7a30041c06c1c83100dc1f603a819cb,666d06ea21d5dcf0de77c4c16fef3830b81d064f5cd0a789450ece58f5b459f4,ee9d866e93e0d190,1686,1613,JPEG,RGB,True,,
train/ICBA4.jpg,raspberry_pi_sbc,train,882071,0cc9eacb250d78639b4c84012a5f3df5382d1cfb92b003374c2f57d3f12f5c74,406454ef354c6e6553e247565224113937a7b42265c5d71a7a8dd863e902e271,ee9d866e93e0d190,1699,1607,JPEG,RGB,True,,
train/ICBB1.jpg,raspberry_pi_sbc,train,1023747,8fb0cc84e886bec1e9eb427ec233349399d7976e82556b119c9ea1e12a816826,09531d8be25bcedff15c6a17c03a83d8330c3606cb26c03686e7067e7ec0c087,ee99866693ca91d8,1651,1686,JPEG,RGB,True,,
train/ICBB2.jpg,raspberry_pi_sbc,train,1005286,2fffe48d0a15cfff9324b169bffccec29cd40d8e2ab7a51bf89426bd3a715f5d,2e274f94ce53662c236909e1f85f5f65c9ca8cfaf85418cd958ace05bc192c43,ee99c66691ca91d8,1652,1687,JPEG,RGB,True,,
train/ICBB3.jpg,raspberry_pi_sbc,train,1029405,2e41f71cbd611f6f583d9645ad7217954d064c1b4fa8762db9be2d9b0be04b23,eb677ef00c7acc3f576dcaa9b3259860ec276ad984ea77be69940559e0546412,ee99866691ca91d9,1646,1690,JPEG,RGB,True,,
train/ICBB4.jpg,raspberry_pi_sbc,train,1038966,9090d8e93fbc1fb2666033155b5d5f5650ed7813b67e3a16490480cd86713db2,d9f2fee8ef32c658ed697161e8d2cce63e7f86940da8b8a5f607bbbb58ba8d14,ee99c66691ca91d8,1662,1688,JPEG,RGB,True,,
train/ICBC1.jpg,raspberry_pi_sbc,train,1248253,bfd1982299a3f82cd3de864edb2e7c829d6b5cb5d63a771e76cc7c8b2f4863d1,76f0832e03e487910337971ac1000af2a4fd205600eb582854d795e13a112fda,af98c46790c3d1cb,1727,1884,JPEG,RGB,True,,
train/ICBC2.jpg,raspberry_pi_sbc,train,1240521,b4f6d285a8ddd14c13e5aaed79ff240e86fbfb6bda72f16e7f04f3ef233a836d,9bece46636745522c6a256e8adc7708fc1ca8f04fcad4e494382674aa547a7ed,af18c66790c3d1cb,1731,1887,JPEG,RGB,True,,
train/ICBC3.jpg,raspberry_pi_sbc,train,1272040,41ad1f5940976ee94a5d2aaa89da8221a95902b214be45821f1129598cc9c1e0,5bea8650dd75c000a12196fa08d9f0101ae27c665e4db2fc4adbafece7387db5,af18c66790c7d1c3,1733,1886,JPEG,RGB,True,,
train/ICBC4.jpg,raspberry_pi_sbc,train,1261921,ea1c209ed661bb5afa84d6fff7db44932a59eaf186fa66d305a6965e1d81c075,2ae0291aa5bd03068123223b10e39a305a36fc259b8f5ef4359baf09d7dd68fd,af18c66790c3d1cb,1735,1892,JPEG,RGB,True,,
train/ICBD1.jpg,raspberry_pi_sbc,train,1558425,3e15cbb0582612c1ba100f88a395c94118c556f4f416196109a7df9eae847fad,f56918c1104e89c96e39290d13e632908960ec1a84395f6966536b049e628ec4,ef98844f90c7d193,1851,2087,JPEG,RGB,True,,
train/ICBD2.jpg,raspberry_pi_sbc,train,1488727,4d9e23657c11166b2c812dde2a961dd6437028bb96c0b2c92398384e51916663,68f4b92c017809cacdae69bba6d067de83ad38ed83e821bb46aeca684618c9f2,ef98844f90c7d193,1849,2081,JPEG,RGB,True,,
train/ICBD3.jpg,raspberry_pi_sbc,train,1534731,dc0515e07a0b4960d8ddd708b862b76d301bcc86ba1cfdf366cbbba00601d0e5,6a08476573b030cfce81d3ec0b426e5d5aa96a104cf3db291650bd7d0af0e9cd,ef98844f90c7d193,1868,2085,JPEG,RGB,True,,
train/ICBD4.jpg,raspberry_pi_sbc,train,1483154,1470b8a1a31e93d399833fe906c437bc208546b86d08a20f0a2971426104a589,e061a64a316411509a1564419c5b7a326128cffe5b4a18eca9a9442a977cf9b7,ef98844f90c7d193,1859,2083,JPEG,RGB,True,,
train/ICBE1.jpg,raspberry_pi_sbc,train,1187528,9fc18be3cbe211ccf36f781f40c3327acbd2b71b8bd3870ec0670904bd08acfa,63200bc0ea72c6db01b684bd2a7d14981e0b938c560277b23a2a8e9dd82137da,eed8944791c7c1b1,1725,1805,JPEG,RGB,True,,
train/ICBE2.jpg,raspberry_pi_sbc,train,1154153,a541b024c190dd6e75e91c029502fe13e1521c4a22fbf4df92efac8528ccd4b7,89eeb6b8b4ddb9469990441707069735fc6d4397a577cf0b94042e97590e5ce0,eed8944791c7c1b1,1726,1808,JPEG,RGB,True,,
train/ICBE3.jpg,raspberry_pi_sbc,train,1146724,3ef73b3d17b4815a4e78fe7865a99836ca45757d38278e46b084f2f8d19a9275,50527b2b5826a0d463327e5d979e49eb04eb1cc24192c4a82615aae891be9ed3,efd894479187c1b1,1732,1803,JPEG,RGB,True,,
train/ICBE4.jpg,raspberry_pi_sbc,train,1130692,a7774d975ea352713de3a4fbc60b0d97cea8a4c72c98422e7ccaf84fba89a3bb,59b5cf899977bf41d52c8f163c96ffcc175b91257144f039a7495f0586460988,eed8944791c7c1b1,1723,1802,JPEG,RGB,True,,
train/ICCA1.jpg,raspberry_pi_sbc,train,802680,9655fc25634937ce5c0c85cdff12740888f9776f50bf3fcf2699c6ebf5ae094d,9eff8abfedf0f0fd2edbe6a1eb42e4acf85f418217cb27142047ea6a32329390,ae1c946193f3c393,1557,1515,JPEG,RGB,True,,
train/ICCA2.jpg,raspberry_pi_sbc,train,807914,20d525a580d0de9faaf8fc8450e9b26c06cee0438d2723f6f31e0a3378a10324,6a3cb01466f01b5d0e831a6418c3e6afd004499def5109f2b39d8df6b44b3198,ae1c946193f3c393,1556,1516,JPEG,RGB,True,,
train/ICCA3.jpg,raspberry_pi_sbc,train,795234,307557148ae5be7b7f3bd7eca93f2cf79d81c2bf836a307ff1bbb7710679bbec,6ad395d20c8ae61d580612d29c97f3bed4aad09b34dbfd6aa710948fd19cff88,ae9c946193f3c391,1557,1524,JPEG,RGB,True,,
train/ICCA4.jpg,raspberry_pi_sbc,train,778563,fab1e3c5823a6f23ea8f7224eee33509fb66a9543b79353d5f59b277d539000e,705b80b14be1d5ef11a42d3a1e326c19dbb80c92b0f4e44c55b6d5e8a2d84510,ae9c946193f3c391,1557,1516,JPEG,RGB,True,,
train/ICCB1.jpg,raspberry_pi_sbc,train,1151478,d803ecae123ab1c8da9563d081af9da226156347aa95194cc7eda44a245cdaaf,0f3a64a179d9f32610201558fd7dc25eef6c234a4df879c10840d40bd5da0367,ee988467916791b3,1660,1783,JPEG,RGB,True,,
train/ICCB2.jpg,raspberry_pi_sbc,train,1150032,e6a2098aa2882ae7b4c20aa9c4f382eb642d5f9a3b17d3564437159adf7c4dcd,e88e5c96f9ef48cb46c7060d5309565c90b9338271cd3ff3126a28f72a9daa4c,ee988467916791b3,1653,1783,JPEG,RGB,True,,
train/ICCB3.jpg,raspberry_pi_sbc,train,1112973,145703afeeff3baeec81a9fb966f189c2115d40399cfcfeb1afcc148bf9b8635,e6645e09d0e6f9a5c4355303b1f3efff0bdaa70e5276019ace7706b4ef922e1a,ee989467916791b1,1652,1778,JPEG,RGB,True,,
train/ICCB4.jpg,raspberry_pi_sbc,train,1158856,57a5aa997ef0619bb57a31ae2589da3bd5e2e5b3e5f7af4ac604bbaaeb9a31e0,8447b2b935099e3413a0dc494ed0ae296e78455b64a7948f0d492c46b3f3ff24,ee989467916791b1,1652,1782,JPEG,RGB,True,,
train/ICCC1.jpg,raspberry_pi_sbc,train,1370211,ac5c8e22cd3102f0172e22659771557d6a5d29beece23edf192766844e8f1d24,16aa8542c22e9842b85c393ef25e44a5d365b8c414a4bdbe516e4a5f92111c46,ef98844f90c791e3,1681,1873,JPEG,RGB,True,,
train/ICCC2.jpg,raspberry_pi_sbc,train,1259247,12c9c4b4f08c413a8888b198c4d43b4feeabba9dd180f5c35449446eda15210a,8878017fcaed1968387c54f06d7bf35edf4b9824bf5796b39a5bebf5566757ff,ef98844f90c791d3,1668,1871,JPEG,RGB,True,,
train/ICCC3.jpg,raspberry_pi_sbc,train,1307711,a3600b1eda98e8fa3faa611e3c67900e32b2c28eb33f0e0f62cf03aaa10b1aa6,7b98c5127f1b07a85f30a9930633aea2e5ba5ad69c921f3e2166ea2dae42e54f,ef98844f90c791d3,1668,1871,JPEG,RGB,True,,
train/ICCC4.jpg,raspberry_pi_sbc,train,1247451,be73b53239dee7b2904dd028519722552b72d307f2287e98afef7b86cd74c88e,a3ae337c3dfecaff26d7b04e31801ef1e7963b0ba7613c41de71031a6f844b99,ef98844790c791f3,1658,1870,JPEG,RGB,True,,
train/ICCD1.jpg,raspberry_pi_sbc,train,1200373,0f26adc7cef7d3bcc106cb3fdacb61d1660d5ba3bdd92c92f9e098d9c3d3fbed,fd012637acae621b15dd38f8dc8368b2a355df3cc3de21b8f3ae8cb774f44d34,fe98944f9063c16b,1652,1872,JPEG,RGB,True,,
train/ICCD2.jpg,raspberry_pi_sbc,train,1201071,d468c0fff620e0273cb3d271a96941ddb586356af554d230dd923ef19007d8d7,f7afb495160105038cf68f669c21b89b6020231c0f66c9302852f2f499060008,bf98944f9063c16b,1652,1867,JPEG,RGB,True,,
train/ICCD3.jpg,raspberry_pi_sbc,train,1187068,6fbfd1d8249e579722ebd3f731affc1d635d8d2f817e471a27c747d0375aebcd,14d6b8fb08e0e08c01c5fcb423c24dfee6106067733d2dae500427ca10698c36,fe98940f9067c16b,1659,1874,JPEG,RGB,True,,
train/ICCD4.jpg,raspberry_pi_sbc,train,1225360,e5268179bc2ecd0a48f1e56522de2ea09764af6e8f2303bae338884fb18cab31,b8fba674ea810f922042e33b82efc92b76a3bb44dc8ea6d647ee078f8641b516,fe98940f9163c16b,1650,1873,JPEG,RGB,True,,
train/ICCE1.jpg,raspberry_pi_sbc,train,874277,dc6ee306fe20a7edef7569541a71020e4ba2352283027f880bcacc53444db58a,8acb661b65569ea41ffe61a5f5d97085f43e73529f5b4eafe38768ac3b9b6cdf,fe90944f916bc169,1583,1682,JPEG,RGB,True,,
train/ICCE2.jpg,raspberry_pi_sbc,train,858833,4cb374bab6ac021bf286b78ef625063f24a8b23322ca213f8009ee5a0ff49909,f835eee4fa7bf0e716e417f7d1e0277f45cce19e4367f1eae7557e76c45b46ab,fe90944f916bc169,1584,1681,JPEG,RGB,True,,
train/ICCE3.jpg,raspberry_pi_sbc,train,819529,91d8eaee19974a2516ce37555f5db2002a62d260e20efad79052df0dfb2b572e,1276d4dc80680b26795cf5651a33379f7e9d3fa92f4fba3d562bc1f1e09e949c,fe90944f916bc169,1582,1678,JPEG,RGB,True,,
train/ICCE4.jpg,raspberry_pi_sbc,train,814099,7f2d1cf0f4812fcae06a001589cc0693f7bf1dae43725c24cd0ce4fc6dab944b,e1e329d20980ed004204558c08459129d217a2f9e7eb26e12a2c0c5ae5b7becb,fe90944f916bc169,1583,1678,JPEG,RGB,True,,
train/ICDA1.jpg,raspberry_pi_sbc,train,1118301,6c706895c268a07e6f2ad1e24b0b44386ea28d9c817e3a1be49ea63d1ec54967,6288c0444ea38713d3c4effc44730498ff937fdaa0702554320a3c74ccc97afa,bfc99465c1b2c392,1721,1845,JPEG,RGB,True,,
train/ICDA2.jpg,raspberry_pi_sbc,train,1121018,91c605bde7551f7b01b855dddd4d56e08b8deccc1a0d060473cf6bc08f8775bd,47ea968f24fdf0780411afc5d2cd74fa9ea9d37f4a646e26c682437eaf9cd559,bfc99465c1b2c392,1717,1841,JPEG,RGB,True,,
train/ICDA3.jpg,raspberry_pi_sbc,train,1128731,d61b53c5cbd6a398a0d0b56d2621fccaa8fbc16a5e2cb3068454159d81cbb02b,afb80aa515a15416184a2c0ead54d3fd38df2bde237581bb865b18a3e6e7147a,bfc8d465c1b2c392,1722,1827,JPEG,RGB,True,,
train/ICDA4.jpg,raspberry_pi_sbc,train,1130488,968f209a16e7b9e050f4df11d1a19908102708cfd04763286d7a20d83a9bfdb1,1b20956a65c50579e8de9b748bd3ff3b5eaeb355697c681ff3778a07e5b825d9,bfc8d465c1b2c392,1715,1828,JPEG,RGB,True,,
train/ICDB1.jpg,raspberry_pi_sbc,train,1468705,e5defb960bdf249f1a8a09ab165fd360e49c5e134767e0baab410574331536c6,086cecf1cf796cf8617fca56a462287fae854a16118bf2f01c4781105e4a56c9,ae99846dd166d392,1850,2025,JPEG,RGB,True,,
train/ICDB2.jpg,raspberry_pi_sbc,train,1457920,15ecf4dd8258f4b688833e5b896e40d86c6ab7e6f765c7f7d4221646f3fc7b8b,833f9ddce2e38ce07afe19c45acf8eaf948d038bbdb3d333330f411e91add3e8,ae99846dd166d392,1832,2023,JPEG,RGB,True,,
train/ICDB3.jpg,raspberry_pi_sbc,train,1440508,dd0f353b677aa133644aa59d014eb53469b966a618a0bde6ff6f2a9394843a80,5dcc55c17363e71a5daa071d37ef423d80b00b1f21df8391371e3bbc6ac2bcf9,ae99846dd166d392,1839,2016,JPEG,RGB,True,,
train/ICDB4.jpg,raspberry_pi_sbc,train,1546768,17bb564b3d6ab83ac0920314d238e484aa6e58e1850b07b5479750afc0ba65c4,c2a74d2b364dcc39c296d40b2e11ad70156e7d0c337ab8042bcf72f63b84394a,ae99846dd166d392,1853,2012,JPEG,RGB,True,,
train/ICDC1.jpg,raspberry_pi_sbc,train,1147657,5ee0023839d074c0bdc7a700ba611b35bb1766d839e07b8bf75e213554be9bd6,199df1c7aba875d5a10f2f7298a6ce3c485dbe33d59e2a2714fa5c9e93ed7ff6,bab1846dd1ce9386,1621,1774,JPEG,RGB,True,,
train/ICDC2.jpg,raspberry_pi_sbc,train,1145998,1526f5ca1859e221b33e824db3d922709d2ff874e61c32bfd19dace94892f32a,9515e3885b4d6b208ae2aefa7c49ffd8e137d444cdbf5a623ba00f5f769e2dad,bab1846dd1ce9386,1626,1774,JPEG,RGB,True,,
train/ICDC3.jpg,raspberry_pi_sbc,train,1118233,ca22016c00dc3d444cc2dc330498c1bf6041d898ac503002655b4c72ceea1ff4,ccbcd720ede452c14aaae4093e161119761456f63b17a01c35255fe379f33526,bab0846dd1ce9387,1622,1775,JPEG,RGB,True,,
train/ICDC4.jpg,raspberry_pi_sbc,train,1153433,7b6e1f4ea9412bc8faeb918c6d020670e2506f72036eef68d17bad2862998a73,364c35a480a618beaa9a5d17080efd74963469cb020854267c781dfb3e76f3fe,bab0846dd1ce9387,1631,1774,JPEG,RGB,True,,
train/ICDD1.jpg,raspberry_pi_sbc,train,1051357,26329b170d1b6696e31346a34e188bd686ac437466a1a5be31869c359ec033e2,ba7fdaf72b1c76d8f8c5319b004461d259ba1f779255663a63f759dad319396b,af91846ed14ed165,1652,1806,JPEG,RGB,True,,
train/ICDD2.jpg,raspberry_pi_sbc,train,1005087,95b9b6e86f7d9a29c3a715af87dc9ec6345db13f03bebdc0d82dd9d2a19cfc71,4de7fafd68e6b7c0d0183106e82adcff5e8b556b7c30de7ed4c91f5bba7d86c2,be91846ed14ad365,1659,1802,JPEG,RGB,True,,
train/ICDD3.jpg,raspberry_pi_sbc,train,1000750,0406a8ad7e94ec5d66f1fad5b37d6cda3aea2ad4ef8a34b4f56d2f8b6f4bb4f3,8361495ef4815038c11290d710e1c7e5b455eae4295fc388b022e6a4e4f9cb82,bf91846ed14ad165,1646,1808,JPEG,RGB,True,,
train/ICDD4.jpg,raspberry_pi_sbc,train,979948,ad7c87583cba79379b4d796c66d1bedefba90d50ebd7916d358f597b8aff5e1f,400d0e0f949d6f0480bb1c64db8ff8ee501f0d5eeb1139e0d03f99c94aeea345,af91846ed14ed165,1641,1812,JPEG,RGB,True,,
train/ICDE1.jpg,raspberry_pi_sbc,train,925949,469336a2a060833eb37bd722e0972164037ac82a09e1f7267187a207aab37515,30682ae2c43c2f0b0a47ee2aad0a5b32fd5b9fd3235811bce1145cb006092932,bc95c64ad16ec165,1598,1631,JPEG,RGB,True,,
train/ICDE2.jpg,raspberry_pi_sbc,train,923009,4065afa554b0d847b5ab75107ab4b0757a938f70b733c133df27a983d8c3d16f,3ad7aaefaf5afff6848feb93d340c30089deef33e595f19010e788af699d60a6,bc95c64ad16ec165,1598,1630,JPEG,RGB,True,,
train/ICDE3.jpg,raspberry_pi_sbc,train,890242,090ef08f3047efcd63d9bef6c76cdde20294249ba09f1a0fd4b05756073547ef,cdf99be01d577cdc6c54bf8a4f5ad8024bc23ca745814344f7d4734eb3f595a9,bc95c64ad16ec165,1592,1633,JPEG,RGB,True,,
train/ICDE4.jpg,raspberry_pi_sbc,train,896956,4441e431fce866d9b624d2ef4d475a5d421ce311309303c0863f5f0dc294385d,e11b3ea7e452484d64bd627ec168769f0a87bcbe5c3f0f37713b713457d4002e,bc95c64ad16ec165,1593,1633,JPEG,RGB,True,,
train/ICEA1.jpg,raspberry_pi_sbc,train,899668,f5c62158d15f0a5720472f61b52ddb8eb01a4f848a2c0f9830ba59ac4d630806,db6df0e14ae17b80be2c3845c689d9fff0941899e54e7e9439e3f59df1bdf4cf,aee99467c196c392,1544,1705,JPEG,RGB,True,,
train/ICEA2.jpg,raspberry_pi_sbc,train,908774,6672e84d9c537c60e22d53f3f676ef3d3d71783a1779eda4012dfd9424e2ad6f,d72670bc3579d7890f8b4275481db23402979dc419697e45a4d1df6e96f3af25,aaf99467c196c392,1555,1700,JPEG,RGB,True,,
train/ICEA3.jpg,raspberry_pi_sbc,train,892367,b9eb91f17f217dd3a52d3d5fbd8cb3aa7c66c11bbe87ab8d371ac6bffef171eb,328dcea597918b463117e80c1643d6d020123ecaf6c049b6300756c5315260a0,aaf99467c196c392,1558,1701,JPEG,RGB,True,,
train/ICEA4.jpg,raspberry_pi_sbc,train,874364,8769362ea4567ec91c90464c8785f9857081d8e040868c853f003af1416a7920,92abf7bd2bcd51eb97b66b536fa93cdcc59e6818e424276652dc99c87d76ff20,afe99467c196c192,1551,1702,JPEG,RGB,True,,
train/ICEB1.jpg,raspberry_pi_sbc,train,1166436,4b2439857f8ad58b7a56df0450267b20393362d8058a4f115a0b007a876d6098,3851fd9b6047c7ba5e09025080a1eae6dca728c8a9fa32e709046aeaec55a913,ae98946dd1c6d392,1698,1903,JPEG,RGB,True,,
train/ICEB2.jpg,raspberry_pi_sbc,train,1209652,f5d1b8d763a67ccb3c47299e5feb2eb71611fb46d15cc801d2592eec91ace313,e55252fca3f6935b1ac361b93ded2e3d8b94bb937717f8818be875a0e0b15a21,ae98946dd1c6d392,1706,1905,JPEG,RGB,True,,
train/ICEB3.jpg,raspberry_pi_sbc,train,1186331,21afde9d86fb0eed99555fd97ac8c31cedcf98395f248edf451cd1030ca49f29,f84edf96ab11713c9f1b16d7226e04d1bab9bff79f31f6b7f220e795e3916a7f,ae98946dd1c6d392,1722,1906,JPEG,RGB,True,,
train/ICEB4.jpg,raspberry_pi_sbc,train,1255444,e5ac265568e74920ffccc6e21475df2d20d3e00ced1fd5480b7ffecab98b7464,c3994356734f292089edd648fdf88224fedba755a24c07a548f3ec9aa3bc93ce,ae98946dd1c6d392,1722,1906,JPEG,RGB,True,,
train/ICEC1.jpg,raspberry_pi_sbc,train,886001,2ddf2d07f5c69b1818c76cb7c420d449d9da622c4faddb3c50a46979bb6ff65a,ccaddce2db30a54953d1cc0499d1c373c88d79dcc7905607461346cb8e3f045e,ae91846e91ce93c7,1510,1745,JPEG,RGB,True,,
train/ICEC2.jpg,raspberry_pi_sbc,train,897889,ce2e85623869176dadb703d82ac415ffccd954b0cea2a8ed1481b988833a648c,be940b666ee090c7ea5d206aed32ec24a57602b59cde6db907e2b3956b210103,ae91846e91ced387,1511,1746,JPEG,RGB,True,,
train/ICEC3.jpg,raspberry_pi_sbc,train,890673,5a7bf417183561985dab44a32a1f726199f025dbf715e621f83c26d7778af224,7c1ea3b5724bebb94e9b40e81387b7d4c836b5dbd00da43427d9f857c848f275,ae91846e91ced387,1510,1745,JPEG,RGB,True,,
train/ICEC4.jpg,raspberry_pi_sbc,train,905942,50eb656ecba81187d309d9955da72716ede6591641180417f8705b7e3d18f5f5,66c31fd204ca18dd2e0bc5609852351b3ce4feff692a247b1dcf997f119349ba,ae91846e91ced387,1510,1744,JPEG,RGB,True,,
train/ICED1.jpg,raspberry_pi_sbc,train,962328,7db5493b809ca48942f00b7792e9b4e913b94a34cd4bcc67aadc7728db116124,e0e6a6ecfa6a2c4c2d41f8dc51cb33b5e06bf36c233b1196a5591dcedb9b069c,bc95964ac36ac365,1549,1745,JPEG,RGB,True,,
train/ICED2.jpg,raspberry_pi_sbc,train,948940,f6d1c2cf856031a8cef15ee399c1e87175e38d34a7e9882a0511dbd7371ab384,99a90ef68871ad26ddc1f79f991a5b116334986f57be27d549297a0f4973bcec,bc95964ac369c365,1547,1742,JPEG,RGB,True,,
train/ICED3.jpg,raspberry_pi_sbc,train,971326,38c0861d799b44a1cec9dd1d13df4e943bc5919d0c3175031fcff47088e5f66d,7b3f931e629722ed9dd997b7a909e0d05de0b6ed0c37766e17c5d7753b8d148b,bc95964ac36ac365,1546,1744,JPEG,RGB,True,,
train/ICED4.jpg,raspberry_pi_sbc,train,950255,df8b8038e4cce9e980cba64834176e457ba710fb21a08b675a17763e9cc55609,a8efdd7a9a133f8268b5ddf5a8980d64f5330cd078d3174ae77650809da47408,bc95964ac36ac365,1548,1744,JPEG,RGB,True,,
train/ICEE1.jpg,raspberry_pi_sbc,train,716969,8c1b601980e4d3902fc26db53901c9f9ed83dd37b3e039b94e4347cd9cfce8bb,8ceedd079de1f0c9d02fffa0c3f9827c8b548b0c45e197e8bf6a350368028f4a,bc94c26ac167a763,1494,1637,JPEG,RGB,True,,
train/ICEE2.jpg,raspberry_pi_sbc,train,722679,6469679ee9125ae012a8b08ad0d6272fedf2d53258eddda988a4616698802cf0,7e373c574308d6e2be24fb6526546251f9c392ead85f2896639639c723f4e918,bc94c26ac16f8763,1492,1636,JPEG,RGB,True,,
train/ICEE3.jpg,raspberry_pi_sbc,train,685722,d2e434317c38f3f29465defa0d691cae7bad6d8b1515f6c09b52ed41a1d4685e,5f45bafe4e0039e333f06959ff996dd732b27c1a04e239622707528417c2341e,bc94c26ac167c763,1490,1639,JPEG,RGB,True,,
train/ICEE4.jpg,raspberry_pi_sbc,train,701794,0b70bc53ad8fff954cdfd49c4f7a042093bff5a3be5e75b6abf6105742b116cf,c00ac262f281e8d6c987e511a5b06d7a8f378083cbf1f7c39a4967758af37a07,bc94c26ac167c763,1489,1638,JPEG,RGB,True,,
train/IDAA1.jpg,raspberry_pi_sbc,train,772919,b6e323dd48ed53bfc166a31f5c34bc797e60073db29aa37d5bd0158ca24514e2,d6ef4d92ffd895cadab3b1814f7035a2802f821303649e4fec9cefb56d1bb5c9,ad9890279bc363cd,1522,1683,JPEG,RGB,True,,
train/IDAA2.jpg,raspberry_pi_sbc,train,746062,cbea20222609761f04fa09680f0016cef7d0bfe9332c593724368dded6818d82,2a5790287414c7d3c104dc4173bcbe0c5327a0f2dd5864f45f24d53122ff85ea,ad9890279bc363cd,1513,1680,JPEG,RGB,True,,
train/IDAA3.jpg,raspberry_pi_sbc,train,747285,ea42f1c87ffce59780cfa265cdc5e2e2426cf0215e814324185c6b53f583bbb7,a5d9cc2db74300aac77b25292ada55c51e96a39e6bf570a23d50f3f1dcbdb0e6,ad9890279bc363cd,1513,1684,JPEG,RGB,True,,
train/IDAA4.jpg,raspberry_pi_sbc,train,810127,4bc6298fa2d6634a1c608f78dfbf8c37e900e6872fe1237265d6cc38e7d92a43,1d90b63285770eb749d64a6fe7122581e6fd6d5cc9113ea0a8f03c08072c0508,ad9890279bc363cd,1506,1679,JPEG,RGB,True,,
train/IDAB1.jpg,raspberry_pi_sbc,train,917327,e9f61f66f391e5d2ad906556de2be384bb5a5c88e560adbd58584ba4690195ee,3447f184ab0514ae66d5b62ec354fbfa00ba4cb108f29040b1cb1ea52bb24d5a,a998d0279ae3cbcc,1619,1824,JPEG,RGB,True,,
train/IDAB2.jpg,raspberry_pi_sbc,train,876030,6949b0a9f1431f0c14b7758434d32af0885698cff4cf045e0b3c03f6c1e0600f,baeff357ba24add5302056e619942ee52d637164c9c7429bd6f71b99b48f70e3,a998d0279ae38bcd,1603,1815,JPEG,RGB,True,,
train/IDAB3.jpg,raspberry_pi_sbc,train,889983,6315c3b0e16347064d62bd3161375c4332a1d62e4c018553247c7b34ea6f8b15,1054695fa1facd0149fd93a71cd12d93e603bf4238931829903d2735f7d08053,a998d0279ae38bcd,1598,1814,JPEG,RGB,True,,
train/IDAB4.jpg,raspberry_pi_sbc,train,895478,46db7b537a6b3d519284a8edef8f7f6f7443dd1e1bd29ee8cdec346d320b55d5,90556417ef462e1c140c5ba019423d2c562e02cd212fada5087e7d5c95c80982,a998d0279ae38bcd,1603,1815,JPEG,RGB,True,,
train/IDAC1.jpg,raspberry_pi_sbc,train,1428925,aca6d7a8f5e13736255e393e1c8de762eb194c20c1615b59b8881583017c7783,ef262d177397715a6cd7a68868723b9f396ca9a782a48e742be23f82ed9856cd,e9d0872d98c79f60,1948,1982,JPEG,RGB,True,,
train/IDAC2.jpg,raspberry_pi_sbc,train,1434187,9653614e8b7f8386625a1ee27656ec0fed67b0ff66daf93796c803fee030d1d5,7db58c845f27b589fde52352bec3a8aff3f4c1e8d94cbca9fb01b2f7db911f9a,e9d0870f98c79f60,1955,1981,JPEG,RGB,True,,
train/IDAC3.jpg,raspberry_pi_sbc,train,1427091,337692c796e098312353976eca41a0e29a9ccb0464472bcfa7c0b30b158e07ac,78d092c2ab62de22823b6a412f115af393a5f12b1e6ce47e218fdd47a8f1844e,e9d0870f98c79f60,1965,1989,JPEG,RGB,True,,
train/IDAC4.jpg,raspberry_pi_sbc,train,1503329,cf3cab58b8bd86c7961940dd7a15d419d475be9c4123f0ca5dc65b9649042e10,2de01667e136cf88cb1f5758a28ec8f4ac60f378fb54f63aefe9fb2e529683cf,e9d0870f98c79f60,1952,1985,JPEG,RGB,True,,
train/IDAD1.jpg,raspberry_pi_sbc,train,1283847,c8920ea68e064b21219ac5cdaa200a9b4cf9cea699831c44548abcce57bec7ad,36341e4f5355790f01b2cdeb433d4cd3d670093d3ea91beb4b420a90df820669,eb90c42f98c39be4,1862,2012,JPEG,RGB,True,,
train/IDAD2.jpg,raspberry_pi_sbc,train,1295623,235a6381e339a9e4e86919ab8f24d051d602a7f37f548dac611125eec0bce3c8,e6445c33e1398672241bfd1b8e95d6bcfcbbb8d178c7986ec3eb7c95e06de98f,eb90c42f98c79be0,1841,1996,JPEG,RGB,True,,
train/IDAD3.jpg,raspberry_pi_sbc,train,1250417,e2d4c3dbb5448c41f4c6ced1477efeb469c2513d1d6a82602d29765c02058e5a,c03300f4c6dbf572ad84f5e4c7f5d0748fe4a90d730f62d4d91cf98fce220865,eb90c42f98c39be4,1847,2000,JPEG,RGB,True,,
train/IDAD4.jpg,raspberry_pi_sbc,train,1393947,7bf896878e3ddabce4b8a1b31fefb6a79664c2ec73c20114828e6416aecc9d5f,6e84a5fb4561699ebadfcd9d2e15dd090a3b1a1fba59d04e24e3a44098455f50,eb90c42f98c79be0,1845,2001,JPEG,RGB,True,,
train/IDAE1.jpg,raspberry_pi_sbc,train,1071061,b3118d4c225a73ace39a609db1560e7995bfa81f7d3f5e654198875e3562fcad,ac288149686dc974fddc460362ad79d9c929ee28f3b78f674919234198953619,e3d3862d9862cf64,1917,1673,JPEG,RGB,True,,
train/IDAE2.jpg,raspberry_pi_sbc,train,1058408,4dd291bcaed0d00c73f4926a4f9598a9b011c103ae64934355513d833f9b314e,57a5d5f7b278d823d69e4006e44873e865f11602c71ca9342b0b36149e2583df,ebd3862d9862cf60,1914,1670,JPEG,RGB,True,,
train/IDAE3.jpg,raspberry_pi_sbc,train,1051966,f4029e6bbb60653ba9ebd658fa2c5e25226ee46bcff8cf171e995f2e915c4159,f364ed6f471638e20f112740ac082061f541105dda74a9082f2062724f4d620f,e3d3862d9862cf64,1916,1670,JPEG,RGB,True,,
train/IDAE4.jpg,raspberry_pi_sbc,train,1057162,8fea9791dc21e41efeafebea50ebbba33663363335eb14428014538b1bc4a1f9,3274165fe307d0c893921b6c41ee3d79d1ed86dfcc68c1fd3a93e9693f67c6b4,e3d3862d9862cf64,1923,1675,JPEG,RGB,True,,
train/IDBA1.jpg,raspberry_pi_sbc,train,1116903,45bd79111f1af505bbcccbe98c4f534a363d02fd662192bad5a47f7a7fa4f2af,4f27551246586ef372235f11b4306fd2f7f0649ad699c36c1e80a78e2efb23a2,bd9890279be24bcc,1799,1807,JPEG,RGB,True,,
train/IDBA2.jpg,raspberry_pi_sbc,train,1099147,31c845d71efeb939e9ea556673a681f5a535acb8017cb2243c6dca17a6269705,689cd39fd6264b169170d774e43fdb63d8124dbae900a3eb8926c5aad8511d9d,ad9890279be34bcc,1786,1804,JPEG,RGB,True,,
train/IDBA3.jpg,raspberry_pi_sbc,train,1112532,2d10b1034d34ad1df388b3cb17a584e5992aaf70af8f3bbb10a2cbeb665324a8,a97f927622391e81d00178b08240d960d2570116b770f38007f4e6853df138c4,ad9890279be34bcc,1786,1807,JPEG,RGB,True,,
train/IDBA4.jpg,raspberry_pi_sbc,train,1089803,c61fd6fe1ae6644b239efbcc84d831f0edd5cfcbbc0e25a79fd535b4e90d2005,e57318d2a612216c83f5e09e592ce46e0b725ee0197495ad1a8dc0f2b516ad33,ad9890279be34bcc,1776,1801,JPEG,RGB,True,,
train/IDBB1.jpg,raspberry_pi_sbc,train,1218418,102a6c86e2145a9d23a1f3e9846db5aa2737df4132815aebcd52f76977837c61,0560f7fe025ac7acce8998866aef08bb4dfdbb5a0dd8cb15e2d9f162105dfd67,b998c4279ae3cb4c,1793,1898,JPEG,RGB,True,,
train/IDBB2.jpg,raspberry_pi_sbc,train,1213699,539444a0a83f09ae9d2610b011aaad1bd5b90bb4a930cae1ff553694f74f70c2,81058d1193c823be59d6cc42415a77754e3d52d63de2aacd3b2e12654a528d76,b998c4279ae3cb4c,1790,1898,JPEG,RGB,True,,
train/IDBB3.jpg,raspberry_pi_sbc,train,1223013,558c6f7b8762126ef8fdee7e09f45e0210ff25f3577f52ed8b445c00a93356c4,7034ccd4b40f2a52a41df027a3d6f1a98ada97a5e575e6290b86af48b501c1cf,b998c4279ae3cb4c,1786,1895,JPEG,RGB,True,,
train/IDBB4.jpg,raspberry_pi_sbc,train,1219470,bc9b9eab9575dc5ca2f1da86a8f84eaafcd23478782ae81fb29541f9854f119b,82efe81086915bc00cbdd602948f9cba6fe174025027251e646a371b0f17ebab,b998c4279ae3cb4c,1791,1898,JPEG,RGB,True,,
train/IDBC1.jpg,raspberry_pi_sbc,train,1629199,ffe9917331cbaad383a6879e41324b051f145c7fd6b870a7b51a3169772c10ef,2f0f619bbaacc0388c368c3973242207492c52e0fcee70036838bc9a365f0fef,e998c4279ce29f64,2032,2078,JPEG,RGB,True,,
train/IDBC2.jpg,raspberry_pi_sbc,train,1591830,0de26e6be28dde9c64932cc09e35275b671af7ea73f895e24a3961249008d6e2,6f1ddc0ec1555163ad073ad666f09fcd62cc1c5dae185c5dfc357eb20914aeea,e998c42798e39f64,2022,2071,JPEG,RGB,True,,
train/IDBC3.jpg,raspberry_pi_sbc,train,1596976,7d060625fc8de5453e80428acb9038f110933a1a2e4657b402528ae1884b12f2,89f90cc032c822b50d10a236abb8c7458737093db648b2674c0f0919114186c5,e998c4279ce39b64,2010,2064,JPEG,RGB,True,,
train/IDBC4.jpg,raspberry_pi_sbc,train,1608614,19b7a7bf1702a6a2e5e42fab627966285e8ca9417a8ffc7bbf7478391e8e833f,6abc9f79b50d98a26fd8ef1803c319981bc21953ae797f4c0571a5e5d7b755a5,e998c4279ce39b64,2013,2066,JPEG,RGB,True,,
train/IDBD1.jpg,raspberry_pi_sbc,train,1785560,d81d41d88c3478b596ff5c5d9e3733464c214cedcf4e501cfce89489ad21a748,408990700700e422cb9856478215063f647127becf9aea6684becb7c9a628140,ebd895079c66ca68,2235,2265,JPEG,RGB,True,,
train/IDBD2.jpg,raspberry_pi_sbc,train,1864517,1a4147ada5ff2749e6ce24a9c92800d503b57a688520bcb2333e90243852c610,40c12f9e9ebd6ce39173a95a16a2f0ec1d302a1d554655d6c44f988fafae7ad0,e9d895079c66ce68,2241,2259,JPEG,RGB,True,,
train/IDBD3.jpg,raspberry_pi_sbc,train,1787764,0be38acac796baa56fb6dca8940e7287db3b6de3c3c60c07488b16c4b0e98741,a2003d69ef32f113307a901d313a1e1892274553ac84ebc281769c6cd781a034,e9d895079c66ce68,2225,2253,JPEG,RGB,True,,
train/IDBD4.jpg,raspberry_pi_sbc,train,1791644,485e003ce4c3fe47ff4f14ed844575aa8cd47c38bdab33684224fb5455e315fb,5d5acaefba44e46fe638bb5d2f50c881e658b57c2928312c43b55080ace48e53,e9d895079c66ce68,2213,2247,JPEG,RGB,True,,
train/IDBE1.jpg,raspberry_pi_sbc,train,1218338,5cdf68fdc07f034f260821208d707cc6da04c529e8b5bff4405976d1f5479e01,e77b10d9e3661f73f93db143ac78f79fe73ec8240650a1e983d2d75ae109c20b,e9d0951f986eca68,2011,1868,JPEG,RGB,True,,
train/IDBE2.jpg,raspberry_pi_sbc,train,1248145,834a34f717c376375b40151eb724fc89b1aabddb275245bed0d1b039bf144124,bab8d38163f02351d50aa10e9c0eefd1824e84d3d44d5ddf2147c89258cce617,e9d0950f986eca6c,2007,1864,JPEG,RGB,True,,
train/IDBE3.jpg,raspberry_pi_sbc,train,1257851,b47c77340e8412bc4cfaf36569814dd6b8a00fd41783b392baf855d764200a6a,9d1e25e9522a041559350c53b297f84dd164b2f146ff69b87eac5898f0fc7f35,e9d0951f986eca68,1995,1856,JPEG,RGB,True,,
train/IDBE4.jpg,raspberry_pi_sbc,train,1259019,27072315d7b638099f4f6714569e6d4babb02af55a0721eed0d638735e93f7ae,9ce36d01dd94962d424a12524582eb76a0a642613fea6b2a5f8226131a9916bf,e9d0951f986eca68,1987,1856,JPEG,RGB,True,,
train/IDCA1.jpg,raspberry_pi_sbc,train,1010158,8ce2c67a843b9e785e490671d5b7644805d79c4dd8e322fd67006a609e5fe3fb,9b2b6ed5ef973ef2c5342538875c86a7ec3487d577c7b3aadc479283d852cd68,bd98d035c3664ec9,1731,1659,JPEG,RGB,True,,
train/IDCA2.jpg,raspberry_pi_sbc,train,974442,20d242d2aa4d3913c5f419c90f8cb4d03705bc5c4dec35d41cc47ace14067a0e,5e9742db7ea1a5faca736818b5a923a5fa2e81f13c07bab2239433af89db3889,bd98d03583e64ec9,1728,1653,JPEG,RGB,True,,
train/IDCA3.jpg,raspberry_pi_sbc,train,960339,6605a1352ce454bf7f9b0ce130976123f9a2de971fd2e85dafea8afffdbec18c,f723c763bf91e37c026cdeaf81ae8e45af440b422aec461a02ada01d9227eeaa,bd98d03583e64ec9,1728,1654,JPEG,RGB,True,,
train/IDCA4.jpg,raspberry_pi_sbc,train,969500,ef25187bcba4f56dc91a453513bc5cd74e115f035c5d3757c009c7a36999180d,5f7b315d58a572e6cfa635b39e7d903f2991fa443a1081d0700127d9cf3a34d1,bd98d03583674ec9,1722,1657,JPEG,RGB,True,,
train/IDCB1.jpg,raspberry_pi_sbc,train,1197203,fa1c2f87ef013f310cabc7d3a6d71ab5aa45e9c25a20589ca18db0685e7de455,4f82610178df05827e115c360e7854bb7156a7d09c2008dd32ce6c64747d959a,add8d0379a668bc8,1891,1933,JPEG,RGB,True,,
train/IDCB2.jpg,raspberry_pi_sbc,train,1133083,4acc76b5b718e74eb76c8fc200117b81a107466863556ab992a6d27213c09963,7651d3ea9e18562350fed5ecca0d24521305f64169b25d55a87f5fac39cd7514,add890379a678bc8,1886,1931,JPEG,RGB,True,,
train/IDCB3.jpg,raspberry_pi_sbc,train,1154372,6f01f854afad42d970340211873f058f13e0697e2120991023e41c2937036daf,8c74ab04f9b58c5d774ed48a391db21944b88368ba5f5d1e104dc17f51355ba8,add890379a678bc8,1878,1925,JPEG,RGB,True,,
train/IDCB4.jpg,raspberry_pi_sbc,train,1125464,8498d94be681259feb00b673322680650955a4fa4b2cd59979b4c522ef02bf6e,f2baf4f87f8f3c5d91d359531059100243575b39af5824921acc4026306a0364,add8d0279267cbe0,1868,1920,JPEG,RGB,True,,
train/IDCC1.jpg,raspberry_pi_sbc,train,1650840,58cd70d3a87db589fd0b33b2119d0359d1e00197a79937c75321719c3272e171,d8f9911e8ff4da215810475a8a7dcf5616cd6ef969c01dd96e26dc41b5bee388,e9d895079866ce6c,1974,2047,JPEG,RGB,True,,
train/IDCC2.jpg,raspberry_pi_sbc,train,1698487,58c2c4b55849ac7f807fdc9d9d75c67a5b4e210bd9997131ac69d8b9ff50b3a4,0245e4858974d61e7203d5e5fbb355515018828b4b54f40aa5fe308c2ec39dd0,e9d895079866ce6c,1970,2042,JPEG,RGB,True,,
train/IDCC3.jpg,raspberry_pi_sbc,train,1783413,347ba98f228ed557ff2d02c02086f6e7bbfe7e043467cd6cdeba80c8390b25d1,b48eeee21b4cc3d2c7146f6d19584135690b79b8246816bb3cbf7abf7caed1ed,e9d8950f9866ce68,1988,2044,JPEG,RGB,True,,
train/IDCC4.jpg,raspberry_pi_sbc,train,1700972,237f4717d27f7e33d9b0a4e9abdb333a9c5ba46e894e2de90ebb0dc200525617,a8ba36ee5936f606df0376ed6b91522313f7a3166f723eb63abefe0150aabbcb,e9d8950f9866ce68,1980,2040,JPEG,RGB,True,,
train/IDCD1.jpg,raspberry_pi_sbc,train,1354408,83d6437b336acd936a9d6d7c13c6fb2afc75f5cc08bad6d07f4bee3abd3439b3,954891ed9d33c60f9cc623e57ef7d887ee53cc69740a98f5ac712cd452fe4a84,e9d0951fca6eca60,1896,1995,JPEG,RGB,True,,
train/IDCD2.jpg,raspberry_pi_sbc,train,1302809,bd8c0eb498e7aa969fd1bf942b71f5bff7481eb39c200c9becacfbd38701d6e5,9eb694e1859d97342d8d66d8d9ec8cdf8c93abf4c100bbf5fae7c8fd610142d1,e9d0951fca6eca60,1880,1985,JPEG,RGB,True,,
train/IDCD3.jpg,raspberry_pi_sbc,train,1314347,ccead0eb302d9ab19d83fb4e0c1abc3071f630d3e3f08243b926eaa193dbf4d6,0e95d6f8a282df6de5e5fbc280cbf297e2c44b63e9858cde58ff1a9ce1360b79,e990951fd26eca68,1869,1980,JPEG,RGB,True,,
train/IDCD4.jpg,raspberry_pi_sbc,train,1320643,27cc027dfd358a2d234d8b94a814e0848a5af33f4999ba76fe489970f4240ae2,f78f8bf7e59eb0315d1a673935a14ff0c971f90b63f767a9b95037f63fb8c6bd,f990951fc26eca68,1859,1974,JPEG,RGB,True,,
train/IDCE1.jpg,raspberry_pi_sbc,train,1149986,3b5f1d352895ee4ae1d45b9caf0994f8b5b1bf5205a07abd466b461e40b02e87,9e6e726edc1eaa3c8bdc6ded95eaaa188b9cb7e1c254bf30431cb37b07069709,e990951fca6ece60,1791,1798,JPEG,RGB,True,,
train/IDCE2.jpg,raspberry_pi_sbc,train,1112444,6b15273ea2099e998a7888086e9e3ec61fee64f9342f203ea7b5c2025b9eaab7,ccbe65306a18a73e2b388640e81bf79ff102b4c240438e5f162625b8ebddb296,e990951fca6ece60,1774,1788,JPEG,RGB,True,,
train/IDCE3.jpg,raspberry_pi_sbc,train,1140127,68979bc5e38a67a2b64a55ca2b916a5534b894b387a0686aa660bf914a84bd2e,3e27f6e9f8b969fe5bfe470164be98848e01407e84f3738f2b5957e283a82912,e990951fca6ece60,1769,1788,JPEG,RGB,True,,
train/IDCE4.jpg,raspberry_pi_sbc,train,1163395,71d80910bfe2c5d4eae5aedef153ca912a31ae77c3f50e8b3574414e126251d2,7d6628961f8bab6189c18113006a69cbffc573cd0718398034fe540262a86b1a,e990951fca6ece60,1756,1779,JPEG,RGB,True,,
train/IDDA1.jpg,raspberry_pi_sbc,train,1250521,fc1ad93ec932391d0f33bc56a55dfdc077670ebd9f61284db6f0b54fc2696c96,08bd427a0f855131ec488b4c6e9b04223a8fff5088275187c39026807b3db478,b9d8d025dab68ec8,2046,1840,JPEG,RGB,True,,
train/IDDA2.jpg,raspberry_pi_sbc,train,1201892,25cac71bb24de068fbb0b4e43150571247cf5e089dce15d6efc17d306a15fe57,6610b8d194625fd1b2f932f354fa225949fa02af869b952263281d5e9297169c,b9d8d025dab68ec8,2041,1832,JPEG,RGB,True,,
train/IDDA3.jpg,raspberry_pi_sbc,train,1205403,854d1a40eeeebb91f4d3ccd40b1b90e0ddda2e668d0543388e2a8889b90122e6,9473b708c4f4cca060cdc406ada6a6b7095195d0fa1fd881eae3b744e91805e2,b9d8d025dab696c8,2029,1833,JPEG,RGB,True,,
train/IDDA4.jpg,raspberry_pi_sbc,train,1228843,a0c3869ef0e4e3fb4fdd6c695aef3114beb2a6f0a1b89aeea61b75fe98a4cdae,b556a11b5ee3348623b4012ed19bab92a115f659eb665235fe8ebfb4f0e7d9bd,b9d8d025dab696c8,2022,1830,JPEG,RGB,True,,
train/IDDB1.jpg,raspberry_pi_sbc,train,1664029,ce5548ee177c14fc3292cdc4e41ae8e3354e36870bb66b6a5a16b152fdb0262a,8b85fba03a0339ad6ec0c33c811f724facf7b415e6202358a2324f074e49964c,b9d0c42ddaa68e6c,2205,2217,JPEG,RGB,True,,
train/IDDB2.jpg,raspberry_pi_sbc,train,1650754,f10bc8fe377440549ead8e5cacd913e7ab5793be54122b9ef6a28344700b263c,3d3dfe3fe509b498efbe7fb38e91cd475c5d61e0c3ff0533a617c29d9d48692b,b9d0c52dda268e6c,2185,2202,JPEG,RGB,True,,
train/IDDB3.jpg,raspberry_pi_sbc,train,1575372,06270899c7c5793c86fa662b0e25a8115bf2acf9327ee79325fc1c5cb06f25fa,56e1a452acbd540f0f7667e7174fe689d2d191779bd94ea7c2ec1744c67ff6e7,b9d0c52dda268e6c,2183,2199,JPEG,RGB,True,,
train/IDDB4.jpg,raspberry_pi_sbc,train,1567890,8f1d09b4c294b389da0cf1561fb09a287f07d1663ea0c47756736fb04762e14a,9ab811c8272eeb9e417923b0d7abf9b2792555d4d732f893a9c7d0fcf66519b5,b9d0c52dda269e64,2191,2203,JPEG,RGB,True,,
train/IDDC1.jpg,raspberry_pi_sbc,train,1341921,99f9ace32f11624a4d9a142f45dd27963036f8f2735dae050b73e3f1e1f5b5f3,96ad030096c531003964f9e78183b93a2f6899ad4216bae630d4df3a943a3af1,bbb0c54f98c69265,1809,1871,JPEG,RGB,True,,
train/IDDC2.jpg,raspberry_pi_sbc,train,1296372,06e55a4c963672b1e024d145966deae3b21bb2f7697b5720cd886226da8deab8,6890e02b3415a4ddbff5fca130432b1f27c2347f893247fe2d0d6d534fe6c932,bbb0c54f98c69265,1818,1874,JPEG,RGB,True,,
train/IDDC3.jpg,raspberry_pi_sbc,train,1294172,1e3bb8d47df9952b806c18ab26d90e62c803850f036fe690093cd00c6bf4ae3f,fe9f00f68a9e1e611c0edb3877c028063ab8e05d6f186b0934c8923b04e2e6c2,bbb0c54f98c69265,1809,1869,JPEG,RGB,True,,
train/IDDC4.jpg,raspberry_pi_sbc,train,1322195,c40dae674d16fa064796be69b352849803b304f6a699e6dd72a8c09ace3801ad,ba936648d5d65990c8b38b759b7a9ca97cad787d093c37b46599eceb690ecfb0,bbb0c54f98c69265,1806,1865,JPEG,RGB,True,,
train/IDDD1.jpg,raspberry_pi_sbc,train,1283719,5d742a4015a20ca8f72f96ff5702fa588072d03689bbb04d93497cfc21870eb7,23a237a01d30b581053cd2c131dc1be097489955a71b5a3a5345317e3ed33841,fb90856f98469e64,1752,1948,JPEG,RGB,True,,
train/IDDD2.jpg,raspberry_pi_sbc,train,1295782,097a85fd7d9487f146a1a18752649dc715ecddb0767691acf0868cd774b30398,09643b4cc9b5adae923433180178a3a3b3ee4d2eae41c42c7e6c63e7a4ed6b0c,fb90856f98469e64,1740,1942,JPEG,RGB,True,,
train/IDDD3.jpg,raspberry_pi_sbc,train,1246826,03aa34232558a777f061adb74df89d3e9b61f77bad551ca7c14cd988e612af82,2f3548416857b2ca61c99e582edf8d8a9567c61b5391a649ca9796b99ee216e2,fa90856f98469e65,1728,1939,JPEG,RGB,True,,
train/IDDD4.jpg,raspberry_pi_sbc,train,1255117,2e0ef233a0743fb5b33a051d41f9ac6f5e2d774556128260568ceded45032ab2,5f4b2afbd203b5406e4b7fcc5830879b936f584bf12b258f83728a3dd2dd9912,fb90854fd8469e64,1723,1938,JPEG,RGB,True,,
train/IDDE1.jpg,raspberry_pi_sbc,train,897738,db22081aa1ba83c3e473a8371dc36a0572f4139cc9a894a9320c3a3f0f787c9e,adccdc5fcec580cf8e492a757841fe031477d3854a89d7c157c61ab42b286b6c,e990856fda6c8e64,1592,1764,JPEG,RGB,True,,
train/IDDE2.jpg,raspberry_pi_sbc,train,908630,847913f624ebd0c9caec41d1f8cef6dc12c5a38e33ec900543dbfd1115460fdc,18c1b053993869bcb070fee835b7546b09cf7deae3b31d3d53b77bc6b7d1f444,e990854fda6e8e64,1601,1769,JPEG,RGB,True,,
train/IDDE3.jpg,raspberry_pi_sbc,train,883496,ac56961fb970c771f0cccb11ec566f947922b25945f44fd7363a943445d08b53,acde505d5dde7da4db545a365c6476bba5eada2f5dc7ed54dbed9f0ca179ad55,e990854fda6e8e64,1606,1769,JPEG,RGB,True,,
train/IDDE4.jpg,raspberry_pi_sbc,train,859535,f4db880bd4b6df98674a3e7ff53cc94ad95684c173bb45b77e6a68aa00ca678b,204cf470fb14a9901844c4dcd24c391a75d229c6f3e6f83a19faea79190b4511,e990854fda6e8e64,1593,1765,JPEG,RGB,True,,
train/IDEA1.jpg,raspberry_pi_sbc,train,989050,e01fe4e875fc3ffdd46b2c9476a19d3bfda3194592f3d43c5e3fe38e7ce63cdc,3dea02d63ae32edfcd2eec2bc524ef4cc1d9a40f991f574018838d56bae4364e,a9d3d62798968ec8,1931,1665,JPEG,RGB,True,,
train/IDEA2.jpg,raspberry_pi_sbc,train,1055442,1de1a2c1fa53fac23c1a80a5aa3c1aad9ff696a83fdcc9adf68c70dc6c4567e9,be5b1313226e95f39854b587fa96cfe98486f170e2f631f6255669b22dc565f1,a9f3962798968ec8,1938,1672,JPEG,RGB,True,,
train/IDEA3.jpg,raspberry_pi_sbc,train,1092882,8dd60aebfc758e4c6e3af5949c9060afc35a818307893bdec64621b684821b0a,e2b4f3ce228db026584fbb19bddc838393401b94c6e3ebf247910daaba332b77,a9d3d62798968ec8,1938,1677,JPEG,RGB,True,,
train/IDEA4.jpg,raspberry_pi_sbc,train,1131786,15feca19b7f050bddc0421ab1d5a5dd6e7c8a81e79e9baa7ec9f84698ed60463,9551021a55157eae17e197e67939feabe081da8f136456cedb0d6274f9245b84,a9d39627d8968ec8,1938,1678,JPEG,RGB,True,,
train/IDEB1.jpg,raspberry_pi_sbc,train,1311449,a0f40882841946d80c379f0919fd389cd3cd982d56542c51c9257fb8dc7bce0e,1deb2239571fdfdc53f3df15592af829860e61ca14b1e1dfe15229e09f134f84,e9d0972fd8069c6c,1946,1936,JPEG,RGB,True,,
train/IDEB2.jpg,raspberry_pi_sbc,train,1273913,92a5d337ce4d8f5d0b33e36a0b98ffaacc3aeeb07d6b3371ea4246b8af470c1b,e8f3a6de95d06e2b597eb0dcb2d841f978a2ad0201c7d9df1e4f75f10811e0cb,f9d0952fd8069e64,1925,1932,JPEG,RGB,True,,
train/IDEB3.jpg,raspberry_pi_sbc,train,1286969,e7a09a64c2d645a23cf16367c5dfd5c767a9bb8e0ea955ff076c3126202ad205,04949229c18cda46c7d413d8778e68bb5fd9d130e18a199eaada25ca9f2ede58,f9d0952dd8069e65,1917,1927,JPEG,RGB,True,,
train/IDEB4.jpg,raspberry_pi_sbc,train,1275074,42d361767ed66703ae8905dd14a2f8ec62ac7b51bf02fee80842989a20c7378e,770f341ebe5460d987ad9bcb22938dca49d1daac00553500d3490bcbe9cc73d6,f9d0952dd8069e65,1908,1924,JPEG,RGB,True,,
train/IDEC1.jpg,raspberry_pi_sbc,train,995556,3f8a624a8193d111ba2ea4851636cbd194e0eae594e94132ed21af3789f64e53,c88b386f9691f06c84def9c81210828be2794d0a4ba7a71038bf651f5c8dd37d,eb90856f98c69e64,1704,1849,JPEG,RGB,True,,
train/IDEC2.jpg,raspberry_pi_sbc,train,970429,8cb9e45dc222c8ebbcc9a8d6fb165fc46c237eeb454bd118b79934e84ac2e939,16507e5e5f65bc31bfc31c87e61aae1e2c22404ca6f4afcaf1a87a446c764e12,eb90852f98c69e65,1698,1843,JPEG,RGB,True,,
train/IDEC3.jpg,raspberry_pi_sbc,train,923671,6f1fc9a91c6791271fdc73a195a620162787a50f7a38b337a5976544c92b7c2a,a98cedcb5ca08a413846c190b023f34eecceb83a3140cdc9a146db46028f8781,eb90856f98c69665,1680,1840,JPEG,RGB,True,,
train/IDEC4.jpg,raspberry_pi_sbc,train,912492,ee0d7fcd8ab1b8d624a62d17458e098bbb7b98082ebfa1c8a62bf72afdd28e36,653ecf502d5c7a18a0f335033fee1f792850dbb9996ecff771efa0984397148e,eb90856f98c69665,1674,1834,JPEG,RGB,True,,
train/IDED1.jpg,raspberry_pi_sbc,train,1011765,6209f3f4cb064d45d6b34dc27dcbd2d234e3e5cf74afcad2d10c453b9a5fda3a,55ea4bea6e4bb3290ac6e0fdd31a2495b25076124a1ee692b6d72f877b70a214,e990850fda6e8e6c,1608,1879,JPEG,RGB,True,,
train/IDED2.jpg,raspberry_pi_sbc,train,976166,e11aa5303d5c096294fe480ffc4175507d2ba40e0346bb7a26d42b0f0f1a716e,3ea3c12c5dc5adf4d69848aa4c84d576e0d81f767184cf5ea258eb74192c97c6,e990850fda6e8e6c,1602,1875,JPEG,RGB,True,,
train/IDED3.jpg,raspberry_pi_sbc,train,971229,2fcdfacf5e5d96c7b0a00fb9b2ae2d00092760028124f486d606ca717834ff8e,5371b3bab8ffb27a44e67098782b81b09cd92e557709053cba81ad64d69f9143,e990850fda6e8e6c,1603,1875,JPEG,RGB,True,,
train/IDED4.jpg,raspberry_pi_sbc,train,969668,b744fce924999116f7c97050add227c10c7140c3fb11a0d4efb898f295326d3d,80776396f399d9871b10fa6d0a5e724af3b168ee13c23696af4015bde3b5b115,e990850fda6e8e6c,1604,1876,JPEG,RGB,True,,
train/IDEE1.jpg,raspberry_pi_sbc,train,778394,3405d4eb221fc1a52524ae9468f651671a8d58cba05ebad855a7796e66bdbead,a965abc50cf0b396c3f122f46074ee722170f1247b49edfdb9cc2fa2544f670f,e990856fda658e64,1500,1752,JPEG,RGB,True,,
train/IDEE2.jpg,raspberry_pi_sbc,train,749236,5724815058cce7d2d7652a8ccd8367639e13fc9b33a537fd596467e8905bce52,aba5a6a3a380cdba674335afc52d9d643ba1831d757d78e7630912b0b8c481a4,e990c56fda658664,1493,1751,JPEG,RGB,True,,
train/IDEE3.jpg,raspberry_pi_sbc,train,763368,67b9d87d9b6eafe2d19929ccee4467ed956967a54ec93bab67fd959a04a69de0,ddbcf47b0bee0cacca35b15d7b21e5d8150384a743895e7f0735d972c3115c6a,e990856fda658e64,1501,1753,JPEG,RGB,True,,
train/IDEE4.jpg,raspberry_pi_sbc,train,767903,dc831aa52239b3619ebb9ae31cf81b91c6d15a110db4c9720e27275f1343ce80,4928adf65bd968f735c9b7c204e65834c0e3c96514de61eb00eb91476b45ac43,e990856fda658e64,1502,1756,JPEG,RGB,True,,
train/IEAA1.jpg,raspberry_pi_sbc,train,780779,c4627581a10819914cc12c74417c25eef563216f0db6fa5b81935edfac185440,89961d401e75152116bedb487e419429878d8d04646ed4c6966707ee0cb43b6d,b99992279ec661cc,1623,1725,JPEG,RGB,True,,
train/IEAA2.jpg,raspberry_pi_sbc,train,773092,949597a41fc9cea9f9be02d2001fba1bd38fd45f1de09377810eb1df194acd35,fa2032e8d3301bec9decbc813b8324ab544913e6ce454e775bfa034351df0f2e,b99992279ec661cc,1618,1727,JPEG,RGB,True,,
train/IEAA3.jpg,raspberry_pi_sbc,train,758499,35ebfff3e44fb2936645a70c8ddce25eed2c9fed714318aa156bf1c4193df47a,ec3cc13e307b99bcfe69b5a60be48858f91ae81d60e6db7234af168b1fdc4c4c,b99992279ec661cc,1615,1725,JPEG,RGB,True,,
train/IEAA4.jpg,raspberry_pi_sbc,train,754540,8fe6094f4273b846559dcce008ef9f67485ac4bfae0c92e19e351db5434e1136,bd0a0a7557c23ce51c199ec66678c13679a61676a915b80d86953b088bfceff7,b999c2279ec661cc,1617,1729,JPEG,RGB,True,,
train/IEAB1.jpg,raspberry_pi_sbc,train,1051538,0ff3c77367f0b6f46c3e273016c389ac0aabb9840fa7beb7fe1860ed24dd2091,79e6c89fe21559986858599c8e6ea94c53b6cf4fb36454e3a96517cb43b164fa,b199c2279ee2cd4c,1729,1868,JPEG,RGB,True,,
train/IEAB2.jpg,raspberry_pi_sbc,train,1006852,e0794c5ae9f27899a1813763503351e5575748e884079b0c7f0865d4daf3ffa7,19e14aeb630242b12c682a92021c6a5516ca872a5b5c6adc1724f53aa499630a,b199c2279ee2cd4c,1728,1870,JPEG,RGB,True,,
train/IEAB3.jpg,raspberry_pi_sbc,train,1014594,0972873245858191f44094fe5772da2494ea01db91c68720d5b24a141d0816f8,89459ad878e945a368b1d92f4c2d9ad9cfade298794c0a863735b14b49da902c,a199c2279ee2cf4c,1724,1869,JPEG,RGB,True,,
train/IEAB4.jpg,raspberry_pi_sbc,train,973343,3bf231922334cc0aa26a40b15f945c156ef5fc768f7f2daa08576b75b1b3f399,b33a07914d6a1409caa886a087b05d6d54e62ab189a518e94cb88e87f8e51932,a199c2279ee2cf4c,1715,1864,JPEG,RGB,True,,
train/IEAC1.jpg,raspberry_pi_sbc,train,1653555,b5b357ed5c3f8cf9a5063327a7e414d614d4d669172bd00c1d2f02052e6dad2c,de84b3f96924225a4d8d8fe070673d2b311dbeda778bed5e0254b665af3705fc,e3d3862d98f08b6c,2111,2091,JPEG,RGB,True,,
train/IEAC2.jpg,raspberry_pi_sbc,train,1604835,141a8c4cd3ccf37a74bc5b1db9191f1e8cfabd555297b4334d7a38746b09be14,61ae374318841285a4c8b121be49a25e3c6e5733a471fac4b2a0cab09a2a9979,e3d3862d98f08b6c,2108,2087,JPEG,RGB,True,,
train/IEAC3.jpg,raspberry_pi_sbc,train,1620033,fb517074dc9e9917a50e3f0e7a81f66494b6bfb56444d8f24fad7856328c1d9d,c2ebd5288ca9e278e696521c5b54f381ae16264cbfc771c13a40eeba0d5fc7ae,e3d3862d98f08b6c,2106,2089,JPEG,RGB,True,,
train/IEAC4.jpg,raspberry_pi_sbc,train,1640415,6967bf39667382d79ae05b22c7aa6035f90f6299d9f6e372d147340d42117efa,d9d7789b27b2b2376e7d2196e7381cbbbd3c954dda2366003e6685a4c129c7a2,e3d3862d98f08b6c,2104,2088,JPEG,RGB,True,,
train/IEAD1.jpg,raspberry_pi_sbc,train,1457321,569adcd4b0b564f2483f1649d2ba467cb9bebad49090e4392e7895e4a1364c0b,be81fb5be79f43dac7141a3a7e287235e7669e9f1ef039127da9188a569563a8,a992c42f98e29f6c,1931,2062,JPEG,RGB,True,,
train/IEAD2.jpg,raspberry_pi_sbc,train,1429454,97610c04b1d5eec425ac28385f1c87c92dac75ad8652f754b6401ea19f27bd67,0df50fd0c264a449fe64b366a32179e850c667e5246ea333dc5a7ae011165bd4,a992c42f98e29f6c,1922,2055,JPEG,RGB,True,,
train/IEAD3.jpg,raspberry_pi_sbc,train,1434321,03a855fad819c02583a9439374c46c2d653b7d4197329e68bd7e7afcf1de6487,71a5caf96ba1ef384c9da2ce2ea86581dce8f49bb4aeef47a05612212a1a92a9,e992c42f98e29f64,1919,2056,JPEG,RGB,True,,
train/IEAD4.jpg,raspberry_pi_sbc,train,1438713,081907fc74b8fa00207c72d3912323b17f50a98a3a8db78af6ea6fd95d165cf0,1e6d8732c3b1d7ba6fff36de1a3a2ce9ff982facb713ad22769cbe79cf477a0c,e992c42f98e29f64,1925,2058,JPEG,RGB,True,,
train/IEAE1.jpg,raspberry_pi_sbc,train,1197965,707acfd8fefa3342e96754eaf69b7c8fb66e9806c97d87686b98b433c08277f1,a713727c9603cc1a0ab93eb22f693fa17e5c72fcc773f629c6e0c84d4c6f73ff,b3c2c63dd870cd25,2049,1727,JPEG,RGB,True,,
train/IEAE2.jpg,raspberry_pi_sbc,train,1247897,1ed001062daec6d4b89b4a426876dcae4e823b7c9998df86753d9493f0b7beca,456bd1f2ae990d3614ddb429d1f120f2ee6eb9a16affd5e3a3d0b6b7185b99fc,b3c2c63dd870cd25,2050,1729,JPEG,RGB,True,,
train/IEAE3.jpg,raspberry_pi_sbc,train,1245774,e6998c249174fa995567ab313a8e0a3e12fb372a80003d87cf5d5d2c308591b5,658279aa8a8b0f4d0e69097f8c41aaeebe89a8413ea3453c5c03e36f666e49c9,b3c2c63dd870cd25,2052,1734,JPEG,RGB,True,,
train/IEAE4.jpg,raspberry_pi_sbc,train,1088910,4bb3f131020383c82ad7bf73e2737f58b54fd1826b1944aa678f3ea5a56e7cb1,8963067996bded7757dd6a647fd17999314775cd44ac12daa0105c891b1a18ac,b3c2863dd870cd65,2047,1734,JPEG,RGB,True,,
train/IEBA1.jpg,raspberry_pi_sbc,train,1202413,d0766a8c10a87dff86054eb5d29cdec951e6cce81d70b045c158d43ad10bc68d,12f5b084b25629b02d7590b4d697ebbee103408e6ee8db4edb9859c331373c6b,b9b992378f4e488c,1939,1868,JPEG,RGB,True,,
train/IEBA2.jpg,raspberry_pi_sbc,train,1254624,b6296ebc56ed964f74957caf2f130b89c4a9fb246ced89d5b14b06e094904126,1a99f42be4e688df9f42130ccb62ec717ce3f2a4e429beed110778ba2fb874f7,b9b992378f4e488c,1936,1867,JPEG,RGB,True,,
train/IEBA3.jpg,raspberry_pi_sbc,train,1219474,9ba50a48628c3bc585f98d07c6be35beaa6b217d737040bd6618ca561519923a,fafbcb859c42530b4868e8e7534bd55fde8e0f8b2fe5a78964a64dbadb26d366,b9b992378f4e488c,1935,1867,JPEG,RGB,True,,
train/IEBA4.jpg,raspberry_pi_sbc,train,1232170,746c053b45ed62e26ae2afe810f856bc7e2cf9f57ea4b12030467da360873e4f,9a0c4d02f44934241b0b5d1a4691db90b322845db325e4706168a75c8e9289eb,b9b992378f4e488c,1937,1867,JPEG,RGB,True,,
train/IEBB1.jpg,raspberry_pi_sbc,train,1234111,536629bb9d77661900520b5382f7c25f9cee67491c93e4a89c8f6d8ea469450a,cffe64ed5f81eb647000e9ebc8b72d39a158a169e95fc10530557b816a07f7fd,b199c6279ed2c94c,1896,1941,JPEG,RGB,True,,
train/IEBB2.jpg,raspberry_pi_sbc,train,1275081,ab78e81cf688f9addb606970be3e740446beea0a128dc2fdc6c98b6da9ce5759,28999e750386826c9c59fb36b5595ffd466c0bef3bad7c3e9f6b9a2940957195,b199c6279ed2c94c,1892,1938,JPEG,RGB,True,,
train/IEBB3.jpg,raspberry_pi_sbc,train,1253106,1d6329ecda41db323654f2b0fca85a0b3849f2cb42a9afb5d0b145e43f1be0b4,abb759a6864f119acd88a9d775cb1c91c2a8fbc1c772fb93069917082e661509,b199c4279ed2cb4c,1887,1935,JPEG,RGB,True,,
train/IEBB4.jpg,raspberry_pi_sbc,train,1289441,824564e0599401b9201bb5fcb95705bb75efe3a87d35e74e3019cac5e4dd31d2,500f2fd6b26cc7d5837f12e9f5b80a0f097f0dc761efaf84238fd701af64bdac,b199c4279ed2cb4c,1881,1931,JPEG,RGB,True,,
train/IEBC1.jpg,raspberry_pi_sbc,train,1680845,9e295d4576f409622fbf417179d44874b57739cbaeeb9292a47cf67cb8610dc0,3936b8acf9eee0c3f34a8f662fa811fcdda8c1e6ca6c11b315b17f6f77490fcb,a39bc4259cf0cd6c,2149,2136,JPEG,RGB,True,,
train/IEBC2.jpg,raspberry_pi_sbc,train,1683150,8699aa8404a9e410c612a8573b407c85f3e3a9cfdf9e6adcc8bb76251fdf9c1e,eb00ac9813e6b1a94e993bde04d9b4d649a83ffd3d8774dcdac099166957f5dd,a39bc4259cf28d6c,2144,2137,JPEG,RGB,True,,
train/IEBC3.jpg,raspberry_pi_sbc,train,1672368,d9738e6f997dab15269cbbb674d8409b838a4be1c2c99e403c67a25185b7ccd0,a5d91e283f1fd37a5b3ece27e35d6c24debeefb43707f2ab19d0a00e2ce3d343,e39ac4259c728f6c,2138,2135,JPEG,RGB,True,,
train/IEBC4.jpg,raspberry_pi_sbc,train,1680946,4f1260651ed2437b19ae975411614d77f7d83e48796be5b49de8cfa43cf48d79,859f83630b04cd17ea161e144e82854d9415aa753dceeac158f14c3e6ddd7aa4,e39bc4259c70cd6c,2153,2144,JPEG,RGB,True,,
train/IEBD1.jpg,raspberry_pi_sbc,train,2164115,7bed77ff69af7c5fdea6283bcfe7050682e794dc2d8c45c65e25cf0e05d7c0f7,f940324427a7e9f0d88b465951a0b94ca2eefd01351e0aa582f92c2094c238bc,e3da96259878c92d,2422,2377,JPEG,RGB,True,,
train/IEBD2.jpg,raspberry_pi_sbc,train,2155489,c87ff1ddc8f13afe0c84425d2c6d3ce88d27ed82804e635de37f2967d816b01f,a86df155dd9375501f5f779aa124628a95d116405d499225a90110382a6aeadb,e3da96259878c92d,2417,2371,JPEG,RGB,True,,
train/IEBD3.jpg,raspberry_pi_sbc,train,2085694,d02f9dd89260805cd01698c3e13c637c126d8b9caec1a9245cfa9695c383cf44,e5e7b1731b8e33ed9e51281cfb3fdf8ed1060681396f273fdfd8d3ec363e046e,e3da96259878c92d,2410,2371,JPEG,RGB,True,,
train/IEBD4.jpg,raspberry_pi_sbc,train,2117945,92b952ead06360aea62e34496de750cc1bbec96f4842296106b7b7028a8c2860,99bf2d16330dd73294949ae682b9cb4e22142ae02ccb1b001d1d006eda286a21,e3da96259878c92d,2419,2374,JPEG,RGB,True,,
train/IEBE1.jpg,raspberry_pi_sbc,train,1424573,9e9b941aba9077e917f38f72cdd9f07bf6e67487f6fb7ce0845b342ea7327cbe,3e2d5ad783e90bb6663948b8b1e3e08bed52730fd7273055ae20b22d317f6d3a,e3d2862f9870cb6c,2165,1971,JPEG,RGB,True,,
train/IEBE2.jpg,raspberry_pi_sbc,train,1389933,5113896ebfc9d5a56dd754cfe46c313d9883c74d341b18dc9abd07cd009110ae,33b93b63338135482326c31b9fe4a9a07caf8fa7b1c36758b9ba5ea3cda9fed1,e3d2862f9868cb6c,2150,1960,JPEG,RGB,True,,
train/IEBE3.jpg,raspberry_pi_sbc,train,1337889,21e3cc2e7a4f19b51308cd1326c800dbeecb6a0b29137686272758dd6feba048,2a1b28784bcc9ed774495e7b64b4e63389b05d1ee01e4197dbf12fac9a7dedb9,ebd2842f9868cb6c,2131,1941,JPEG,RGB,True,,
train/IEBE4.jpg,raspberry_pi_sbc,train,1356757,5a1945b8922bcd4f34ec5b8cdabf5c96ed543b85bd9c2f45e9ffb022aed2c794,e259a1f05e7ab927c563dcd28b2047cd73aab60192b45fe3ce4d2e991d5a9aff,ebd2842f9868cb6c,2127,1936,JPEG,RGB,True,,
train/IECA1.jpg,raspberry_pi_sbc,train,1127196,9e399fc200ed7e35e19a02f410ad3a4e611a5e2190444048141c276425abe4b2,31e570e11dd67b1edc398a7386235554ce16b155e01be149caaf153c0839e6ec,b9d9d2358f420ecc,1864,1731,JPEG,RGB,True,,
train/IECA2.jpg,raspberry_pi_sbc,train,1136072,c0e33695230d410e498a50497ee1d46e47bb553262b1320c5cd90dc3d29c15f5,86b14aa93163ab28fbc31426375d397bdde5bbc4fb2de377500962039a7a4608,b9d8d2358f620ecc,1856,1730,JPEG,RGB,True,,
train/IECA3.jpg,raspberry_pi_sbc,train,1109413,e08c85d94a1f24be06e947c416e33c4826c613e5da560bb7ea7c4b7041d4be1a,e5daaeeed9964169b6c9f490a4f7eb04f155adf704704c2c28cc962d794ed80c,b9d8d2358f620ecc,1853,1730,JPEG,RGB,True,,
train/IECA4.jpg,raspberry_pi_sbc,train,1124284,b5b9f2be6322f48f0f912228ce88f81815108e46beaf19eff6375dbfef120a75,cd7aef1a7fb3a9a04f809a34e080077604670ce0407bf91307cd8c12e62c9358,b9d8d2358f620ecc,1850,1734,JPEG,RGB,True,,
train/IECB1.jpg,raspberry_pi_sbc,train,1571722,3fe366e6ce859796af0b48d0b70838f204bd66919200556cc203cf1a122bfafb,caa84a306e5bb362a9c1875145f4200e005c7627c9a3d7cd530804a949d24f1d,b9d9d0378e624e4c,2028,2015,JPEG,RGB,True,,
train/IECB2.jpg,raspberry_pi_sbc,train,1482188,b96f1f28a598840f42c2e08581257161873df5fc55f6286e654b8763f8eb40b9,9320f978b1fa1bc46508aa32abb40c35429874333d7911ce8a7daf22b22e2bcb,b9d9d0378e624e4c,2026,2014,JPEG,RGB,True,,
train/IECB3.jpg,raspberry_pi_sbc,train,1530158,7cd0bdf858c8670ff24f73a0b347cdbd2bc2785c7eda52b989e1603171581833,2aa7ff27014cb28427154d3227f36c86b43823439b0ef5a2e1c6c07a935e57f1,b9d8d0378e624ecc,2024,2013,JPEG,RGB,True,,
train/IECB4.jpg,raspberry_pi_sbc,train,1481133,e8a6bba7f2be0a93591a289ff539bcd8abb87cd5f230af32f9316b30aec0a8dd,c5a24c527b26290f888dbd5dfee72e0c171b544320591157cdba31f40637b435,b9d8d0378e664e4c,2020,2011,JPEG,RGB,True,,
train/IECC1.jpg,raspberry_pi_sbc,train,1614171,2afc0c205a58dbced1c8b927f4af1e2d9da47d47edaf77b466cf79856af45169,6c85d77489063221399967baaeaedbba20d60cd40875a9dfdef3984db5aa435f,a1d39617dc60cd6c,2106,2111,JPEG,RGB,True,,
train/IECC2.jpg,raspberry_pi_sbc,train,1651113,7f4b26231e9bc19aa53ce58283a9670994604cc9e14ea64c50a3fb957ec54700,4fe60fa689aab80905101de0ad48f37297a2c07c630ae52ba81a0d45e9b670c1,a1d39617dc60cd6c,2103,2110,JPEG,RGB,True,,
train/IECC3.jpg,raspberry_pi_sbc,train,1664792,df2c1b3e70ceed82e078a6d04f9433f6fca3de570a0e5c874747ea8160f066f9,f7384b09ec3d6dc64adc9c5ec76454da40fdb288da215d5b533fb50488b819af,a1d39617dc60cd6c,2098,2110,JPEG,RGB,True,,
train/IECC4.jpg,raspberry_pi_sbc,train,1687377,875357f40b418fd8cbedfe46947914c0e92e8e9915c3bc2afe799d5bc6398f65,de58d2c163edf690a3b65e2d5167348e07aece7f41b78ffe7e9c20735ead764a,a1d99617dc60cd6c,2102,2113,JPEG,RGB,True,,
train/IECD1.jpg,raspberry_pi_sbc,train,1602259,025678ac89fc6f1a285faf98dd5f39886849fea82561f2f129afbf274e548e82,0615d80a88449b92871cf6df69b83cafbc9409eafce4fef233eddaf536dfd917,e9d3871fc868cc64,2033,2079,JPEG,RGB,True,,
train/IECD2.jpg,raspberry_pi_sbc,train,1535612,12fe9019570819584343eb29ab8016d9393d08ac9a7db2d3fef5494da2c26f2b,f6bddec11ef80602a37859a2e1736121e3ed4ecd8f057cf77c0fbedccc5af275,e9d3871fc868cc64,2030,2079,JPEG,RGB,True,,
train/IECD3.jpg,raspberry_pi_sbc,train,1556595,085f719d2c00364fa448cb1bc883c88712dfbe370f5ecdfa412ffbbffc7c02d4,a5553bbe07071367f7d96977719b82cbbd0d9c2c13e14e0187d2ef6b704459ca,e9d3871fc8688e64,2029,2078,JPEG,RGB,True,,
train/IECD4.jpg,raspberry_pi_sbc,train,1672579,2b24347d54a48078b32b17d17d7cedb5b79e4089a3f9f30ab3996b6b81b7d8dc,9f41b11c150a30c1ae0e75e6f5c045504dbfc40c6811fd1c2ea504a7c494fdbc,e9d3871fc868cc64,2035,2081,JPEG,RGB,True,,
train/IECE1.jpg,raspberry_pi_sbc,train,1242592,eb68de5ecb169ea5aaa612167fdbd2d6f88bb399b66fb315232b3e646576367c,fd9201e2e28e70cd64fa5b7450c4111e7f9e0ab6f850d45115899ee6874b096e,e993871fc86c8e64,1883,1852,JPEG,RGB,True,,
train/IECE2.jpg,raspberry_pi_sbc,train,1191645,ab636a83ec59f70ecfee80a9a5eaec85c1958bfa6d471a2802aa7cb9f4e306b5,95e58740ccea5f2bee5c8912244c7fcf76b1da98e88d9d89f5f3f417cc110943,e993871fc86c8e64,1882,1852,JPEG,RGB,True,,
train/IECE3.jpg,raspberry_pi_sbc,train,1210427,34eaf959d8caf1c75b9aed79d9a6478bcb3112f98d91ad78956410fe853b9f5b,d1a8b63a6c4a40819dcc536c113b5bf13112d9cc2c97f432d8b8b569b7bb4072,e993871fc86c8e64,1882,1853,JPEG,RGB,True,,
train/IECE4.jpg,raspberry_pi_sbc,train,1205305,e13df10943f31698b40e9ebbbe34b9a2baa9b51b079f52b599b6d25e5634a3c0,e1fa3122a9c6396f57de465556fc191576768ff8239dba96f7a0237e940d8c19,e993871fc86c8e64,1883,1856,JPEG,RGB,True,,
train/IEDA1.jpg,raspberry_pi_sbc,train,1482994,c8fc647f8d00aac330bda99710d9c2c405c8de3c803c1702b21cf7500695319c,dba9caaa0894b37bbd7450b43b6f49f4b9b0460bc7125f21cf797c9d860e45d3,b3d3c2259cf20d4d,2236,1981,JPEG,RGB,True,,
train/IEDA2.jpg,raspberry_pi_sbc,train,1433561,b626e57711b4f8c835071b495b226f3968129049677964b4e769390471ec03c3,3c1bf148d9ba15304d784150876703e346fc86aaf117b773f4d0f4a506dfa279,b3d3c2259cf20d4d,2245,1964,JPEG,RGB,True,,
train/IEDA3.jpg,raspberry_pi_sbc,train,1512932,d54fe6f5ae818cf468d27cdb4de6c5ee3da26223d86f30985a060e2e5d527f3c,f12526e9a3c46918591630280e2bb79ab8f2baf437093866a9f4037b2389d491,b3d3c62598f20d4d,2246,1968,JPEG,RGB,True,,
train/IEDA4.jpg,raspberry_pi_sbc,train,1503265,85aa7c640b7d1c92b9ef53a827b2c4c70ac0cae47301b87852e32076c65dc54a,fba55b0b5a9ef9d6ba9e185b90e2aad2189d0a67411c36a8fa5687f0471488c3,b3d3c6259cf20d4c,2231,1959,JPEG,RGB,True,,
train/IEDB1.jpg,raspberry_pi_sbc,train,2044769,86f73c577040548fc880c2f2b63d3f55bfd44d604a05f2fcf6bab32b44eaa0e8,286673cc890f9b14d870de985006d30def9272053b2655081064139be56a4652,b3d3c62d9ab08d49,2411,2343,JPEG,RGB,True,,
train/IEDB2.jpg,raspberry_pi_sbc,train,1902651,7e0742db7fdf5b25101bf64811a797ddf1aff0dbb84806a84a616bc2e7f31639,50e9ed8fbd8dd49e2d238e51afe4ec2aa342651e7fa8d55f9971e90b1c5dbef2,b3d3c62d9ab08d49,2392,2335,JPEG,RGB,True,,
train/IEDB3.jpg,raspberry_pi_sbc,train,1827402,dd9199a12f4c08a3a4399e42ffd2dbbe7f4018f9dad8c7a0b2cbe3460f71667d,8c2398a6c88ad93b2386c6eeca74b578d60402e79e2b0388fde79cf9d7b1e41f,b3d3c62d9ab08d49,2396,2325,JPEG,RGB,True,,
train/IEDB4.jpg,raspberry_pi_sbc,train,1883097,c134ab9c493b143c54c1de463cc7bf66b92b1e4455eb1a723046c14469d87ddd,7e8561d3cf5c9627dea16cab76b34a42d38ed2665c2943a3c2c51909ad0ae14a,b3d3c62d9ab08d49,2400,2333,JPEG,RGB,True,,
train/IEDC1.jpg,raspberry_pi_sbc,train,1613609,243d4a59f790c73b6d53abe707258c765f66b6b21fef33d54464859f25e3c33e,b867631d2f9116552880cc71f631b15dba98da65559a8c6eb4df1a7f71c9a9c0,abb2c54f98c48e6c,1933,1953,JPEG,RGB,True,,
train/IEDC2.jpg,raspberry_pi_sbc,train,1541447,33c7ce69b9a4a99572f0564094299611a0cdb7322b57d506a6bc45b7b2bf61cc,dac8d9a2d49126c4dd7b1abfaa1770ab3d296fe2384b12c6091bd76473b12db8,abb0c54f98c68e6c,1928,1949,JPEG,RGB,True,,
train/IEDC3.jpg,raspberry_pi_sbc,train,1429294,2c1814eb4ebe58a1e3b05c463424be634fc458e28e80a29ba7ca30133b5bfca8,ccc319ff47fe3cdeef7b4819c0cbcdc03776dc1f17c51a855c1559a6dc3d9201,abb0c54f98c68e6c,1932,1947,JPEG,RGB,True,,
train/IEDC4.jpg,raspberry_pi_sbc,train,1483467,590d7cc70c065d65d89926d52098454c232baa0a6f5c5a4fecd5c9dd63382307,40f12b76cf4bd53a2cb304da948a1e837a876e9180b4802fd529d1ac02c62c6a,abb0c54f98c68e6c,1926,1944,JPEG,RGB,True,,
train/IEDD1.jpg,raspberry_pi_sbc,train,1414550,6bdb779bc526e5e89ed2c531bee0ff1246af944d347d59817163d7c7963baec3,66593067f3bafd0dd2580d3d2faeaf2ce173c61775fad828634d9d4efd5fb528,e392c52f9a708d6c,1903,2017,JPEG,RGB,True,,
train/IEDD2.jpg,raspberry_pi_sbc,train,1431576,1149ca653f4cbb661735f59c05e6732ce77ae28dbdf6f3c4b623a7388394fa6f,374c490f7d6da0d1bf12d7b414d657b5800dfec770b7b7daf046aee612373735,e392c52f9a708d6c,1902,2021,JPEG,RGB,True,,
train/IEDD3.jpg,raspberry_pi_sbc,train,1414608,7bacb8fdf7731c82791a9580b2db73adaaba5c0678d96e620f6dc6c0a20bdcc5,8e87771e22c36e6504618732708733a4c46228bdc47f8c683282e1a5524b2eb5,e392c52f9a708d6c,1903,2023,JPEG,RGB,True,,
train/IEDD4.jpg,raspberry_pi_sbc,train,1389225,7d54c7e0856a7f28ba19d263afbd3e9ee4abcbab1a1b671c4e6bfcc6efd04c2c,a723d3e8f23286aa6575f9c65140e8e6b731929b4ab59c89229e64ea9f0d4c11,e392c52f9a708d6c,1894,2019,JPEG,RGB,True,,
train/IEDE1.jpg,raspberry_pi_sbc,train,1061927,235afecb9d1b9099f53980044b663b6f65154b54f5b264db3e0b093ea0847915,9a298bafd09db36b663eaff8269000ba13c08ef62ebafc7cc31f4afbfff1a79e,e193c62f9a648d6c,1727,1819,JPEG,RGB,True,,
train/IEDE2.jpg,raspberry_pi_sbc,train,1002522,c6e275f4c19516e6b507b0bfd14b75e4aed83889b1e349339fb3cfb54ac0b244,1ebfada9db970215d21f360a731bcdba10635f94e4b405b17f930dedcb24ff8b,e193c62f9a648d6c,1720,1815,JPEG,RGB,True,,
train/IEDE3.jpg,raspberry_pi_sbc,train,1013923,8f436a366cba8f09fa6000f65470c2245d2bdb99d61f7eed2e2f3777bf42e0ad,4c747f60bec7687a4804c6073430274ccc42ca70b2d6bafb26c4d8ff46b1fa65,e193c62f9a648d6c,1722,1812,JPEG,RGB,True,,
train/IEDE4.jpg,raspberry_pi_sbc,train,1016415,68de2c19707f82018cdeb1a36a6a53f5b0f315192a56a5f84bcdede760bb309b,955d03e3953dbf751923e13092de95dd1d3fc4350f3d1761e0b1cbe9f4191dcc,e193c62f9a648d6c,1726,1813,JPEG,RGB,True,,
train/IEEA1.jpg,raspberry_pi_sbc,train,1249158,652d9b815f28518d7834f4edb982b5cde3533b41cdc8a097c3d73129e917f87a,9ea11deed6c2c638687b3ba575749499ec59d4f7034126ea8794bc76a023fe04,b3f3c6259cd0494d,2101,1750,JPEG,RGB,True,,
train/IEEA2.jpg,raspberry_pi_sbc,train,1214790,b5aec11edefd31148944a81b810e957db7d4daec825cf4b54e3798f524f0892e,f78dff02264a3bad5f5525454c3e40638111afb8c5d0f4dba751109091f9499d,b3f3c6259cd0494d,2107,1753,JPEG,RGB,True,,
train/IEEA3.jpg,raspberry_pi_sbc,train,1234346,e37b904db1f215b521267d58856cfa7558a945e99ee35afa3316454f053c7a5c,b0f0f10e7e693404d96f95f055e7fb76b814c6137f5fcfbf53a7a42ef34aad91,b3f3c6259cd0494d,2104,1757,JPEG,RGB,True,,
train/IEEA4.jpg,raspberry_pi_sbc,train,1257561,b3015a9b82947166c63445a10c227b3db2e64370321aff78b811b99b6de1c6cd,6a82d78e08af85a9b960199bdda80a7c6aa76b9f80e9e6680c85aed37879154a,b3f3c6259cd0494d,2101,1755,JPEG,RGB,True,,
train/IEEB1.jpg,raspberry_pi_sbc,train,1584677,e9e59567525ab4f376953e8b32dd8472edf55e84a0de6ee162db44f6a0a8659e,1cc10a0184e546af87070fc7109dd96ae7133e58d0f372b437c3ddfdd94608df,a3d2c72fd8b09c68,2070,2033,JPEG,RGB,True,,
train/IEEB2.jpg,raspberry_pi_sbc,train,1575092,30b939da5c822b48d15ea9199e6638c08cacaad79df7c81917cd0486fbc123f6,8665e67ad8b612b3271a510d1346974e8775ee597abe9022deae39be14f35967,a3d2872fd8b29c68,2077,2025,JPEG,RGB,True,,
train/IEEB3.jpg,raspberry_pi_sbc,train,1500485,4b8a319e3aa9bf5122a89bb9994b7923b9c67ae6d3d820df0cfce97f545bf103,1cbd08348acf08d99f23c3e4f8b0e1de99f968a610a10ab9ef18d512a7bf2a88,a3d2872fd8b69c48,2077,2024,JPEG,RGB,True,,
train/IEEB4.jpg,raspberry_pi_sbc,train,1513892,47179a14fc8bd0d9d9a41b9fa076ed14ed2f0c6e2aa203227c21471bc87bbf96,5d5d25b2bbb0923cb9baa94d909ca01fad0508ea33ef3b93791f87e1226c34ea,a3d2872fd8b68c68,2068,2025,JPEG,RGB,True,,
train/IEEC1.jpg,raspberry_pi_sbc,train,1120314,17cc93df16c73cb6e2d5ee084bb9d3ee9344656a09f2345d90200d9ed788a3da,b029d0080f6939b2c5086cd56edf8cd313b7e03a390e2ab53a219b366af47f31,eb90852f98c69e6c,1812,1906,JPEG,RGB,True,,
train/IEEC2.jpg,raspberry_pi_sbc,train,1140477,baeefbd1150d2d3f2d72a7dae4d1a2affc439be0ac411f39fb260eb47fc2e365,5d75a3ca0c67b5a262b69308f9be50b0b714793258d9e6fb357e3f3f68e932a6,eb90852f98c69e6c,1810,1904,JPEG,RGB,True,,
train/IEEC3.jpg,raspberry_pi_sbc,train,1116249,a56b1de27f18fb45f81f2fce882aeaf55913258640a0a9afeddbaa68c41f813c,9154828f5171a8da55a9f0231ed45bb5cc8fb51b0fba788833126e3e937f0203,eb90852f98c69e6c,1797,1897,JPEG,RGB,True,,
train/IEEC4.jpg,raspberry_pi_sbc,train,1128234,be156cf85600f1dd3c3a872b77351404df754e69d793d83044bc8a627765958f,8a1cb2a1cc58323c910619ac902f3be3bcefebb04d7a4d2bd473127395a0d14c,eb90852f98c69e6c,1800,1900,JPEG,RGB,True,,
train/IEED1.jpg,raspberry_pi_sbc,train,1099053,45c07640a04a103674b32962ddeb9653b6d99d85852bc2135dd03cbee54b9298,70300fe120de3e44535e4eb51978e10ed26ec9ac913df06829426d244b7563d6,e192872fda688d6c,1716,1924,JPEG,RGB,True,,
train/IEED2.jpg,raspberry_pi_sbc,train,1071252,4aa45836a59acd39859d1590a33be6d87968f1473f78bfe7764997b6a6fc0c9f,8184ef55c4b0aa02f76f5d9ccb05db460c21859b8e1f9ed4fdd628d383ec00f4,e992872fda608d6c,1722,1928,JPEG,RGB,True,,
train/IEED3.jpg,raspberry_pi_sbc,train,1078722,509771f4a6645c4b417b940b296ba7551c51dce0fb1f4baeea94a397b9bcb004,eb2beec0d669234a6b21fb2815eee823898adca5830ad77143ecb353c98f75ed,eb92872f9a608d6c,1722,1929,JPEG,RGB,True,,
train/IEED4.jpg,raspberry_pi_sbc,train,1096788,6a9ab99963e7b872211aa35afc238bfe88c9dfd511e522177471c1af0c0a4c5a,0fab3b1f20efc9dc4b25dfb61f9461bb0d73b5b1b21646e551e4b2e010d63de7,e392872fda608d6c,1725,1928,JPEG,RGB,True,,
train/IEEE1.jpg,raspberry_pi_sbc,train,936397,1fefb8b16a747cfab78847831fc454f2ba15222e6da28697bc2e249184eae0c4,dab70ae717712f4e5f8ecb4b56047d9a7ed663b79f6ad0aac6901f99b8d1ed28,e992876f9a648ccc,1598,1792,JPEG,RGB,True,,
train/IEEE2.jpg,raspberry_pi_sbc,train,936287,adb67a09a0b92148d4e91c95c6fd762111031ba9559f6626c405f89fc2b42af5,9c996a131b6b91d0844310bf915277b866078b99c15fa80352df98b40c471de6,e992876f9a648ccc,1598,1789,JPEG,RGB,True,,
train/IEEE3.jpg,raspberry_pi_sbc,train,951954,c5bfaf58ae9f0d8937e4db9931b9e0e40bf7deefc6554467d1ba6d9316a8072d,6c90a2a7e99fd58121d200c6ac44cb07a15f38efa12eddfda5bff1927c70224f,e992876f9a648ccc,1602,1790,JPEG,RGB,True,,
train/IEEE4.jpg,raspberry_pi_sbc,train,959141,9668da16d02f22b0f2536c2987876c1781af00eb011ca1d2a2a0f1c01d79104f,55883219771025ab212a21e9a71a390bc3afc826d793ae1aff7f06012f40fdc7,e993876f9a648c8c,1604,1789,JPEG,RGB,True,,
val/AAAA5.jpg,raspberry_pi_sbc,val,1167213,7557a70480b72da40f54e1f601069e80305031ec04c0a1c883d3dc43bd11496c,f678b61f010b3636eee636c9daa2e25a83be38becfaaed1c87733fec7c9fd47c,e296cb61906e9d2e,1942,1847,JPEG,RGB,True,,
val/AAAB5.jpg,raspberry_pi_sbc,val,1760331,30fa1e994eea4eb7c824d156a7701bff92db3d2995ac32f83bcdcc2fc96593e2,b87ebaf1bb1af4d05e38a3a5e70ff7867b31fefbcf934ad83df20f66aa74547c,e796c769986c982c,2170,2237,JPEG,RGB,True,,
val/AAAC5.jpg,raspberry_pi_sbc,val,1694116,58fa5259bbbbcc04111e5148566b83b9bc04c2d33773d58fdb6b081152a10977,23fbf6dcd9682ddfab159c4b710f6cce1382aa12c3d01fe11e273d2df65c12e5,fc96c7c99c619834,1990,2384,JPEG,RGB,True,,
val/AAAD5.jpg,raspberry_pi_sbc,val,1611681,b10bfd18fd565e3163daf93ed2f6243aa1f31194b2881bf0e00eff085dd12eb4,5d820e3a557c87f0cd784d1188c0a53d60d33aeb6edd332bc0cdfb821ddcc544,f096c7499c65983d,1879,2404,JPEG,RGB,True,,
val/AAAE5.jpg,raspberry_pi_sbc,val,1293766,0bb53111605d500ece652d88ac199b3272bfbf4f58809af22eaab251d649b605,ae26b914588609602895dafb5c30fbf53f90c86b43ab11b5ec06aefe2f5f6210,b09693699c35dc36,1738,2166,JPEG,RGB,True,,
val/AABA5.jpg,raspberry_pi_sbc,val,1310027,9d7d08445f1b9deec800b3a6e53306e98bac6c4ed1ffc9c259bd926ecf330868,a5586961461ea062fa0a64f20c60cecbed3903b0783ec16de68176d896003e49,ee9cc6639163992c,2073,2066,JPEG,RGB,True,,
val/AABB5.jpg,raspberry_pi_sbc,val,1790955,af63588b15d2d03592b37fb5457b45a891bec409bcb37041fd84fc2ee1616a43,0a04407aaac30022bedc2ec70cbd2a3580d444d9b613ff55f02b48fcb0b2b671,e696c7699869992c,2362,2479,JPEG,RGB,True,,
val/AABC5.jpg,raspberry_pi_sbc,val,2181092,71551b6bb9f0540ef7e4007e8211df72f2269635e903703f170f41faecafa247,a425b1ec0ca003b19898bd2e8633655403e0304220870219bbfed8d3b60a8deb,ec96c3499d61983d,2136,2629,JPEG,RGB,True,,
val/AABD5.jpg,raspberry_pi_sbc,val,2118613,979b1f22f43da1e7a16f41fcf60e1d53b66af70913b2ba3036ffff0f9467eea0,99c17c062830c8955456657bc2f00ca1f12d937aed1fb1ac76202fc9c8eb41f1,f19693499c6d9c2c,2173,2678,JPEG,RGB,True,,
val/AABE5.jpg,raspberry_pi_sbc,val,1551322,afb3a12a92c9ee6c3086b49aee2fb1ce52d1aff1fecdc7876746a8cfe55af20d,a9a5c3784e8d763123b97f0f9fd89aae078166bbd1e61f720e568c2ffe780ed2,b19693699c2dcc36,1996,2291,JPEG,RGB,True,,
val/AACA5.jpg,raspberry_pi_sbc,val,1619741,1e7b1da89b655be58f3a373d9144cf9b9b700495794964d4d9ebca7bbc082703,3ffae2a888c9bedb5d7486111f99bcb2d65f1522102746a49ca0e66c374eecf5,e396c7699c64983c,2073,2367,JPEG,RGB,True,,
val/AACB5.jpg,raspberry_pi_sbc,val,1956229,d6a9ef042a988361690925607f13887747bf698ef37ceac41588370bf8d84a41,1108de9c40f5e3753f387f7013688789c4d9ec458d462a4a0dea46d8ac18f4ac,ec16c7ca9561992d,2060,2613,JPEG,RGB,True,,
val/AACC5.jpg,raspberry_pi_sbc,val,2364753,c601d4465f498ea6ad7869a35488e5c310bb28b3a0ec7c44f8f63cd86405cc4c,e24ed59b2c1308fb3e59c20b8b329b6eb58b4e38b2176513f3dc7eef0a3a5d36,fc9cc7c890619e27,2228,2737,JPEG,RGB,True,,
val/AACD5.jpg,raspberry_pi_sbc,val,2295872,5dcffefdff26bbb9d8bee624e5eb247e1c07230f47778b0efc7a1072ea683985,913d019dfc3eca013857ff9b2b3fe52cb504f2ad5b52d32b5ae98c6bfdc35bb6,f39ec3499c659c24,2285,2697,JPEG,RGB,True,,
val/AACE5.jpg,raspberry_pi_sbc,val,1540035,162442d1ce9ba6231956f6c64bb83367725835607026f769b4339c78117e2aa6,de91376ad57f4bed0ac35f65c4bae79034916d0624e0ce4b189bcd58becdce8b,b996c3498d6d9c34,2041,2280,JPEG,RGB,True,,
val/AADA5.jpg,raspberry_pi_sbc,val,1333961,db5bc4b3e4fe6254b8b3e879063616f13d7970d6138fe311ccde7b84093ffd88,098f72e16526cb33ed011ec36e3f6c736963cb57d12389198cad88561f5e9c8c,e594c2c3986d9c3d,2015,2205,JPEG,RGB,True,,
val/AADB5.jpg,raspberry_pi_sbc,val,2173487,d36fa538b5973b999aa943b2fa43f4724e192ea675158aa4eb3881f3d09291e8,ecee5500afa3808b45ccae0319b7b8d001d12486a5f05a73341f9b23633889e7,ed94d260996d9c2d,2161,2595,JPEG,RGB,True,,
val/AADC5.jpg,raspberry_pi_sbc,val,2285914,a0ae832486da4bb3e8a24430b1c40184b87990c028228d85e8a2bf0008bbbb6e,da0bf72930e4485cdb24cdc60c0920233142900db23466a1198a4ba99280f496,b91ec3c9d165dc24,2150,2649,JPEG,RGB,True,,
val/AADD5.jpg,raspberry_pi_sbc,val,2116549,19a881f8a28e7bffafef09f8ec2899964addf78270351f34f016506fd94e2fd2,179d391d315ca2ebea08692ffa44773e6e6b4d9e0793e601f337659d473aae3e,ed9e83c98c649a27,2234,2577,JPEG,RGB,True,,
val/AADE5.jpg,raspberry_pi_sbc,val,1333767,d2405a67ad59b8542f67edf393ad050ef4a6f3065007f0d135c499ba9142b1aa,ee994162085f9c60b2bfdbdf474f35f3a0c430f9ee19446c53f24955dc78a01b,eb9ec3c99c649826,2059,2129,JPEG,RGB,True,,
val/AAEA5.jpg,raspberry_pi_sbc,val,1150750,1433d2209db161a9494c6ba0f5fdcee4c72a0a0aceda69dd5cae829a447f3728,322848aa2556578db0da41724415edc9af27394fa0d263728a07df471ce3072c,e99c92e39c271c36,1729,2062,JPEG,RGB,True,,
val/AAEB5.jpg,raspberry_pi_sbc,val,1745483,3da43367fb45045869a97dbbb68dfa333c73e03fed721874cf9447a23898955e,c38a30c946bb3a5132c830e0bf867cbb7e0c5668c1e15dee05ca74bc01d92ab2,ed9c924998679e26,1935,2357,JPEG,RGB,True,,
val/AAEC5.jpg,raspberry_pi_sbc,val,1964628,d6fac7545d9a31c8d26d31a9cfdc334e4e4b00725969cc5d8c7e7ee20e906693,7c26abefac072b893f62534a396aefd34a9361654d777a97548aa30b9caf6ed4,ec9c9249cc67da26,2058,2415,JPEG,RGB,True,,
val/AAED5.jpg,raspberry_pi_sbc,val,1491257,c222efbf58599d8c43abdc51249fc3e1989b1960c2cdf382183abecd4c643e64,68c58b991e07f50db80dcff412140124cfca01bb6abc8fb9f0b469146eb173fb,b51ed3c9cc64cc26,1942,2294,JPEG,RGB,True,,
val/AAEE5.jpg,raspberry_pi_sbc,val,1157010,a9b199e732089603c9b2e3e6450156aa621f2ff3b36765bcf2e202e0f0963223,13c7c0d4bb481975f638716bb9dbf0dc9db71c93c2cddae66e1f15b5d8c77b4d,e59ec349d4669866,1898,1970,JPEG,RGB,True,,
val/ABAA5.jpg,raspberry_pi_sbc,val,1039574,4e18c6d9a8d75dc8f342a106ecb4719244d7f1db3187b5009bc94ce6568b4965,b299b29df3fd5f2c278c891648df74a90ef1c9919964080c4a86e15b2f34bb50,ec94cfe391639168,1675,1860,JPEG,RGB,True,,
val/ABAB5.jpg,raspberry_pi_sbc,val,1358309,cbf770dab787d04d2330c032ea558bcbf04848f51d175fc9432b3d05bd7716a3,75c824db4d1c95d4cc1ad366820a0fcc8d49c5668aff03488ff0fe766d2d10db,e49ec36991639969,1872,2226,JPEG,RGB,True,,
val/ABAC5.jpg,raspberry_pi_sbc,val,1683587,712d3f2f7f3d37afb5d50dd9968452021c7f28ec231ebd1f0f453a66a9237e64,1dc3bf36715c742ee55554b94e33014e3454bdb61442cae135a6ab34ea1e367d,fc8ec6c88761d171,1771,2371,JPEG,RGB,True,,
val/ABAD5.jpg,raspberry_pi_sbc,val,1484057,17a42727961eb5e76cc71d75f53ea79460bb638909735828f8c41e0372ddff0d,53396ad6bf4d1c2c3017f1717415cca42163bafb34993a2be67a917f02305fe7,fc86c34a97699931,1702,2408,JPEG,RGB,True,,
val/ABAE5.jpg,raspberry_pi_sbc,val,1117362,d6830ada6d7c254d83f1a2927669a425f13ec97a684ebe66c23f60914f604c4a,789aa5ea473cd12b5dfbef2570cc90f28e48d5d3789e5b9f4333e86870fcc084,bc87c34a9339db30,1525,2188,JPEG,RGB,True,,
val/ABBA5.jpg,raspberry_pi_sbc,val,1280251,770df9551241c8d72b95514bc9bb1cc5af7fda2dcbc4e64c5e027d8a58003326,9bca9ad2ca03d40e6355e1aec435404d6157bb67e3d52458d127499b83a2af4a,ec9cc7629263926b,1800,2030,JPEG,RGB,True,,
val/ABBB5.jpg,raspberry_pi_sbc,val,1937871,0abef53f4f8b08eba288c923621df5e6c43726a3755c2223a347bd96ecb76d94,de56b891ff40f2562ce975633c561582b10ac1964c868d1fc3d1762364151c4c,ec9cc7c895639163,2049,2463,JPEG,RGB,True,,
val/ABBC5.jpg,raspberry_pi_sbc,val,2068025,da1df69af75392846ba562b8d1f21c20f57dc15afa0a841583ce3de49c944fbd,3546b37a82e4391f4ee21b48cbd18d59ca964de5e6d5e7e6a3878ad99ca949d7,ec9e83c897619371,1933,2607,JPEG,RGB,True,,
val/ABBD5.jpg,raspberry_pi_sbc,val,1987867,47d7f820cc3eeb2bd12b3340cdfc814ebb76ca6649f6e76a9db5d73ab64a45a6,b9e1a14513b30f3b3a15b0b54e4fcea8175db6e7cb2c7a6121fb84b124220d49,bc97c3ca91699839,1954,2676,JPEG,RGB,True,,
val/ABBE5.jpg,raspberry_pi_sbc,val,1356684,39529d1f1a5d8ed99cdac0654633fc948816d96e8e5c939fcea6761dfe036826,ca03ade8b59495b4f1b9a770af28a5f3414ae30e3c2d22152890cd2df4eb847c,bc87d34a9179c83c,1747,2272,JPEG,RGB,True,,
val/ABCA5.jpg,raspberry_pi_sbc,val,1452058,be46190afac93976a048d327e0542084fe7a7f6d84e9d502c4870adf0b6a34bf,d5bccef8f6fcc384ab3af3c9c6ad44228f1d2d068bce9092fd691a11ebacbfe6,ac9ec74b95619931,1791,2371,JPEG,RGB,True,,
val/ABCB5.jpg,raspberry_pi_sbc,val,1872844,c386d7c01e1d620822f811fff074911ccec66587175d02ac047376a4efd430bc,6443c649da5228ed66e2d6b65f62c187f17e71bfec157bba8a7b83ef777e7c0f,ac8dd0ca8763d363,1823,2589,JPEG,RGB,True,,
val/ABCC5.jpg,raspberry_pi_sbc,val,2207711,9c76fc5d5477204a055b2b44240350979334a914de1d5c0e4fb42da94dcf9fe0,77db5750af0e6972d212df02ae2c39e9ab0563e7ad030f6abf6a44ed0387f7c1,f99fc3c89161c664,1986,2705,JPEG,RGB,True,,
val/ABCD5.jpg,raspberry_pi_sbc,val,1913190,0a5fe3cb0af7078e6f27ac658a2f2afff8b73b388a532526d63faabd1e373812,6900b01dd920f1af2d9da71d19c31a9b6a6d82a803b5c2cbf260b07c19e18ccf,bc97d3ca81699839,2014,2677,JPEG,RGB,True,,
val/ABCE5.jpg,raspberry_pi_sbc,val,1406888,e59a3990d99673cdd86e991d9ab29d62cf6e20917f75e6188a691b6515da012b,d95666a55a6d1ff8dcd3494daf09a71165b6c5113f50410b57d7457ed5717939,bc97d24ac1699939,1826,2246,JPEG,RGB,True,,
val/ABDA5.jpg,raspberry_pi_sbc,val,1402024,2a3ed6d5a80d3526c5f8e50a8c1249ce8ada0b14130a120af245de270c9b9046,479afcf27f3f409771a81b137ebb39e29fc3013e0e393049775b9cb07b7f7dfe,e99d87c0926b9a39,1804,2215,JPEG,RGB,True,,
val/ABDB5.jpg,raspberry_pi_sbc,val,1888459,09e223297c6b7be329fa59ccd8f4315ea97ccb592f7351898181a3cab0d1d237,766e8d070cb53cdb26ac465f451a3cdd9a930b9640c7cda55376e3cccdb346ec,e99f92c291619e39,1918,2582,JPEG,RGB,True,,
val/ABDC5.jpg,raspberry_pi_sbc,val,2118891,2f64cc223280e0ee5219293e07e1c44e862bad35b9bc6b7fd934bc749dadbdfa,28dff23d3161f847afc2c762e9bfac51be42816ea7eaad6e6061823078bfab64,b917d2cac161cb65,1928,2614,JPEG,RGB,True,,
val/ABDD5.jpg,raspberry_pi_sbc,val,1773098,a4d52092dd67a66bbb00e5c67db3faffb1a5e15dc057fdcc68ce4921b2bca7db,1e88646b33e33d797336f224a5594a71e1347a8248c1576e929babdb657eee7b,bd9f9348c569c464,1984,2534,JPEG,RGB,True,,
val/ABDE5.jpg,raspberry_pi_sbc,val,1324090,3fd13f59f5d01b04bc649f616f92bccf2d20fb388d1d73d0ce69e7c7cda7fe90,8b3398152292fd0edb60b8959246696c455117ed5690ea9ac8956617406c0d56,bc96d3c9c5698c61,1832,2096,JPEG,RGB,True,,
val/ABEA5.jpg,raspberry_pi_sbc,val,1039458,f9e21492b7145fe3950f9d331d4c98a8f9ec65da57623ee8c1d2acdd3b68bb9f,cbd8817ddfe71f09036c9c55bd412bd12532a492c824423a0299929313b7c7d2,e99f92e2c664cc34,1575,2093,JPEG,RGB,True,,
val/ABEB5.jpg,raspberry_pi_sbc,val,1504366,8f1ced0aaf3235ac758ec42e4a2405828abff6dfb9ce4ce72b5c7f9f4e90483b,1655caf7b0b8daea38e83e9f33228fc7425d67a18a4dee54cb0938cb2da15f07,e99c93e2d465cc34,1783,2370,JPEG,RGB,True,,
val/ABEC5.jpg,raspberry_pi_sbc,val,1560281,ee247719d44b88db60c128a00b4db6edb715e54b742588da6e8e956d9dee1043,8a67e684812071e72b4b8715ccbe964e86d0e4054e76510fa5debd911fd47cdd,a99c93c9c465ce66,1887,2410,JPEG,RGB,True,,
val/ABED5.jpg,raspberry_pi_sbc,val,1474203,f9bb3c03387ff8b45bd73115dd57e758c57519bb87f4d251170a503823b41da6,af4065420c8dd2e4ab32e03441f28bf31556303b4c8c8e62e9c129f102ebb1f1,bc9e92cbc561c961,1703,2237,JPEG,RGB,True,,
val/ABEE5.jpg,raspberry_pi_sbc,val,1077791,d91ffc918b6b20989d6981d56cf501cc6eb8cf0aa9e881350face8a94c55ef30,b49cf2230b7153209cd7243dd825e720c83004a39983403bbef7bdedb7e7d5fd,bc9ed349c561c561,1625,1941,JPEG,RGB,True,,
val/ACAA5.jpg,raspberry_pi_sbc,val,927135,e88a50e607ed3f65eee523454d9b16475136b59e4d27d8ad465787f8c9fce34c,1363350c40f134040a2c8504968cc14bbc96c45e044e5153a36c96e80d82032e,e8bc8772966392c3,1402,1929,JPEG,RGB,True,,
val/ACAB5.jpg,raspberry_pi_sbc,val,1160196,ef867228bb024e1f4a31ea66055ca0c3b16bc4c84dcc9b76a93c1d870e9f3a3f,3af2947c0695e986da5c9215b7654602eceaf4ea4b90101a515c6a07efb6d723,e89dc53e876286e1,1446,2196,JPEG,RGB,True,,
val/ACAC5.jpg,raspberry_pi_sbc,val,1413333,108f8fd190d36801611c2da9547be63fba1390f13ca9d5614c0214f1a2daf972,2a180c172e7e12cc6d9b15bbcf4157ab87ed97f00a571fa1d05a30ecf189f06a,bc9dc08ec36bc362,1507,2307,JPEG,RGB,True,,
val/ACAD5.jpg,raspberry_pi_sbc,val,1265663,da213fb3483db384ec4e4f7f519d9d517c4facecefb7a894e8cf4c93388edaa9,99cadf740aad9c684e62cac8839bc966fdb96b97f3d8382f8878461d23ba7404,f8c1859f963fc260,1485,2339,JPEG,RGB,True,,
val/ACAE5.jpg,raspberry_pi_sbc,val,1014072,b10a84c3af7cc5625f4a23f8f32c58b4b67d34f964911a67b5e347a7fe668b17,302fbf1e5eb25799ecad0327c39665e1390e4b354d231970d04ede6d00db57fa,e8c1971e9637c332,1464,2130,JPEG,RGB,True,,
val/ACBA5.jpg,raspberry_pi_sbc,val,1054221,5b2e275a0a3b5ce4cf7a6f4bebbccf436e5794b6c13bea2b5d761960964f603d,ed78116e25e377232097e0bdd7be026eda646a778984d1a65f94e0d05be64940,e89f9134c664c6e3,1512,2055,JPEG,RGB,True,,
val/ACBB5.jpg,raspberry_pi_sbc,val,1484171,1e668659c84c9972bb2dd781088ffd3a73448270fd593f06c1de49e5e511fdba,72503aea93586921b6760e528c561a381efc51a0d5f7d55614ca83e71ec96e6e,eb9d919ec664c660,1614,2426,JPEG,RGB,True,,
val/ACBC5.jpg,raspberry_pi_sbc,val,1717997,546f790a0fdfda9e007089e7eb6854d270682e951136d5b2c8b9bd2d412ea164,b6b401526505ad3d3992a2bc82269c91e03f8a12b076e71e7ec1fa8a8dcc8e7a,fa99909f8527c664,1574,2507,JPEG,RGB,True,,
val/ACBD5.jpg,raspberry_pi_sbc,val,1533450,18050f58c405ecfc542c58abdd266a5b4bd79f589ade3833340b5479eb57ad5b,fb80b90cd767b00c5d2c9416f04a6eef5e939030ff36533fc04bb95d15c297a3,eec484c68473d379,1623,2580,JPEG,RGB,True,,
val/ACBE5.jpg,raspberry_pi_sbc,val,1152979,5a9f7fb7f996526613597d28978a2b360eeabe7c29ec7b7205d450dcee8c669d,8c074858619ad49eda42250821daad3850cdab1a1534beac899852abc25c67c2,e8c0850f973b933b,1540,2187,JPEG,RGB,True,,
val/ACCA5.jpg,raspberry_pi_sbc,val,1206687,0f0ece1c15fb65d69bd062c73c5570e7ece7301247dd220695b4606868401bf5,ccf826d3ae8bb0bd47d38eca30b2be338e3d30510d9e8457378e9c2a307ae13f,b9d9d19e8626c662,1431,2294,JPEG,RGB,True,,
val/ACCB5.jpg,raspberry_pi_sbc,val,1557572,8413f01eaf652c484e3e85e376b6c8bb2f83a93f6058cdeb0bc8821f52f82aef,f7c6151ccc0fa34734cee4879bc071bf6ce542e07eaf5c344366e3f56261bc5f,ab99918f8666c666,1567,2511,JPEG,RGB,True,,
val/ACCC5.jpg,raspberry_pi_sbc,val,1822594,186878a07e3141c7bc2c6d2e97e410f592f4036f67edb2d63f46cd34c75db9b0,c5b7584a9d39a6e07b3ae9f080b01091d2156b443224f120436e458526103dda,be909486c56fc16d,1612,2582,JPEG,RGB,True,,
val/ACCD5.jpg,raspberry_pi_sbc,val,1664476,9fb5dbc8ae4a66e38064b1f0cd6a0906adbf8c600b083ea27c82367a7a5fd795,5965c6398598b09c838296648659c55651e973283e18b75eede40f7249fc3466,eec484c6c473c36b,1650,2559,JPEG,RGB,True,,
val/ACCE5.jpg,raspberry_pi_sbc,val,1212416,a09b2eb0d69060a49cccb56ac085a365bb2f7a55b05d728dd1e1dd7dc5bf54cc,536c31959c678a3cd43e81dae3b066e68effc6951e4a7c77b1ec7af25458e30c,ae84c4c6c07bd36b,1574,2168,JPEG,RGB,True,,
val/ACDA5.jpg,raspberry_pi_sbc,val,1152134,c8af635f6d5fb993a133f5ced32d408c77be52305dbf73ab2477303b6233e5d3,0947357c4a13f7236e6ac5bc0d5497cf15e387bee111c6ff1e9ad982f7ab0490,bec294e5c169c339,1541,2160,JPEG,RGB,True,,
val/ACDB5.jpg,raspberry_pi_sbc,val,1568559,748f31db99bc7a520d5f54749715a57eb10720f76d9967238a81250e1026c35e,81307494a7185c7f2d2566c6ee78d894d7e72388b4a787ee43e2773c453b9357,bac794c4c169c769,1620,2482,JPEG,RGB,True,,
val/ACDC5.jpg,raspberry_pi_sbc,val,1721986,963979c46f416eca82dde440c96f8ebca8746762e8d71199eafbeb026edf0339,ca442990b2ca536575273eec030566f5fa1a8e5570702735abce711bc0420c9d,afe4948dc04bc367,1566,2494,JPEG,RGB,True,,
val/ACDD5.jpg,raspberry_pi_sbc,val,1547747,cac7d50cc91d95c530b65e295bf5a36529842badc31223d3fc40fd596abf2887,72bb2fdee5df08aa19fbab9d127166056481c3ab97c0db427e736a64d9ae050b,bf94941ac26bc16d,1615,2451,JPEG,RGB,True,,
val/ACDE5.jpg,raspberry_pi_sbc,val,1212014,f2287929a917449d4db443886ec183d3c557c4a89c1bf7d73f08d7907c3ec18c,1d317d111124f83b37d910129dbe802e67304b6cd9547f58073a313de61c3271,bc94d2dac369c361,1604,2077,JPEG,RGB,True,,
val/ACEA5.jpg,raspberry_pi_sbc,val,876185,15b1092dc68a9b04a0a57f1c7983eda61d650f830b68accdde54d2b6f58fc26d,50cb7811c1c90a23d31588640237f6bc2e67b413c81d088cb15ea79836ccb741,bcc296e5c369c938,1398,2047,JPEG,RGB,True,,
val/ACEB5.jpg,raspberry_pi_sbc,val,1215539,fce34eea84efda6dc80f80d32a0ee10b19881c8ff206b6c1ab1b923c5e20f28c,40d66e2b868bce0ef313bfe2ea803aaa192c1c3ed7f2ff23a97967ff1b39df03,ba9694e0c369cb69,1470,2305,JPEG,RGB,True,,
val/ACEC5.jpg,raspberry_pi_sbc,val,1203501,ce7eac1cfd84ebca4663b5f62e2784677463c55cafca6df6b35e7b07c29470ba,fa660e4ff407c7f0c0a9ea3200528c820e8acde3e31ae1fe335fdc035ce2bc2b,be9694c2c349c96d,1467,2309,JPEG,RGB,True,,
val/ACED5.jpg,raspberry_pi_sbc,val,975505,28652d6581ef72b2517ccca20da31058a8abf45bd9d8e9004cd5975d62990e8f,5883cb9766f23908d9f1c3ed1891bc3f16d07f4bf35c44c1447e1ef84c7fcc46,bc9496cac26bc363,1429,2193,JPEG,RGB,True,,
val/ACEE5.jpg,raspberry_pi_sbc,val,940562,b5dbea72b4bc45bd8bf804da978cb8a293ecac2b885df6dc81bd5e76079b9f66,bbfc97209c01d4a107d6a0178ddd4aab5c4ab756028024c99c129d3b38720a7b,bc94d25ac369c363,1428,1998,JPEG,RGB,True,,
val/ADAA5.jpg,raspberry_pi_sbc,val,991525,fc460ed57dd6ba9e7a046a979433abad0e4f9257a4947768940eb7cc0d0a6ed4,ec84f7826af9a7bf185f670709cffef3db4c66d7a393e6c770d87ae0fef27d5f,b8f9c334cc649cc6,1557,2002,JPEG,RGB,True,,
val/ADAB5.jpg,raspberry_pi_sbc,val,1427113,f6e6906150ae37f3420f736bd067e808f6f559bd8713ce84f9124934801a9d18,39a3374441844cb62475900979b32e29ecdf1caef5acf70ed11aa22f16409d50,bd69c31784349ec6,1669,2280,JPEG,RGB,True,,
val/ADAC5.jpg,raspberry_pi_sbc,val,1472118,c73cdf08bdcc90acc0c3c69c1bb9522c9ca94c85e836ae6e3d3d14acb99c220b,aff58b17aa82b84470e48c8669c85cd1d9d7663cc2fe4a1beffa266bad75ae09,b9d3931fc03ccc64,1725,2298,JPEG,RGB,True,,
val/ADAD5.jpg,raspberry_pi_sbc,val,1520523,e5bf2c0350bd96c39f321cb0a5cf9450e262949db6bcf71c858f741b16fe260b,3bcf96251f8a941414cbcac768b03fae7d70114c47b9368c49974b8d1bb3c01f,ecc3969c903dcd38,1901,2257,JPEG,RGB,True,,
val/ADAE5.jpg,raspberry_pi_sbc,val,1254522,f1b8d815570bc11657a158cc0186128783f0e8bf9dada479e9bf91a3f22d8dfd,7a27dee7db2f60aba87fb0baf586b5cdff0cb0180e2272d256e2140a05385c8c,e9c3971cd03ccc36,1760,2053,JPEG,RGB,True,,
val/ADBA5.jpg,raspberry_pi_sbc,val,1300542,84b1f371fe805808c03e96b74b0d87d277d5a1c2a15e417b2ddb5f77e4b423d3,506dd9b425a9a8ed4f879e27aed105f48c9e3745e669552937cef936d2760687,bcd9d235cd248ec2,1739,2125,JPEG,RGB,True,,
val/ADBB5.jpg,raspberry_pi_sbc,val,1818938,35aa788f5c013333971ca7baba779aa0630c134e030fd4a085e6c2417f1b855e,0fcd4f8decb5105dea56986761e9658b0a92b011faf08ff71e9767e60c11b9fd,bd49d215c5348ee6,1918,2492,JPEG,RGB,True,,
val/ADBC5.jpg,raspberry_pi_sbc,val,1963932,910b2d8aaf7e85be71a1062066565bfdabfcffc0df32097270baf71ae2e2f1f5,2e97b9e84bccd18b5ebe83d592653b903e0e13ba3d04292c63771d9a28916e44,b8c2933fc03ccd6c,1963,2536,JPEG,RGB,True,,
val/ADBD5.jpg,raspberry_pi_sbc,val,1907299,71925ecc28395fee25aa5c3706a70b4ee46ef3441c831eafc0f75434c6d50ec0,a5825c63369dc65597f5eae94de6bfcd18f977e160802c77dc434c70b137f6cc,e9c3979d903c983c,2016,2527,JPEG,RGB,True,,
val/ADBE5.jpg,raspberry_pi_sbc,val,1299095,79abc78596139788302390d08d91a77de167671c20a311e9507f1cc2db13613a,937dd995f05323e57b6093b9958f7d9f92e450ba5a04525a5142de9948a68fac,e9c3971d903cd236,1807,2142,JPEG,RGB,True,,
val/ADCA5.jpg,raspberry_pi_sbc,val,1542482,5aa15c5ca88d45c94d1d1681bcd281ca9797fc45f92ebdd2c7c588d041b393a1,eb6111f91a981ee1adb1cefaef9a860c898069d07de6750ee7835e3b26700c50,b6c3d216c938cd69,1918,2337,JPEG,RGB,True,,
val/ADCB5.jpg,raspberry_pi_sbc,val,1988817,c27008493a436bbe86ebba7bfb2593d613c1b0f482f466e6950184d70b926993,632113db9908dbdf26f06648d0373eda9872922d23e19f21a8de1a8a3d04ee9f,bcc39317c03ccd6c,1978,2531,JPEG,RGB,True,,
val/ADCC5.jpg,raspberry_pi_sbc,val,2093188,4096cbb33fda204dee094f6a17d5e5c3e1c97550b0fbd98874e131546d5e3063,036870f734df0add32882d2ce93535e710cf19dcfb99c5b26733604645c3584b,b9c1979fc03cc81e,2079,2627,JPEG,RGB,True,,
val/ADCD5.jpg,raspberry_pi_sbc,val,1874533,b6c0b64a1fee80265722ef181ac71a9c44973c2d17e475f58273a2d1ee715065,8ab12ccaf6b04db8c0c0743e52151005771212c541f8b24801979441f397f917,e9c3979dd03ccc24,2021,2575,JPEG,RGB,True,,
val/ADCE5.jpg,raspberry_pi_sbc,val,1343026,405194110fa9ec3a58049b2334f93ad2351ffbc5557bb1e6ec50f26f1e4831ed,a5ad0d5c88998f491e06b3466ae5d82c8bf013f1f8aa8174b0dc06be55be5fec,e9c3871dc43c9e64,1817,2186,JPEG,RGB,True,,
val/ADDA5.jpg,raspberry_pi_sbc,val,1230226,a027a78771027fe56883432e93ec443df70c1479b290419e451f71c81fd7e0eb,e75a413c8c84095b3721639310dd187cc5fc7abe343a932857988e06ca10e8f0,bcc19215c91fc93e,1844,2082,JPEG,RGB,True,,
val/ADDB5.jpg,raspberry_pi_sbc,val,1956655,0f344b14ebbc9e3ba9abc30fc0a003ea82fc47115d3ad53721586b175c297fa0,3e0d8c5e06ff625c5defab411a6a401e46f85ca761492dd0b1fa5a0c18450097,bdc19635c93ac81e,2045,2500,JPEG,RGB,True,,
val/ADDC5.jpg,raspberry_pi_sbc,val,2046315,a4287191052d650be67210db83c26173c0406384c471e2ae15f123fb434e8198,e4c0e23bfb64bbbadf579e34ced183602f0973cf5264522063b55e71b2e9a421,e963979dd03c8c34,1981,2536,JPEG,RGB,True,,
val/ADDD5.jpg,raspberry_pi_sbc,val,1781068,7dd37cb6ee10d915800a2dc886eb00121b7987e8da144eef566e8d926ffb0325,336610690847907717938d905b39e6fb3fd4e1d032ebb9522af542761789cd1e,f9c3873dc238c86c,1936,2540,JPEG,RGB,True,,
val/ADDE5.jpg,raspberry_pi_sbc,val,1248774,c78648f6eb8c850af82ff4c70792c47837a8dc52216a60060c5caf54fa4f79c9,9b3f19888127d3317b2dfb69e9e4a687aa4eb05485d5fdad9f1cb7122693d59a,e9d1871fc62c8e64,1659,2158,JPEG,RGB,True,,
val/ADEA5.jpg,raspberry_pi_sbc,val,1144765,9694dd3465b28a83df745721afd1fd599cee82c7cb9a8fb43149dbc08e3be09e,b0d0c3303207e44b6a32cbd87ef94e763a484efd0cbc34828c0336617426748a,a5e39634c91ac8bb,1824,1922,JPEG,RGB,True,,
val/ADEB5.jpg,raspberry_pi_sbc,val,1349910,cc5bfc1b1c09658021b5e08bafbb435647358b63a08c6f2f4635d81807126eb8,5a8a05d492cba8982a6d948dca6b355fa22bc11d611b7f69ca089663b8d45907,bdc1973cc91aca1a,1798,2191,JPEG,RGB,True,,
val/ADEC5.jpg,raspberry_pi_sbc,val,1746312,2e885e74df5e3226f049c2b89428ed71724b71d96070153cfe90642f60d0142c,12f01914bd812cf75ac3c16180c74775255cf1691a5212badfec12a2dfa9db0e,edc3961cd81ad931,1860,2365,JPEG,RGB,True,,
val/ADED5.jpg,raspberry_pi_sbc,val,1477377,f5b71e4c09cf644d34bcab328cd09ab3c9c62e26d77b10f2af5754827809b314,41c56b3adec0fb85abb018e19f728b17c9a4d8e02a29e23cc770f23b831fa58a,e9c3963cc838d96c,1711,2302,JPEG,RGB,True,,
val/ADEE5.jpg,raspberry_pi_sbc,val,1139373,edb099fb5f0438fad52128bc297a8295026cd320ad5f2b0f6e6bad3d74b89c43,c647d1fd5cbf77c00d9949bf45f33ad7107b666fdbbc16619d2245f6a9358ac4,e9d3971cca649c64,1550,2085,JPEG,RGB,True,,
val/AEAA5.jpg,raspberry_pi_sbc,val,1108110,10d02628e135aa77eadc04bae3c3bd21d476425b6aec74d5cb451af74d361bfd,4f0d74b10a7700d5ff04b8e0f7e4617f243c433c12d99dd4360f57dbc22cbfb7,b2e3c33ccd589c83,1748,2009,JPEG,RGB,True,,
val/AEAB5.jpg,raspberry_pi_sbc,val,1521718,f12dd37cfdd4fd4517e3cbcc9f541297ac9edc41639407cfd35b829b5e679710,fd7ae3f57676b79bc90d4b9b54f90b5e4782e7e9ca6ce64e8f64259c4f624062,b2e3c3968d389cd1,1873,2292,JPEG,RGB,True,,
val/AEAC5.jpg,raspberry_pi_sbc,val,1840607,60669b8cebe8239d736d740853c395441d74dc0ff78822bb62129f2900636a99,fc43a7aceff1a63f70899f0e69c1f72518abefd109dddfaf652ecd5f95c0405c,b2c3921ec939cd69,1899,2355,JPEG,RGB,True,,
val/AEAD5.jpg,raspberry_pi_sbc,val,1673039,beda3e079b077a90a259a49cfb2c082f71aaa881e155308fed1276f0bcfdaba5,b5667d720f74617326263049e8acc4ada3645618a54b8baa7a77457e98d16602,e6c2929e99318b79,2092,2279,JPEG,RGB,True,,
val/AEAE5.jpg,raspberry_pi_sbc,val,1328592,4eea8756ed6cfdc6ce0abb2b8ad4ad971f6f6c956c4238f7f922cbea033f9b42,0618577951b425cb5a2c1960561b75d783dda87c68b4e72aeb64a9ea429a07c0,b6c2921ec131cf79,2040,2025,JPEG,RGB,True,,
val/AEBA5.jpg,raspberry_pi_sbc,val,1459097,478212ac18733735c69617a92e48d788c6378cc137b3512a348e9996498ea028,828c9949d18c30d174014ff72d537f87a5987b9074caf8f6fb4af93618f91a3a,b2e1d336cd788cc2,1968,2156,JPEG,RGB,True,,
val/AEBB5.jpg,raspberry_pi_sbc,val,1771309,56772feb5a3342230846e955c5754967d0b2bd7adfb74d65698771115061d114,da9d99306066a8846122b26c6c4fc586d9ec8c85d63e5892e7dbf0a719ce3eb5,b369d316cd388cd1,2206,2528,JPEG,RGB,True,,
val/AEBC5.jpg,raspberry_pi_sbc,val,2182369,28a57b01fe2c26f155f13cad37737c81f5e41ee6cee4ed98ba5429ca8e18f54c,c58831e7a971322654d2cfcb4706ef7107f3954ba67fa404187a36c47612babe,b6c2923ec939c978,2159,2578,JPEG,RGB,True,,
val/AEBD5.jpg,raspberry_pi_sbc,val,2211165,6d535bb3f84b53d345352bec9032343185414702046239c546d418d042580471,f14327ad5e791ba248e82644c531622fedb8b65aaa8bc6d51910f72603b80a45,eecb969cd8318970,2272,2575,JPEG,RGB,True,,
val/AEBE5.jpg,raspberry_pi_sbc,val,1549949,96cd864ab71d819ce2ee47d588fd1e9279839814f1995936e747eaf4994b2230,83fbc06e1f462939a44807dc3a8b664d60c26a9ffdfb48e1f435be87395a3f82,eec3961cd831cd70,2091,2179,JPEG,RGB,True,,
val/AECA5.jpg,raspberry_pi_sbc,val,1668275,1e6bc2b00ba015feb3e27569d4cb43a030ba7542370ee16debb68eeb7515b92e,40d2dec965330e39318ada5175e68fd96cae13946cb9cc16568a7ba773df2eb8,b6c6c21ec9398bd1,2103,2325,JPEG,RGB,True,,
val/AECB5.jpg,raspberry_pi_sbc,val,2341301,c183863194e0e2f62fb9a474bfec3a57b31fbca0e886f55d941d12408826a115,c658dea70a37715c3805a9c195c1afd8f7a58f14da7cf22ab812e50c5754b00a,b6c2d216c939c979,2200,2579,JPEG,RGB,True,,
val/AECC5.jpg,raspberry_pi_sbc,val,2412554,853a5f21dd0859ef64a1bee3ded3e6dbf793daffeda88775cf4d72f5227beaed,c12b69f54c3d82cc7c2e58aee349ed8eec29268d5a42dcfd36b47ed93e0998fb,a6c3961cc8399bd9,2391,2668,JPEG,RGB,True,,
val/AECD5.jpg,raspberry_pi_sbc,val,2204234,70f60fc19af9abda7d68f5a730bc0f2433d0336f932059f2c8340f0f823bcb42,e30bdea1a35c3d74fdacb55d3191a92905c235fe7b1ce1502a3360144d42ebaa,eacb963cc8318d71,2329,2608,JPEG,RGB,True,,
val/AECE5.jpg,raspberry_pi_sbc,val,1556359,8c7e9439d2087527df56d2b2045efde3a44833e60a64dc4de4efaee26cc0b537,12c112536aaae8f52a285ab1007f381c362b33fbe780efefeecfcd9d121fd1d0,ebc3963cd8309d64,2022,2239,JPEG,RGB,True,,
val/AEDA5.jpg,raspberry_pi_sbc,val,1568289,eaa648185ff38557671cf125b3b0eb62285cf650658f5b1122a804123bc482ff,08aeff574c914e4fb5fb531edeeb8ad595c7ee79f625abec552069520113454d,b5e1d31ec91a8cb1,2156,2165,JPEG,RGB,True,,
val/AEDB5.jpg,raspberry_pi_sbc,val,2176472,52ecb84b264c0d7a783c8d8d626ed200585defffd800868e9728bf0b686ef6bd,0872d783cd2a70b7c476a09cf5a20793c633e27200efc09ff7356dc69637d117,b7e1d23ec81a8cb1,2347,2564,JPEG,RGB,True,,
val/AEDC5.jpg,raspberry_pi_sbc,val,2146601,00ee118a3a09705e81341331742829babadcd591e79373263ee1751b025c0ca4,f7d713fa72ef1b8977213387fba926d6317643605804a2ca99591a2f83ef5c0e,ee63961cc9308df1,2227,2575,JPEG,RGB,True,,
val/AEDD5.jpg,raspberry_pi_sbc,val,1999439,2d85630f7808228092e2949ce4d00a4365fe4813d1dceedfab491d995eba9b52,2e5abc20dfe75117930a21fe666f3b5c462652afa26af3e69d0a201e71a93fc2,e6c3963cc83ac971,2136,2540,JPEG,RGB,True,,
val/AEDE5.jpg,raspberry_pi_sbc,val,1376356,c60821b44f3bb4843c0688f87e24b6913368caf04d19c36019671ba79077bee9,4b20e914382694d34d8bef65e259305d182a1382c98af1b4a94f0b43e0737982,e6c3963cd8709963,1961,2161,JPEG,RGB,True,,
val/AEEA5.jpg,raspberry_pi_sbc,val,1300993,15b8cbc077cb12db975da777a899376e05178049374415c9c55421fbed64f532,ce6c3285a4c7bedac893c4fc21d069eb74dcaa4ce3d6360b7bd632b155e1abed,a5c5923ec91b96b1,2103,1977,JPEG,RGB,True,,
val/AEEB5.jpg,raspberry_pi_sbc,val,1722078,7d841044753c436838b50578d053d53f134525fadde42db218e2564790f1b168,e0093873410f959a069a7cae7cb86c849d9cea71a3026c99c2705d765a568157,b5c1963ec81b9ab1,2127,2272,JPEG,RGB,True,,
val/AEEC5.jpg,raspberry_pi_sbc,val,1769924,41c211811d32425683e5c844c9e72996ef807898953fe306c670661df2001a13,d4a5d289713290f063dc6abedbfedd08288268aebf994f67b3df404a248ccd67,e5c1961ec81a9fb1,2054,2383,JPEG,RGB,True,,
val/AEED5.jpg,raspberry_pi_sbc,val,1501586,8b41ddcc37caec013ce9e625b2fb8298e5f4ddb9e5736bc0f7da81eb8860772c,b81440a6bbe50fb7b537a931a6df815f119a8ec061b36f8f6fbfa46b39878bbd,e4c1963cc9338bf1,1994,2284,JPEG,RGB,True,,
val/AEEE5.jpg,raspberry_pi_sbc,val,1135412,3bdd7d49124a28f32b9e55b0f798e6238781bbde8d4d129415a1c7983c627429,0e6c38674369dd062d037db6ae88d47ebb2d88dcb4d8b70ae4dbf0828bb1da3a,e4c3963cc87199e3,1762,2056,JPEG,RGB,True,,
val/HAAA5.jpg,raspberry_pi_sbc,val,1112385,934b832453e92663d21f092c55bce6777bd59bac54687ede628ce4b232cb5782,533474606af8726b01f70dd433a7f9b9b75b4b1ab5158e1f104166421b636e31,e59c9263914e9f8c,2020,1629,JPEG,RGB,True,,
val/HAAB5.jpg,raspberry_pi_sbc,val,1405177,ef3dba47089096ccb425401d0dad19a05e4278f91bb18ff90e76a5c84f0f175d,3af41ff48a7c333c393a2180e8ee3580a90b2a22a3a53a336f595c58b0452d18,e49c966391679b8c,2105,1989,JPEG,RGB,True,,
val/HAAC5.jpg,raspberry_pi_sbc,val,1234009,261f4cf7b0de3850aeaf215744e4a27e6d958d5e1e1cd077a7f9319ed0bceb0d,4b012f1f5d1c19017667a1e68d75061e00f1a27922b2decf902800ddad9eb32b,f8ccc7339271e192,1871,2195,JPEG,RGB,True,,
val/HAAD5.jpg,raspberry_pi_sbc,val,1571503,3a8c66734596e952dcf805e7e7336f8f53080d0bf56690370d50d31822526c57,ebb4d41deeae7dd7c0e0d1bc8293bc6ee7744c92c0efe80c3fc5c61bff84ef2c,e09c874b9a336b36,1944,2181,JPEG,RGB,True,,
val/HAAE5.jpg,raspberry_pi_sbc,val,1314207,85e5d6e7568b64cbed4629e1e2ac0ee5dd0675b115cc462add86bcd7431f927b,ece09580bf2e930042c21917b64b1f5201ee324982faae62398eb69161c965eb,e01c976b98375966,1840,1976,JPEG,RGB,True,,
val/HABA5.jpg,raspberry_pi_sbc,val,1216281,4112ad912f470d150030135b595ee03a695f97108a7161db2a8fa96846ae0dfb,ecc3b4e5e4e0ee7d28340cd3dbed8d6d0b230bf8d3041cac2809fb5ea3fc0fb8,e99c9662944b9d9c,2100,1798,JPEG,RGB,True,,
val/HABB5.jpg,raspberry_pi_sbc,val,1815702,25daf85192d29e704d038f881bf10a10ae8b8b545144c14c597a6412e795a63d,f9c52f2108de68ac8af9f3b9d133467c10714499f2d69d1bc8bbe4647cddd28d,e19c8762b663c396,2226,2192,JPEG,RGB,True,,
val/HABC5.jpg,raspberry_pi_sbc,val,1935616,e4075cdeda44b2171bb8650baadeb90d2ac64129dba64ab4ad0a6d3526cbfcff,ccfa3039dc9853681f8763d292116b13c6454389d58c2a82e7ef3934a3112723,e084976b9c39c9e6,2153,2319,JPEG,RGB,True,,
val/HABD5.jpg,raspberry_pi_sbc,val,1987617,217b24e299b4114e96ca6e1e108e9687eba5dc2b0d4b6d84eb04a26ed03ebbd0,eeaac755be31cb28d3bf79b5fd6970de607ade4aba1aa5499ea036e46c8ea41e,e13697c1cc4d9c36,2223,2425,JPEG,RGB,True,,
val/HABE5.jpg,raspberry_pi_sbc,val,1438124,30bb1936da522e7b2fba7b8d4121ed9d842617136fee39b72b84307fde97fb7d,3d68a6f10ed7e1732873f33c18afeb456b7c39f81f62d8ca2017d10a5a5fa3c6,b13e93c1cc8d4d36,2034,2105,JPEG,RGB,True,,
val/HACA5.jpg,raspberry_pi_sbc,val,1831948,1e2728befba50e3cfe128be95a7e5ea304e5d7bc8e401ca162735b636db89751,a774c66f7d3baa9570733dab4df69be2c967fcaa990888885e015bd0c6f3487a,e69c8f7998614d86,2177,2304,JPEG,RGB,True,,
val/HACB5.jpg,raspberry_pi_sbc,val,1751794,c277eefe03824a26a611b244bc44a419010f63717bfc3a5bdf7a61f6bea7e3a8,eac4c045f5ff322dba4d56410b80d2792619cf85485a191d654e51f595ec09f3,e09c877b9663c986,2282,2388,JPEG,RGB,True,,
val/HACC5.jpg,raspberry_pi_sbc,val,2157773,55f4dd22f66d03ce63f5714080b3ed130101b5d600a02c97e9c5996b45ea3635,fe87ec859c48d2eb15068a381990330b2c0e83ccd2f4c840268766432569b1f7,b99ec36894674e26,2193,2419,JPEG,RGB,True,,
val/HACD5.jpg,raspberry_pi_sbc,val,2175174,ceada3f21927a0203504b3f1d5ecdd84ff172a6ecb50259d6da5c2d5215728b9,0caabb25ce0914c878425d20b160cf8216c51edd0c3a636862130caa1b051d8b,b99ec3e8cc658c26,2284,2464,JPEG,RGB,True,,
val/HACE5.jpg,raspberry_pi_sbc,val,1609773,256a459c49ad77270be00fe434f34db459599abf0f35412083b0ce51d18055d6,79da69a5be42103ec073da352ccadd34f1bc6b49e7e485ee5ce9d855dcaa50df,b81ec3e9cc654c36,2093,2098,JPEG,RGB,True,,
val/HADA5.jpg,raspberry_pi_sbc,val,1297790,d1c24bf571d4fb171c2c13662e92226ed65d2393a2afbffa45a364ccd1e30ab2,e10ba72c35581e99be3e42af8739dc2cfe0fbcd46848ab65041b20dec06ee03c,e9a4d6e09e1f19b0,1942,1969,JPEG,RGB,True,,
val/HADB5.jpg,raspberry_pi_sbc,val,1718544,ade34a6c450b4adae2c0a8b007870e8c946b76a8ae83a6731bb96bf3454113a6,86845ee9b473dc99c0507215a10d33b2e24bfb7ce38716c147bcd51c43fb0080,b99e97e0cc250d36,2089,2291,JPEG,RGB,True,,
val/HADC5.jpg,raspberry_pi_sbc,val,2015986,d1577ef3d2a42c535fa8874a88b83d4c4e9e8eaa0ba0e8cfa2d05684b2d7bfca,1a7318e765642a3c66660329178b8f6e19437f977c77d79a7abdd9f11b2c391a,b19cc36194674fa6,2192,2361,JPEG,RGB,True,,
val/HADD5.jpg,raspberry_pi_sbc,val,2027063,a577d4e08d7a537d932444990782a5b99107a1d0ef08588b6a39081b9c1d1dc6,c5b4eee95028742ea9ab26a9c8e4da1d5b44974222fddf986a4420e3aee10268,b19cc3499c376b26,2237,2330,JPEG,RGB,True,,
val/HADE5.jpg,raspberry_pi_sbc,val,1460597,a71a2b851914b910295ca45a91a97009b0525f393e59e7c4e703b0af85a96b82,ea78baaa5d7783af43144df3faa4065812d5fa4b312a2ffa862e2a47dc33c6e4,b09ec3c99c6f0b26,2036,1943,JPEG,RGB,True,,
val/HAEA5.jpg,raspberry_pi_sbc,val,1212309,e94bf0c66ce1de9ae3cd894a5c1ce313b290985e8f866be458570b7d19af7176,9c725dde95327af03b51de4e017d351519f53afe18bc5865699ee5c80b2ede35,e39e9263cc275998,1831,1919,JPEG,RGB,True,,
val/HAEB5.jpg,raspberry_pi_sbc,val,1360998,48faadad7652174cb85ba0ee5cb5fd0d21f81b4ad75dc28f4e76affb3d0e8036,f4d74e625f6d83188fa0318e00a239e57fdabc58485b5f675cc98f9256b448fe,e19e9360cc674d9c,1872,2129,JPEG,RGB,True,,
val/HAEC5.jpg,raspberry_pi_sbc,val,1587917,77cd7ac5bb0d437f50cfb7f378123b4bbf805631fa0c71a74f6f9cab2589b73f,6381961d9612035e1ee5aecb5857b53932147aea5552cd13c2c79ddd5ec6de7a,ad9e93612467ce94,2036,2306,JPEG,RGB,True,,
val/HAED5.jpg,raspberry_pi_sbc,val,1497945,5d8eceb901299976544c9b6c22f5021584e2719450f8eefc8de195c857e226ca,bf7d7217b003b23bd40684b57ba4a241f93a256619511060c1d8c835082d44cb,b230c7cbcc865b3c,2065,2089,JPEG,RGB,True,,
val/HAEE5.jpg,raspberry_pi_sbc,val,1238000,e3368f28efef6277303947cac4863b07a051574212e323179dae68039fa217bb,6f0bb1b0f20235701382cdf38a857975402b853e458b410592db6ebab4f5c590,b114c3699c6f9b26,1891,1807,JPEG,RGB,True,,
val/HBAA5.jpg,raspberry_pi_sbc,val,888025,58efa6aee07c31e20af568636d516ac6feff8792964315012a9c7c7b6ed2eed1,a8f3eea166c2e175214cfe277dd6963020e473d9bf3bb43dcdd94a85efe82bf8,e99c9663d04993cb,1767,1574,JPEG,RGB,True,,
val/HBAB5.jpg,raspberry_pi_sbc,val,1314263,4128f7fa5de6ca230bf64d7935ebd93471c494953a88afb3aa885dfaf2b5dc87,8c32ee8d7c9a7018faee083004bed27dc5199507c424e4a7393aefdb151b1d0b,e99c8662c663961f,1857,1907,JPEG,RGB,True,,
val/HBAC5.jpg,raspberry_pi_sbc,val,1280498,a438e15756d223e09cf82c708a6c41264f4282bcb62980b987652194122d7d4f,60b534e8cc07de84155e99f68d57556e48c484c447d10bc96a144aa7c0d94be6,f9cdcd323661a2c2,1842,2132,JPEG,RGB,True,,
val/HBAD5.jpg,raspberry_pi_sbc,val,1391370,3d2428fbcce31473adf21cfb67f6bc15b995810eaeb957892893c99d829aa306,bbb5da0efb3ec8f731f331a8e145ede3054edbb5f0dbe9da5d32d3cf6d86a44a,e98d876296616e36,1790,2151,JPEG,RGB,True,,
val/HBAE5.jpg,raspberry_pi_sbc,val,1199124,57bbfb0e6c2f1d410362b01f791e0eb11b5bfa032f18a2d9da297ee3c414fbb3,e124b82631cbc067ad0321d694e0d95618dc7560cfa54b2eb7bf755049ae8ad7,f90c876a96316d36,1650,1973,JPEG,RGB,True,,
val/HBBA5.jpg,raspberry_pi_sbc,val,1086432,2b58853fc63390be3a499a4334b379eee9200433d947a6f3a11f7c2862fcda79,c269546e4eb4dca229390597d967043680b826f16fc94bab28c4687d4d8e4146,e99d8760c4e992cb,1846,1684,JPEG,RGB,True,,
val/HBBB5.jpg,raspberry_pi_sbc,val,1678116,c44946cc5140f780b1dce44ee664c9e05878b1e01913b60f55e9990553edd37a,db0f74f39cfce351d1021146c2ed43f6cbcca48564653ee209e220b5520ec862,f99d8364a6699692,2015,2096,JPEG,RGB,True,,
val/HBBC5.jpg,raspberry_pi_sbc,val,1795704,8890661a1ea83237b0aa51a6df0bbd853355c3b075a34935deb3ff29e644535f,63b0b5f5968cb00d2f154a1bc845893438fce741fe642abafb12cf61d4d71ff2,e887836a9e3993e2,1983,2247,JPEG,RGB,True,,
val/HBBD5.jpg,raspberry_pi_sbc,val,1833475,d92f9cdd54affa46d070029e0275b24bdbbdf2008f72b4fdc44cc09162f70262,f5e1dfae8004a75a7c1353f88ca7eb3812f10364215de6c2f9b938c423ba1dc6,e82697c8c2c99f36,2016,2359,JPEG,RGB,True,,
val/HBBE5.jpg,raspberry_pi_sbc,val,1269932,8050d8a3a809aed66f97cd771aced95b4421c711e551bb1a942c668b0e6f729c,1771f3daed1a5c2d0bae2c1e7c8c989258f7d932ec752666c99a03f14e36bc0f,bc2692c8c3d98d37,1829,2058,JPEG,RGB,True,,
val/HBCA5.jpg,raspberry_pi_sbc,val,1739774,5f4f4e7dab551d342b3eeddf5fbb7ae2766baccde453db1a9faf26a9e64ab198,a1c1c0a9fb5f7edad543aabc643900d3501452cd43a5e48c12533bb89256839c,e08cc7729263c79e,1954,2251,JPEG,RGB,True,,
val/HBCB5.jpg,raspberry_pi_sbc,val,1942533,98b170091f4b38bc3bc24de599b3da94a5e7759acd541608bf64b6e7bde8c9e6,d74157cb2c41825f7ebac135a0976e8e1cd07d1877c2f2e86eab57da04f60895,e88dc37a9669c2c6,2055,2351,JPEG,RGB,True,,
val/HBCC5.jpg,raspberry_pi_sbc,val,2064619,f8a29c8d8fe8c52347a08d5b832afa326179c9f56256b356072b0bd3bf9f566a,427d9788bcfb92f83bb74ba83d920184dc00dc7676067e33982f73789c81f18a,b89fc3688469cf26,2015,2341,JPEG,RGB,True,,
val/HBCD5.jpg,raspberry_pi_sbc,val,1842124,3896dad32088a73b8749f6752014d1301017a37b17e72b2ee048b23fcd167f00,8bd190de0acb788c169ac43c3e7dd5748c1a196db44b2d21d898458037f961f3,bc1793c8c2e98d36,2044,2387,JPEG,RGB,True,,
val/HBCE5.jpg,raspberry_pi_sbc,val,1365621,e3cd25f17faeaf93fe9af02e74c11673bd918afe267234633192b431037112e4,76529c4ef377fa3edbb8db7ec4a7453acf536aeb43d0d32842e332ad708310f3,bc17c348c669cd36,1898,2029,JPEG,RGB,True,,
val/HBDA5.jpg,raspberry_pi_sbc,val,1223165,e621808e7a90d726769f4deb26d039168ecda5e21ae4dd7e055010d2e3d7c695,fbb71ffdf09f48aa2a5b2da3f292a56bddac5f7fba50c5e0b13b41160d3eeb3e,e80f87e8ceb18f12,1778,1930,JPEG,RGB,True,,
val/HBDB5.jpg,raspberry_pi_sbc,val,1573232,66d5b182e1613a62692370d3cb9498761964fa6e130b0d3f077e2109cc2981a5,12e6551334356b1ff6de8dae3892ba923e28d8328f8d19c3fa48e026106d63d8,b8969368cc69cd36,1893,2219,JPEG,RGB,True,,
val/HBDC5.jpg,raspberry_pi_sbc,val,1864862,dea8e9e8f24867da4682431833dda956982f1562a08f347c394c6870b9658d15,24f82e61b30c70d7a011654d5e4fe8f9884afbceaa94959d31b02a70cdde51a7,b99ec3608469cfa6,2047,2312,JPEG,RGB,True,,
val/HBDD5.jpg,raspberry_pi_sbc,val,1513703,01688a723d6f5b255950ddd087610713a9143855e561197553b497447331e90c,d9b5329a986521933bb920b29f01e2127b9b021a51a29b335873ab59172c3981,b997c3e894692c36,2000,2243,JPEG,RGB,True,,
val/HBDE5.jpg,raspberry_pi_sbc,val,1159827,8baaf358981b33887a59d8de1c91d6c2bc00cde586fd2e8c62e06697b4641d14,1e27cf2155ab70edc90c98c8cec9b7ca7e9927b9a337e7ae3f01a3b6619160a6,bc97c3c8c4698676,1807,1870,JPEG,RGB,True,,
val/HBEA5.jpg,raspberry_pi_sbc,val,1070246,a8c5e07d4abe6ccc84cdced139601314c150f728d41f4c7c6587d19aadf1244f,1cca1d8128db3de729a4524654c505691833829180db48a8ce8590431be7ce29,e98e9360cc8fcb92,1651,1890,JPEG,RGB,True,,
val/HBEB5.jpg,raspberry_pi_sbc,val,1363693,6f5786d8063b705590ba0e8e8f0279d23b845b58cbf1be99399c51e8de1daadc,a7953c47428f8d18ff2411b43203b1aa84275930b2e7609c082f803e93d954c6,a9969260cc69cf97,1716,2089,JPEG,RGB,True,,
val/HBEC5.jpg,raspberry_pi_sbc,val,1363661,9927e97595960d22876b2449f9b682ba9cb05d2017a77ebf5a3aa823716c5a4f,60f9d942b21ea65f46927063343e544a71550f7aa5f2068dea6e50fc06161bb3,bc9e93616469ce86,1820,2181,JPEG,RGB,True,,
val/HBED5.jpg,raspberry_pi_sbc,val,1450579,4296ffc40679e66c771a5d0e561cabd9b87818118eed92f77b7a7fe61278df99,909219dad0f76f64457e4264f9762bc12bc55c4be471c533180363cad1e0af6a,e13493c9cccbcd86,1817,2038,JPEG,RGB,True,,
val/HBEE5.jpg,raspberry_pi_sbc,val,977337,dc364c738377cdca2235ecc73ebe2f57b893ac9f6b1034a29dde639aaf6a4d2f,e81bc369541bd26d2f37aba865aaac27c580ee80d77cbea797122f5d786fbdfe,bc96c3e9c4699662,1701,1772,JPEG,RGB,True,,
val/HCAA5.jpg,raspberry_pi_sbc,val,830516,ed035f29b510f8cd220cf54b647cac1032cd5371c901d20020e6a44e5ecde2b2,88cc9a0b9c879740b61819d22df9d5e98f3511d3827155fb4eae643d22f50570,e99e876096c992cb,1547,1705,JPEG,RGB,True,,
val/HCAB5.jpg,raspberry_pi_sbc,val,1030444,aace3cf42921453000798e92ad1f4441a2eb54c48a06c103d4bc332f52668ef5,3b5d98826d3b925a706c0306d79eaf9364aa4c5f20f1fb9fa62f1a8c70a43dcc,f81b9764c465d2c3,1553,1911,JPEG,RGB,True,,
val/HCAC5.jpg,raspberry_pi_sbc,val,1224906,e2bb39fc941c75dacabab2202d3062f791e9637ab3da708bdbfe78889c130a95,c36ed1e2389c61b201fbfaf11750894a5adc36d7abb88cfdf0921eb33c3d6cbc,bacbc136362c3636,1611,1982,JPEG,RGB,True,,
val/HCAD5.jpg,raspberry_pi_sbc,val,1195464,f418f0cc6df9c25b7ddd33d4a9202fad4e7f1cfc0e8cd1317e45f54fac91d4fc,71a5b74bd73c3f9c3c711b5940f9d09deab45f12d684b1a76c1d4b4a86fe713b,f8c38396866ce536,1563,2048,JPEG,RGB,True,,
val/HCAE5.jpg,raspberry_pi_sbc,val,1039361,1f4e2155e21a6794790f349851211fba3c5b1a73214a7f4892ad4f46d4523321,defa3432b80cfc03cb8f0dc78b5982d35ae76d26406243908d40cbdfdd314616,b8c38736d22ce536,1456,1888,JPEG,RGB,True,,
val/HCBA5.jpg,raspberry_pi_sbc,val,1086896,59af9ec9eda42ab592770fe8417e3ead1ac3b4e9f509ebc080d39675cc305ec7,c9bdc9908898de30783b323d1456838b944d81fe7e606c0aa3f80d08688f9291,e89a853c97d992c3,1639,1772,JPEG,RGB,True,,
val/HCBB5.jpg,raspberry_pi_sbc,val,1464681,9c3c0027325ecaaf7ccd876dd927a9a0989c27751f398f7dfab577057b6b1af7,8b2d4166ba37daa5666c58382dfb0f31450a683ba653fadacd89d76b0480e643,ba1ac124cd6d92f3,1728,2068,JPEG,RGB,True,,
val/HCBC5.jpg,raspberry_pi_sbc,val,1199602,d26573d164e782a265805610b6404ad40014a9896373549c62a169575085b887,b64d0d2f8e099d41b2f8d5f8fedd9424b02be259b977b4a33d37b9160e838dc9,eac2c036973d9335,1677,2094,JPEG,RGB,True,,
val/HCBD5.jpg,raspberry_pi_sbc,val,1466711,79c5dfd1ab7690ed84ef8b4b906e1047165fc0d1edd6d847ac48a77acaafab30,6e1fc9dfe39c432dd387d90e910384aa5e2ba5296c04b208a1e2ce0aeb422ecc,efe18587c38cd226,1696,2197,JPEG,RGB,True,,
val/HCBE5.jpg,raspberry_pi_sbc,val,1063687,4e2f109e3ebf8f5cc701c16f19f46a993d93c3373af5a9c88241435500e0455c,f1fe2eeeab372141207a44ba4e3d4ea8cc0093be9abdce51d679e0ca9e1f352a,ec61850fd39c923e,1620,1916,JPEG,RGB,True,,
val/HCCA5.jpg,raspberry_pi_sbc,val,1275601,4e4f90d66134949e518866a35f703efc5a425774be38d4fcba48ea936eb2a699,722707eb2c6d5833074ba8e443bd1aff4d6d4c8e8aae8c67998760ad1407d4b7,b8cbc536256d92c9,1574,2160,JPEG,RGB,True,,
val/HCCB5.jpg,raspberry_pi_sbc,val,1700487,cf80d292123360265bd37bbef6266b1da7c8502238c6bf5f1daaf2f60b1e2eb4,4569cfc1298efc70931d325e7326f4e0136073f92e1317f76da9a0ec6fc38bc4,bec0c037ad2d93ca,1768,2320,JPEG,RGB,True,,
val/HCCC5.jpg,raspberry_pi_sbc,val,1710438,9abb8ee141d48241a4680e752c8711e867646b2611054ae4f8e0989c2c65f200,a7b02f2734082c408f9602ebc3c3b8c5c2348aa0bb3cfbfe4917405284bc8445,be96800fc369c367,1764,2160,JPEG,RGB,True,,
val/HCCD5.jpg,raspberry_pi_sbc,val,1524605,c96d980d2ed8a35ed2b6127c3dac8626c85ab89c73c2c03be8d935c73882d31d,652624889f3750bf08c4689febebbe2c25fff752991155910311d9d56027d984,bfb190cec28dd262,1730,2229,JPEG,RGB,True,,
val/HCCE5.jpg,raspberry_pi_sbc,val,1201011,9256dffe93c1e308cfe21279362b9c56193a083bc727276610eba69d62fbd366,305661688d5a3e8435b28ba4849fcb3752f2e905ecab1f19c434dcf6eab59195,bfb5d092c349c266,1628,1937,JPEG,RGB,True,,
val/HCDA5.jpg,raspberry_pi_sbc,val,988407,0bb62efe3310a9fc6f188e88792dadb9f33fa1277d24c9353938565f2851725b,f665af2caa6185e633011d608786d3328411976d578f8dd12ff9f81584d7bfb9,bdc3c06dc32cd296,1623,1788,JPEG,RGB,True,,
val/HCDB5.jpg,raspberry_pi_sbc,val,1404695,c69ac036b758c03a7a63cda7f954b17a1768a9781924139e73d3f19e7eb731c1,480d43d7833ee2de7d4261bb57a80e49775129588fa14957927996e8ee5f8c48,bd92906dcb69c2b4,1735,2084,JPEG,RGB,True,,
val/HCDC5.jpg,raspberry_pi_sbc,val,1613323,a6704da7abd15cb57fc777f2cae73539d2b74ea89a8bed92d3337b890e9c2add,ed943b5e4df1f1fad8a55d5b842cd6d3d209e35062343a0742b610be9a92b62e,bc97c32ccb68c3a4,1795,2187,JPEG,RGB,True,,
val/HCDD5.jpg,raspberry_pi_sbc,val,1360393,736b559918b5dbf87aad53dfb0f89f021bff18672bc6e2e737db384c005dafaa,9ca8f68de98f05441f8d10428dd18259dbd7ca97679e7c893ce1b40422c21562,bf97c28ec1697034,1725,2167,JPEG,RGB,True,,
val/HCDE5.jpg,raspberry_pi_sbc,val,1073317,eb528d393504467060d735e6380e194344b387612125e4158dedbd8110030901,ad8ee171ce7191aa4854deb7ad85f910fe67fc745ffbe87ef0d2ae6a6b7f86d7,bc92c28fc3699476,1582,1955,JPEG,RGB,True,,
val/HCEA5.jpg,raspberry_pi_sbc,val,952171,059403527b2701256735cf50538abc0d034f258d0d54ecda5b65143560883974,6ed647949e069e4d3ac6db1f51865c08e043883df723223347e7001e8e7df5bd,bccbd360c308cf96,1520,1800,JPEG,RGB,True,,
val/HCEB5.jpg,raspberry_pi_sbc,val,1101383,56c69e84fcfd5735f05cb9ea807a3fc60f612d76f236aa3406a58d8686b6459b,721b4dbf1e2d72e17b720d58345e6bf4044be32c20acc912a9e99ed1b02e0bba,bc879268c369cb96,1557,1977,JPEG,RGB,True,,
val/HCEC5.jpg,raspberry_pi_sbc,val,1284370,4ad9577d5836a748ac465b12c57640757517ce11c6d01ee186caaf737e4e8240,b7889e3f47dbcf829e943df6c9d41ff4733ace4a466a874b08e0497d01279280,bc96c3616369978c,1614,2115,JPEG,RGB,True,,
val/HCED5.jpg,raspberry_pi_sbc,val,950605,132ee0537f82e122eeecfc027bb8e55d54d1e5100a64d6be05b8f1a4309fc6d9,c0b5031e1751e9037ce58a6e6048a715f26c0fa32df74961b441c5c5a3ac0c05,bc97c3d8c3b89268,1504,1964,JPEG,RGB,True,,
val/HCEE5.jpg,raspberry_pi_sbc,val,1014407,4320469e3fe722d8228b6154bcfaed1a3ab8b4573423602ae4cc2da0764a46ac,6c775f67f68d32f6ce3c3b8b676b1550fca1f36be6f5f5a28eec6f08735f8505,bc96c358c3699663,1470,1902,JPEG,RGB,True,,
val/HDAA5.jpg,raspberry_pi_sbc,val,973607,88790005f35a2d0e07a5971562c965054e6d62a85663b2eb57b931058520a351,eec5a61e947990702551f491e0c32c5f0b1aba6ace2bb3e2933329578e067d08,b898c7359bc29a65,1573,1825,JPEG,RGB,True,,
val/HDAB5.jpg,raspberry_pi_sbc,val,1296711,a1ddc71c87fc973ad72802668e6c8fbfeab4769309b5759e3b2612dd7af87b74,f74f86e8df84be12b0296c72cd79a6ad210a1cfdd3d78487bd3230c67bedc426,b078c73dcdc29ac2,1736,2079,JPEG,RGB,True,,
val/HDAC5.jpg,raspberry_pi_sbc,val,1292894,8a55e3e8bccd9d911da1b73e61a47e9c77440bfa703e54753ba123527d3e7d0b,663da86f0644d1c68a3e026a18c635babd2adcbde9b8697e8ece7d0a09231b83,bacac63d6d241b32,1769,2097,JPEG,RGB,True,,
val/HDAD5.jpg,raspberry_pi_sbc,val,1497208,c52503010cdb0de5435f2ed4b91f41778d74206aef7e9d3a18976167135ae8cf,49d2366b9f64d897244012123d082e0742134d72bf3f7e90f7505cfd9aa98778,b2c2869dcd6ccb92,1868,2079,JPEG,RGB,True,,
val/HDAE5.jpg,raspberry_pi_sbc,val,1077827,00c135c70fe6376c08b9ff2dc8e2448203e933641f0bf52543f6419e685e48d1,22ff12b74b1ef02bb1bc18d6c47517c130ca42117af6e24f0ea6a40268f3694e,b8c3963cc92dc933,1697,1769,JPEG,RGB,True,,
val/HDBA5.jpg,raspberry_pi_sbc,val,1186648,a78c97d36b397171a8edbfc512ce69b0b8baa9ad9a823f3c16f0da0650ff6417,e633a9081a57993f8a05ace571a719bff2a85d1eec8852c12481020161307554,bcd9c23598d29a65,1793,1876,JPEG,RGB,True,,
val/HDBB5.jpg,raspberry_pi_sbc,val,1754140,28305b2ab9983a594f0a7dc23822b38ba654ec543ac282ae4178db12a439fc4f,f61e87c9ab2e83a18c851cf3405bf3a949ea01d2699e7bbedc9f30dc457a929d,bed8c035cdb49ae0,1937,2222,JPEG,RGB,True,,
val/HDBC5.jpg,raspberry_pi_sbc,val,1511472,952714f7c8f35dfc46c5c72deac6e9f14ad61d01cb1ccf8f1dae168093e8b97d,57b5f9e81719af5383609dfa209b8c01f3c77a2a3d2c30e84a17b38930843760,bcc9c73fc8341a70,1959,2283,JPEG,RGB,True,,
val/HDBD5.jpg,raspberry_pi_sbc,val,1840129,0108ce57034382b00e8fd02d5a41c17c955a2c68366f5986d2bd39171a15dd1b,4345244edf8d492c67ad5035e233b8ceb692a51646042a51c59a31cf26b1a52c,e8c1879f981c9b72,2052,2350,JPEG,RGB,True,,
val/HDBE5.jpg,raspberry_pi_sbc,val,1191882,185abc275516baf76e1a3cdbf42b60229e60375b107d9663e14597e47a01158f,4d55194b4fa7af7d7d89b308ee185cacf5356c9a0e18d93866a52a54c0c5d797,e8c3873c903cdb72,1851,1955,JPEG,RGB,True,,
val/HDCA5.jpg,raspberry_pi_sbc,val,1661231,23c5288cf70f6d85b27764bc5c1926384013b65af63bf9be2a7eba65b7a35674,37190b77ba53a8f7083afb6420195cc27204ea666bf5c9a1c802decccd30be00,bac2c63d6c329bd0,1875,2264,JPEG,RGB,True,,
val/HDCB5.jpg,raspberry_pi_sbc,val,2033565,5393bd85e0fb4da6b3634a20b450250a4816ad78e29974c098b56e75f43343a8,96bf62cb40eabf6e3f3a9323ee180d1d68e943ee32ad2b41287bcbf181c99683,bec8c63f6c309ab0,2094,2401,JPEG,RGB,True,,
val/HDCC5.jpg,raspberry_pi_sbc,val,2110904,a19eb189e39f0d9c7e2b4d21a3125da8ffd45d8786b29eba9bf129bc0c636202,5875927ff7dea868eedb6d0144c05cca4c35354a759c851bd6442e9566075742,bcc1c31fc8749d70,2110,2379,JPEG,RGB,True,,
val/HDCD5.jpg,raspberry_pi_sbc,val,1991045,e48f461e5826e06bcdd20fb52d19175b59385f90e4c84bbf3dddab70ce2ff1d5,5996bdf123fc40a0319dd5b6fe774c43561cf3eb31ed1f90960ee8bc79487c45,e8c3971f9894db60,2065,2419,JPEG,RGB,True,,
val/HDCE5.jpg,raspberry_pi_sbc,val,1304342,bcb1addf0533dd5046eccbf3515248b5b89f0e9be36339f33c8ad3cd08edce3d,4179c3c9e63aff07d9fcce866b49a99c8134736deddd55ea4f39ce0df9a06fe8,e853871f929cdb60,1818,2056,JPEG,RGB,True,,
val/HDDA5.jpg,raspberry_pi_sbc,val,1177532,13ff875805c6aac8bb1341259015dcb88a4a7a6272e1b877889559500374f055,c3a6cb01bff98f231ecd24de6d19828b4404cc1cbe9b23581fb1303681da777d,bcc9c33fc9969484,1922,1778,JPEG,RGB,True,,
val/HDDB5.jpg,raspberry_pi_sbc,val,1690929,f23fc68d4ff17af201e522148be303456c235d5a66650b78c38fdabed2fe31f1,288f8da17f5c81077b9d616c4fd5f1ad2ff69e2275a569829125ed20e267380e,b4c1c33ec93695b1,2083,2194,JPEG,RGB,True,,
val/HDDC5.jpg,raspberry_pi_sbc,val,1822193,e707af8572c0e08f0d3fe4476f353aaf761293bb6ebd79f81dec49739a270ba7,d66f8e2883b96a7978f42442ead28d1e384943b39292f880d3c3e7ccde62a751,b461c31fc92c96f1,2009,2294,JPEG,RGB,True,,
val/HDDD5.jpg,raspberry_pi_sbc,val,1911648,b2d2a5ac82534f0f889a832731b76683637ddd8ea33a1fdcb45aa15cafb5b412,32c2bb2ea1c6a50a5bfc0ec071c1ab64625ecbb19e17b461cb8a71086471cb9d,bcd1c31ec86c9731,2013,2363,JPEG,RGB,True,,
val/HDDE5.jpg,raspberry_pi_sbc,val,1237205,6090622466d8f69fc1edd5a499d692252b5358a70bc14cbdcc36157fbb08fcab,ff6c9ae8b90be963decef3fa2ec9cd30d589e4a34a8cc8cf5eb52540eea5162c,e8d3871eca689e64,1717,2045,JPEG,RGB,True,,
val/HDEA5.jpg,raspberry_pi_sbc,val,1103043,772b6b783dc53cc07abfb6b420e03082762f9ad91ea157a41906e98239f591fe,ef7156d73a76552953f28fdb54bdee7abff1c38ea4f86da05940bd45fffbfb79,b4c9c336c5369c9c,1849,1671,JPEG,RGB,True,,
val/HDEB5.jpg,raspberry_pi_sbc,val,1389895,4cb924c921116550f781d6c37ab248fe7d858cc01ac95850b14dae874f58f2bc,f762f474e9396d1b840ab823d0b97196679514b0a9c8a64e6b2d731814a514d7,bcc9c33ec1378296,1875,1925,JPEG,RGB,True,,
val/HDEC5.jpg,raspberry_pi_sbc,val,1302901,9dd7dd5d7264aefdb21d5421ff24d96075c75ce0474789bda8b565587a630b1d,1532bcc5f295480841680afd7d64563297e7198411ed199a70a2a11febdd1f6a,b4d9c33e49269794,1836,2174,JPEG,RGB,True,,
val/HDED5.jpg,raspberry_pi_sbc,val,1480037,020fb69c9e767beb91f5263f5d18fbbe71cb9b5aa0b83e4a298ba6bdff432f73,3c6586aee5016a7715e8fe8c4a67cf714e68129503d7e1fec2ead715dd03561b,b4c9c33fcc620f62,1810,2153,JPEG,RGB,True,,
val/HDEE5.jpg,raspberry_pi_sbc,val,1032070,f62a91e45beb83af67b8777f083727224542e101de424f12c68556d1d397a24f,59774cc5f98faba2fdb22255e9408f520e2b4aaa57b63aef4e2a89723c799dcc,bc50c31fcb6c1e61,1602,1985,JPEG,RGB,True,,
val/HEAA5.jpg,raspberry_pi_sbc,val,1088883,817d1c1a4dba9d2233b3a606117e6611bf602beb8bd1f99e8cf57b0302d071a3,28ac8ef917a1bd2515225ee629a933a81fc519f97ff26bddfeef0815d66482df,b2c8c7359ad2496d,1734,1867,JPEG,RGB,True,,
val/HEAB5.jpg,raspberry_pi_sbc,val,1312013,1933028adedeffafb951169f9d97c42083e0dfdbd4b95136002221fa9ca095e4,0100eb55a170c32b9592e6aa9a17d5103c8f5ad1e25513e49a026577549fb5d0,b262c33d8cd29a6d,1876,2108,JPEG,RGB,True,,
val/HEAC5.jpg,raspberry_pi_sbc,val,1150828,6f549203a468c7818e641d5e054ad0983f2204cff75c2a72bb042cfa134b11e9,30779f4c43c166082d562d60f5c8b65a7deb8f395eba40a6d6aedbb80dfefb1e,bacac62d6d601bb2,1875,2152,JPEG,RGB,True,,
val/HEAD5.jpg,raspberry_pi_sbc,val,1621813,c192f937dac9d8683191bb9252dd452008607d418fe44e8504215384e0dd18c6,aade46a353faf58497b7469671c9fa253c3b41e29192950838a8309101ffc364,b3e2c71dc9609b92,2064,2141,JPEG,RGB,True,,
val/HEAE5.jpg,raspberry_pi_sbc,val,1352293,57880746ae603c144022205d4ae3521cb42682fc0a432078c60dd4ead11a6b1a,b06145b48424e2398f333b6103e715fd56e0d8b578fc9d808da3041ea356f8c9,b3c2863cc9634ef2,1948,1877,JPEG,RGB,True,,
val/HEBA5.jpg,raspberry_pi_sbc,val,1197677,8819c08e4fe29c6625ded4bb052c6262d6760b15abadeb5986e223222c2ae234,79421624ca8f1c16c78c86885e88a4d421482538cae15e3fcea59c7f99251544,b2c8c3379ed2494d,1971,1923,JPEG,RGB,True,,
val/HEBB5.jpg,raspberry_pi_sbc,val,1679796,ea8a6dc68b9209707cc197c243903f2683cf78f7fc8a3a208ea99c6b7c7a1b90,efe0372460d36d62f8904b0fd005d6b3189699c0d3c6cd2ace94c8f57445cea4,b2c8c3378cf29969,2151,2275,JPEG,RGB,True,,
val/HEBC5.jpg,raspberry_pi_sbc,val,1575406,0b3e88b79761588c5addbe74243608e4a4789f072a37f219134ce7e73cb579f7,907fb95773659c5408c827ba56f3a934d3d0ed3ef4d7720f4bab76575ac3e60e,bec8863fc8701b71,2103,2342,JPEG,RGB,True,,
val/HEBD5.jpg,raspberry_pi_sbc,val,2009658,aa58684f6e36ac881c943db9b996309293d9b9e2ef286b5839b6f25b09a75ffe,5fd26ff66f6c43542f0832c2ed1314379fb2225a84806cb7a31fd98ac49e749a,e3c0969d98709b73,2305,2435,JPEG,RGB,True,,
val/HEBE5.jpg,raspberry_pi_sbc,val,1396324,b83f3cbcb871d3129be08854c470e32734773e3aebbfbb09fd9aecbefdf0c3d3,3ad079f065624b5db1952d27da74f166b31839cf1a8c593d906e1d90b75237a6,e2c3963cd8701f72,2076,2045,JPEG,RGB,True,,
val/HECA5.jpg,raspberry_pi_sbc,val,1666376,a7bb8b5a2ba0c904bff2ed251b3a2b7406f13ea75a9bfa2a8b1d6619fd180dc6,0efa1de16a48a85c1df3c93f1e95b659ff47c6f4847ebfc13a81d613c1299c82,bac6c53d6c329331,2024,2224,JPEG,RGB,True,,
val/HECB5.jpg,raspberry_pi_sbc,val,2160920,780b47d0f1b6a2b9e06b09a34ec35aad713f2ccf1090f7122b4751ef7374c9f0,be0c11fc437260dc4f79286adce078adbf982dbae1a18c110e9540e5fccffe5b,bac8c33d6c329371,2277,2485,JPEG,RGB,True,,
val/HECC5.jpg,raspberry_pi_sbc,val,2311194,aa86a9503559b149ad40c2ea40508319f6728cec9748f651667c49d8e506f71f,372bf007a827d1530acd17f7f11b70c1c55764eb5ad8b5c58edb3b42908faff3,b7c1c31ec8709d71,2296,2421,JPEG,RGB,True,,
val/HECD5.jpg,raspberry_pi_sbc,val,2082705,1f98915a25d4b50e9403b61cf3c739a63707e4beaedb8a6ee6343c39f93433d7,b6ef313a03186d47030416e70616905c02e4d6227211fd5269c19c9f21d80c3c,e743963d98d04973,2294,2471,JPEG,RGB,True,,
val/HECE5.jpg,raspberry_pi_sbc,val,1487135,b9f7c039e50f9b41cab6bca4b7454186eeb7cda6911880eb4b6514b7ed0739f6,1807784e9cc799be40c7b48cec56aff40919e078fbb10e3651f0d3169c6859bb,eb43963d98d05b62,2050,2138,JPEG,RGB,True,,
val/HEDA5.jpg,raspberry_pi_sbc,val,1225496,5e0170487859f35be11207013ee42bf9d89ca4420f9d5a4678f34e8511a6363f,0bfba48e67c667bd6883838c1ffed541cdee263e2b5ab9f9333da6728eea574f,b4c9c33eccb29b48,2100,1830,JPEG,RGB,True,,
val/HEDB5.jpg,raspberry_pi_sbc,val,1932810,7158f57a71534515cf43f4fdd135438b7a67e6cac4bf052ded89f851919d6c15,51dbc04e94e75e736cc462d729880d963917842878bc52b97d7eaba6ccaf5a3a,b5c1c33eccb09749,2321,2278,JPEG,RGB,True,,
val/HEDC5.jpg,raspberry_pi_sbc,val,1993387,95bc137cd9009efd9d7fa7b3afab92ad8f63825a7589400396e8ebcdfcc309e1,f7ded9a7d99822e2ec298387f4bae8e88c7f90146b89b8904cb9734f29e6d513,b561c31eccb09f61,2176,2360,JPEG,RGB,True,,
val/HEDD5.jpg,raspberry_pi_sbc,val,1785640,9a5086c266f5159472a1f5fbb8de398956a6386758d754e991bfc81dae630498,67688a6cf07ac58d2607e6819dda3aebaa92a14daed1e2eb74941340b70b4811,e6c1861ed8719d63,2093,2413,JPEG,RGB,True,,
val/HEDE5.jpg,raspberry_pi_sbc,val,1319411,28dabacb0b9032a10f3cf4903376299f453706bd68a676b85aa828c9f8eda657,8b21f4580407b49bb1125a9f5537a5215d7c1c59f433bdb029fb1baa7ee49bed,f461c71ed8601f63,1930,2089,JPEG,RGB,True,,
val/HEEA5.jpg,raspberry_pi_sbc,val,1242786,1f92e6921c9dab127e42e4a4fe12abd0d30ed17b88d6985d60e675701290f4bb,1fac021f94e45b56b4f2e2381caacba623e5e2270880c8c48dd2a61b89b4e047,b3c1c33ecc119ec9,2055,1735,JPEG,RGB,True,,
val/HEEB5.jpg,raspberry_pi_sbc,val,1489780,9854714e42115efce24cedd1e2b3de5c208f66a889c533c111ef57bb2c01ca28,b7b35a52f1d5b69a3630c7ac05a31615e418528b9aabc70226b166c4ffbe5d7f,b1c1c33ecc3496d9,2077,2007,JPEG,RGB,True,,
val/HEEC5.jpg,raspberry_pi_sbc,val,1518940,4e754c69920d8c913b221c41fd2acde4b237f43dcdbe5f4f6286d5047f0bda5a,afbf37c18d280b712e763b8475ef14eb352f8043fd173d9ccbed4f1c39d7cc44,b5c1c31e6c3496f1,1990,2200,JPEG,RGB,True,,
val/HEED5.jpg,raspberry_pi_sbc,val,1605777,9cb0e28d93db41388e24026393d53431746e3fab0368d633859fa46df21f7d0a,4c3a2fd9706062536d71a8ba0db47769c5abced9e7f4deddc9f14cab55943539,b7c1d31ecc700e63,1961,2151,JPEG,RGB,True,,
val/HEEE5.jpg,raspberry_pi_sbc,val,1345280,dd58da40e637fd83587c03e42217bd52aa0ffac88f31a29a6b604d9affef592d,fa74fc0128ef953b268fd99b457383e55bc62159d5d6bcceba118ebfa5921f14,b449c31ecd601f67,1804,2022,JPEG,RGB,True,,
val/IAAA5.jpg,raspberry_pi_sbc,val,878158,0746348ac18fe19c20bcb4f79d0999afc03a4fb0e4824826ae9ae1418d0d726d,b22d938fe242be73323f4bb7ea4a3e6b9c5ac83574ef56f71d26bb690c98b4b0,e9969661d88d0c9f,1773,1442,JPEG,RGB,True,,
val/IAAB5.jpg,raspberry_pi_sbc,val,1243603,6601c14e246f6f4d80e7f17adaf8c3dd2ff0ff9bb30f7cb2478fe53490ca9e57,590bedfa62fdaa4e52dc930a5f9a10b3cb75119a7fb7dddd2b411e7bad6cb880,e19e9669d9251c96,1903,1726,JPEG,RGB,True,,
val/IAAC5.jpg,raspberry_pi_sbc,val,1127366,f1919506b7f1ffbd29f50b35f58ecac74df1c546a8b97b0da9a8b233f799ebb5,594201d33751bf5231521075647ef685ad9b2af98bb0fa6e46e26df9b98a59e1,f98e8663d38d0e1c,1897,1824,JPEG,RGB,True,,
val/IAAD5.jpg,raspberry_pi_sbc,val,1172698,a91a4b864f49e54b12e7f925bb6d6a8f06019ab66ad8dfa54ef942f518f031a1,76801347be3fac6a43e051b99d6fc1e42d112f25f7a64bb327ad72510a19400c,e88e9762db9d0c19,1746,1794,JPEG,RGB,True,,
val/IAAE5.jpg,raspberry_pi_sbc,val,825707,8f483ec7780a161adc2c341fcb2585f8867d215a7981b149c209c14c383cc918,1d83524c06652bff4d11a907ebf77ebb734d35536dfdb25c2631dbb95d99726c,e84e9760db990c3b,1618,1623,JPEG,RGB,True,,
val/IABA5.jpg,raspberry_pi_sbc,val,1001872,f23c24321dc7f6a60e1f17879f4133ed4fc6f271a91ccada2adb2cd4b1c10faa,af7d13215669745939f8947ffcdf7fa29e002a8e4f8f16b9e4b11504c19936c1,e99e9660d89d4c93,1906,1610,JPEG,RGB,True,,
val/IABB5.jpg,raspberry_pi_sbc,val,1483014,7b514dd8a461ac17eb24a081852234dcbdc2fbad027d65fabc3fa71bff68077e,1e6a13bd7a240f3f77788440df65c54dd2d7cab5faadeeb963b497e3945dc567,e9869762da9d0c99,2048,1904,JPEG,RGB,True,,
val/IABC5.jpg,raspberry_pi_sbc,val,1072445,a75c01ff34489a454b4ac60a8c1b694fe53d20f6bb08b3641d3f8960135de223,c9d0959b3f986cce00cafacdcf9c291ba5279777cd347c0628801e77f1c608cf,ec879662938d4e1d,1967,1933,JPEG,RGB,True,,
val/IABD5.jpg,raspberry_pi_sbc,val,1515133,df409bbe1ca1845fd0140672c64b985f81df8db5de4447e9a1edceef56440eaf,1cb039f43325e91e08ea6c3fc6609c434eb8abb750139e2ae9ec73e4ba111796,ec069748da9d4e1b,1982,1963,JPEG,RGB,True,,
val/IABE5.jpg,raspberry_pi_sbc,val,1048623,298de4883fdd85fe2829d56e090ab8caf9b42f25d68fc3532678dd81e976f34e,73e3d3d9147c7c31f89b61334019254e251805d44338348e7e48d16092ee2873,ec0e97e0da910d3b,1823,1681,JPEG,RGB,True,,
val/IACA5.jpg,raspberry_pi_sbc,val,1373172,2ca20ac6b94137b10d3c255f08c731ea2ee5f439f6d25ed46b3ea7669e71b957,32138ef7470b52b250ed7065a2f465f7a9887091aec5ad56cb47a5b00afba150,e98e9363ca9d0cd2,1920,1843,JPEG,RGB,True,,
val/IACB5.jpg,raspberry_pi_sbc,val,1564011,4e31dd3a3a34209a26cb3b1517618828d8af7031bd2d327ce183067f8bbe3632,78a6ce9466c8192b0e5c55fbb9d6a7616e20bd50ca05d344e204108c37418c6a,e9269762d29d4c99,2045,1992,JPEG,RGB,True,,
val/IACC5.jpg,raspberry_pi_sbc,val,1626432,b3f8739feae4732b08822d4e804a4996cbeb8f223b10c904b86cc79d9d0d27ac,7b2baf7d02e56fe3cbeb6d1717852efa5b289717feec8626eb35f8b1caafbcd4,f98f8760929d4e19,2004,2003,JPEG,RGB,True,,
val/IACD5.jpg,raspberry_pi_sbc,val,1485920,2ba2bb86303299c908b3a82623e6395d199195f50c844a043750073a0c366242,e8f4fdea721c3a954921de477243ebcd02ee607ce1539b30b5a5aecea997b81c,ed069760dabd4c19,2052,1968,JPEG,RGB,True,,
val/IACE5.jpg,raspberry_pi_sbc,val,1048613,348a0a46cb08ef1fd4d1bd6c9d2579f1c11246e57696e65f6fd06dbe12ee4b59,41af479aa1032f0b1252e7dc402f73b243b079d9fc1343802ed0566da115f2d0,bd0e97e0cab14c1b,1887,1631,JPEG,RGB,True,,
val/IADA5.jpg,raspberry_pi_sbc,val,1017161,1ff43e2108db5619f6301b8f9ff1d67f340b1662b4d5e0644adff4267eaca24b,905c973b5b28f2a5b4013a673f14c0ec0564f4c01045cd8ed0672c25446b87c1,ec8e92e0db930c9b,1815,1766,JPEG,RGB,True,,
val/IADB5.jpg,raspberry_pi_sbc,val,1409040,06c2a9d3494251067955f0f98f4fef9b6f73095bcbe2f9c17505e4b389ca89c7,3989e8e54cdcf102a1c00a7e9d7aee59f156fda941dcd59aea86387256471961,ad869660da9d4d1b,1954,1980,JPEG,RGB,True,,
val/IADC5.jpg,raspberry_pi_sbc,val,1359709,14ead57c0e454693508a7db7d98a38fd7f2263cd4e747e421b73502cfc3b307f,4fec77eb25792d4e1142a79f74662cf76f8b3c5d60671a28919c3f516c13f406,b91e9762c29d4e19,2006,1943,JPEG,RGB,True,,
val/IADD5.jpg,raspberry_pi_sbc,val,1576414,9da65adcbf05becb934adf0bf32bc5d297f89d51dfd0092ea060d5bac6c86402,59abeb60da9944e95db63473ee4f4e3521ad4738bd75ee4592bb16f007027a17,e91e97c0ca9d4c1e,2063,1858,JPEG,RGB,True,,
val/IADE5.jpg,raspberry_pi_sbc,val,1052307,8dc5395143fe2bc1e2394065da3e136957c30284a65ea152856204e9f25296b3,b59c1989f44b39cfef8dc6a971e98017126a972e5f08f9a693c890ea9eae5af0,ed1e9748c2e1c837,1837,1506,JPEG,RGB,True,,
val/IAEA5.jpg,raspberry_pi_sbc,val,1011204,fad306d00f16702197d3413cfa685d11ae3fafaf14f1f1fc3db346ee1b8c340f,cc200d7861905564367970fb465b11295ff998583060110182a6330efb0039fb,edce92704a998dc9,1675,1706,JPEG,RGB,True,,
val/IAEB5.jpg,raspberry_pi_sbc,val,1288096,1a7ae6de637be7ecc55a362764de94e2b3e4b6f4d4bdf5699d2e4a65f812c87e,45f7d94b352c37e9b4d25bb953ba01a016df37ff14da5dc440a858d55cbea5ae,e98e92604a9d4ddb,1830,1855,JPEG,RGB,True,,
val/IAEC5.jpg,raspberry_pi_sbc,val,1134260,bdeec655fc390eee9649ba32b4b476c06e609164357ca1625892da24f59d69c5,4cd2b00b992c863456eff869877e24694e5f3e772ccf049e8c27abfe542438d3,b91e9762c29d4c1b,1821,1774,JPEG,RGB,True,,
val/IAED5.jpg,raspberry_pi_sbc,val,1231533,c95dc8f822605e59e2d86bdce7a2b6736a1a1a144b3c5ccd71d90bfdbf0926d7,325ffa15a35ecb560aa412ed164d334a20602f0538a30af21aea354a4a7218e2,e93c96c3c89d0c3e,1911,1704,JPEG,RGB,True,,
val/IAEE5.jpg,raspberry_pi_sbc,val,808150,c60116d42e9f6d352b5dd88883917a58919fdc1a7009f7ba75bbd4bb75f10c4b,4e18c14482adc61ca473b5cd5bbbe3a32aff85134c3a07b52acae67d179d76c3,e91e964bc9e54836,1724,1407,JPEG,RGB,True,,
val/IBAA5.jpg,raspberry_pi_sbc,val,669760,083d0d395193a3c862b2ea3857671a6b63b25114298512a574f9c84fdb90b013,37f5274c529126017dd0e60dd48dacfe709a8d6e737a21525c857baa05eb4d2a,e8bc966b93c1c998,1617,1361,JPEG,RGB,True,,
val/IBAB5.jpg,raspberry_pi_sbc,val,942701,503f370e220048d59c9bbc08589d84db814e882a3a6fb1125525a59966b84cfe,0df6ce319e1b68ca4b9c21e4099a1e1b80b254b55085c872e868a32ea7d2de69,e996966b9161d81d,1712,1607,JPEG,RGB,True,,
val/IBAC5.jpg,raspberry_pi_sbc,val,1118834,26f9f9cadcd1ccaa31e822d53ce719a056c9682f77b2deac6692187da76568c3,618a310bac72210823f39080496f459f99b14914eda438accd55ac6c4c54f636,f8978662d3cc4b1c,1725,1726,JPEG,RGB,True,,
val/IBAD5.jpg,raspberry_pi_sbc,val,1104031,43ad7511a0f456c26e2b158ea48119eca90e31b799a8d76a14c3c06766012e2b,4bb0d9fc5c49e4cac2bc0a12f3f85742ab0b683c05c112cc109f2df5330123b2,ec879662d39c4b1c,1667,1767,JPEG,RGB,True,,
val/IBAE5.jpg,raspberry_pi_sbc,val,795423,a56c9a61db64c614347ebed8f0292768d5b61d995ed164bfbd3c01e16472e958,9f45534631f1e6394c7ea7a698b52b40ca5dc71d2bff946508e01eee21fe8e77,ec4d9666d394491b,1504,1585,JPEG,RGB,True,,
val/IBBA5.jpg,raspberry_pi_sbc,val,957674,c6361f8c0ad35da04d4a65587b4e53e6adb04bf2b81062a3e1baa3c7c885eb86,f3b07dd6f6f80964747df07a548186f4a4ba88c48ff6447fd2bcfa880e35c4c7,e89f866293c9c89d,1759,1508,JPEG,RGB,True,,
val/IBBB5.jpg,raspberry_pi_sbc,val,1353342,b505376d031ea57f9d422d3453cc21b38ecaf06e46a929a8a7e53f27297cd839,42054716e32e0bc93205153c0379a45d99e7142d91ca2074e027f430f585d2b1,ec97866293c89b9c,1856,1779,JPEG,RGB,True,,
val/IBBC5.jpg,raspberry_pi_sbc,val,1479766,9a2d4bf329a1f38bec6c1cade688bb60f19cfeb86f1641d219c8782f6755cdc6,5d0571782b281be96fbcf9042a52126bd83119a5fc13d23567a01b9246fa79af,ec95966293c8d99c,1854,1854,JPEG,RGB,True,,
val/IBBD5.jpg,raspberry_pi_sbc,val,1340395,542c8954b3909b73cd1c18d3d1d19af533cf69c826a9650d0dafb236fdca6777,c4c9a077c528719ef099cbc099db13e33bac7ffe04bb79f3c8761a2ed7857bab,ec27944ad3d0cb9c,1833,1893,JPEG,RGB,True,,
val/IBBE5.jpg,raspberry_pi_sbc,val,966467,3cea24752c634c84234b5c4a3a1a6e0c2b88d125f7be639762bbc4122ddb6696,11eb72672b54935f4c57058d3688ff16af1210277e3bf8f061f802a662012c47,bc0f964ad3b0cb38,1673,1627,JPEG,RGB,True,,
val/IBCA5.jpg,raspberry_pi_sbc,val,1145163,4a6b249b679edc16b87092c7e820ba1a2129c8d6f5c6047992ad0781648fc6ee,b6c94f8cff841ec2f505e6cb37b8829e01d2d8ebe66f2f6bf86076e123a4e228,e8979662d3cd0e1c,1767,1761,JPEG,RGB,True,,
val/IBCB5.jpg,raspberry_pi_sbc,val,1384234,ae1cafad7a5406ad1952322f5b54c2107278a12c6101bcda106b61409b73b590,43b8a5d1e386a546bb31cdab972a24edd4fa039bd0c9ea01ec72284d8dff9723,ec079662d3cc1b9c,1897,1921,JPEG,RGB,True,,
val/IBCC5.jpg,raspberry_pi_sbc,val,1484736,d6d5aee9b7884182c763bdbd75d5f1358094f74e983221f46085afa03bbc4f09,46165df6fa5811d9dc59efc915e6fb82ed4d46e6924c0055a6e9092cafd611dd,bc978460d3e8cb99,1843,1912,JPEG,RGB,True,,
val/IBCD5.jpg,raspberry_pi_sbc,val,1385276,066696d75a4a9b7ab4f027d8e79fdae802225322f1ce7234a8dc8901781f0c3d,b70cc207284abb501067de981ada30e75744ce5df832f2448dfcb79774edcd93,ec079668d3e0cb99,1913,1897,JPEG,RGB,True,,
val/IBCE5.jpg,raspberry_pi_sbc,val,879366,d1706b6766e71569b7baf04ec29b210b1440ead964fea8360abbd8b871d19b2d,2817b9932d2c137fc78a0f5d2ed17b8131bedefe4a9cee62378176970050fc49,bc1f964ac3c0cbb1,1727,1590,JPEG,RGB,True,,
val/IBDA5.jpg,raspberry_pi_sbc,val,969367,7262410a3f6ce17a7526a45de2152ee580915ecaf2efc4057e275943a3e85b63,a9f140474f5b7d3f123a882695691100d267e177adc28edd33584a9b863075c9,eccd94e0db900e9b,1684,1699,JPEG,RGB,True,,
val/IBDB5.jpg,raspberry_pi_sbc,val,1306021,510a7d552d56ba74eca684941b4fca1d04b64e3033212a28d1a4da1a976d8ae7,d1d480c37cc982b4fde748acc70d6c1d89ceb8e79b1334c408344c552674d1c4,ec8f9460d3b04b9b,1825,1893,JPEG,RGB,True,,
val/IBDC5.jpg,raspberry_pi_sbc,val,1319843,b5ed963d3c1a31df64324dd6fc06c5b87a2f0df6843c4ac5205d7a24dc6dc07a,0c7a302c877f31d9ba1a619919b6f5da67e6000b411969d90c33cb5c06c67c59,b8379462c3c9cb99,1913,1880,JPEG,RGB,True,,
val/IBDD5.jpg,raspberry_pi_sbc,val,1316565,6ed58fb0ae11822d8b13ff51657574bd83663a0a9f24007fa39e315ebcc56e24,98729b0cdb5b65a4e3165a889601a2ee46df78affd8aeedf9b37e48c7e0e5d56,bc9f9662c3c0cb91,1860,1759,JPEG,RGB,True,,
val/IBDE5.jpg,raspberry_pi_sbc,val,822218,f31391d9e860491929b054ec15ab1acde69a8d20a7e6878a6fc0857aebe6b3f8,489dbec5b8aa321233bb3e81679d1c2a9e8e4c206f3f94900ea07143d94d9b7a,bc97966a9368c331,1709,1527,JPEG,RGB,True,,
val/IBEA5.jpg,raspberry_pi_sbc,val,936477,8895ef63fa7f33eddc57968d07864a4e2d62862279c81bf79fd96799572f0e51,513e325c371a0e22f2b0a288a1b223e2f88488e4dcc7e3ccb133325104044ae6,e8cf9660cb990d1b,1549,1654,JPEG,RGB,True,,
val/IBEB5.jpg,raspberry_pi_sbc,val,1097276,5e41b8d2fc7d357ba015f3bafdfabb9cf8713b5a5aa8d3132581280920d4f29b,79e7512fc15cb34f0c4d45265501048857c2afd5f8493bfd1d7fab6fd54cef81,ac8f9660cb9d4b19,1678,1787,JPEG,RGB,True,,
val/IBEC5.jpg,raspberry_pi_sbc,val,1063093,7d6b1dd826c4c7e67fbea78b52d3fae748cd3f5ea37baa9ef1e18f19bc454aad,36f26ec2f3d130234c46852851091e176301f6c60d217154aca508566207d53e,b9179662c3c94b99,1703,1719,JPEG,RGB,True,,
val/IBED5.jpg,raspberry_pi_sbc,val,1043530,01e19a8de100e98774fc355af11c0f040afbce364cf39b56f32fd4210df27848,0149e4b69af37bef346c62aa052fbbf52a7d4be897ec78b87299095bf50348ff,e9369649c3c9cb91,1737,1629,JPEG,RGB,True,,
val/IBEE5.jpg,raspberry_pi_sbc,val,749409,e81b49c24665fcf579bddfa9bfeac7db78d81fb0811d59f8febbf9e1edfa8385,24df10a82f77489bdf70d1b35277af1d03e9619fa133260f651fcfa9f6d010b1,f89e9669c161c237,1610,1443,JPEG,RGB,True,,
val/ICAA5.jpg,raspberry_pi_sbc,val,659140,d8596a89ce688d88863f48fabb7f583de41b9d16d001ad0803d40be94acb5c46,608eb26902086f23a7c854e67d2cee025f2c2723ec6b53c471a7435c1b601db9,e8bc966e93c3e0c1,1415,1503,JPEG,RGB,True,,
val/ICAB5.jpg,raspberry_pi_sbc,val,904533,ab8404f086d1a36ec8fa4740513c7077044fa42e3812bebc79b973c126465cd1,43d52d53e9655fa127fcc4014766cd958d5153a6e7ca52b3d06991575303aee8,e89c966e93e391c1,1449,1600,JPEG,RGB,True,,
val/ICAC5.jpg,raspberry_pi_sbc,val,922350,4cc024bf03ae28d2b37117861d3e62e46203c6763b3d94ca23e7150b9d837b08,515eede8fa20c1559225163e31b365c9ba12c7e357f5bec03d0bbed4972df946,bb98c66690c7d1c9,1473,1603,JPEG,RGB,True,,
val/ICAD5.jpg,raspberry_pi_sbc,val,876977,4c29a16aa667601c94ba25d4b512150ae167dcc0ad95d580e12aa6100afefe7b,7142034e9ce3c12a86945ba8b29a8f36cae123d7943ca540068f70727447aed7,ef99866e91c6c191,1469,1640,JPEG,RGB,True,,
val/ICAE5.jpg,raspberry_pi_sbc,val,733570,767ce096c39129a0fd286173a484aed8a4ac528d447b24f7fdbf1a40a9087c33,f33050962985e0aeeea1acd605516169d12429bd44e25c8945d7654be83ddb93,e859962ed187c1b9,1416,1502,JPEG,RGB,True,,
val/ICBA5.jpg,raspberry_pi_sbc,val,900149,4f1573a9ba94301622c17e26a5e034cf677739bf5fdfa62519d53b73c50c840b,96ee6043a5997e1729390e371b20343b512e0af706e9278c0c730c8d57d30521,ee9d846693c391d1,1545,1550,JPEG,RGB,True,,
val/ICBB5.jpg,raspberry_pi_sbc,val,1026655,77daa8cb4bea5f15f650b0f2811ff3078cb793c8cba31767dfb02b5782fb6934,d200dbf4e8047c0628940f108ba51d6950b32d73b48c3ccd0f103f8226a044ef,ef19846691c791d9,1608,1730,JPEG,RGB,True,,
val/ICBC5.jpg,raspberry_pi_sbc,val,1128260,d211c2cfc2fc175e7fefe77ad85b5a20d0ede655147147806dad3d6ddc1fc9a1,858e3ac2dc636b4a1f283ce60af26033302cdec9748c9353464bda7fc5995366,ef9884679047d1d3,1626,1745,JPEG,RGB,True,,
val/ICBD5.jpg,raspberry_pi_sbc,val,1198595,76fa3a2f181a078282312bc45a9b253419da8f5ce5bfaf250dbc5ee7c3d90135,597bd013356627a4f48f413ea108784b2704bee5d6f31523ddb7470b00e92fb1,ef98844f90c7d1b1,1639,1790,JPEG,RGB,True,,
val/ICBE5.jpg,raspberry_pi_sbc,val,894092,3d14caac48dcd6da0f69b62da0d517821999d3c586061396bba2faa0234703d8,14363921c99d550f025182bb45b06be8de1a872ff7ee8fc558e67308986ac3b9,ee98944f9167c331,1551,1591,JPEG,RGB,True,,
val/ICCA5.jpg,raspberry_pi_sbc,val,890110,e86ac7135c5e9b4f19a6edb46322a6dcd33206d0fd803496402279ab7d2ff7b0,b69fb3a490b03e554c8d1ee4b52f14541640da5a9c4b990df11e5137056a4e09,ab99866691c7d1c9,1455,1602,JPEG,RGB,True,,
val/ICCB5.jpg,raspberry_pi_sbc,val,1269466,f8b2383ea2014b9a0bf56482d2cb8fb660dedc78f185724fc6a9980247421e96,3d29bd80198b4962a0f99ce13b62433e171f5cdcce60bf3fd66d8565733f98d8,af98c46690c7d1cb,1629,1764,JPEG,RGB,True,,
val/ICCC5.jpg,raspberry_pi_sbc,val,1323598,b1ab13ea986a4e6e53c86a3615b4fb733797299fe6e3dddc5bd15062fff94f84,a4bbd216dc35e4ecde0a592c30b70799f65531fb7f0816e4250d8c2c18e611e4,fe98844f914693d3,1643,1805,JPEG,RGB,True,,
val/ICCD5.jpg,raspberry_pi_sbc,val,1242191,f8f459a82e4aec045ee145e3b16e9dc82c3b80f43b5c1fec74725416b2085e67,1a86b5e53fe2ab0435122f8838463695a851be8f811141a697efe3cb92e73698,af9d944b9063d163,1650,1837,JPEG,RGB,True,,
val/ICCE5.jpg,raspberry_pi_sbc,val,825906,9de60bfe8b862994d74a6c0c433eacfff779a1d2aed7c98adc132be2396ec655,5a13b9fdb321e36fabf2f9db4ba14344762e06159361f5123d2b8db20fd2a366,bf94944ad16bc169,1540,1601,JPEG,RGB,True,,
val/ICDA5.jpg,raspberry_pi_sbc,val,804634,02e46901045c8a6a4e9682f449ac255496e144a4a09c5ae32833d545d29d03ce,7d1532edc9a7bdf650a0fa00a6b9a0de9d413a2d38611df12f239ce7d5a8913a,bfc8d465c392c392,1514,1552,JPEG,RGB,True,,
val/ICDB5.jpg,raspberry_pi_sbc,val,1122112,4ef4cdcfd2db9980cd96dd356834fcd5d94249fa1a8e578d5973a8958c3ed94f,65a53b622d93aaa1c409f56ad4b304ea529faaa042f4e0b80c7620c1f9ddacd2,ae99946d9166d392,1630,1746,JPEG,RGB,True,,
val/ICDC5.jpg,raspberry_pi_sbc,val,1147088,6f51f2e5cc3f48c82f6eaa5e39b5285883a3f77f2c88dc88184d42505570bbca,1c5c491f9cccaa059f9b9576ad784c8218ab5f55646cad2d514f336f92ec1009,be31846cd1ced392,1640,1752,JPEG,RGB,True,,
val/ICDD5.jpg,raspberry_pi_sbc,val,1188419,61a3097f6e26aa4c8409b0c0c029eab55e3f141feb1770e850a84df90116a25a,0d7eea2ead8c95c6478ad219d8d4305acb6d0c3d9c405f7a2df7b9f3cd6899fc,be91846ec14bd363,1605,1815,JPEG,RGB,True,,
val/ICDE5.jpg,raspberry_pi_sbc,val,793551,de78b9aec94cc112b843827b93b34d2f26fdd00b14cac6258ee2e195725bbe40,2bf48b5776d3f03014f1e4e8f6b003b48cc0ca1d099b7d1f418717491d20f3a2,be94c44ed16b8761,1496,1617,JPEG,RGB,True,,
val/ICEA5.jpg,raspberry_pi_sbc,val,811636,7c6b367fe2f1879bec0136a1c6d878e8b61616f0acf7a044ab0cc48eb605939b,efd47f37153f0bfd55d1b9fe956fbb7642f7de9c9ea69ee575e205305162a750,b8c99666c3926b99,1412,1567,JPEG,RGB,True,,
val/ICEB5.jpg,raspberry_pi_sbc,val,872035,9fd9de4233b788eda18661cd9279947158c2b6d3561540778ab58af35c7f3253,f2f0e7c2e3a72accbcadeb1f6bfc562a69f6c723d6771be27acf47eb52e5e6d3,aeb99465c3c6c392,1469,1646,JPEG,RGB,True,,
val/ICEC5.jpg,raspberry_pi_sbc,val,847513,f3fd7f205ef1c6916398abec5e9861357fb49d21cdb8953c54a72fcee1a4e06b,0c8d02b8f924324db0ff46e48b590ec8162e29b93ac1e7960a7bef30cb50931f,be31846cd1ced392,1476,1634,JPEG,RGB,True,,
val/ICED5.jpg,raspberry_pi_sbc,val,803416,60ef1048cfb2088864a29031a703a4e8ef074355b1b492ed29dc314c531bfb1d,03e5a68509443991a503ed9458e6f6aa5ee46e8c7709c998ddb0c144b2e9f858,bc94964ac36fc165,1429,1669,JPEG,RGB,True,,
val/ICEE5.jpg,raspberry_pi_sbc,val,703422,17401c0af419d2974cb8eeb6a51534fcadfdc08ce0bb4fe6aa0b5a2d971b5690,97846792cd24786af81d73dc212bc443681d937502e4a19156adc396a0ddbba6,bc94c26ac3678763,1413,1554,JPEG,RGB,True,,
val/IDAA5.jpg,raspberry_pi_sbc,val,825885,88fc1ab4043d96d7b83e8df45c3e4c67117f586b04b769d3985bb006675e30a1,6523385adeb21269767169ccebe7b039134151a4d0a0ca7a480d3a8d29c3e96f,b998c2279bc663cc,1542,1623,JPEG,RGB,True,,
val/IDAB5.jpg,raspberry_pi_sbc,val,997655,e2bc3261ca8c48bd7436aa019ad3de09305be5af20d40a346e1da56f1fb3c87d,f0920e3ab9106b9ba80fed5bf11017d070e5bae6313493215faaedb3ccfc1480,a999c2279ae2cf4c,1656,1777,JPEG,RGB,True,,
val/IDAC5.jpg,raspberry_pi_sbc,val,1109250,775099f2d5e5acabee70bd915bad98db81ef75f93e5f40d2c91dae8f34c9d308,ac1c425e54e8c7dcf6767353721d7cba0da9c71de97f59d7de19adda62eed29c,e990c46f98c29fe4,1674,1758,JPEG,RGB,True,,
val/IDAD5.jpg,raspberry_pi_sbc,val,1129987,53c9ecfa1ee131b5e46c6bc20fbd6f5f1ffbd1d26a6a4d3311b17f545bfc3994,3887b3b4c54c6da2942e9b28129c2c87dce8e086255114af89e233ecd1817227,e9d3862d98e2cf60,1756,1708,JPEG,RGB,True,,
val/IDAE5.jpg,raspberry_pi_sbc,val,872108,9055926e10fb4bbb8d35d0db1a85413f938d059d77a0defb20a610e18c185902,6a756f8678ab89ac420affa125661ea914f6db6cef03a1dc31b85ec6fa183421,e9c3963cd862cf60,1683,1488,JPEG,RGB,True,,
val/IDBA5.jpg,raspberry_pi_sbc,val,1073049,cb7881363afc61bdc96d56d963b777be23890462ebe4c523190cec91cde5aaa7,96f422eb3ddc7ca53789fc3e936ae2129510cd53f1ed35256327caad9b34d929,b998d0279bc64bcc,1712,1694,JPEG,RGB,True,,
val/IDBB5.jpg,raspberry_pi_sbc,val,1354390,f017fd35db53175f1af0a8dee496830950c4dd1b5276979e90e20e385735d6cd,bca40fe8d84e656866ddc14e04f5671b2dacc01ffdd6609e9d6e5aa9ce890676,e99890279ee6cb4c,1846,1906,JPEG,RGB,True,,
val/IDBC5.jpg,raspberry_pi_sbc,val,1198319,43a5976ee3a7ecf04ccab4ee6ff92dc8f4afec892ac9e31e4502e995cf3344e6,67a3e161f036b16924d0756d7f75d4ddb4b5c169ca514e4d65705e9287f823a9,e998942f9c67cb60,1853,1900,JPEG,RGB,True,,
val/IDBD5.jpg,raspberry_pi_sbc,val,1507465,fa41294a3956e1b366a3a136b38f3814d0e65ec53d3a9ca300720ed893c1e16c,f52fae9539eaec55ab4757de1e4598293f7b858924620227231b9f3d450a3a71,e9d0951f9866ce68,1917,1917,JPEG,RGB,True,,
val/IDBE5.jpg,raspberry_pi_sbc,val,945976,525d28b02402daf1b3a2a7d7e2d566955687e8d6a9e67561e455e59dcda106dc,836a7c3c3865634c1929172dee57fed2fff4c0db6e7c87493afc723658129419,e9d0971f986eca60,1736,1615,JPEG,RGB,True,,
val/IDCA5.jpg,raspberry_pi_sbc,val,1199199,b1ad71fc514372f2590d37594718aebf9669957b5d4da4753e350e9cafb42c5a,62ceb79e185882d5a1df547f065db645e05280f5d4dd12b91d8022e5d168939d,b199c62798d28f6c,1758,1794,JPEG,RGB,True,,
val/IDCB5.jpg,raspberry_pi_sbc,val,1473436,1173ac933d9b4178b07b3e1ffd255e431fa76a4a9af9949b55c811ebdd78e025,4b99e753ea2d1fae6f1b2356187a4c0ded0ec979855570545f5c735e867fd589,e998c42798c79f64,1896,1920,JPEG,RGB,True,,
val/IDCC5.jpg,raspberry_pi_sbc,val,1558592,45920bdf1896ef20a7716278b13607c708207811c351dc73c51a7b72c9fb655e,5a278c71ce37b9c98ffd33342144f02bb3e260ffc0fd95ad9940ecc3f5dad095,b9d0870fd8668e6c,1959,1975,JPEG,RGB,True,,
val/IDCD5.jpg,raspberry_pi_sbc,val,1467129,2f22f1350fb60112fda95f3ad943d5e420b1aac6aa080f48c1e1e5e15ad014e6,bbee4f4f4a9abb3ddce5ae1be0733f86238127cd95cc5b658c99f884792368f7,e990851fda6ece60,1885,1975,JPEG,RGB,True,,
val/IDCE5.jpg,raspberry_pi_sbc,val,1050037,d063912bb4c594624e0bca0db9de33979c9aa1cef74e229331760567ce3b7731,8f2013160c6a1daf14503437c264ee18f7c3162be9977a4027f46483f9ae56a9,e990950fca6ece64,1721,1710,JPEG,RGB,True,,
val/IDDA5.jpg,raspberry_pi_sbc,val,963620,597fdd09b6a490d9ef1b5247d275a44150064c3460afb20187a541bafa405a9a,034be1de7b5097c62070dfacb928459b90ce8f064bc423cec8bcc0c834d0f05d,b9d8d227ca968ec8,1761,1563,JPEG,RGB,True,,
val/IDDB5.jpg,raspberry_pi_sbc,val,1447674,b6b62c260ce6bf7d16ea07a45306029f3790d4bbba178bce893dd897fd169acc,3aa589e23cc0f473075340fc0fef6968ac113089bbcdf40da176c850c6e1ee4a,b9d0c52ddaa68ee0,1921,1873,JPEG,RGB,True,,
val/IDDC5.jpg,raspberry_pi_sbc,val,1286839,2aa6dc2073059df70574c6c53fa36ecabb8ac507c37005f0dcda3eb96f7177ea,00e955d4f5df0d4a1cc80bd0cdb9fc60300e8ff51bdefe055e7159799918c850,ab30c50f9ac69e6c,1823,1892,JPEG,RGB,True,,
val/IDDD5.jpg,raspberry_pi_sbc,val,1442713,292f3d2c990adbb25a973dc46c8d7d839e4c2f4a8b6976b6c6facc18344ae7cc,ca1b7f3294f7d375c5fd044e06005909609cd96a349d7738c9efbf4af013f94f,b990c52fda648e6c,1822,1962,JPEG,RGB,True,,
val/IDDE5.jpg,raspberry_pi_sbc,val,895970,2cb728c033109cd576e61ac201a5d8e29166930971d0462fb752add13ab19756,b9f58dff2aa6ebe22cd24daa5b75644313e247c1d6faa580425e047b994097c3,f990854fda6c8e64,1580,1701,JPEG,RGB,True,,
val/IDEA5.jpg,raspberry_pi_sbc,val,879770,aca8c91f9b084bcc2bdf5b7371f0b71bc431990ffd71969ad8f9c38e51f2cc69,8d46a89cb5b2b6ced634a5f64ba3183d7e524128835e386480e746ea6a437e83,a9d3963ed8968cc8,1681,1466,JPEG,RGB,True,,
val/IDEB5.jpg,raspberry_pi_sbc,val,1094042,685e64fa3e88288f900e70a8b90e05db0b40fffba623a3bf51aa97217067168c,cf1cab724dca5e3b8a3e76097f1e46092f1581d6fb6e02c1ebc357f1086f363e,a9d3972dd8069ce8,1703,1657,JPEG,RGB,True,,
val/IDEC5.jpg,raspberry_pi_sbc,val,938034,275f957877cdccc16824742611c3e566184691c881ac8a03d7c7c930c044d86a,d376d9981f0df9c8e8dcb40c200e01d7a2046ee7d5fbaa23b6100cf93d59849b,e9b0c56f98c69c68,1612,1734,JPEG,RGB,True,,
val/IDED5.jpg,raspberry_pi_sbc,val,1051096,898be2ec5948ecef00ff174e447fd8dccf599168695f3b77583eabc822a29914,0d97ea818856c474ad51b70ab65d988c513ceceb4c59f0cd1e5b7d9de83efb86,e993872fda608c6c,1641,1818,JPEG,RGB,True,,
val/IDEE5.jpg,raspberry_pi_sbc,val,863444,16fdbd3b3dc297729fc6121289eb40aa26a065887befb38f9b65bd1b7dcec2b3,e3c4f0f0287f489d4c8468eb0f64f4461be04a3a6f56d1eee470d33b68cff4c1,e990876fda648e64,1453,1661,JPEG,RGB,True,,
val/IEAA5.jpg,raspberry_pi_sbc,val,897861,f3fbf0f608892703a3ce833821c04cd8bd0b4742f310dd3f85ce9aa6b5eda15d,00d3aad3a0a38e76be5acbb556552c51175feba6cf0f5b17c59dced4873a3667,b199c6679cce618c,1638,1657,JPEG,RGB,True,,
val/IEAB5.jpg,raspberry_pi_sbc,val,1130227,1f65cac1f70598d724ff6789ae027aece6e0d16a40020104b9f95794ea3090f4,f39428debfca877e78c0904360a60f397caa6eba5c77a6158fd437c68f22020b,b39bc6259c70c94d,1776,1808,JPEG,RGB,True,,
val/IEAC5.jpg,raspberry_pi_sbc,val,1067428,377f0d12f1d6f0b9bf20249da67035f0b99c1d00fd8bbaccf55b23ddf09d9e4b,c5d86e146d1ced6c7fc32cfb7b942ce3ddd7cc94e5384e74539f77cb7dd9eb49,a393c62d98f08f6c,1788,1829,JPEG,RGB,True,,
val/IEAD5.jpg,raspberry_pi_sbc,val,1201004,73169a2a6d84a82d230362aa99825344ecb031cb6a50946c52f20262ecd60d5a,1534b1686497d60693ac8d2fc479c1f651971f58a77c96991307f0e8b4275ec1,e3cb86259870cd6d,1899,1794,JPEG,RGB,True,,
val/IEAE5.jpg,raspberry_pi_sbc,val,1019663,cbfb8afeaa83db6e406bad5003521a2d9a0855820ea72a1cb6bdcc0fd1896543,4b875a6ee709e14537953c95f32af273c182bd8448aa0f03d3bbeca9dfaf408a,f7c3863cd8708d64,1832,1589,JPEG,RGB,True,,
val/IEBA5.jpg,raspberry_pi_sbc,val,1085923,1b0806ab72268aa7daadc32aa78c88aa4192be5d457099e926e6e6dceebce3ac,e0d2172ecfb2a3641d2b2adda5758cc385514c93750fcd093a54becdf7fa91dd,b199d6278cca698d,1861,1749,JPEG,RGB,True,,
val/IEBB5.jpg,raspberry_pi_sbc,val,1344334,00284685446f577f35b429074c1d654e92e71d64e0eedcd9d4d6afb186bb234f,5bc524fcfda635b4bfae319c3ec7b5c48ec8a08dff9cdeca4f553a4fbed55363,e39992279e6ac94c,2007,1975,JPEG,RGB,True,,
val/IEBC5.jpg,raspberry_pi_sbc,val,1514509,267cd78fa81aa7f212b3f7e69386eee281ca73812bc146db8b25389b2b77624f,6c208af512798744cb0fe3febfc09001fd766c043b7b1eaf6914af5ef766e5f6,e1db86259870cf6c,1993,1985,JPEG,RGB,True,,
val/IEBD5.jpg,raspberry_pi_sbc,val,1565260,a94a8c16ba2a1d279cbde8e2abe502fa269cc537f84090591f8fe62644f4048b,c440ab6365c2b9473dcea2e120f941a2f5ae5c09b6a8769e90f9dfcd5d74a9a8,e3db96279870c92c,2092,2029,JPEG,RGB,True,,
val/IEBE5.jpg,raspberry_pi_sbc,val,1066802,1ac3889fedc69de88f9eebbb8282d3bda456bb236f435c1efc7a86f784c28a99,728d1eb965baa4e2ccaa8196ddda2f9b3f09672dd320691e1584f8f300a162aa,e3d3862f9870cd64,1916,1724,JPEG,RGB,True,,
val/IECA5.jpg,raspberry_pi_sbc,val,1265667,b890c92a9cf4f1b9dd8f1c95a4d609bf0c9e38003874dd7f9a9831682f375d17,2e52d19cbfffdf01aae97bd11c073fd0bbd76a5410000722b019c0d9e145c3a2,b39bc62598b0cd4d,1854,1842,JPEG,RGB,True,,
val/IECB5.jpg,raspberry_pi_sbc,val,1720123,46ae1bffea00d6b5efba17463ac482b3fc098721c111c4ca62378b9d47ec1584,b05b9dd0aed0f23bc072dbc39bc869a8ba946c44760b5814ef1f71b9d30801fc,b39bc62598b0cd6c,2066,2013,JPEG,RGB,True,,
val/IECC5.jpg,raspberry_pi_sbc,val,1781006,79b6fb19d239ded037e424f77cc33c893ff97ea852020883d3229b6c021d7f1a,aa05de5007cf9163089c9f801337dc3b0688a6987b8f76b515079e212ef8c7c2,b3d1c21f8c70cd6c,2081,2048,JPEG,RGB,True,,
val/IECD5.jpg,raspberry_pi_sbc,val,1641608,f673b7a222f3ca2ec2a1428dee1d094e69f932fc42ec6230c91b1b588c7c8f95,747bf9e266c78e32534f07bd65bbf77606744c10217a4b04e0515d59265ace5c,e9d3961fc8688d64,2049,2062,JPEG,RGB,True,,
val/IECE5.jpg,raspberry_pi_sbc,val,1114865,83fe4869d9f958d746ba99cbb887aff95c6e22bf9438918c711e3cda106fd5f5,c773f9df68c5b9ea767337830d658c0d0a57268556fd71243c2d0caea8bc7a8f,e993863fd8680de4,1870,1789,JPEG,RGB,True,,
val/IEDA5.jpg,raspberry_pi_sbc,val,1206433,714a1d4af4a96ab706d10d9e7beffe1a36bb8bf1a92018b69c4fd16abd26e48a,ffbcb4049e352af59c181aba01078dee1ae178c1e56aea3d97ae0bea7c288f2f,b3d3c2279cd20d4d,1930,1672,JPEG,RGB,True,,
val/IEDB5.jpg,raspberry_pi_sbc,val,1445880,483e1cb743b00aedd63a0bf3ee294d25c24497b1cd1b189486ad50a92da1bbbe,7af77d347aa8d8f619ada57f1df11c92ee5854ccbccc6320ed7fce3b618e064f,b3d3c22d98f08d4d,2060,1969,JPEG,RGB,True,,
val/IEDC5.jpg,raspberry_pi_sbc,val,1495511,92fdaa2f735b492681b2a24af1df496591e38803d6a983646154bcab8c99bb9c,5cb074f2fa32a90e2c25b19be64ffd5b2aed21a36b49cf1de303e4d62769195e,e372c60798e4cd6c,1933,1976,JPEG,RGB,True,,
val/IEDD5.jpg,raspberry_pi_sbc,val,1384075,a84a9b1178a76c525f8d4b00f1f9b2b9b885092c067f740e36cf8e6900ee0d1a,6f3d739a2384d6d2434e51f526186eb99a09777f5832ae8ccb4c9ebf638fbec4,b3d2c62f9a70894d,1991,2021,JPEG,RGB,True,,
val/IEDE5.jpg,raspberry_pi_sbc,val,1091118,3c1d91fea43d6fe3ad5b983b5f8ee5e9461dee772e6c38e44c946506b6540366,342f4f070730c1ccf108b34ce1bc5d98f99411211a49185ecf9c55effbd60e07,e193c72f9a648dc4,1718,1754,JPEG,RGB,True,,
val/IEEA5.jpg,raspberry_pi_sbc,val,954636,ad12e33422cb3efae3f42687c7e02bc1d0243a52ebfd9147bfb005448670d174,92188a1627a9eb9d864fd717a6203ebd6b68258140e7e0c9fe9ef72790e15bf6,a7e3d63699d04949,1819,1537,JPEG,RGB,True,,
val/IEEB5.jpg,raspberry_pi_sbc,val,1252990,69e5dd7ea0ff452911624992400e566f128f3698690a012cad41a67877cb10f8,2fa0f6b3cdb744a5f650eaf861a6113b88752d41504f331401cae54f18bb1309,b7c3c62f98b08d49,1878,1770,JPEG,RGB,True,,
val/IEEC5.jpg,raspberry_pi_sbc,val,1050076,953af147d3f8721b3cd73c8f1a19b5a62dc257a21853cb96051af7629e30fcbc,5b33ca376b887026f28ee7d0a420c5f4cb8f5a4a63d73a1f17e91d611b160410,e792c66f98b08d68,1745,1820,JPEG,RGB,True,,
val/IEED5.jpg,raspberry_pi_sbc,val,1120264,ef98b4c99df757d84dbeb13714bb5bb0b1be613c679903b97955723aa1116536,208d6633070763375b2f17f3ffc3977afb38fb31c1980f6bfa1b3e4d2c135aef,e6d2c62f9a70890f,1748,1833,JPEG,RGB,True,,
val/IEEE5.jpg,raspberry_pi_sbc,val,874266,da081fb154143a1666a7adc14217ae2ec24f452b6fb676882967c53374b85b43,ce5d5fd10889524194c91f8b1d6bee5f60797d927c9b685a12e53c82346ab17f,e193c66f98649d8c,1532,1678,JPEG,RGB,True,,
