
YOLOX-S LOGGED FINE-TUNING
========================================================================

=== RUN ===
run_id    : yolox_s_seed43
directory : <PROJECT_ROOT>\runs\benchmarks\micropcb_rpi_phash_component_bootstrap_v2_full_e100_b8_i640_w0_s42-43-44_p02facd21ef_dbea2fbaddc_cb773706267\yolox_s_seed43
stage     : fine_tune_candidate

=== CUDA ===
captured_utc         : 2026-08-18T01:10:20.041+00:00
platform             : Windows-10-10.0.26200-SP0
python               : 3.11.9 (tags/v3.11.9:de54cf5, Apr  2 2024, 10:12:12) [MSC v.1938 64 bit (AMD64)]
python_executable    : <PROJECT_ROOT>\.venv-yolox\Scripts\python.exe
cpu                  : AMD64 Family 26 Model 96 Stepping 0, AuthenticAMD
cuda_toolkit_nvcc    : None
nvidia_smi           : Tue Aug 18 10:10:20 2026       
+-----------------------------------------------------------------------------------------+
| NVIDIA-SMI 610.88                 KMD Version: 610.88        CUDA UMD Version: 13.3     |
+-----------------------------------------+------------------------+----------------------+
| GPU  Name                  Driver-Model | Bus-Id          Disp.A | Volatile Uncorr. ECC |
| Fan  Temp   Perf          Pwr:Usage/Cap |           Memory-Usage | GPU-Util  Compute M. |
|                                         |                        |               MIG M. |
|=========================================+========================+======================|
|   0  NVIDIA GeForce RTX 5060 ...  WDDM  |   00000000:64:00.0  On |                  N/A |
| N/A   51C    P5             12W /   30W |     860MiB /   8151MiB |      5%      Default |
|                                         |                        |                  N/A |
+-----------------------------------------+------------------------+----------------------+

[NVIDIA-SMI PROCESS LIST OMITTED FROM PUBLISHED REPORT]
torch                : 2.12.1+cu130
torch_cuda_runtime   : 13.0
cudnn                : 92000
cuda_available       : True
cuda_device_count    : 1
gpu_name             : NVIDIA GeForce RTX 5060 Laptop GPU
gpu_capability       : 12.0
gpu_total_memory_mib : 8150.6

=== MODEL ===
parameters              : 8937682
trainable_parameters    : 8937682
summary                 : Params: 8.94M, Gflops: 26.76
pretrained_tensors      : 462
matched_tensors         : 456
missing_names           : 0
unexpected_names        : 0
shape_mismatch_names    : 6
shape_mismatch_examples : ['head.cls_preds.0.weight', 'head.cls_preds.0.bias', 'head.cls_preds.1.weight', 'head.cls_preds.1.bias', 'head.cls_preds.2.weight', 'head.cls_preds.2.bias']

=== PRETRAINED CHECKPOINT ===
path   : <PROJECT_ROOT>\weights\pretrained\yolox_s.pth
bytes  : 72089125
mib    : 68.7495470046997
sha256 : f55ded7181e1b0c13285c56e7790b8f0e8f8db590fe4edb37f0b7f345c913a30

=== LIVE YOLO/COCO DATASET EQUIVALENCE ===
status                            : PASS
canonical_dataset_manifest_sha256 : 8039d57c23305b5b37c843abe358401d4ec3cafd2722833fa96acddb799b2e68
class_map_sha256                  : 6921d4723044145cfbb6e7092fcead81762cbf8cc23f975cf0a5523adc4bf693
train_image_list_sha256           : af6126d8b3773083e6cf420cc9dd0e9444b42cb50aa19c5d83191aff0cda6698
val_image_list_sha256             : f96e176c8f33a3bc330c4fc1bc078b97fb0f6ce61006c5c9f50e28574e35cbfd
canonical_train_records_sha256    : 90c21061eb2facacb95e19757d3b828539a06a4dae05ee92e80adfdd6253ea32
canonical_val_records_sha256      : 75f8bd6f535ca18a27ddb7441161e5424d974b86ab5f39cdabba93841e0ea1bd

=== FINE-TUNING PROTOCOL ===
comparison_kind             : framework_native_recipe_system_benchmark
epochs                      : 100
batch                       : 8
imgsz                       : 640
multiscale_range            : 0
seed                        : 43
workers                     : 0
amp                         : True
validation_each_epoch       : True
prediction_floor            : 0.001
nms_iou                     : 0.65
class_agnostic_nms          : False
max_detections_for_coco_ap  : 100
common_operating_confidence : 0.25
common_match_iou            : 0.5
optimizer                   : SGD Nesterov
momentum                    : 0.9
weight_decay                : 0.0005
warmup_epochs               : 5
no_aug_epochs               : 10
base_lr_per_image           : 0.00015625
base_lr_for_batch           : 0.00125
minimum_lr                  : 6.25e-05
augmentations               : {'degrees': 10.0, 'translate': 0.1, 'mosaic_scale': [0.5, 1.5], 'mixup_scale': [0.5, 1.5], 'enable_mixup': False, 'shear': 2.0, 'flip_probability': 0.5, 'hsv_probability': 1.0}

PROTOCOL RATIONALE (exact reasons are also saved as CSV/Markdown)
======================================================================================================================
ID    ITEM                               SELECTED VALUE                     EVIDENCE STATUS                    
----------------------------------------------------------------------------------------------------------------------
R01   experiment_scope                   framework-native recipe...         ENGINEERING_BASELINE               
      데이터 split, 입력 크기, 공통 evaluator와 동일 GPU를 고정하되 optimizer와 loss는 각 framework의 native recipe를 유지한다. 따라서 실사용 후보
      비교이며 architecture 자체의 통제 실험으로 해석하지 않는다.
      adjustment: architecture 우열을 주장하려면 유사 규모 모델과 동일 optimizer ablation을 별도로 수행한다.
      refs: YOLOX_PAPER, YOLO11_MODEL, ULTRALYTICS_SOURCE
R02   transfer_learning                  COCO pretrained, no user-...       ENGINEERING_BASELINE               
      현재 train 1,500장의 소규모 custom dataset에서 수렴 안정성과 시간을 확보하되, COCO와 전자부품 domain 차이에 대응하도록 framework가 trainable로
      정의한 backbone/head weight를 학습한다. Ultralytics의 always-frozen DFL projection처럼 고정된 parameter는 manifest에 기록한다.
      adjustment: overfitting이 확인되면 frozen-backbone ablation을 추가한다.
      refs: YOLOX_REPO, ULTRALYTICS_TRAIN
R03   image_size                         640 x 640 fixed                    ENGINEERING_BASELINE               
      두 모델의 입력 조건을 같게 하고 RTX 5060 Laptop 8 GB에서 batch 8을 유지하기 위한 1차 기준이다. YOLOX/YOLO11 공식 표에도 640 결과가 있으나 소형 칩
      최적 해상도라는 뜻은 아니다.
      adjustment: resize 후 객체 크기 분포와 AP_small을 본 뒤 960/1280 또는 tiling을 비교한다.
      refs: YOLOX_PAPER, YOLO11_MODEL, SAHI_PAPER
R04   batch_size                         micro-batch 8                      HARDWARE_DERIVED                   
      두 모델이 현재 8 GB GPU에서 공통으로 실행 가능한 micro-batch다. YOLO11은 nbs=64로 gradient accumulation을 사용하고 YOLOX는 batch 8마다
      step하므로 effective batch는 같지 않다.
      adjustment: resolved accumulation과 optimizer group을 매 run 기록하며 순수 optimizer 비교로 해석하지 않는다.
      refs: ULTRALYTICS_SOURCE, YOLOX_PAPER
R05   epochs                             100                                TO_TUNE                            
      pretrained custom-data 1차 비교를 위한 동일 epoch/data-exposure budget이다. 두 모델의 FLOPs와 optimizer step 수가 달라 동일
      compute budget은 아니다. YOLOX COCO scratch 논문의 300 epochs를 재현하는 값이 아니며 최적 epoch라는 보장도 없다.
      adjustment: validation AP plateau, overfitting gap과 loss curve를 보고 동일 규칙으로 연장한다.
      refs: ULTRALYTICS_TRAIN, YOLOX_PAPER
R06   seeds                              42, 43, 44                         ENGINEERING_BASELINE               
      단일 운 좋은 run을 피하고 mean ± sample SD를 제시하기 위한 최소 반복이다.
      adjustment: 모델 차이가 run 간 표준편차와 비슷하면 5회 이상으로 늘린다.
      refs: PYTORCH_REPRO
R07   mixed_precision                    AMP enabled                        UPSTREAM_SUPPORTED                 
      메모리와 시간을 줄여 동일 GPU에서 학습하며 NaN/overflow와 실제 precision mode를 기록한다.
      adjustment: 수치 불안정 또는 NaN 발생 시 동일 조건의 FP32 검증 run을 수행한다.
      refs: MIXED_PRECISION_PAPER, PYTORCH_AMP
R08   yolox_optimizer                    SGD Nesterov,...                   PAPER_AND_PINNED_SOURCE_DERIVED_WIT
      YOLOX 원 논문의 SGD/momentum/weight decay와 linear LR scaling, 고정 source의 Nesterov 구현을 따른다. batch 8의
      nominal/base LR은 0.00125이며 실제 warmup은 0에서 시작한다.
      adjustment: 본 baseline 후 optimizer/LR 변경은 별도 protocol ID로 분리한다.
      refs: YOLOX_PAPER, YOLOX_SOURCE
R09   yolox_small_model_augmentation     MixUp off, Mosaic scale...         PAPER_DERIVED_AUGMENTATION_WITH_PRO
      YOLOX 논문은 S/Tiny/Nano에서 MixUp 제거와 Mosaic scale 0.5..1.5를 보고했다. 논문의 300 epochs 중 final no-aug 15 epochs와 달리
      현재 10 epochs는 100-epoch transfer baseline의 프로젝트 변경값이다.
      adjustment: 고정 카메라 SMD 데이터가 준비되면 weak/strong augmentation ablation을 수행한다.
      refs: YOLOX_PAPER
R10   yolo11_optimizer_and_augmentation  pinned Ultralytics v8.4.120...     UPSTREAM_DEFAULT_WITH_PROJECT_OVERR
      upstream optimizer 기본값은 auto다. 이 프로젝트는 버전별 자동 선택을 피하도록 SGD로 override하고, 나머지 관련 기본값은 v8.4.120 source에 고정해
      실제 적용값을 기록한다.
      adjustment: 모든 변경은 resolved config와 새 protocol ID로 기록한다.
      refs: ULTRALYTICS_DEFAULTS, ULTRALYTICS_AUGMENT
R11   primary_accuracy_metric            COCO AP50-95                       STANDARD_METRIC                    
      IoU 0.50..0.95를 0.05 간격으로 평균해 단일 느슨한 IoU 기준보다 위치 정확도를 엄격히 본다.
      adjustment: AP50, AP75, AP_small, AR100, P/R/F1, TP/FP/FN을 함께 보고한다.
      refs: COCO_PAPER, COCO_API
R12   prediction_and_operating_threshold floor=0.001, report...             ENGINEERING_BASELINE               
      낮은 prediction floor로 PR curve를 보존하고 두 framework에 같은 numeric threshold와 class-aware NMS를 적용한다. 서로 다른 class가
      겹쳐도 상호 억제하지 않으며, COCO AP/AR와 운영점 greedy matcher 모두 이미지당 score 상위 100개로 제한한다.
      adjustment: 배포 confidence와 pseudo-label threshold는 gold validation에서 목표 P/R로 산출한 뒤 test 전에 동결한다.
      refs: COCO_API, YOLOX_SOURCE, ULTRALYTICS_PREDICT
R13   leakage_safe_split                 pHash-connected condition...       DATA_AUDIT_DERIVED                 
      동일 rotation/x/y의 5개 반복 capture와 pHash 거리 4 이하 후보를 연결요소 단위로 묶어 split 사이에 같은 조건 또는 현재 검출된 근접중복 후보가 넘어가지 않게
      한다. 모델별 image 수는 train/val/test 500/65/60으로 유지한다.
      adjustment: 새 물리 보드와 새 촬영 session을 확보하면 physical_item/session 단위로 다시 분할한다.
      refs: MICROPCB_SOURCE, PYTORCH_REPRO
R14   windows_data_workers               0 (single-process loading)         HARDWARE_DERIVED                   
      현재 Windows laptop의 총 RAM은 15.12 GiB이고 학습 시작 전 가용 RAM이 약 3 GiB다. PyTorch 문서상 multi-process worker는 parent
      process의 Python object memory를 추가로 소비할 수 있으므로 장시간 6-run의 paging·worker crash 위험을 줄이기 위해 main process에서
      로드한다. 이 값은 optimizer나 정확도 정의가 아니라 데이터 공급 방식이며 두 모델에 동일하게 적용한다.
      adjustment: 전용 RAM이 충분한 장비에서는 workers 1/2 처리량 pilot 후 새 campaign ID로 조정한다.
      refs: PYTORCH_DATA
NOTICE: cited defaults are starting points, not proof that they are optimal for MCU/SMD data.

Protocol evidence artifacts: <PROJECT_ROOT>\runs\benchmarks\micropcb_rpi_phash_component_bootstrap_v2_full_e100_b8_i640_w0_s42-43-44_p02facd21ef_dbea2fbaddc_cb773706267\yolox_s_seed43

COMMAND (notice: -o/--occupy is intentionally absent)
<PROJECT_ROOT>\.venv-yolox\Scripts\python.exe -m yolox.tools.train -f <PROJECT_ROOT>\configs\yolox_s_micropcb.py -d 1 -b 8 -c <PROJECT_ROOT>\weights\pretrained\yolox_s.pth -expn yolox_s_seed43 --fp16
<PROJECT_ROOT>\.deps\YOLOX\tools\train.py:106: UserWarning: You have chosen to seed training. This will turn on the CUDNN deterministic setting, which can slow down your training considerably! You may see unexpected behavior when restarting from checkpoints.
  warnings.warn(
<PROJECT_ROOT>\.deps\YOLOX\yolox\core\trainer.py:47: FutureWarning: `torch.cuda.amp.GradScaler(args...)` is deprecated. Please use `torch.amp.GradScaler('cuda', args...)` instead.
  self.scaler = torch.cuda.amp.GradScaler(enabled=args.fp16)
2026-08-18 10:10:26 | INFO     | yolox.core.trainer:132 - args: Namespace(experiment_name='yolox_s_seed43', name=None, dist_backend='nccl', dist_url=None, batch_size=8, devices=1, exp_file='<PROJECT_ROOT>\\configs\\yolox_s_micropcb.py', resume=False, ckpt='<PROJECT_ROOT>\\weights\\pretrained\\yolox_s.pth', start_epoch=None, num_machines=1, machine_rank=0, fp16=True, cache=None, occupy=False, logger='tensorboard', opts=[])
2026-08-18 10:10:26 | INFO     | yolox.core.trainer:133 - exp value:
╒═══════════════════╤═══════════════════════════════════════════════════════════════════════════════════════════════════════════════════════════════════════════════════════════════════════════╕
│ keys              │ values                                                                                                                                                                    │
╞═══════════════════╪═══════════════════════════════════════════════════════════════════════════════════════════════════════════════════════════════════════════════════════════════════════════╡
│ seed              │ 43                                                                                                                                                                        │
├───────────────────┼───────────────────────────────────────────────────────────────────────────────────────────────────────────────────────────────────────────────────────────────────────────┤
│ output_dir        │ '<PROJECT_ROOT>\\runs\\benchmarks\\micropcb_rpi_phash_component_bootstrap_v2_full_e100_b8_i640_w0_s42-43-44_p02facd21ef_dbea2fbaddc_cb773706267' │
├───────────────────┼───────────────────────────────────────────────────────────────────────────────────────────────────────────────────────────────────────────────────────────────────────────┤
│ print_interval    │ 10                                                                                                                                                                        │
├───────────────────┼───────────────────────────────────────────────────────────────────────────────────────────────────────────────────────────────────────────────────────────────────────────┤
│ eval_interval     │ 1                                                                                                                                                                         │
├───────────────────┼───────────────────────────────────────────────────────────────────────────────────────────────────────────────────────────────────────────────────────────────────────────┤
│ dataset           │ None                                                                                                                                                                      │
├───────────────────┼───────────────────────────────────────────────────────────────────────────────────────────────────────────────────────────────────────────────────────────────────────────┤
│ num_classes       │ 1                                                                                                                                                                         │
├───────────────────┼───────────────────────────────────────────────────────────────────────────────────────────────────────────────────────────────────────────────────────────────────────────┤
│ depth             │ 0.33                                                                                                                                                                      │
├───────────────────┼───────────────────────────────────────────────────────────────────────────────────────────────────────────────────────────────────────────────────────────────────────────┤
│ width             │ 0.5                                                                                                                                                                       │
├───────────────────┼───────────────────────────────────────────────────────────────────────────────────────────────────────────────────────────────────────────────────────────────────────────┤
│ act               │ 'silu'                                                                                                                                                                    │
├───────────────────┼───────────────────────────────────────────────────────────────────────────────────────────────────────────────────────────────────────────────────────────────────────────┤
│ data_num_workers  │ 0                                                                                                                                                                         │
├───────────────────┼───────────────────────────────────────────────────────────────────────────────────────────────────────────────────────────────────────────────────────────────────────────┤
│ input_size        │ (640, 640)                                                                                                                                                                │
├───────────────────┼───────────────────────────────────────────────────────────────────────────────────────────────────────────────────────────────────────────────────────────────────────────┤
│ multiscale_range  │ 0                                                                                                                                                                         │
├───────────────────┼───────────────────────────────────────────────────────────────────────────────────────────────────────────────────────────────────────────────────────────────────────────┤
│ data_dir          │ '<PROJECT_ROOT>\\data\\processed\\micropcb_rpi_phash_v2_coco'                                                                                    │
├───────────────────┼───────────────────────────────────────────────────────────────────────────────────────────────────────────────────────────────────────────────────────────────────────────┤
│ train_ann         │ 'instances_train2017.json'                                                                                                                                                │
├───────────────────┼───────────────────────────────────────────────────────────────────────────────────────────────────────────────────────────────────────────────────────────────────────────┤
│ val_ann           │ 'instances_val2017.json'                                                                                                                                                  │
├───────────────────┼───────────────────────────────────────────────────────────────────────────────────────────────────────────────────────────────────────────────────────────────────────────┤
│ test_ann          │ 'instances_test2017.json'                                                                                                                                                 │
├───────────────────┼───────────────────────────────────────────────────────────────────────────────────────────────────────────────────────────────────────────────────────────────────────────┤
│ mosaic_prob       │ 1.0                                                                                                                                                                       │
├───────────────────┼───────────────────────────────────────────────────────────────────────────────────────────────────────────────────────────────────────────────────────────────────────────┤
│ mixup_prob        │ 1.0                                                                                                                                                                       │
├───────────────────┼───────────────────────────────────────────────────────────────────────────────────────────────────────────────────────────────────────────────────────────────────────────┤
│ hsv_prob          │ 1.0                                                                                                                                                                       │
├───────────────────┼───────────────────────────────────────────────────────────────────────────────────────────────────────────────────────────────────────────────────────────────────────────┤
│ flip_prob         │ 0.5                                                                                                                                                                       │
├───────────────────┼───────────────────────────────────────────────────────────────────────────────────────────────────────────────────────────────────────────────────────────────────────────┤
│ degrees           │ 10.0                                                                                                                                                                      │
├───────────────────┼───────────────────────────────────────────────────────────────────────────────────────────────────────────────────────────────────────────────────────────────────────────┤
│ translate         │ 0.1                                                                                                                                                                       │
├───────────────────┼───────────────────────────────────────────────────────────────────────────────────────────────────────────────────────────────────────────────────────────────────────────┤
│ mosaic_scale      │ (0.5, 1.5)                                                                                                                                                                │
├───────────────────┼───────────────────────────────────────────────────────────────────────────────────────────────────────────────────────────────────────────────────────────────────────────┤
│ enable_mixup      │ False                                                                                                                                                                     │
├───────────────────┼───────────────────────────────────────────────────────────────────────────────────────────────────────────────────────────────────────────────────────────────────────────┤
│ mixup_scale       │ (0.5, 1.5)                                                                                                                                                                │
├───────────────────┼───────────────────────────────────────────────────────────────────────────────────────────────────────────────────────────────────────────────────────────────────────────┤
│ shear             │ 2.0                                                                                                                                                                       │
├───────────────────┼───────────────────────────────────────────────────────────────────────────────────────────────────────────────────────────────────────────────────────────────────────────┤
│ warmup_epochs     │ 5                                                                                                                                                                         │
├───────────────────┼───────────────────────────────────────────────────────────────────────────────────────────────────────────────────────────────────────────────────────────────────────────┤
│ max_epoch         │ 100                                                                                                                                                                       │
├───────────────────┼───────────────────────────────────────────────────────────────────────────────────────────────────────────────────────────────────────────────────────────────────────────┤
│ warmup_lr         │ 0                                                                                                                                                                         │
├───────────────────┼───────────────────────────────────────────────────────────────────────────────────────────────────────────────────────────────────────────────────────────────────────────┤
│ min_lr_ratio      │ 0.05                                                                                                                                                                      │
├───────────────────┼───────────────────────────────────────────────────────────────────────────────────────────────────────────────────────────────────────────────────────────────────────────┤
│ basic_lr_per_img  │ 0.00015625                                                                                                                                                                │
├───────────────────┼───────────────────────────────────────────────────────────────────────────────────────────────────────────────────────────────────────────────────────────────────────────┤
│ scheduler         │ 'yoloxwarmcos'                                                                                                                                                            │
├───────────────────┼───────────────────────────────────────────────────────────────────────────────────────────────────────────────────────────────────────────────────────────────────────────┤
│ no_aug_epochs     │ 10                                                                                                                                                                        │
├───────────────────┼───────────────────────────────────────────────────────────────────────────────────────────────────────────────────────────────────────────────────────────────────────────┤
│ ema               │ True                                                                                                                                                                      │
├───────────────────┼───────────────────────────────────────────────────────────────────────────────────────────────────────────────────────────────────────────────────────────────────────────┤
│ weight_decay      │ 0.0005                                                                                                                                                                    │
├───────────────────┼───────────────────────────────────────────────────────────────────────────────────────────────────────────────────────────────────────────────────────────────────────────┤
│ momentum          │ 0.9                                                                                                                                                                       │
├───────────────────┼───────────────────────────────────────────────────────────────────────────────────────────────────────────────────────────────────────────────────────────────────────────┤
│ save_history_ckpt │ False                                                                                                                                                                     │
├───────────────────┼───────────────────────────────────────────────────────────────────────────────────────────────────────────────────────────────────────────────────────────────────────────┤
│ exp_name          │ 'yolox_s_micropcb'                                                                                                                                                        │
├───────────────────┼───────────────────────────────────────────────────────────────────────────────────────────────────────────────────────────────────────────────────────────────────────────┤
│ test_size         │ (640, 640)                                                                                                                                                                │
├───────────────────┼───────────────────────────────────────────────────────────────────────────────────────────────────────────────────────────────────────────────────────────────────────────┤
│ test_conf         │ 0.001                                                                                                                                                                     │
├───────────────────┼───────────────────────────────────────────────────────────────────────────────────────────────────────────────────────────────────────────────────────────────────────────┤
│ nmsthre           │ 0.65                                                                                                                                                                      │
╘═══════════════════╧═══════════════════════════════════════════════════════════════════════════════════════════════════════════════════════════════════════════════════════════════════════════╛
2026-08-18 10:10:26 | INFO     | yolox.core.trainer:138 - Model Summary: Params: 8.94M, Gflops: 26.76
2026-08-18 10:10:26 | INFO     | yolox.core.trainer:338 - loading checkpoint for fine tuning
2026-08-18 10:10:27 | WARNING  | yolox.utils.checkpoint:24 - Shape of head.cls_preds.0.weight in checkpoint is torch.Size([80, 128, 1, 1]), while shape of head.cls_preds.0.weight in model is torch.Size([1, 128, 1, 1]).
2026-08-18 10:10:27 | WARNING  | yolox.utils.checkpoint:24 - Shape of head.cls_preds.0.bias in checkpoint is torch.Size([80]), while shape of head.cls_preds.0.bias in model is torch.Size([1]).
2026-08-18 10:10:27 | WARNING  | yolox.utils.checkpoint:24 - Shape of head.cls_preds.1.weight in checkpoint is torch.Size([80, 128, 1, 1]), while shape of head.cls_preds.1.weight in model is torch.Size([1, 128, 1, 1]).
2026-08-18 10:10:27 | WARNING  | yolox.utils.checkpoint:24 - Shape of head.cls_preds.1.bias in checkpoint is torch.Size([80]), while shape of head.cls_preds.1.bias in model is torch.Size([1]).
2026-08-18 10:10:27 | WARNING  | yolox.utils.checkpoint:24 - Shape of head.cls_preds.2.weight in checkpoint is torch.Size([80, 128, 1, 1]), while shape of head.cls_preds.2.weight in model is torch.Size([1, 128, 1, 1]).
2026-08-18 10:10:27 | WARNING  | yolox.utils.checkpoint:24 - Shape of head.cls_preds.2.bias in checkpoint is torch.Size([80]), while shape of head.cls_preds.2.bias in model is torch.Size([1]).
2026-08-18 10:10:27 | INFO     | yolox.data.datasets.coco:63 - loading annotations into memory...
2026-08-18 10:10:27 | INFO     | yolox.data.datasets.coco:63 - Done (t=0.00s)
2026-08-18 10:10:27 | INFO     | pycocotools.coco:86 - creating index...
2026-08-18 10:10:27 | INFO     | pycocotools.coco:86 - index created!
2026-08-18 10:10:27 | INFO     | yolox.core.trainer:157 - init prefetcher, this might take one minute or less...
2026-08-18 10:10:28 | INFO     | yolox.data.datasets.coco:63 - loading annotations into memory...
2026-08-18 10:10:28 | INFO     | yolox.data.datasets.coco:63 - Done (t=0.00s)
2026-08-18 10:10:28 | INFO     | pycocotools.coco:86 - creating index...
2026-08-18 10:10:28 | INFO     | pycocotools.coco:86 - index created!
2026-08-18 10:10:28 | INFO     | yolox.core.trainer:196 - Training start...
2026-08-18 10:10:28 | INFO     | yolox.core.trainer:197 - 
YOLOX(
  (backbone): YOLOPAFPN(
    (backbone): CSPDarknet(
      (stem): Focus(
        (conv): BaseConv(
          (conv): Conv2d(12, 32, kernel_size=(3, 3), stride=(1, 1), padding=(1, 1), bias=False)
          (bn): BatchNorm2d(32, eps=0.001, momentum=0.03, affine=True, bias=True, track_running_stats=True)
          (act): SiLU(inplace=True)
        )
      )
      (dark2): Sequential(
        (0): BaseConv(
          (conv): Conv2d(32, 64, kernel_size=(3, 3), stride=(2, 2), padding=(1, 1), bias=False)
          (bn): BatchNorm2d(64, eps=0.001, momentum=0.03, affine=True, bias=True, track_running_stats=True)
          (act): SiLU(inplace=True)
        )
        (1): CSPLayer(
          (conv1): BaseConv(
            (conv): Conv2d(64, 32, kernel_size=(1, 1), stride=(1, 1), bias=False)
            (bn): BatchNorm2d(32, eps=0.001, momentum=0.03, affine=True, bias=True, track_running_stats=True)
            (act): SiLU(inplace=True)
          )
          (conv2): BaseConv(
            (conv): Conv2d(64, 32, kernel_size=(1, 1), stride=(1, 1), bias=False)
            (bn): BatchNorm2d(32, eps=0.001, momentum=0.03, affine=True, bias=True, track_running_stats=True)
            (act): SiLU(inplace=True)
          )
          (conv3): BaseConv(
            (conv): Conv2d(64, 64, kernel_size=(1, 1), stride=(1, 1), bias=False)
            (bn): BatchNorm2d(64, eps=0.001, momentum=0.03, affine=True, bias=True, track_running_stats=True)
            (act): SiLU(inplace=True)
          )
          (m): Sequential(
            (0): Bottleneck(
              (conv1): BaseConv(
                (conv): Conv2d(32, 32, kernel_size=(1, 1), stride=(1, 1), bias=False)
                (bn): BatchNorm2d(32, eps=0.001, momentum=0.03, affine=True, bias=True, track_running_stats=True)
                (act): SiLU(inplace=True)
              )
              (conv2): BaseConv(
                (conv): Conv2d(32, 32, kernel_size=(3, 3), stride=(1, 1), padding=(1, 1), bias=False)
                (bn): BatchNorm2d(32, eps=0.001, momentum=0.03, affine=True, bias=True, track_running_stats=True)
                (act): SiLU(inplace=True)
              )
            )
          )
        )
      )
      (dark3): Sequential(
        (0): BaseConv(
          (conv): Conv2d(64, 128, kernel_size=(3, 3), stride=(2, 2), padding=(1, 1), bias=False)
          (bn): BatchNorm2d(128, eps=0.001, momentum=0.03, affine=True, bias=True, track_running_stats=True)
          (act): SiLU(inplace=True)
        )
        (1): CSPLayer(
          (conv1): BaseConv(
            (conv): Conv2d(128, 64, kernel_size=(1, 1), stride=(1, 1), bias=False)
            (bn): BatchNorm2d(64, eps=0.001, momentum=0.03, affine=True, bias=True, track_running_stats=True)
            (act): SiLU(inplace=True)
          )
          (conv2): BaseConv(
            (conv): Conv2d(128, 64, kernel_size=(1, 1), stride=(1, 1), bias=False)
            (bn): BatchNorm2d(64, eps=0.001, momentum=0.03, affine=True, bias=True, track_running_stats=True)
            (act): SiLU(inplace=True)
          )
          (conv3): BaseConv(
            (conv): Conv2d(128, 128, kernel_size=(1, 1), stride=(1, 1), bias=False)
            (bn): BatchNorm2d(128, eps=0.001, momentum=0.03, affine=True, bias=True, track_running_stats=True)
            (act): SiLU(inplace=True)
          )
          (m): Sequential(
            (0): Bottleneck(
              (conv1): BaseConv(
                (conv): Conv2d(64, 64, kernel_size=(1, 1), stride=(1, 1), bias=False)
                (bn): BatchNorm2d(64, eps=0.001, momentum=0.03, affine=True, bias=True, track_running_stats=True)
                (act): SiLU(inplace=True)
              )
              (conv2): BaseConv(
                (conv): Conv2d(64, 64, kernel_size=(3, 3), stride=(1, 1), padding=(1, 1), bias=False)
                (bn): BatchNorm2d(64, eps=0.001, momentum=0.03, affine=True, bias=True, track_running_stats=True)
                (act): SiLU(inplace=True)
              )
            )
            (1): Bottleneck(
              (conv1): BaseConv(
                (conv): Conv2d(64, 64, kernel_size=(1, 1), stride=(1, 1), bias=False)
                (bn): BatchNorm2d(64, eps=0.001, momentum=0.03, affine=True, bias=True, track_running_stats=True)
                (act): SiLU(inplace=True)
              )
              (conv2): BaseConv(
                (conv): Conv2d(64, 64, kernel_size=(3, 3), stride=(1, 1), padding=(1, 1), bias=False)
                (bn): BatchNorm2d(64, eps=0.001, momentum=0.03, affine=True, bias=True, track_running_stats=True)
                (act): SiLU(inplace=True)
              )
            )
            (2): Bottleneck(
              (conv1): BaseConv(
                (conv): Conv2d(64, 64, kernel_size=(1, 1), stride=(1, 1), bias=False)
                (bn): BatchNorm2d(64, eps=0.001, momentum=0.03, affine=True, bias=True, track_running_stats=True)
                (act): SiLU(inplace=True)
              )
              (conv2): BaseConv(
                (conv): Conv2d(64, 64, kernel_size=(3, 3), stride=(1, 1), padding=(1, 1), bias=False)
                (bn): BatchNorm2d(64, eps=0.001, momentum=0.03, affine=True, bias=True, track_running_stats=True)
                (act): SiLU(inplace=True)
              )
            )
          )
        )
      )
      (dark4): Sequential(
        (0): BaseConv(
          (conv): Conv2d(128, 256, kernel_size=(3, 3), stride=(2, 2), padding=(1, 1), bias=False)
          (bn): BatchNorm2d(256, eps=0.001, momentum=0.03, affine=True, bias=True, track_running_stats=True)
          (act): SiLU(inplace=True)
        )
        (1): CSPLayer(
          (conv1): BaseConv(
            (conv): Conv2d(256, 128, kernel_size=(1, 1), stride=(1, 1), bias=False)
            (bn): BatchNorm2d(128, eps=0.001, momentum=0.03, affine=True, bias=True, track_running_stats=True)
            (act): SiLU(inplace=True)
          )
          (conv2): BaseConv(
            (conv): Conv2d(256, 128, kernel_size=(1, 1), stride=(1, 1), bias=False)
            (bn): BatchNorm2d(128, eps=0.001, momentum=0.03, affine=True, bias=True, track_running_stats=True)
            (act): SiLU(inplace=True)
          )
          (conv3): BaseConv(
            (conv): Conv2d(256, 256, kernel_size=(1, 1), stride=(1, 1), bias=False)
            (bn): BatchNorm2d(256, eps=0.001, momentum=0.03, affine=True, bias=True, track_running_stats=True)
            (act): SiLU(inplace=True)
          )
          (m): Sequential(
            (0): Bottleneck(
              (conv1): BaseConv(
                (conv): Conv2d(128, 128, kernel_size=(1, 1), stride=(1, 1), bias=False)
                (bn): BatchNorm2d(128, eps=0.001, momentum=0.03, affine=True, bias=True, track_running_stats=True)
                (act): SiLU(inplace=True)
              )
              (conv2): BaseConv(
                (conv): Conv2d(128, 128, kernel_size=(3, 3), stride=(1, 1), padding=(1, 1), bias=False)
                (bn): BatchNorm2d(128, eps=0.001, momentum=0.03, affine=True, bias=True, track_running_stats=True)
                (act): SiLU(inplace=True)
              )
            )
            (1): Bottleneck(
              (conv1): BaseConv(
                (conv): Conv2d(128, 128, kernel_size=(1, 1), stride=(1, 1), bias=False)
                (bn): BatchNorm2d(128, eps=0.001, momentum=0.03, affine=True, bias=True, track_running_stats=True)
                (act): SiLU(inplace=True)
              )
              (conv2): BaseConv(
                (conv): Conv2d(128, 128, kernel_size=(3, 3), stride=(1, 1), padding=(1, 1), bias=False)
                (bn): BatchNorm2d(128, eps=0.001, momentum=0.03, affine=True, bias=True, track_running_stats=True)
                (act): SiLU(inplace=True)
              )
            )
            (2): Bottleneck(
              (conv1): BaseConv(
                (conv): Conv2d(128, 128, kernel_size=(1, 1), stride=(1, 1), bias=False)
                (bn): BatchNorm2d(128, eps=0.001, momentum=0.03, affine=True, bias=True, track_running_stats=True)
                (act): SiLU(inplace=True)
              )
              (conv2): BaseConv(
                (conv): Conv2d(128, 128, kernel_size=(3, 3), stride=(1, 1), padding=(1, 1), bias=False)
                (bn): BatchNorm2d(128, eps=0.001, momentum=0.03, affine=True, bias=True, track_running_stats=True)
                (act): SiLU(inplace=True)
              )
            )
          )
        )
      )
      (dark5): Sequential(
        (0): BaseConv(
          (conv): Conv2d(256, 512, kernel_size=(3, 3), stride=(2, 2), padding=(1, 1), bias=False)
          (bn): BatchNorm2d(512, eps=0.001, momentum=0.03, affine=True, bias=True, track_running_stats=True)
          (act): SiLU(inplace=True)
        )
        (1): SPPBottleneck(
          (conv1): BaseConv(
            (conv): Conv2d(512, 256, kernel_size=(1, 1), stride=(1, 1), bias=False)
            (bn): BatchNorm2d(256, eps=0.001, momentum=0.03, affine=True, bias=True, track_running_stats=True)
            (act): SiLU(inplace=True)
          )
          (m): ModuleList(
            (0): MaxPool2d(kernel_size=5, stride=1, padding=2, dilation=1, ceil_mode=False)
            (1): MaxPool2d(kernel_size=9, stride=1, padding=4, dilation=1, ceil_mode=False)
            (2): MaxPool2d(kernel_size=13, stride=1, padding=6, dilation=1, ceil_mode=False)
          )
          (conv2): BaseConv(
            (conv): Conv2d(1024, 512, kernel_size=(1, 1), stride=(1, 1), bias=False)
            (bn): BatchNorm2d(512, eps=0.001, momentum=0.03, affine=True, bias=True, track_running_stats=True)
            (act): SiLU(inplace=True)
          )
        )
        (2): CSPLayer(
          (conv1): BaseConv(
            (conv): Conv2d(512, 256, kernel_size=(1, 1), stride=(1, 1), bias=False)
            (bn): BatchNorm2d(256, eps=0.001, momentum=0.03, affine=True, bias=True, track_running_stats=True)
            (act): SiLU(inplace=True)
          )
          (conv2): BaseConv(
            (conv): Conv2d(512, 256, kernel_size=(1, 1), stride=(1, 1), bias=False)
            (bn): BatchNorm2d(256, eps=0.001, momentum=0.03, affine=True, bias=True, track_running_stats=True)
            (act): SiLU(inplace=True)
          )
          (conv3): BaseConv(
            (conv): Conv2d(512, 512, kernel_size=(1, 1), stride=(1, 1), bias=False)
            (bn): BatchNorm2d(512, eps=0.001, momentum=0.03, affine=True, bias=True, track_running_stats=True)
            (act): SiLU(inplace=True)
          )
          (m): Sequential(
            (0): Bottleneck(
              (conv1): BaseConv(
                (conv): Conv2d(256, 256, kernel_size=(1, 1), stride=(1, 1), bias=False)
                (bn): BatchNorm2d(256, eps=0.001, momentum=0.03, affine=True, bias=True, track_running_stats=True)
                (act): SiLU(inplace=True)
              )
              (conv2): BaseConv(
                (conv): Conv2d(256, 256, kernel_size=(3, 3), stride=(1, 1), padding=(1, 1), bias=False)
                (bn): BatchNorm2d(256, eps=0.001, momentum=0.03, affine=True, bias=True, track_running_stats=True)
                (act): SiLU(inplace=True)
              )
            )
          )
        )
      )
    )
    (upsample): Upsample(scale_factor=2.0, mode='nearest')
    (lateral_conv0): BaseConv(
      (conv): Conv2d(512, 256, kernel_size=(1, 1), stride=(1, 1), bias=False)
      (bn): BatchNorm2d(256, eps=0.001, momentum=0.03, affine=True, bias=True, track_running_stats=True)
      (act): SiLU(inplace=True)
    )
    (C3_p4): CSPLayer(
      (conv1): BaseConv(
        (conv): Conv2d(512, 128, kernel_size=(1, 1), stride=(1, 1), bias=False)
        (bn): BatchNorm2d(128, eps=0.001, momentum=0.03, affine=True, bias=True, track_running_stats=True)
        (act): SiLU(inplace=True)
      )
      (conv2): BaseConv(
        (conv): Conv2d(512, 128, kernel_size=(1, 1), stride=(1, 1), bias=False)
        (bn): BatchNorm2d(128, eps=0.001, momentum=0.03, affine=True, bias=True, track_running_stats=True)
        (act): SiLU(inplace=True)
      )
      (conv3): BaseConv(
        (conv): Conv2d(256, 256, kernel_size=(1, 1), stride=(1, 1), bias=False)
        (bn): BatchNorm2d(256, eps=0.001, momentum=0.03, affine=True, bias=True, track_running_stats=True)
        (act): SiLU(inplace=True)
      )
      (m): Sequential(
        (0): Bottleneck(
          (conv1): BaseConv(
            (conv): Conv2d(128, 128, kernel_size=(1, 1), stride=(1, 1), bias=False)
            (bn): BatchNorm2d(128, eps=0.001, momentum=0.03, affine=True, bias=True, track_running_stats=True)
            (act): SiLU(inplace=True)
          )
          (conv2): BaseConv(
            (conv): Conv2d(128, 128, kernel_size=(3, 3), stride=(1, 1), padding=(1, 1), bias=False)
            (bn): BatchNorm2d(128, eps=0.001, momentum=0.03, affine=True, bias=True, track_running_stats=True)
            (act): SiLU(inplace=True)
          )
        )
      )
    )
    (reduce_conv1): BaseConv(
      (conv): Conv2d(256, 128, kernel_size=(1, 1), stride=(1, 1), bias=False)
      (bn): BatchNorm2d(128, eps=0.001, momentum=0.03, affine=True, bias=True, track_running_stats=True)
      (act): SiLU(inplace=True)
    )
    (C3_p3): CSPLayer(
      (conv1): BaseConv(
        (conv): Conv2d(256, 64, kernel_size=(1, 1), stride=(1, 1), bias=False)
        (bn): BatchNorm2d(64, eps=0.001, momentum=0.03, affine=True, bias=True, track_running_stats=True)
        (act): SiLU(inplace=True)
      )
      (conv2): BaseConv(
        (conv): Conv2d(256, 64, kernel_size=(1, 1), stride=(1, 1), bias=False)
        (bn): BatchNorm2d(64, eps=0.001, momentum=0.03, affine=True, bias=True, track_running_stats=True)
        (act): SiLU(inplace=True)
      )
      (conv3): BaseConv(
        (conv): Conv2d(128, 128, kernel_size=(1, 1), stride=(1, 1), bias=False)
        (bn): BatchNorm2d(128, eps=0.001, momentum=0.03, affine=True, bias=True, track_running_stats=True)
        (act): SiLU(inplace=True)
      )
      (m): Sequential(
        (0): Bottleneck(
          (conv1): BaseConv(
            (conv): Conv2d(64, 64, kernel_size=(1, 1), stride=(1, 1), bias=False)
            (bn): BatchNorm2d(64, eps=0.001, momentum=0.03, affine=True, bias=True, track_running_stats=True)
            (act): SiLU(inplace=True)
          )
          (conv2): BaseConv(
            (conv): Conv2d(64, 64, kernel_size=(3, 3), stride=(1, 1), padding=(1, 1), bias=False)
            (bn): BatchNorm2d(64, eps=0.001, momentum=0.03, affine=True, bias=True, track_running_stats=True)
            (act): SiLU(inplace=True)
          )
        )
      )
    )
    (bu_conv2): BaseConv(
      (conv): Conv2d(128, 128, kernel_size=(3, 3), stride=(2, 2), padding=(1, 1), bias=False)
      (bn): BatchNorm2d(128, eps=0.001, momentum=0.03, affine=True, bias=True, track_running_stats=True)
      (act): SiLU(inplace=True)
    )
    (C3_n3): CSPLayer(
      (conv1): BaseConv(
        (conv): Conv2d(256, 128, kernel_size=(1, 1), stride=(1, 1), bias=False)
        (bn): BatchNorm2d(128, eps=0.001, momentum=0.03, affine=True, bias=True, track_running_stats=True)
        (act): SiLU(inplace=True)
      )
      (conv2): BaseConv(
        (conv): Conv2d(256, 128, kernel_size=(1, 1), stride=(1, 1), bias=False)
        (bn): BatchNorm2d(128, eps=0.001, momentum=0.03, affine=True, bias=True, track_running_stats=True)
        (act): SiLU(inplace=True)
      )
      (conv3): BaseConv(
        (conv): Conv2d(256, 256, kernel_size=(1, 1), stride=(1, 1), bias=False)
        (bn): BatchNorm2d(256, eps=0.001, momentum=0.03, affine=True, bias=True, track_running_stats=True)
        (act): SiLU(inplace=True)
      )
      (m): Sequential(
        (0): Bottleneck(
          (conv1): BaseConv(
            (conv): Conv2d(128, 128, kernel_size=(1, 1), stride=(1, 1), bias=False)
            (bn): BatchNorm2d(128, eps=0.001, momentum=0.03, affine=True, bias=True, track_running_stats=True)
            (act): SiLU(inplace=True)
          )
          (conv2): BaseConv(
            (conv): Conv2d(128, 128, kernel_size=(3, 3), stride=(1, 1), padding=(1, 1), bias=False)
            (bn): BatchNorm2d(128, eps=0.001, momentum=0.03, affine=True, bias=True, track_running_stats=True)
            (act): SiLU(inplace=True)
          )
        )
      )
    )
    (bu_conv1): BaseConv(
      (conv): Conv2d(256, 256, kernel_size=(3, 3), stride=(2, 2), padding=(1, 1), bias=False)
      (bn): BatchNorm2d(256, eps=0.001, momentum=0.03, affine=True, bias=True, track_running_stats=True)
      (act): SiLU(inplace=True)
    )
    (C3_n4): CSPLayer(
      (conv1): BaseConv(
        (conv): Conv2d(512, 256, kernel_size=(1, 1), stride=(1, 1), bias=False)
        (bn): BatchNorm2d(256, eps=0.001, momentum=0.03, affine=True, bias=True, track_running_stats=True)
        (act): SiLU(inplace=True)
      )
      (conv2): BaseConv(
        (conv): Conv2d(512, 256, kernel_size=(1, 1), stride=(1, 1), bias=False)
        (bn): BatchNorm2d(256, eps=0.001, momentum=0.03, affine=True, bias=True, track_running_stats=True)
        (act): SiLU(inplace=True)
      )
      (conv3): BaseConv(
        (conv): Conv2d(512, 512, kernel_size=(1, 1), stride=(1, 1), bias=False)
        (bn): BatchNorm2d(512, eps=0.001, momentum=0.03, affine=True, bias=True, track_running_stats=True)
        (act): SiLU(inplace=True)
      )
      (m): Sequential(
        (0): Bottleneck(
          (conv1): BaseConv(
            (conv): Conv2d(256, 256, kernel_size=(1, 1), stride=(1, 1), bias=False)
            (bn): BatchNorm2d(256, eps=0.001, momentum=0.03, affine=True, bias=True, track_running_stats=True)
            (act): SiLU(inplace=True)
          )
          (conv2): BaseConv(
            (conv): Conv2d(256, 256, kernel_size=(3, 3), stride=(1, 1), padding=(1, 1), bias=False)
            (bn): BatchNorm2d(256, eps=0.001, momentum=0.03, affine=True, bias=True, track_running_stats=True)
            (act): SiLU(inplace=True)
          )
        )
      )
    )
  )
  (head): YOLOXHead(
    (cls_convs): ModuleList(
      (0-2): 3 x Sequential(
        (0): BaseConv(
          (conv): Conv2d(128, 128, kernel_size=(3, 3), stride=(1, 1), padding=(1, 1), bias=False)
          (bn): BatchNorm2d(128, eps=0.001, momentum=0.03, affine=True, bias=True, track_running_stats=True)
          (act): SiLU(inplace=True)
        )
        (1): BaseConv(
          (conv): Conv2d(128, 128, kernel_size=(3, 3), stride=(1, 1), padding=(1, 1), bias=False)
          (bn): BatchNorm2d(128, eps=0.001, momentum=0.03, affine=True, bias=True, track_running_stats=True)
          (act): SiLU(inplace=True)
        )
      )
    )
    (reg_convs): ModuleList(
      (0-2): 3 x Sequential(
        (0): BaseConv(
          (conv): Conv2d(128, 128, kernel_size=(3, 3), stride=(1, 1), padding=(1, 1), bias=False)
          (bn): BatchNorm2d(128, eps=0.001, momentum=0.03, affine=True, bias=True, track_running_stats=True)
          (act): SiLU(inplace=True)
        )
        (1): BaseConv(
          (conv): Conv2d(128, 128, kernel_size=(3, 3), stride=(1, 1), padding=(1, 1), bias=False)
          (bn): BatchNorm2d(128, eps=0.001, momentum=0.03, affine=True, bias=True, track_running_stats=True)
          (act): SiLU(inplace=True)
        )
      )
    )
    (cls_preds): ModuleList(
      (0-2): 3 x Conv2d(128, 1, kernel_size=(1, 1), stride=(1, 1))
    )
    (reg_preds): ModuleList(
      (0-2): 3 x Conv2d(128, 4, kernel_size=(1, 1), stride=(1, 1))
    )
    (obj_preds): ModuleList(
      (0-2): 3 x Conv2d(128, 1, kernel_size=(1, 1), stride=(1, 1))
    )
    (stems): ModuleList(
      (0): BaseConv(
        (conv): Conv2d(128, 128, kernel_size=(1, 1), stride=(1, 1), bias=False)
        (bn): BatchNorm2d(128, eps=0.001, momentum=0.03, affine=True, bias=True, track_running_stats=True)
        (act): SiLU(inplace=True)
      )
      (1): BaseConv(
        (conv): Conv2d(256, 128, kernel_size=(1, 1), stride=(1, 1), bias=False)
        (bn): BatchNorm2d(128, eps=0.001, momentum=0.03, affine=True, bias=True, track_running_stats=True)
        (act): SiLU(inplace=True)
      )
      (2): BaseConv(
        (conv): Conv2d(512, 128, kernel_size=(1, 1), stride=(1, 1), bias=False)
        (bn): BatchNorm2d(128, eps=0.001, momentum=0.03, affine=True, bias=True, track_running_stats=True)
        (act): SiLU(inplace=True)
      )
    )
    (l1_loss): L1Loss()
    (bcewithlog_loss): BCEWithLogitsLoss()
    (iou_loss): IOUloss()
  )
)

YOLOX RESOLVED TRAINING DETAILS
========================================================================
parameters: 8937682
trainable_parameters: 8937682
optimizer: SGD
optimizer_groups: [{"index": 0, "parameters": 11552, "lr": 0, "weight_decay": 0, "momentum": 0.9, "nesterov": true}, {"index": 1, "parameters": 8914560, "lr": 0, "weight_decay": 0.0005, "momentum": 0.9, "nesterov": true}, {"index": 2, "parameters": 11570, "lr": 0, "weight_decay": 0, "momentum": 0.9, "nesterov": true}]
resolved_batch_size: 8
steps_per_epoch: 188
amp: True
base_lr_for_batch: 0.00125
minimum_lr: 6.25e-05
2026-08-18 10:10:28 | INFO     | yolox.core.trainer:218 - ---> start train epoch1
<PROJECT_ROOT>\.deps\YOLOX\yolox\core\trainer.py:106: FutureWarning: `torch.cuda.amp.autocast(args...)` is deprecated. Please use `torch.amp.autocast('cuda', args...)` instead.
  with torch.cuda.amp.autocast(enabled=self.amp_training):
<PROJECT_ROOT>\.deps\YOLOX\yolox\models\yolo_head.py:474: FutureWarning: `torch.cuda.amp.autocast(args...)` is deprecated. Please use `torch.amp.autocast('cuda', args...)` instead.
  with torch.cuda.amp.autocast(enabled=False):
2026-08-18 10:10:47 | INFO     | yolox.core.trainer:270 - epoch: 1/100, iter: 10/188, gpu mem: 1716Mb, mem: 14.7Gb, iter_time: 1.882s, data_time: 0.932s, total_loss: 9.3, iou_loss: 2.1, l1_loss: 0.0, conf_loss: 3.5, cls_loss: 3.6, lr: 1.415e-07, size: 640, ETA: 9:49:15
2026-08-18 10:11:00 | INFO     | yolox.core.trainer:270 - epoch: 1/100, iter: 20/188, gpu mem: 1716Mb, mem: 13.7Gb, iter_time: 1.302s, data_time: 1.140s, total_loss: 9.6, iou_loss: 1.3, l1_loss: 0.0, conf_loss: 4.5, cls_loss: 3.7, lr: 5.659e-07, size: 640, ETA: 8:18:14
2026-08-18 10:11:13 | INFO     | yolox.core.trainer:270 - epoch: 1/100, iter: 30/188, gpu mem: 1716Mb, mem: 13.9Gb, iter_time: 1.370s, data_time: 1.221s, total_loss: 8.8, iou_loss: 1.6, l1_loss: 0.0, conf_loss: 4.0, cls_loss: 3.3, lr: 1.273e-06, size: 640, ETA: 7:54:50
2026-08-18 10:11:27 | INFO     | yolox.core.trainer:270 - epoch: 1/100, iter: 40/188, gpu mem: 1716Mb, mem: 13.2Gb, iter_time: 1.360s, data_time: 1.204s, total_loss: 7.1, iou_loss: 1.2, l1_loss: 0.0, conf_loss: 3.2, cls_loss: 2.6, lr: 2.263e-06, size: 640, ETA: 7:42:16
2026-08-18 10:11:41 | INFO     | yolox.core.trainer:270 - epoch: 1/100, iter: 50/188, gpu mem: 1716Mb, mem: 13.2Gb, iter_time: 1.433s, data_time: 1.288s, total_loss: 5.8, iou_loss: 1.6, l1_loss: 0.0, conf_loss: 2.7, cls_loss: 1.5, lr: 3.537e-06, size: 640, ETA: 7:39:09
2026-08-18 10:11:55 | INFO     | yolox.core.trainer:270 - epoch: 1/100, iter: 60/188, gpu mem: 1716Mb, mem: 13.2Gb, iter_time: 1.341s, data_time: 1.198s, total_loss: 5.3, iou_loss: 1.7, l1_loss: 0.0, conf_loss: 2.6, cls_loss: 1.0, lr: 5.093e-06, size: 640, ETA: 7:32:13
2026-08-18 10:12:05 | INFO     | yolox.core.trainer:270 - epoch: 1/100, iter: 70/188, gpu mem: 1716Mb, mem: 13.2Gb, iter_time: 1.056s, data_time: 0.903s, total_loss: 4.0, iou_loss: 1.3, l1_loss: 0.0, conf_loss: 1.9, cls_loss: 0.8, lr: 6.932e-06, size: 640, ETA: 7:14:30
2026-08-18 10:12:16 | INFO     | yolox.core.trainer:270 - epoch: 1/100, iter: 80/188, gpu mem: 1716Mb, mem: 13.5Gb, iter_time: 1.084s, data_time: 0.933s, total_loss: 4.9, iou_loss: 1.9, l1_loss: 0.0, conf_loss: 2.1, cls_loss: 0.9, lr: 9.054e-06, size: 640, ETA: 7:02:15
2026-08-18 10:12:27 | INFO     | yolox.core.trainer:270 - epoch: 1/100, iter: 90/188, gpu mem: 1716Mb, mem: 13.5Gb, iter_time: 1.095s, data_time: 0.939s, total_loss: 3.9, iou_loss: 1.6, l1_loss: 0.0, conf_loss: 1.6, cls_loss: 0.7, lr: 1.146e-05, size: 640, ETA: 6:53:05
2026-08-18 10:12:38 | INFO     | yolox.core.trainer:270 - epoch: 1/100, iter: 100/188, gpu mem: 1716Mb, mem: 13.6Gb, iter_time: 1.067s, data_time: 0.912s, total_loss: 3.5, iou_loss: 1.3, l1_loss: 0.0, conf_loss: 1.6, cls_loss: 0.6, lr: 1.415e-05, size: 640, ETA: 6:44:49
2026-08-18 10:12:47 | INFO     | yolox.core.trainer:270 - epoch: 1/100, iter: 110/188, gpu mem: 1716Mb, mem: 13.4Gb, iter_time: 0.961s, data_time: 0.810s, total_loss: 2.9, iou_loss: 1.2, l1_loss: 0.0, conf_loss: 1.2, cls_loss: 0.5, lr: 1.712e-05, size: 640, ETA: 6:35:02
2026-08-18 10:12:58 | INFO     | yolox.core.trainer:270 - epoch: 1/100, iter: 120/188, gpu mem: 1716Mb, mem: 13.6Gb, iter_time: 1.062s, data_time: 0.907s, total_loss: 3.4, iou_loss: 1.6, l1_loss: 0.0, conf_loss: 1.3, cls_loss: 0.6, lr: 2.037e-05, size: 640, ETA: 6:29:28
2026-08-18 10:13:09 | INFO     | yolox.core.trainer:270 - epoch: 1/100, iter: 130/188, gpu mem: 1716Mb, mem: 13.9Gb, iter_time: 1.143s, data_time: 0.981s, total_loss: 2.5, iou_loss: 1.0, l1_loss: 0.0, conf_loss: 1.0, cls_loss: 0.4, lr: 2.391e-05, size: 640, ETA: 6:26:41
2026-08-18 10:13:20 | INFO     | yolox.core.trainer:270 - epoch: 1/100, iter: 140/188, gpu mem: 1716Mb, mem: 13.7Gb, iter_time: 1.017s, data_time: 0.860s, total_loss: 2.6, iou_loss: 1.1, l1_loss: 0.0, conf_loss: 1.1, cls_loss: 0.4, lr: 2.773e-05, size: 640, ETA: 6:21:28
2026-08-18 10:13:34 | INFO     | yolox.core.trainer:270 - epoch: 1/100, iter: 150/188, gpu mem: 1716Mb, mem: 13.7Gb, iter_time: 1.422s, data_time: 1.271s, total_loss: 2.6, iou_loss: 1.2, l1_loss: 0.0, conf_loss: 1.0, cls_loss: 0.4, lr: 3.183e-05, size: 640, ETA: 6:25:19
2026-08-18 10:13:48 | INFO     | yolox.core.trainer:270 - epoch: 1/100, iter: 160/188, gpu mem: 1716Mb, mem: 13.8Gb, iter_time: 1.425s, data_time: 1.277s, total_loss: 1.9, iou_loss: 0.7, l1_loss: 0.0, conf_loss: 0.9, cls_loss: 0.3, lr: 3.622e-05, size: 640, ETA: 6:28:43
2026-08-18 10:14:03 | INFO     | yolox.core.trainer:270 - epoch: 1/100, iter: 170/188, gpu mem: 1716Mb, mem: 14.0Gb, iter_time: 1.510s, data_time: 1.358s, total_loss: 2.7, iou_loss: 1.2, l1_loss: 0.0, conf_loss: 1.1, cls_loss: 0.4, lr: 4.088e-05, size: 640, ETA: 6:33:14
2026-08-18 10:14:19 | INFO     | yolox.core.trainer:270 - epoch: 1/100, iter: 180/188, gpu mem: 1716Mb, mem: 14.5Gb, iter_time: 1.540s, data_time: 1.382s, total_loss: 2.2, iou_loss: 1.0, l1_loss: 0.0, conf_loss: 0.9, cls_loss: 0.4, lr: 4.584e-05, size: 640, ETA: 6:37:44
2026-08-18 10:14:31 | INFO     | yolox.core.trainer:402 - Save weights to <PROJECT_ROOT>\runs\benchmarks\micropcb_rpi_phash_component_bootstrap_v2_full_e100_b8_i640_w0_s42-43-44_p02facd21ef_dbea2fbaddc_cb773706267\yolox_s_seed43

  0%|          | 0/25 [00:00<?, ?it/s]
  4%|4         | 1/25 [00:03<01:30,  3.77s/it]
  8%|8         | 2/25 [00:04<00:41,  1.80s/it]
 12%|#2        | 3/25 [00:04<00:24,  1.13s/it]
 16%|#6        | 4/25 [00:04<00:17,  1.18it/s]
 20%|##        | 5/25 [00:05<00:14,  1.42it/s]
 24%|##4       | 6/25 [00:05<00:11,  1.63it/s]
 28%|##8       | 7/25 [00:06<00:09,  1.87it/s]
 32%|###2      | 8/25 [00:06<00:07,  2.14it/s]
 36%|###6      | 9/25 [00:06<00:06,  2.37it/s]
 40%|####      | 10/25 [00:07<00:05,  2.50it/s]
 44%|####4     | 11/25 [00:07<00:05,  2.61it/s]
 48%|####8     | 12/25 [00:07<00:04,  2.66it/s]
 52%|#####2    | 13/25 [00:08<00:04,  2.57it/s]
 56%|#####6    | 14/25 [00:08<00:04,  2.62it/s]
 60%|######    | 15/25 [00:09<00:03,  2.55it/s]
 64%|######4   | 16/25 [00:09<00:03,  2.49it/s]
 68%|######8   | 17/25 [00:09<00:03,  2.63it/s]
 72%|#######2  | 18/25 [00:10<00:02,  2.81it/s]
 76%|#######6  | 19/25 [00:10<00:02,  2.94it/s]
 80%|########  | 20/25 [00:10<00:01,  3.03it/s]
 84%|########4 | 21/25 [00:11<00:01,  3.21it/s]
 88%|########8 | 22/25 [00:11<00:00,  3.23it/s]
 92%|#########2| 23/25 [00:11<00:00,  3.07it/s]
 96%|#########6| 24/25 [00:12<00:00,  2.79it/s]
100%|##########| 25/25 [00:15<00:00,  1.12s/it]
100%|##########| 25/25 [00:15<00:00,  1.66it/s]
<PROJECT_ROOT>\.deps\YOLOX\yolox\evaluators\coco_evaluator.py:189: UserWarning: The torch.cuda.*DtypeTensor constructors are no longer recommended. It's best to use methods such as torch.tensor(data, dtype=*, device='cuda') to create tensors. (Triggered internally at C:\actions-runner\_work\pytorch\pytorch\torch\csrc\tensor\python_tensor.cpp:80.)
  statistics = torch.cuda.FloatTensor([inference_time, nms_time, n_samples])
2026-08-18 10:14:46 | INFO     | mcu_data.yolox_metrics:78 - Evaluate with standard pycocotools COCOeval (no C++ JIT build).
2026-08-18 10:14:46 | INFO     | mcu_data.yolox_metrics:80 - Loading and preparing results...
2026-08-18 10:14:46 | INFO     | mcu_data.yolox_metrics:80 - DONE (t=0.02s)
2026-08-18 10:14:46 | INFO     | pycocotools.coco:367 - creating index...
2026-08-18 10:14:46 | INFO     | pycocotools.coco:367 - index created!
2026-08-18 10:14:46 | INFO     | mcu_data.yolox_metrics:82 - Running per image evaluation...
2026-08-18 10:14:46 | INFO     | mcu_data.yolox_metrics:82 - Evaluate annotation type *bbox*
2026-08-18 10:14:46 | INFO     | mcu_data.yolox_metrics:82 - DONE (t=0.12s).
2026-08-18 10:14:46 | INFO     | mcu_data.yolox_metrics:83 - Accumulating evaluation results...
2026-08-18 10:14:46 | INFO     | mcu_data.yolox_metrics:83 - DONE (t=0.02s).
2026-08-18 10:14:47 | INFO     | yolox.core.trainer:381 - 
Average forward time: 22.86 ms, Average NMS time: 1.39 ms, Average inference time: 24.25 ms
 Average Precision  (AP) @[ IoU=0.50:0.95 | area=   all | maxDets=100 ] = 0.723
 Average Precision  (AP) @[ IoU=0.50      | area=   all | maxDets=100 ] = 1.000
 Average Precision  (AP) @[ IoU=0.75      | area=   all | maxDets=100 ] = 1.000
 Average Precision  (AP) @[ IoU=0.50:0.95 | area= small | maxDets=100 ] = -1.000
 Average Precision  (AP) @[ IoU=0.50:0.95 | area=medium | maxDets=100 ] = -1.000
 Average Precision  (AP) @[ IoU=0.50:0.95 | area= large | maxDets=100 ] = 0.723
 Average Recall     (AR) @[ IoU=0.50:0.95 | area=   all | maxDets=  1 ] = 0.756
 Average Recall     (AR) @[ IoU=0.50:0.95 | area=   all | maxDets= 10 ] = 0.756
 Average Recall     (AR) @[ IoU=0.50:0.95 | area=   all | maxDets=100 ] = 0.756
 Average Recall     (AR) @[ IoU=0.50:0.95 | area= small | maxDets=100 ] = -1.000
 Average Recall     (AR) @[ IoU=0.50:0.95 | area=medium | maxDets=100 ] = -1.000
 Average Recall     (AR) @[ IoU=0.50:0.95 | area= large | maxDets=100 ] = 0.756
per class AP:
| class            | AP     |
|:-----------------|:-------|
| raspberry_pi_sbc | 72.260 |
per class AR:
| class            | AR     |
|:-----------------|:-------|
| raspberry_pi_sbc | 75.590 |

2026-08-18 10:14:47 | INFO     | yolox.core.trainer:402 - Save weights to <PROJECT_ROOT>\runs\benchmarks\micropcb_rpi_phash_component_bootstrap_v2_full_e100_b8_i640_w0_s42-43-44_p02facd21ef_dbea2fbaddc_cb773706267\yolox_s_seed43
[EPOCH 001/100] loss=4.80858 iou=1.47418 conf=2.09995 cls=1.23445 | AP50=1.00000 AP50-95=0.72260 AP75=1.00000 AR100=0.75590 | LR=0.00005000 VRAM_peak=4851.4 MiB
EPOCH_METRICS_JSON {"epoch": 1, "elapsed_s": 259.02372820000164, "epoch_seconds": 258.9710186999873, "iterations": 188, "train_total_loss": 4.8085767918444695, "train_iou_loss": 1.4741824139305886, "train_conf_loss": 2.099949223564026, "train_cls_loss": 1.234445164812372, "train_l1_loss": 0.0, "num_fg_mean": 7.208876615707876, "map50_95": 0.7226034543562667, "map50": 1.0, "ap75": 1.0, "ar100": 0.7558974358974359, "lr": 5.000000000000001e-05, "lr_mean": 1.6799881167949303e-05, "gpu_peak_allocated_mib": 4851.40185546875, "gpu_peak_reserved_mib": 4922.0, "best_map50_95": 0.7226034543562667}
2026-08-18 10:14:49 | INFO     | yolox.core.trainer:218 - ---> start train epoch2
2026-08-18 10:15:04 | INFO     | yolox.core.trainer:270 - epoch: 2/100, iter: 10/188, gpu mem: 1719Mb, mem: 13.8Gb, iter_time: 1.508s, data_time: 1.328s, total_loss: 3.3, iou_loss: 1.4, l1_loss: 0.0, conf_loss: 1.3, cls_loss: 0.5, lr: 5.546e-05, size: 640, ETA: 6:44:09
2026-08-18 10:15:19 | INFO     | yolox.core.trainer:270 - epoch: 2/100, iter: 20/188, gpu mem: 1719Mb, mem: 14.3Gb, iter_time: 1.504s, data_time: 1.345s, total_loss: 2.5, iou_loss: 1.2, l1_loss: 0.0, conf_loss: 0.8, cls_loss: 0.4, lr: 6.120e-05, size: 640, ETA: 6:46:55
2026-08-18 10:15:33 | INFO     | yolox.core.trainer:270 - epoch: 2/100, iter: 30/188, gpu mem: 1719Mb, mem: 14.4Gb, iter_time: 1.469s, data_time: 1.309s, total_loss: 2.6, iou_loss: 1.2, l1_loss: 0.0, conf_loss: 1.0, cls_loss: 0.4, lr: 6.723e-05, size: 640, ETA: 6:48:55
2026-08-18 10:15:48 | INFO     | yolox.core.trainer:270 - epoch: 2/100, iter: 40/188, gpu mem: 1719Mb, mem: 14.4Gb, iter_time: 1.447s, data_time: 1.296s, total_loss: 2.9, iou_loss: 1.4, l1_loss: 0.0, conf_loss: 1.0, cls_loss: 0.4, lr: 7.354e-05, size: 640, ETA: 6:50:25
2026-08-18 10:16:02 | INFO     | yolox.core.trainer:270 - epoch: 2/100, iter: 50/188, gpu mem: 1719Mb, mem: 14.3Gb, iter_time: 1.399s, data_time: 1.246s, total_loss: 2.3, iou_loss: 1.0, l1_loss: 0.0, conf_loss: 0.9, cls_loss: 0.3, lr: 8.013e-05, size: 640, ETA: 6:51:08
2026-08-18 10:16:16 | INFO     | yolox.core.trainer:270 - epoch: 2/100, iter: 60/188, gpu mem: 1719Mb, mem: 14.3Gb, iter_time: 1.395s, data_time: 1.245s, total_loss: 2.1, iou_loss: 0.9, l1_loss: 0.0, conf_loss: 0.9, cls_loss: 0.3, lr: 8.701e-05, size: 640, ETA: 6:51:44
2026-08-18 10:16:30 | INFO     | yolox.core.trainer:270 - epoch: 2/100, iter: 70/188, gpu mem: 1719Mb, mem: 14.3Gb, iter_time: 1.415s, data_time: 1.264s, total_loss: 2.1, iou_loss: 1.0, l1_loss: 0.0, conf_loss: 0.8, cls_loss: 0.4, lr: 9.417e-05, size: 640, ETA: 6:52:31
2026-08-18 10:16:43 | INFO     | yolox.core.trainer:270 - epoch: 2/100, iter: 80/188, gpu mem: 1719Mb, mem: 14.1Gb, iter_time: 1.351s, data_time: 1.204s, total_loss: 2.1, iou_loss: 1.0, l1_loss: 0.0, conf_loss: 0.8, cls_loss: 0.3, lr: 1.016e-04, size: 640, ETA: 6:52:29
2026-08-18 10:16:57 | INFO     | yolox.core.trainer:270 - epoch: 2/100, iter: 90/188, gpu mem: 1719Mb, mem: 14.1Gb, iter_time: 1.381s, data_time: 1.230s, total_loss: 2.4, iou_loss: 1.0, l1_loss: 0.0, conf_loss: 1.0, cls_loss: 0.4, lr: 1.093e-04, size: 640, ETA: 6:52:45
2026-08-18 10:17:11 | INFO     | yolox.core.trainer:270 - epoch: 2/100, iter: 100/188, gpu mem: 1719Mb, mem: 14.2Gb, iter_time: 1.381s, data_time: 1.231s, total_loss: 2.0, iou_loss: 1.0, l1_loss: 0.0, conf_loss: 0.7, cls_loss: 0.3, lr: 1.173e-04, size: 640, ETA: 6:53:00
2026-08-18 10:17:25 | INFO     | yolox.core.trainer:270 - epoch: 2/100, iter: 110/188, gpu mem: 1719Mb, mem: 14.2Gb, iter_time: 1.403s, data_time: 1.252s, total_loss: 2.7, iou_loss: 1.2, l1_loss: 0.0, conf_loss: 1.0, cls_loss: 0.4, lr: 1.256e-04, size: 640, ETA: 6:53:27
2026-08-18 10:17:39 | INFO     | yolox.core.trainer:270 - epoch: 2/100, iter: 120/188, gpu mem: 1719Mb, mem: 14.0Gb, iter_time: 1.359s, data_time: 1.215s, total_loss: 1.9, iou_loss: 0.9, l1_loss: 0.0, conf_loss: 0.7, cls_loss: 0.3, lr: 1.342e-04, size: 640, ETA: 6:53:25
2026-08-18 10:17:52 | INFO     | yolox.core.trainer:270 - epoch: 2/100, iter: 130/188, gpu mem: 1719Mb, mem: 14.1Gb, iter_time: 1.373s, data_time: 1.221s, total_loss: 3.1, iou_loss: 1.2, l1_loss: 0.0, conf_loss: 1.5, cls_loss: 0.4, lr: 1.431e-04, size: 640, ETA: 6:53:29
2026-08-18 10:18:07 | INFO     | yolox.core.trainer:270 - epoch: 2/100, iter: 140/188, gpu mem: 1719Mb, mem: 14.4Gb, iter_time: 1.401s, data_time: 1.249s, total_loss: 2.6, iou_loss: 1.1, l1_loss: 0.0, conf_loss: 1.1, cls_loss: 0.4, lr: 1.522e-04, size: 640, ETA: 6:53:49
2026-08-18 10:18:21 | INFO     | yolox.core.trainer:270 - epoch: 2/100, iter: 150/188, gpu mem: 1719Mb, mem: 14.5Gb, iter_time: 1.447s, data_time: 1.286s, total_loss: 2.5, iou_loss: 1.2, l1_loss: 0.0, conf_loss: 0.9, cls_loss: 0.4, lr: 1.616e-04, size: 640, ETA: 6:54:32
2026-08-18 10:18:36 | INFO     | yolox.core.trainer:270 - epoch: 2/100, iter: 160/188, gpu mem: 1719Mb, mem: 14.7Gb, iter_time: 1.520s, data_time: 1.357s, total_loss: 2.2, iou_loss: 1.0, l1_loss: 0.0, conf_loss: 0.8, cls_loss: 0.3, lr: 1.713e-04, size: 640, ETA: 6:55:51
2026-08-18 10:18:52 | INFO     | yolox.core.trainer:270 - epoch: 2/100, iter: 170/188, gpu mem: 1719Mb, mem: 14.5Gb, iter_time: 1.559s, data_time: 1.388s, total_loss: 3.3, iou_loss: 1.5, l1_loss: 0.0, conf_loss: 1.3, cls_loss: 0.4, lr: 1.813e-04, size: 640, ETA: 6:57:24
2026-08-18 10:19:06 | INFO     | yolox.core.trainer:270 - epoch: 2/100, iter: 180/188, gpu mem: 1719Mb, mem: 14.5Gb, iter_time: 1.423s, data_time: 1.257s, total_loss: 2.1, iou_loss: 1.0, l1_loss: 0.0, conf_loss: 0.7, cls_loss: 0.3, lr: 1.916e-04, size: 640, ETA: 6:57:42
2026-08-18 10:19:18 | INFO     | yolox.core.trainer:402 - Save weights to <PROJECT_ROOT>\runs\benchmarks\micropcb_rpi_phash_component_bootstrap_v2_full_e100_b8_i640_w0_s42-43-44_p02facd21ef_dbea2fbaddc_cb773706267\yolox_s_seed43

  0%|          | 0/25 [00:00<?, ?it/s]
  4%|4         | 1/25 [00:00<00:15,  1.55it/s]
  8%|8         | 2/25 [00:01<00:11,  2.04it/s]
 12%|#2        | 3/25 [00:01<00:09,  2.27it/s]
 16%|#6        | 4/25 [00:01<00:09,  2.29it/s]
 20%|##        | 5/25 [00:02<00:08,  2.23it/s]
 24%|##4       | 6/25 [00:02<00:08,  2.21it/s]
 28%|##8       | 7/25 [00:03<00:07,  2.31it/s]
 32%|###2      | 8/25 [00:03<00:07,  2.36it/s]
 36%|###6      | 9/25 [00:03<00:06,  2.46it/s]
 40%|####      | 10/25 [00:04<00:06,  2.48it/s]
 44%|####4     | 11/25 [00:04<00:05,  2.57it/s]
 48%|####8     | 12/25 [00:05<00:05,  2.57it/s]
 52%|#####2    | 13/25 [00:05<00:04,  2.49it/s]
 56%|#####6    | 14/25 [00:05<00:04,  2.56it/s]
 60%|######    | 15/25 [00:06<00:03,  2.56it/s]
 64%|######4   | 16/25 [00:06<00:03,  2.52it/s]
 68%|######8   | 17/25 [00:06<00:02,  2.71it/s]
 72%|#######2  | 18/25 [00:07<00:02,  2.91it/s]
 76%|#######6  | 19/25 [00:07<00:01,  3.07it/s]
 80%|########  | 20/25 [00:07<00:01,  3.16it/s]
 84%|########4 | 21/25 [00:08<00:01,  3.37it/s]
 88%|########8 | 22/25 [00:08<00:00,  3.46it/s]
 92%|#########2| 23/25 [00:08<00:00,  3.25it/s]
 96%|#########6| 24/25 [00:09<00:00,  2.95it/s]
100%|##########| 25/25 [00:09<00:00,  3.64it/s]
100%|##########| 25/25 [00:09<00:00,  2.70it/s]
2026-08-18 10:19:27 | INFO     | mcu_data.yolox_metrics:78 - Evaluate with standard pycocotools COCOeval (no C++ JIT build).
2026-08-18 10:19:27 | INFO     | mcu_data.yolox_metrics:80 - Loading and preparing results...
2026-08-18 10:19:27 | INFO     | mcu_data.yolox_metrics:80 - DONE (t=0.00s)
2026-08-18 10:19:27 | INFO     | pycocotools.coco:367 - creating index...
2026-08-18 10:19:27 | INFO     | pycocotools.coco:367 - index created!
2026-08-18 10:19:27 | INFO     | mcu_data.yolox_metrics:82 - Running per image evaluation...
2026-08-18 10:19:27 | INFO     | mcu_data.yolox_metrics:82 - Evaluate annotation type *bbox*
2026-08-18 10:19:27 | INFO     | mcu_data.yolox_metrics:82 - DONE (t=0.08s).
2026-08-18 10:19:27 | INFO     | mcu_data.yolox_metrics:83 - Accumulating evaluation results...
2026-08-18 10:19:27 | INFO     | mcu_data.yolox_metrics:83 - DONE (t=0.02s).
2026-08-18 10:19:27 | INFO     | yolox.core.trainer:381 - 
Average forward time: 5.79 ms, Average NMS time: 1.33 ms, Average inference time: 7.12 ms
 Average Precision  (AP) @[ IoU=0.50:0.95 | area=   all | maxDets=100 ] = 0.511
 Average Precision  (AP) @[ IoU=0.50      | area=   all | maxDets=100 ] = 1.000
 Average Precision  (AP) @[ IoU=0.75      | area=   all | maxDets=100 ] = 0.299
 Average Precision  (AP) @[ IoU=0.50:0.95 | area= small | maxDets=100 ] = -1.000
 Average Precision  (AP) @[ IoU=0.50:0.95 | area=medium | maxDets=100 ] = -1.000
 Average Precision  (AP) @[ IoU=0.50:0.95 | area= large | maxDets=100 ] = 0.511
 Average Recall     (AR) @[ IoU=0.50:0.95 | area=   all | maxDets=  1 ] = 0.526
 Average Recall     (AR) @[ IoU=0.50:0.95 | area=   all | maxDets= 10 ] = 0.558
 Average Recall     (AR) @[ IoU=0.50:0.95 | area=   all | maxDets=100 ] = 0.558
 Average Recall     (AR) @[ IoU=0.50:0.95 | area= small | maxDets=100 ] = -1.000
 Average Recall     (AR) @[ IoU=0.50:0.95 | area=medium | maxDets=100 ] = -1.000
 Average Recall     (AR) @[ IoU=0.50:0.95 | area= large | maxDets=100 ] = 0.558
per class AP:
| class            | AP     |
|:-----------------|:-------|
| raspberry_pi_sbc | 51.146 |
per class AR:
| class            | AR     |
|:-----------------|:-------|
| raspberry_pi_sbc | 55.846 |

2026-08-18 10:19:27 | INFO     | yolox.core.trainer:402 - Save weights to <PROJECT_ROOT>\runs\benchmarks\micropcb_rpi_phash_component_bootstrap_v2_full_e100_b8_i640_w0_s42-43-44_p02facd21ef_dbea2fbaddc_cb773706267\yolox_s_seed43
[EPOCH 002/100] loss=2.50415 iou=1.14988 conf=0.97022 cls=0.38405 | AP50=1.00000 AP50-95=0.51146 AP75=0.29899 AR100=0.55846 | LR=0.00020000 VRAM_peak=1718.6 MiB
EPOCH_METRICS_JSON {"epoch": 2, "elapsed_s": 539.6648680000217, "epoch_seconds": 278.8269812000217, "iterations": 188, "train_total_loss": 2.504154625725239, "train_iou_loss": 1.149882822277698, "train_conf_loss": 0.9702185278243207, "train_cls_loss": 0.3840532732453752, "train_l1_loss": 0.0, "num_fg_mean": 7.936761016905928, "map50_95": 0.5114639898928343, "map50": 1.0, "ap75": 0.29899454797802966, "ar100": 0.5584615384615385, "lr": 0.00020000000000000004, "lr_mean": 0.0001170658386147578, "gpu_peak_allocated_mib": 1718.64208984375, "gpu_peak_reserved_mib": 2196.0, "best_map50_95": 0.7226034543562667}
2026-08-18 10:19:28 | INFO     | yolox.core.trainer:218 - ---> start train epoch3
2026-08-18 10:19:43 | INFO     | yolox.core.trainer:270 - epoch: 3/100, iter: 10/188, gpu mem: 1717Mb, mem: 14.6Gb, iter_time: 1.468s, data_time: 1.308s, total_loss: 3.0, iou_loss: 1.5, l1_loss: 0.0, conf_loss: 1.0, cls_loss: 0.4, lr: 2.108e-04, size: 640, ETA: 6:58:42
2026-08-18 10:19:57 | INFO     | yolox.core.trainer:270 - epoch: 3/100, iter: 20/188, gpu mem: 1717Mb, mem: 14.7Gb, iter_time: 1.452s, data_time: 1.297s, total_loss: 2.0, iou_loss: 1.0, l1_loss: 0.0, conf_loss: 0.7, cls_loss: 0.3, lr: 2.218e-04, size: 640, ETA: 6:59:10
2026-08-18 10:20:13 | INFO     | yolox.core.trainer:270 - epoch: 3/100, iter: 30/188, gpu mem: 1717Mb, mem: 14.7Gb, iter_time: 1.509s, data_time: 1.346s, total_loss: 1.8, iou_loss: 0.8, l1_loss: 0.0, conf_loss: 0.7, cls_loss: 0.3, lr: 2.332e-04, size: 640, ETA: 7:00:00
2026-08-18 10:20:27 | INFO     | yolox.core.trainer:270 - epoch: 3/100, iter: 40/188, gpu mem: 1717Mb, mem: 14.6Gb, iter_time: 1.434s, data_time: 1.278s, total_loss: 2.2, iou_loss: 1.0, l1_loss: 0.0, conf_loss: 0.8, cls_loss: 0.3, lr: 2.448e-04, size: 640, ETA: 7:00:15
2026-08-18 10:20:41 | INFO     | yolox.core.trainer:270 - epoch: 3/100, iter: 50/188, gpu mem: 1717Mb, mem: 14.6Gb, iter_time: 1.396s, data_time: 1.243s, total_loss: 2.0, iou_loss: 1.0, l1_loss: 0.0, conf_loss: 0.7, cls_loss: 0.3, lr: 2.567e-04, size: 640, ETA: 7:00:12
2026-08-18 10:20:56 | INFO     | yolox.core.trainer:270 - epoch: 3/100, iter: 60/188, gpu mem: 1717Mb, mem: 14.5Gb, iter_time: 1.484s, data_time: 1.335s, total_loss: 2.4, iou_loss: 1.2, l1_loss: 0.0, conf_loss: 0.8, cls_loss: 0.4, lr: 2.689e-04, size: 640, ETA: 7:00:45
2026-08-18 10:21:10 | INFO     | yolox.core.trainer:270 - epoch: 3/100, iter: 70/188, gpu mem: 1717Mb, mem: 14.4Gb, iter_time: 1.410s, data_time: 1.264s, total_loss: 1.7, iou_loss: 0.9, l1_loss: 0.0, conf_loss: 0.6, cls_loss: 0.3, lr: 2.814e-04, size: 640, ETA: 7:00:46
2026-08-18 10:21:24 | INFO     | yolox.core.trainer:270 - epoch: 3/100, iter: 80/188, gpu mem: 1717Mb, mem: 14.0Gb, iter_time: 1.389s, data_time: 1.243s, total_loss: 2.0, iou_loss: 1.0, l1_loss: 0.0, conf_loss: 0.6, cls_loss: 0.3, lr: 2.942e-04, size: 640, ETA: 7:00:37
2026-08-18 10:21:38 | INFO     | yolox.core.trainer:270 - epoch: 3/100, iter: 90/188, gpu mem: 1717Mb, mem: 13.9Gb, iter_time: 1.399s, data_time: 1.255s, total_loss: 2.9, iou_loss: 1.3, l1_loss: 0.0, conf_loss: 1.2, cls_loss: 0.4, lr: 3.072e-04, size: 640, ETA: 7:00:33
2026-08-18 10:21:52 | INFO     | yolox.core.trainer:270 - epoch: 3/100, iter: 100/188, gpu mem: 1717Mb, mem: 13.9Gb, iter_time: 1.468s, data_time: 1.316s, total_loss: 2.3, iou_loss: 1.2, l1_loss: 0.0, conf_loss: 0.8, cls_loss: 0.4, lr: 3.205e-04, size: 640, ETA: 7:00:54
2026-08-18 10:22:06 | INFO     | yolox.core.trainer:270 - epoch: 3/100, iter: 110/188, gpu mem: 1717Mb, mem: 13.9Gb, iter_time: 1.390s, data_time: 1.244s, total_loss: 2.1, iou_loss: 0.9, l1_loss: 0.0, conf_loss: 0.8, cls_loss: 0.3, lr: 3.341e-04, size: 640, ETA: 7:00:45
2026-08-18 10:22:20 | INFO     | yolox.core.trainer:270 - epoch: 3/100, iter: 120/188, gpu mem: 1717Mb, mem: 13.9Gb, iter_time: 1.379s, data_time: 1.231s, total_loss: 2.3, iou_loss: 1.0, l1_loss: 0.0, conf_loss: 0.9, cls_loss: 0.3, lr: 3.480e-04, size: 640, ETA: 7:00:32
2026-08-18 10:22:34 | INFO     | yolox.core.trainer:270 - epoch: 3/100, iter: 130/188, gpu mem: 1717Mb, mem: 13.9Gb, iter_time: 1.410s, data_time: 1.265s, total_loss: 1.8, iou_loss: 0.9, l1_loss: 0.0, conf_loss: 0.5, cls_loss: 0.3, lr: 3.622e-04, size: 640, ETA: 7:00:29
2026-08-18 10:22:48 | INFO     | yolox.core.trainer:270 - epoch: 3/100, iter: 140/188, gpu mem: 1717Mb, mem: 13.9Gb, iter_time: 1.422s, data_time: 1.277s, total_loss: 2.7, iou_loss: 1.3, l1_loss: 0.0, conf_loss: 1.0, cls_loss: 0.4, lr: 3.767e-04, size: 640, ETA: 7:00:31
2026-08-18 10:23:03 | INFO     | yolox.core.trainer:270 - epoch: 3/100, iter: 150/188, gpu mem: 1717Mb, mem: 13.9Gb, iter_time: 1.427s, data_time: 1.281s, total_loss: 2.8, iou_loss: 1.3, l1_loss: 0.0, conf_loss: 1.1, cls_loss: 0.4, lr: 3.914e-04, size: 640, ETA: 7:00:33
2026-08-18 10:23:17 | INFO     | yolox.core.trainer:270 - epoch: 3/100, iter: 160/188, gpu mem: 1717Mb, mem: 14.0Gb, iter_time: 1.435s, data_time: 1.270s, total_loss: 2.2, iou_loss: 1.1, l1_loss: 0.0, conf_loss: 0.8, cls_loss: 0.4, lr: 4.064e-04, size: 640, ETA: 7:00:38
2026-08-18 10:23:30 | INFO     | yolox.core.trainer:270 - epoch: 3/100, iter: 170/188, gpu mem: 1717Mb, mem: 14.0Gb, iter_time: 1.308s, data_time: 1.165s, total_loss: 2.7, iou_loss: 1.4, l1_loss: 0.0, conf_loss: 0.9, cls_loss: 0.4, lr: 4.217e-04, size: 640, ETA: 6:59:59
2026-08-18 10:23:44 | INFO     | yolox.core.trainer:270 - epoch: 3/100, iter: 180/188, gpu mem: 1717Mb, mem: 13.9Gb, iter_time: 1.384s, data_time: 1.242s, total_loss: 2.3, iou_loss: 1.2, l1_loss: 0.0, conf_loss: 0.6, cls_loss: 0.4, lr: 4.373e-04, size: 640, ETA: 6:59:47
2026-08-18 10:23:55 | INFO     | yolox.core.trainer:402 - Save weights to <PROJECT_ROOT>\runs\benchmarks\micropcb_rpi_phash_component_bootstrap_v2_full_e100_b8_i640_w0_s42-43-44_p02facd21ef_dbea2fbaddc_cb773706267\yolox_s_seed43

  0%|          | 0/25 [00:00<?, ?it/s]
  4%|4         | 1/25 [00:00<00:08,  2.76it/s]
  8%|8         | 2/25 [00:00<00:08,  2.75it/s]
 12%|#2        | 3/25 [00:01<00:07,  2.89it/s]
 16%|#6        | 4/25 [00:01<00:07,  2.73it/s]
 20%|##        | 5/25 [00:01<00:07,  2.53it/s]
 24%|##4       | 6/25 [00:02<00:07,  2.52it/s]
 28%|##8       | 7/25 [00:02<00:07,  2.56it/s]
 32%|###2      | 8/25 [00:03<00:06,  2.62it/s]
 36%|###6      | 9/25 [00:03<00:05,  2.72it/s]
 40%|####      | 10/25 [00:03<00:05,  2.72it/s]
 44%|####4     | 11/25 [00:04<00:05,  2.77it/s]
 48%|####8     | 12/25 [00:04<00:04,  2.79it/s]
 52%|#####2    | 13/25 [00:04<00:04,  2.70it/s]
 56%|#####6    | 14/25 [00:05<00:04,  2.73it/s]
 60%|######    | 15/25 [00:05<00:03,  2.62it/s]
 64%|######4   | 16/25 [00:06<00:03,  2.51it/s]
 68%|######8   | 17/25 [00:06<00:02,  2.67it/s]
 72%|#######2  | 18/25 [00:06<00:02,  2.84it/s]
 76%|#######6  | 19/25 [00:06<00:01,  3.00it/s]
 80%|########  | 20/25 [00:07<00:01,  3.06it/s]
 84%|########4 | 21/25 [00:07<00:01,  3.25it/s]
 88%|########8 | 22/25 [00:07<00:00,  3.34it/s]
 92%|#########2| 23/25 [00:08<00:00,  3.22it/s]
 96%|#########6| 24/25 [00:08<00:00,  2.95it/s]
100%|##########| 25/25 [00:08<00:00,  3.63it/s]
100%|##########| 25/25 [00:08<00:00,  2.88it/s]
2026-08-18 10:24:04 | INFO     | mcu_data.yolox_metrics:78 - Evaluate with standard pycocotools COCOeval (no C++ JIT build).
2026-08-18 10:24:04 | INFO     | mcu_data.yolox_metrics:80 - Loading and preparing results...
2026-08-18 10:24:04 | INFO     | mcu_data.yolox_metrics:80 - DONE (t=0.00s)
2026-08-18 10:24:04 | INFO     | pycocotools.coco:367 - creating index...
2026-08-18 10:24:04 | INFO     | pycocotools.coco:367 - index created!
2026-08-18 10:24:04 | INFO     | mcu_data.yolox_metrics:82 - Running per image evaluation...
2026-08-18 10:24:04 | INFO     | mcu_data.yolox_metrics:82 - Evaluate annotation type *bbox*
2026-08-18 10:24:04 | INFO     | mcu_data.yolox_metrics:82 - DONE (t=0.12s).
2026-08-18 10:24:04 | INFO     | mcu_data.yolox_metrics:83 - Accumulating evaluation results...
2026-08-18 10:24:04 | INFO     | mcu_data.yolox_metrics:83 - DONE (t=0.02s).
2026-08-18 10:24:04 | INFO     | yolox.core.trainer:381 - 
Average forward time: 5.06 ms, Average NMS time: 1.01 ms, Average inference time: 6.06 ms
 Average Precision  (AP) @[ IoU=0.50:0.95 | area=   all | maxDets=100 ] = 0.688
 Average Precision  (AP) @[ IoU=0.50      | area=   all | maxDets=100 ] = 1.000
 Average Precision  (AP) @[ IoU=0.75      | area=   all | maxDets=100 ] = 1.000
 Average Precision  (AP) @[ IoU=0.50:0.95 | area= small | maxDets=100 ] = -1.000
 Average Precision  (AP) @[ IoU=0.50:0.95 | area=medium | maxDets=100 ] = -1.000
 Average Precision  (AP) @[ IoU=0.50:0.95 | area= large | maxDets=100 ] = 0.688
 Average Recall     (AR) @[ IoU=0.50:0.95 | area=   all | maxDets=  1 ] = 0.722
 Average Recall     (AR) @[ IoU=0.50:0.95 | area=   all | maxDets= 10 ] = 0.722
 Average Recall     (AR) @[ IoU=0.50:0.95 | area=   all | maxDets=100 ] = 0.722
 Average Recall     (AR) @[ IoU=0.50:0.95 | area= small | maxDets=100 ] = -1.000
 Average Recall     (AR) @[ IoU=0.50:0.95 | area=medium | maxDets=100 ] = -1.000
 Average Recall     (AR) @[ IoU=0.50:0.95 | area= large | maxDets=100 ] = 0.722
per class AP:
| class            | AP     |
|:-----------------|:-------|
| raspberry_pi_sbc | 68.800 |
per class AR:
| class            | AR     |
|:-----------------|:-------|
| raspberry_pi_sbc | 72.154 |

2026-08-18 10:24:04 | INFO     | yolox.core.trainer:402 - Save weights to <PROJECT_ROOT>\runs\benchmarks\micropcb_rpi_phash_component_bootstrap_v2_full_e100_b8_i640_w0_s42-43-44_p02facd21ef_dbea2fbaddc_cb773706267\yolox_s_seed43
[EPOCH 003/100] loss=2.28338 iou=1.10829 conf=0.81465 cls=0.36043 | AP50=1.00000 AP50-95=0.68800 AP75=1.00000 AR100=0.72154 | LR=0.00045000 VRAM_peak=1717.2 MiB
EPOCH_METRICS_JSON {"epoch": 3, "elapsed_s": 816.7478690000135, "epoch_seconds": 276.2235597000108, "iterations": 188, "train_total_loss": 2.283375505437242, "train_iou_loss": 1.1082890563188714, "train_conf_loss": 0.8146537157132271, "train_cls_loss": 0.36043272658865505, "train_l1_loss": 0.0, "num_fg_mean": 7.973462397885743, "map50_95": 0.6879981771851289, "map50": 1.0, "ap75": 1.0, "ar100": 0.7215384615384616, "lr": 0.00045, "lr_mean": 0.00031733179606156613, "gpu_peak_allocated_mib": 1717.24755859375, "gpu_peak_reserved_mib": 2234.0, "best_map50_95": 0.7226034543562667}
2026-08-18 10:24:05 | INFO     | yolox.core.trainer:218 - ---> start train epoch4
2026-08-18 10:24:20 | INFO     | yolox.core.trainer:270 - epoch: 4/100, iter: 10/188, gpu mem: 1717Mb, mem: 14.2Gb, iter_time: 1.506s, data_time: 1.364s, total_loss: 2.9, iou_loss: 1.4, l1_loss: 0.0, conf_loss: 1.0, cls_loss: 0.4, lr: 4.661e-04, size: 640, ETA: 7:00:06
2026-08-18 10:24:35 | INFO     | yolox.core.trainer:270 - epoch: 4/100, iter: 20/188, gpu mem: 1717Mb, mem: 14.1Gb, iter_time: 1.450s, data_time: 1.304s, total_loss: 2.9, iou_loss: 1.3, l1_loss: 0.0, conf_loss: 1.1, cls_loss: 0.4, lr: 4.825e-04, size: 640, ETA: 7:00:13
2026-08-18 10:24:47 | INFO     | yolox.core.trainer:270 - epoch: 4/100, iter: 30/188, gpu mem: 1717Mb, mem: 13.8Gb, iter_time: 1.248s, data_time: 1.102s, total_loss: 3.9, iou_loss: 1.6, l1_loss: 0.0, conf_loss: 1.9, cls_loss: 0.5, lr: 4.991e-04, size: 640, ETA: 6:59:17
2026-08-18 10:25:00 | INFO     | yolox.core.trainer:270 - epoch: 4/100, iter: 40/188, gpu mem: 1717Mb, mem: 13.3Gb, iter_time: 1.271s, data_time: 1.128s, total_loss: 2.3, iou_loss: 1.2, l1_loss: 0.0, conf_loss: 0.7, cls_loss: 0.4, lr: 5.161e-04, size: 640, ETA: 6:58:30
2026-08-18 10:25:13 | INFO     | yolox.core.trainer:270 - epoch: 4/100, iter: 50/188, gpu mem: 1717Mb, mem: 13.2Gb, iter_time: 1.276s, data_time: 1.131s, total_loss: 2.3, iou_loss: 1.2, l1_loss: 0.0, conf_loss: 0.8, cls_loss: 0.4, lr: 5.333e-04, size: 640, ETA: 6:57:45
2026-08-18 10:25:25 | INFO     | yolox.core.trainer:270 - epoch: 4/100, iter: 60/188, gpu mem: 1717Mb, mem: 13.2Gb, iter_time: 1.251s, data_time: 1.108s, total_loss: 2.9, iou_loss: 1.4, l1_loss: 0.0, conf_loss: 1.1, cls_loss: 0.4, lr: 5.508e-04, size: 640, ETA: 6:56:54
2026-08-18 10:25:38 | INFO     | yolox.core.trainer:270 - epoch: 4/100, iter: 70/188, gpu mem: 1717Mb, mem: 13.2Gb, iter_time: 1.266s, data_time: 1.119s, total_loss: 2.0, iou_loss: 1.0, l1_loss: 0.0, conf_loss: 0.6, cls_loss: 0.3, lr: 5.686e-04, size: 640, ETA: 6:56:09
2026-08-18 10:25:50 | INFO     | yolox.core.trainer:270 - epoch: 4/100, iter: 80/188, gpu mem: 1717Mb, mem: 13.2Gb, iter_time: 1.218s, data_time: 1.074s, total_loss: 2.6, iou_loss: 1.2, l1_loss: 0.0, conf_loss: 0.9, cls_loss: 0.4, lr: 5.867e-04, size: 640, ETA: 6:55:11
2026-08-18 10:26:03 | INFO     | yolox.core.trainer:270 - epoch: 4/100, iter: 90/188, gpu mem: 1717Mb, mem: 13.3Gb, iter_time: 1.261s, data_time: 1.115s, total_loss: 2.3, iou_loss: 1.2, l1_loss: 0.0, conf_loss: 0.7, cls_loss: 0.4, lr: 6.051e-04, size: 640, ETA: 6:54:26
2026-08-18 10:26:15 | INFO     | yolox.core.trainer:270 - epoch: 4/100, iter: 100/188, gpu mem: 1717Mb, mem: 13.2Gb, iter_time: 1.221s, data_time: 1.073s, total_loss: 2.3, iou_loss: 1.1, l1_loss: 0.0, conf_loss: 0.8, cls_loss: 0.4, lr: 6.237e-04, size: 640, ETA: 6:53:32
2026-08-18 10:26:27 | INFO     | yolox.core.trainer:270 - epoch: 4/100, iter: 110/188, gpu mem: 1717Mb, mem: 12.9Gb, iter_time: 1.194s, data_time: 1.054s, total_loss: 2.0, iou_loss: 1.0, l1_loss: 0.0, conf_loss: 0.7, cls_loss: 0.3, lr: 6.426e-04, size: 640, ETA: 6:52:31
2026-08-18 10:26:38 | INFO     | yolox.core.trainer:270 - epoch: 4/100, iter: 120/188, gpu mem: 1717Mb, mem: 12.9Gb, iter_time: 1.121s, data_time: 0.978s, total_loss: 2.6, iou_loss: 1.3, l1_loss: 0.0, conf_loss: 0.9, cls_loss: 0.4, lr: 6.619e-04, size: 640, ETA: 6:51:13
2026-08-18 10:26:50 | INFO     | yolox.core.trainer:270 - epoch: 4/100, iter: 130/188, gpu mem: 1717Mb, mem: 12.9Gb, iter_time: 1.140s, data_time: 0.999s, total_loss: 2.1, iou_loss: 1.1, l1_loss: 0.0, conf_loss: 0.6, cls_loss: 0.4, lr: 6.814e-04, size: 640, ETA: 6:50:01
2026-08-18 10:27:01 | INFO     | yolox.core.trainer:270 - epoch: 4/100, iter: 140/188, gpu mem: 1717Mb, mem: 12.9Gb, iter_time: 1.166s, data_time: 1.019s, total_loss: 2.6, iou_loss: 1.4, l1_loss: 0.0, conf_loss: 0.8, cls_loss: 0.4, lr: 7.011e-04, size: 640, ETA: 6:48:58
2026-08-18 10:27:13 | INFO     | yolox.core.trainer:270 - epoch: 4/100, iter: 150/188, gpu mem: 1717Mb, mem: 12.9Gb, iter_time: 1.143s, data_time: 0.996s, total_loss: 2.6, iou_loss: 1.3, l1_loss: 0.0, conf_loss: 0.9, cls_loss: 0.4, lr: 7.212e-04, size: 640, ETA: 6:47:50
2026-08-18 10:27:24 | INFO     | yolox.core.trainer:270 - epoch: 4/100, iter: 160/188, gpu mem: 1717Mb, mem: 12.9Gb, iter_time: 1.144s, data_time: 1.001s, total_loss: 2.3, iou_loss: 1.2, l1_loss: 0.0, conf_loss: 0.7, cls_loss: 0.4, lr: 7.415e-04, size: 640, ETA: 6:46:45
2026-08-18 10:27:36 | INFO     | yolox.core.trainer:270 - epoch: 4/100, iter: 170/188, gpu mem: 1717Mb, mem: 13.0Gb, iter_time: 1.215s, data_time: 1.066s, total_loss: 1.8, iou_loss: 0.8, l1_loss: 0.0, conf_loss: 0.7, cls_loss: 0.3, lr: 7.622e-04, size: 640, ETA: 6:45:58
2026-08-18 10:27:48 | INFO     | yolox.core.trainer:270 - epoch: 4/100, iter: 180/188, gpu mem: 1717Mb, mem: 12.9Gb, iter_time: 1.204s, data_time: 1.064s, total_loss: 2.6, iou_loss: 1.2, l1_loss: 0.0, conf_loss: 1.0, cls_loss: 0.4, lr: 7.831e-04, size: 640, ETA: 6:45:09
2026-08-18 10:27:57 | INFO     | yolox.core.trainer:402 - Save weights to <PROJECT_ROOT>\runs\benchmarks\micropcb_rpi_phash_component_bootstrap_v2_full_e100_b8_i640_w0_s42-43-44_p02facd21ef_dbea2fbaddc_cb773706267\yolox_s_seed43

  0%|          | 0/25 [00:00<?, ?it/s]
  4%|4         | 1/25 [00:00<00:07,  3.13it/s]
  8%|8         | 2/25 [00:00<00:07,  3.14it/s]
 12%|#2        | 3/25 [00:00<00:06,  3.18it/s]
 16%|#6        | 4/25 [00:01<00:06,  3.09it/s]
 20%|##        | 5/25 [00:01<00:07,  2.81it/s]
 24%|##4       | 6/25 [00:02<00:06,  2.77it/s]
 28%|##8       | 7/25 [00:02<00:06,  2.84it/s]
 32%|###2      | 8/25 [00:02<00:05,  2.89it/s]
 36%|###6      | 9/25 [00:03<00:05,  3.02it/s]
 40%|####      | 10/25 [00:03<00:04,  3.05it/s]
 44%|####4     | 11/25 [00:03<00:04,  3.11it/s]
 48%|####8     | 12/25 [00:03<00:04,  3.07it/s]
 52%|#####2    | 13/25 [00:04<00:04,  3.00it/s]
 56%|#####6    | 14/25 [00:04<00:03,  3.06it/s]
 60%|######    | 15/25 [00:05<00:03,  2.89it/s]
 64%|######4   | 16/25 [00:05<00:03,  2.79it/s]
 68%|######8   | 17/25 [00:05<00:02,  3.03it/s]
 72%|#######2  | 18/25 [00:05<00:02,  3.32it/s]
 76%|#######6  | 19/25 [00:06<00:01,  3.54it/s]
 80%|########  | 20/25 [00:06<00:01,  3.70it/s]
 84%|########4 | 21/25 [00:06<00:01,  3.89it/s]
 88%|########8 | 22/25 [00:06<00:00,  4.00it/s]
 92%|#########2| 23/25 [00:07<00:00,  3.79it/s]
 96%|#########6| 24/25 [00:07<00:00,  3.55it/s]
100%|##########| 25/25 [00:07<00:00,  4.35it/s]
100%|##########| 25/25 [00:07<00:00,  3.29it/s]
2026-08-18 10:28:05 | INFO     | mcu_data.yolox_metrics:78 - Evaluate with standard pycocotools COCOeval (no C++ JIT build).
2026-08-18 10:28:05 | INFO     | mcu_data.yolox_metrics:80 - Loading and preparing results...
2026-08-18 10:28:05 | INFO     | mcu_data.yolox_metrics:80 - DONE (t=0.00s)
2026-08-18 10:28:05 | INFO     | pycocotools.coco:367 - creating index...
2026-08-18 10:28:05 | INFO     | pycocotools.coco:367 - index created!
2026-08-18 10:28:05 | INFO     | mcu_data.yolox_metrics:82 - Running per image evaluation...
2026-08-18 10:28:05 | INFO     | mcu_data.yolox_metrics:82 - Evaluate annotation type *bbox*
2026-08-18 10:28:05 | INFO     | mcu_data.yolox_metrics:82 - DONE (t=0.11s).
2026-08-18 10:28:05 | INFO     | mcu_data.yolox_metrics:83 - Accumulating evaluation results...
2026-08-18 10:28:05 | INFO     | mcu_data.yolox_metrics:83 - DONE (t=0.02s).
2026-08-18 10:28:05 | INFO     | yolox.core.trainer:381 - 
Average forward time: 5.06 ms, Average NMS time: 0.94 ms, Average inference time: 6.00 ms
 Average Precision  (AP) @[ IoU=0.50:0.95 | area=   all | maxDets=100 ] = 0.642
 Average Precision  (AP) @[ IoU=0.50      | area=   all | maxDets=100 ] = 1.000
 Average Precision  (AP) @[ IoU=0.75      | area=   all | maxDets=100 ] = 0.732
 Average Precision  (AP) @[ IoU=0.50:0.95 | area= small | maxDets=100 ] = -1.000
 Average Precision  (AP) @[ IoU=0.50:0.95 | area=medium | maxDets=100 ] = -1.000
 Average Precision  (AP) @[ IoU=0.50:0.95 | area= large | maxDets=100 ] = 0.642
 Average Recall     (AR) @[ IoU=0.50:0.95 | area=   all | maxDets=  1 ] = 0.699
 Average Recall     (AR) @[ IoU=0.50:0.95 | area=   all | maxDets= 10 ] = 0.699
 Average Recall     (AR) @[ IoU=0.50:0.95 | area=   all | maxDets=100 ] = 0.699
 Average Recall     (AR) @[ IoU=0.50:0.95 | area= small | maxDets=100 ] = -1.000
 Average Recall     (AR) @[ IoU=0.50:0.95 | area=medium | maxDets=100 ] = -1.000
 Average Recall     (AR) @[ IoU=0.50:0.95 | area= large | maxDets=100 ] = 0.699
per class AP:
| class            | AP     |
|:-----------------|:-------|
| raspberry_pi_sbc | 64.180 |
per class AR:
| class            | AR     |
|:-----------------|:-------|
| raspberry_pi_sbc | 69.897 |

2026-08-18 10:28:05 | INFO     | yolox.core.trainer:402 - Save weights to <PROJECT_ROOT>\runs\benchmarks\micropcb_rpi_phash_component_bootstrap_v2_full_e100_b8_i640_w0_s42-43-44_p02facd21ef_dbea2fbaddc_cb773706267\yolox_s_seed43
[EPOCH 004/100] loss=2.37525 iou=1.18131 conf=0.81865 cls=0.37530 | AP50=1.00000 AP50-95=0.64180 AP75=0.73165 AR100=0.69897 | LR=0.00080000 VRAM_peak=1717.2 MiB
EPOCH_METRICS_JSON {"epoch": 4, "elapsed_s": 1057.9130054000416, "epoch_seconds": 240.2423631999991, "iterations": 188, "train_total_loss": 2.3752536266408066, "train_iou_loss": 1.1813076598213075, "train_conf_loss": 0.8186485665909787, "train_cls_loss": 0.375297393570555, "train_l1_loss": 0.0, "num_fg_mean": 7.963642872215426, "map50_95": 0.6417993004563999, "map50": 1.0, "ap75": 0.7316512759469748, "ar100": 0.698974358974359, "lr": 0.0008000000000000001, "lr_mean": 0.0006175977535083751, "gpu_peak_allocated_mib": 1717.24755859375, "gpu_peak_reserved_mib": 2236.0, "best_map50_95": 0.7226034543562667}
2026-08-18 10:28:06 | INFO     | yolox.core.trainer:218 - ---> start train epoch5
2026-08-18 10:28:18 | INFO     | yolox.core.trainer:270 - epoch: 5/100, iter: 10/188, gpu mem: 1717Mb, mem: 12.7Gb, iter_time: 1.138s, data_time: 0.998s, total_loss: 2.3, iou_loss: 1.0, l1_loss: 0.0, conf_loss: 0.9, cls_loss: 0.3, lr: 8.214e-04, size: 640, ETA: 6:43:11
2026-08-18 10:28:29 | INFO     | yolox.core.trainer:270 - epoch: 5/100, iter: 20/188, gpu mem: 1717Mb, mem: 12.7Gb, iter_time: 1.177s, data_time: 1.036s, total_loss: 2.4, iou_loss: 1.3, l1_loss: 0.0, conf_loss: 0.7, cls_loss: 0.4, lr: 8.431e-04, size: 640, ETA: 6:42:19
2026-08-18 10:28:42 | INFO     | yolox.core.trainer:270 - epoch: 5/100, iter: 30/188, gpu mem: 1717Mb, mem: 12.7Gb, iter_time: 1.247s, data_time: 1.105s, total_loss: 2.7, iou_loss: 1.4, l1_loss: 0.0, conf_loss: 0.9, cls_loss: 0.4, lr: 8.651e-04, size: 640, ETA: 6:41:45
2026-08-18 10:28:54 | INFO     | yolox.core.trainer:270 - epoch: 5/100, iter: 40/188, gpu mem: 1717Mb, mem: 12.7Gb, iter_time: 1.195s, data_time: 1.056s, total_loss: 2.2, iou_loss: 1.1, l1_loss: 0.0, conf_loss: 0.7, cls_loss: 0.4, lr: 8.874e-04, size: 640, ETA: 6:40:59
2026-08-18 10:29:06 | INFO     | yolox.core.trainer:270 - epoch: 5/100, iter: 50/188, gpu mem: 1717Mb, mem: 13.1Gb, iter_time: 1.187s, data_time: 1.036s, total_loss: 2.5, iou_loss: 1.2, l1_loss: 0.0, conf_loss: 0.9, cls_loss: 0.4, lr: 9.099e-04, size: 640, ETA: 6:40:12
2026-08-18 10:29:16 | INFO     | yolox.core.trainer:270 - epoch: 5/100, iter: 60/188, gpu mem: 1717Mb, mem: 13.2Gb, iter_time: 1.033s, data_time: 0.884s, total_loss: 2.4, iou_loss: 1.2, l1_loss: 0.0, conf_loss: 0.8, cls_loss: 0.4, lr: 9.328e-04, size: 640, ETA: 6:38:52
2026-08-18 10:29:27 | INFO     | yolox.core.trainer:270 - epoch: 5/100, iter: 70/188, gpu mem: 1717Mb, mem: 13.2Gb, iter_time: 1.043s, data_time: 0.891s, total_loss: 2.5, iou_loss: 1.3, l1_loss: 0.0, conf_loss: 0.7, cls_loss: 0.4, lr: 9.559e-04, size: 640, ETA: 6:37:36
2026-08-18 10:29:37 | INFO     | yolox.core.trainer:270 - epoch: 5/100, iter: 80/188, gpu mem: 1717Mb, mem: 13.1Gb, iter_time: 1.013s, data_time: 0.863s, total_loss: 2.5, iou_loss: 1.2, l1_loss: 0.0, conf_loss: 0.8, cls_loss: 0.4, lr: 9.793e-04, size: 640, ETA: 6:36:14
2026-08-18 10:29:47 | INFO     | yolox.core.trainer:270 - epoch: 5/100, iter: 90/188, gpu mem: 1717Mb, mem: 13.0Gb, iter_time: 1.040s, data_time: 0.893s, total_loss: 1.9, iou_loss: 1.0, l1_loss: 0.0, conf_loss: 0.5, cls_loss: 0.3, lr: 1.003e-03, size: 640, ETA: 6:35:01
2026-08-18 10:29:57 | INFO     | yolox.core.trainer:270 - epoch: 5/100, iter: 100/188, gpu mem: 1717Mb, mem: 13.0Gb, iter_time: 1.018s, data_time: 0.869s, total_loss: 2.9, iou_loss: 1.5, l1_loss: 0.0, conf_loss: 0.9, cls_loss: 0.4, lr: 1.027e-03, size: 640, ETA: 6:33:44
2026-08-18 10:30:07 | INFO     | yolox.core.trainer:270 - epoch: 5/100, iter: 110/188, gpu mem: 1717Mb, mem: 12.9Gb, iter_time: 0.958s, data_time: 0.800s, total_loss: 2.6, iou_loss: 1.2, l1_loss: 0.0, conf_loss: 1.1, cls_loss: 0.4, lr: 1.051e-03, size: 640, ETA: 6:32:16
2026-08-18 10:30:17 | INFO     | yolox.core.trainer:270 - epoch: 5/100, iter: 120/188, gpu mem: 1717Mb, mem: 12.9Gb, iter_time: 1.022s, data_time: 0.870s, total_loss: 2.3, iou_loss: 1.1, l1_loss: 0.0, conf_loss: 0.8, cls_loss: 0.4, lr: 1.076e-03, size: 640, ETA: 6:31:03
2026-08-18 10:30:27 | INFO     | yolox.core.trainer:270 - epoch: 5/100, iter: 130/188, gpu mem: 1717Mb, mem: 13.0Gb, iter_time: 0.990s, data_time: 0.841s, total_loss: 2.3, iou_loss: 1.1, l1_loss: 0.0, conf_loss: 0.8, cls_loss: 0.4, lr: 1.101e-03, size: 640, ETA: 6:29:46
2026-08-18 10:30:37 | INFO     | yolox.core.trainer:270 - epoch: 5/100, iter: 140/188, gpu mem: 1717Mb, mem: 13.0Gb, iter_time: 0.987s, data_time: 0.836s, total_loss: 3.0, iou_loss: 1.3, l1_loss: 0.0, conf_loss: 1.3, cls_loss: 0.4, lr: 1.126e-03, size: 640, ETA: 6:28:29
2026-08-18 10:30:47 | INFO     | yolox.core.trainer:270 - epoch: 5/100, iter: 150/188, gpu mem: 1717Mb, mem: 13.0Gb, iter_time: 1.025s, data_time: 0.874s, total_loss: 2.3, iou_loss: 1.2, l1_loss: 0.0, conf_loss: 0.7, cls_loss: 0.4, lr: 1.151e-03, size: 640, ETA: 6:27:21
2026-08-18 10:30:58 | INFO     | yolox.core.trainer:270 - epoch: 5/100, iter: 160/188, gpu mem: 1717Mb, mem: 13.2Gb, iter_time: 1.038s, data_time: 0.883s, total_loss: 2.6, iou_loss: 1.2, l1_loss: 0.0, conf_loss: 1.0, cls_loss: 0.4, lr: 1.177e-03, size: 640, ETA: 6:26:17
2026-08-18 10:31:08 | INFO     | yolox.core.trainer:270 - epoch: 5/100, iter: 170/188, gpu mem: 1717Mb, mem: 13.0Gb, iter_time: 1.014s, data_time: 0.856s, total_loss: 3.1, iou_loss: 1.6, l1_loss: 0.0, conf_loss: 1.0, cls_loss: 0.5, lr: 1.203e-03, size: 640, ETA: 6:25:09
2026-08-18 10:31:17 | INFO     | yolox.core.trainer:270 - epoch: 5/100, iter: 180/188, gpu mem: 1717Mb, mem: 13.2Gb, iter_time: 0.953s, data_time: 0.800s, total_loss: 2.1, iou_loss: 1.0, l1_loss: 0.0, conf_loss: 0.8, cls_loss: 0.3, lr: 1.229e-03, size: 640, ETA: 6:23:51
2026-08-18 10:31:25 | INFO     | yolox.core.trainer:402 - Save weights to <PROJECT_ROOT>\runs\benchmarks\micropcb_rpi_phash_component_bootstrap_v2_full_e100_b8_i640_w0_s42-43-44_p02facd21ef_dbea2fbaddc_cb773706267\yolox_s_seed43

  0%|          | 0/25 [00:00<?, ?it/s]
  4%|4         | 1/25 [00:00<00:06,  3.80it/s]
  8%|8         | 2/25 [00:00<00:06,  3.56it/s]
 12%|#2        | 3/25 [00:00<00:06,  3.48it/s]
 16%|#6        | 4/25 [00:01<00:06,  3.27it/s]
 20%|##        | 5/25 [00:01<00:06,  3.11it/s]
 24%|##4       | 6/25 [00:01<00:06,  3.07it/s]
 28%|##8       | 7/25 [00:02<00:05,  3.10it/s]
 32%|###2      | 8/25 [00:02<00:05,  3.17it/s]
 36%|###6      | 9/25 [00:02<00:04,  3.22it/s]
 40%|####      | 10/25 [00:03<00:04,  3.26it/s]
 44%|####4     | 11/25 [00:03<00:04,  3.34it/s]
 48%|####8     | 12/25 [00:03<00:03,  3.35it/s]
 52%|#####2    | 13/25 [00:04<00:03,  3.22it/s]
 56%|#####6    | 14/25 [00:04<00:03,  3.22it/s]
 60%|######    | 15/25 [00:04<00:03,  3.03it/s]
 64%|######4   | 16/25 [00:05<00:02,  3.07it/s]
 68%|######8   | 17/25 [00:05<00:02,  3.28it/s]
 72%|#######2  | 18/25 [00:05<00:01,  3.55it/s]
 76%|#######6  | 19/25 [00:05<00:01,  3.72it/s]
 80%|########  | 20/25 [00:05<00:01,  3.84it/s]
 84%|########4 | 21/25 [00:06<00:01,  4.00it/s]
 88%|########8 | 22/25 [00:06<00:00,  4.07it/s]
 92%|#########2| 23/25 [00:06<00:00,  3.93it/s]
 96%|#########6| 24/25 [00:07<00:00,  3.66it/s]
100%|##########| 25/25 [00:07<00:00,  4.45it/s]
100%|##########| 25/25 [00:07<00:00,  3.51it/s]
2026-08-18 10:31:32 | INFO     | mcu_data.yolox_metrics:78 - Evaluate with standard pycocotools COCOeval (no C++ JIT build).
2026-08-18 10:31:32 | INFO     | mcu_data.yolox_metrics:80 - Loading and preparing results...
2026-08-18 10:31:32 | INFO     | mcu_data.yolox_metrics:80 - DONE (t=0.00s)
2026-08-18 10:31:32 | INFO     | pycocotools.coco:367 - creating index...
2026-08-18 10:31:32 | INFO     | pycocotools.coco:367 - index created!
2026-08-18 10:31:32 | INFO     | mcu_data.yolox_metrics:82 - Running per image evaluation...
2026-08-18 10:31:32 | INFO     | mcu_data.yolox_metrics:82 - Evaluate annotation type *bbox*
2026-08-18 10:31:33 | INFO     | mcu_data.yolox_metrics:82 - DONE (t=0.06s).
2026-08-18 10:31:33 | INFO     | mcu_data.yolox_metrics:83 - Accumulating evaluation results...
2026-08-18 10:31:33 | INFO     | mcu_data.yolox_metrics:83 - DONE (t=0.01s).
2026-08-18 10:31:33 | INFO     | yolox.core.trainer:381 - 
Average forward time: 5.60 ms, Average NMS time: 0.97 ms, Average inference time: 6.57 ms
 Average Precision  (AP) @[ IoU=0.50:0.95 | area=   all | maxDets=100 ] = 0.260
 Average Precision  (AP) @[ IoU=0.50      | area=   all | maxDets=100 ] = 0.929
 Average Precision  (AP) @[ IoU=0.75      | area=   all | maxDets=100 ] = 0.014
 Average Precision  (AP) @[ IoU=0.50:0.95 | area= small | maxDets=100 ] = -1.000
 Average Precision  (AP) @[ IoU=0.50:0.95 | area=medium | maxDets=100 ] = -1.000
 Average Precision  (AP) @[ IoU=0.50:0.95 | area= large | maxDets=100 ] = 0.260
 Average Recall     (AR) @[ IoU=0.50:0.95 | area=   all | maxDets=  1 ] = 0.261
 Average Recall     (AR) @[ IoU=0.50:0.95 | area=   all | maxDets= 10 ] = 0.417
 Average Recall     (AR) @[ IoU=0.50:0.95 | area=   all | maxDets=100 ] = 0.449
 Average Recall     (AR) @[ IoU=0.50:0.95 | area= small | maxDets=100 ] = -1.000
 Average Recall     (AR) @[ IoU=0.50:0.95 | area=medium | maxDets=100 ] = -1.000
 Average Recall     (AR) @[ IoU=0.50:0.95 | area= large | maxDets=100 ] = 0.449
per class AP:
| class            | AP     |
|:-----------------|:-------|
| raspberry_pi_sbc | 25.952 |
per class AR:
| class            | AR     |
|:-----------------|:-------|
| raspberry_pi_sbc | 44.872 |

2026-08-18 10:31:33 | INFO     | yolox.core.trainer:402 - Save weights to <PROJECT_ROOT>\runs\benchmarks\micropcb_rpi_phash_component_bootstrap_v2_full_e100_b8_i640_w0_s42-43-44_p02facd21ef_dbea2fbaddc_cb773706267\yolox_s_seed43
[EPOCH 005/100] loss=2.52748 iou=1.27075 conf=0.86178 cls=0.39496 | AP50=0.92929 AP50-95=0.25952 AP75=0.01426 AR100=0.44872 | LR=0.00125000 VRAM_peak=1717.2 MiB
EPOCH_METRICS_JSON {"epoch": 5, "elapsed_s": 1264.955854800006, "epoch_seconds": 206.32461080001667, "iterations": 188, "train_total_loss": 2.527479965001979, "train_iou_loss": 1.270745801798841, "train_conf_loss": 0.8617756503059509, "train_cls_loss": 0.3949585076659284, "train_l1_loss": 0.0, "num_fg_mean": 7.786301835891437, "map50_95": 0.2595210676809505, "map50": 0.9292890803700066, "ap75": 0.01425626888302435, "ar100": 0.44871794871794873, "lr": 0.00125, "lr_mean": 0.0010178637109551833, "gpu_peak_allocated_mib": 1717.24755859375, "gpu_peak_reserved_mib": 2234.0, "best_map50_95": 0.7226034543562667}
2026-08-18 10:31:33 | INFO     | yolox.core.trainer:218 - ---> start train epoch6
2026-08-18 10:31:44 | INFO     | yolox.core.trainer:270 - epoch: 6/100, iter: 10/188, gpu mem: 1717Mb, mem: 13.4Gb, iter_time: 1.073s, data_time: 0.919s, total_loss: 2.5, iou_loss: 1.2, l1_loss: 0.0, conf_loss: 0.9, cls_loss: 0.4, lr: 1.250e-03, size: 640, ETA: 6:22:01
2026-08-18 10:31:54 | INFO     | yolox.core.trainer:270 - epoch: 6/100, iter: 20/188, gpu mem: 1717Mb, mem: 13.4Gb, iter_time: 1.014s, data_time: 0.859s, total_loss: 2.1, iou_loss: 1.0, l1_loss: 0.0, conf_loss: 0.7, cls_loss: 0.3, lr: 1.250e-03, size: 640, ETA: 6:20:58
2026-08-18 10:32:04 | INFO     | yolox.core.trainer:270 - epoch: 6/100, iter: 30/188, gpu mem: 1717Mb, mem: 13.4Gb, iter_time: 1.020s, data_time: 0.869s, total_loss: 1.9, iou_loss: 0.9, l1_loss: 0.0, conf_loss: 0.7, cls_loss: 0.3, lr: 1.250e-03, size: 640, ETA: 6:19:57
2026-08-18 10:32:15 | INFO     | yolox.core.trainer:270 - epoch: 6/100, iter: 40/188, gpu mem: 1717Mb, mem: 13.5Gb, iter_time: 1.052s, data_time: 0.894s, total_loss: 2.5, iou_loss: 1.3, l1_loss: 0.0, conf_loss: 0.9, cls_loss: 0.4, lr: 1.250e-03, size: 640, ETA: 6:19:03
2026-08-18 10:32:30 | INFO     | yolox.core.trainer:270 - epoch: 6/100, iter: 50/188, gpu mem: 1717Mb, mem: 13.6Gb, iter_time: 1.473s, data_time: 1.286s, total_loss: 2.5, iou_loss: 1.3, l1_loss: 0.0, conf_loss: 0.9, cls_loss: 0.4, lr: 1.250e-03, size: 640, ETA: 6:19:26
2026-08-18 10:32:43 | INFO     | yolox.core.trainer:270 - epoch: 6/100, iter: 60/188, gpu mem: 1717Mb, mem: 13.1Gb, iter_time: 1.300s, data_time: 1.146s, total_loss: 2.7, iou_loss: 1.2, l1_loss: 0.0, conf_loss: 1.1, cls_loss: 0.4, lr: 1.250e-03, size: 640, ETA: 6:19:17
2026-08-18 10:32:55 | INFO     | yolox.core.trainer:270 - epoch: 6/100, iter: 70/188, gpu mem: 1717Mb, mem: 13.1Gb, iter_time: 1.236s, data_time: 1.085s, total_loss: 3.5, iou_loss: 1.6, l1_loss: 0.0, conf_loss: 1.4, cls_loss: 0.4, lr: 1.250e-03, size: 640, ETA: 6:18:57
2026-08-18 10:33:06 | INFO     | yolox.core.trainer:270 - epoch: 6/100, iter: 80/188, gpu mem: 1717Mb, mem: 13.0Gb, iter_time: 1.113s, data_time: 0.960s, total_loss: 2.1, iou_loss: 1.1, l1_loss: 0.0, conf_loss: 0.6, cls_loss: 0.4, lr: 1.250e-03, size: 640, ETA: 6:18:15
2026-08-18 10:33:18 | INFO     | yolox.core.trainer:270 - epoch: 6/100, iter: 90/188, gpu mem: 1717Mb, mem: 13.0Gb, iter_time: 1.219s, data_time: 1.063s, total_loss: 2.6, iou_loss: 1.2, l1_loss: 0.0, conf_loss: 1.0, cls_loss: 0.4, lr: 1.250e-03, size: 640, ETA: 6:17:53
2026-08-18 10:33:31 | INFO     | yolox.core.trainer:270 - epoch: 6/100, iter: 100/188, gpu mem: 1717Mb, mem: 13.4Gb, iter_time: 1.263s, data_time: 1.110s, total_loss: 1.8, iou_loss: 0.9, l1_loss: 0.0, conf_loss: 0.5, cls_loss: 0.3, lr: 1.250e-03, size: 640, ETA: 6:17:38
2026-08-18 10:33:42 | INFO     | yolox.core.trainer:270 - epoch: 6/100, iter: 110/188, gpu mem: 1717Mb, mem: 13.3Gb, iter_time: 1.051s, data_time: 0.901s, total_loss: 2.9, iou_loss: 1.3, l1_loss: 0.0, conf_loss: 1.2, cls_loss: 0.4, lr: 1.250e-03, size: 640, ETA: 6:16:47
2026-08-18 10:33:54 | INFO     | yolox.core.trainer:270 - epoch: 6/100, iter: 120/188, gpu mem: 1717Mb, mem: 13.3Gb, iter_time: 1.270s, data_time: 1.123s, total_loss: 3.0, iou_loss: 1.5, l1_loss: 0.0, conf_loss: 1.0, cls_loss: 0.4, lr: 1.250e-03, size: 640, ETA: 6:16:33
2026-08-18 10:34:08 | INFO     | yolox.core.trainer:270 - epoch: 6/100, iter: 130/188, gpu mem: 1717Mb, mem: 13.5Gb, iter_time: 1.351s, data_time: 1.199s, total_loss: 1.8, iou_loss: 0.9, l1_loss: 0.0, conf_loss: 0.6, cls_loss: 0.3, lr: 1.250e-03, size: 640, ETA: 6:16:34
2026-08-18 10:34:21 | INFO     | yolox.core.trainer:270 - epoch: 6/100, iter: 140/188, gpu mem: 1717Mb, mem: 13.5Gb, iter_time: 1.307s, data_time: 1.160s, total_loss: 2.6, iou_loss: 1.3, l1_loss: 0.0, conf_loss: 0.8, cls_loss: 0.4, lr: 1.250e-03, size: 640, ETA: 6:16:26
2026-08-18 10:34:34 | INFO     | yolox.core.trainer:270 - epoch: 6/100, iter: 150/188, gpu mem: 1717Mb, mem: 13.4Gb, iter_time: 1.362s, data_time: 1.211s, total_loss: 2.6, iou_loss: 1.4, l1_loss: 0.0, conf_loss: 0.8, cls_loss: 0.4, lr: 1.250e-03, size: 640, ETA: 6:16:28
2026-08-18 10:34:48 | INFO     | yolox.core.trainer:270 - epoch: 6/100, iter: 160/188, gpu mem: 1717Mb, mem: 13.4Gb, iter_time: 1.356s, data_time: 1.204s, total_loss: 2.8, iou_loss: 1.4, l1_loss: 0.0, conf_loss: 0.9, cls_loss: 0.4, lr: 1.250e-03, size: 640, ETA: 6:16:28
2026-08-18 10:35:02 | INFO     | yolox.core.trainer:270 - epoch: 6/100, iter: 170/188, gpu mem: 1717Mb, mem: 13.4Gb, iter_time: 1.386s, data_time: 1.241s, total_loss: 2.0, iou_loss: 0.9, l1_loss: 0.0, conf_loss: 0.8, cls_loss: 0.3, lr: 1.250e-03, size: 640, ETA: 6:16:33
2026-08-18 10:35:16 | INFO     | yolox.core.trainer:270 - epoch: 6/100, iter: 180/188, gpu mem: 1717Mb, mem: 13.5Gb, iter_time: 1.360s, data_time: 1.211s, total_loss: 2.6, iou_loss: 1.3, l1_loss: 0.0, conf_loss: 1.0, cls_loss: 0.4, lr: 1.250e-03, size: 640, ETA: 6:16:33
2026-08-18 10:35:25 | INFO     | yolox.core.trainer:402 - Save weights to <PROJECT_ROOT>\runs\benchmarks\micropcb_rpi_phash_component_bootstrap_v2_full_e100_b8_i640_w0_s42-43-44_p02facd21ef_dbea2fbaddc_cb773706267\yolox_s_seed43

  0%|          | 0/25 [00:00<?, ?it/s]
  4%|4         | 1/25 [00:00<00:08,  2.84it/s]
  8%|8         | 2/25 [00:00<00:08,  2.71it/s]
 12%|#2        | 3/25 [00:01<00:08,  2.69it/s]
 16%|#6        | 4/25 [00:01<00:07,  2.64it/s]
 20%|##        | 5/25 [00:01<00:07,  2.56it/s]
 24%|##4       | 6/25 [00:02<00:07,  2.47it/s]
 28%|##8       | 7/25 [00:02<00:07,  2.32it/s]
 32%|###2      | 8/25 [00:03<00:07,  2.40it/s]
 36%|###6      | 9/25 [00:03<00:06,  2.52it/s]
 40%|####      | 10/25 [00:03<00:05,  2.62it/s]
 44%|####4     | 11/25 [00:04<00:05,  2.74it/s]
 48%|####8     | 12/25 [00:04<00:04,  2.77it/s]
 52%|#####2    | 13/25 [00:04<00:04,  2.70it/s]
 56%|#####6    | 14/25 [00:05<00:03,  2.77it/s]
 60%|######    | 15/25 [00:05<00:03,  2.68it/s]
 64%|######4   | 16/25 [00:06<00:03,  2.56it/s]
 68%|######8   | 17/25 [00:06<00:03,  2.66it/s]
 72%|#######2  | 18/25 [00:06<00:02,  2.82it/s]
 76%|#######6  | 19/25 [00:07<00:02,  2.90it/s]
 80%|########  | 20/25 [00:07<00:01,  2.89it/s]
 84%|########4 | 21/25 [00:07<00:01,  3.01it/s]
 88%|########8 | 22/25 [00:08<00:00,  3.03it/s]
 92%|#########2| 23/25 [00:08<00:00,  2.85it/s]
 96%|#########6| 24/25 [00:08<00:00,  2.60it/s]
100%|##########| 25/25 [00:09<00:00,  3.12it/s]
100%|##########| 25/25 [00:09<00:00,  2.74it/s]
2026-08-18 10:35:34 | INFO     | mcu_data.yolox_metrics:78 - Evaluate with standard pycocotools COCOeval (no C++ JIT build).
2026-08-18 10:35:34 | INFO     | mcu_data.yolox_metrics:80 - Loading and preparing results...
2026-08-18 10:35:34 | INFO     | mcu_data.yolox_metrics:80 - DONE (t=0.00s)
2026-08-18 10:35:34 | INFO     | pycocotools.coco:367 - creating index...
2026-08-18 10:35:34 | INFO     | pycocotools.coco:367 - index created!
2026-08-18 10:35:34 | INFO     | mcu_data.yolox_metrics:82 - Running per image evaluation...
2026-08-18 10:35:34 | INFO     | mcu_data.yolox_metrics:82 - Evaluate annotation type *bbox*
2026-08-18 10:35:35 | INFO     | mcu_data.yolox_metrics:82 - DONE (t=0.21s).
2026-08-18 10:35:35 | INFO     | mcu_data.yolox_metrics:83 - Accumulating evaluation results...
2026-08-18 10:35:35 | INFO     | mcu_data.yolox_metrics:83 - DONE (t=0.03s).
2026-08-18 10:35:35 | INFO     | yolox.core.trainer:381 - 
Average forward time: 5.27 ms, Average NMS time: 1.33 ms, Average inference time: 6.60 ms
 Average Precision  (AP) @[ IoU=0.50:0.95 | area=   all | maxDets=100 ] = 0.532
 Average Precision  (AP) @[ IoU=0.50      | area=   all | maxDets=100 ] = 1.000
 Average Precision  (AP) @[ IoU=0.75      | area=   all | maxDets=100 ] = 0.420
 Average Precision  (AP) @[ IoU=0.50:0.95 | area= small | maxDets=100 ] = -1.000
 Average Precision  (AP) @[ IoU=0.50:0.95 | area=medium | maxDets=100 ] = -1.000
 Average Precision  (AP) @[ IoU=0.50:0.95 | area= large | maxDets=100 ] = 0.532
 Average Recall     (AR) @[ IoU=0.50:0.95 | area=   all | maxDets=  1 ] = 0.571
 Average Recall     (AR) @[ IoU=0.50:0.95 | area=   all | maxDets= 10 ] = 0.571
 Average Recall     (AR) @[ IoU=0.50:0.95 | area=   all | maxDets=100 ] = 0.580
 Average Recall     (AR) @[ IoU=0.50:0.95 | area= small | maxDets=100 ] = -1.000
 Average Recall     (AR) @[ IoU=0.50:0.95 | area=medium | maxDets=100 ] = -1.000
 Average Recall     (AR) @[ IoU=0.50:0.95 | area= large | maxDets=100 ] = 0.580
per class AP:
| class            | AP     |
|:-----------------|:-------|
| raspberry_pi_sbc | 53.228 |
per class AR:
| class            | AR     |
|:-----------------|:-------|
| raspberry_pi_sbc | 58.000 |

2026-08-18 10:35:35 | INFO     | yolox.core.trainer:402 - Save weights to <PROJECT_ROOT>\runs\benchmarks\micropcb_rpi_phash_component_bootstrap_v2_full_e100_b8_i640_w0_s42-43-44_p02facd21ef_dbea2fbaddc_cb773706267\yolox_s_seed43
[EPOCH 006/100] loss=2.53933 iou=1.28423 conf=0.85813 cls=0.39697 | AP50=1.00000 AP50-95=0.53228 AP75=0.42001 AR100=0.58000 | LR=0.00124959 VRAM_peak=1717.2 MiB
EPOCH_METRICS_JSON {"epoch": 6, "elapsed_s": 1507.1665145000443, "epoch_seconds": 241.60443169996142, "iterations": 188, "train_total_loss": 2.5393269880020872, "train_iou_loss": 1.2842302157523784, "train_conf_loss": 0.8581255469867524, "train_cls_loss": 0.396971214958962, "train_l1_loss": 0.0, "num_fg_mean": 7.7302678069454425, "map50_95": 0.5322751390218938, "map50": 1.0, "ap75": 0.4200058018746253, "ar100": 0.58, "lr": 0.00124959450445992, "lr_mean": 0.0012498637483074882, "gpu_peak_allocated_mib": 1717.24755859375, "gpu_peak_reserved_mib": 2234.0, "best_map50_95": 0.7226034543562667}
2026-08-18 10:35:36 | INFO     | yolox.core.trainer:218 - ---> start train epoch7
2026-08-18 10:35:50 | INFO     | yolox.core.trainer:270 - epoch: 7/100, iter: 10/188, gpu mem: 1717Mb, mem: 14.1Gb, iter_time: 1.438s, data_time: 1.273s, total_loss: 2.8, iou_loss: 1.4, l1_loss: 0.0, conf_loss: 1.0, cls_loss: 0.4, lr: 1.250e-03, size: 640, ETA: 6:16:23
2026-08-18 10:36:04 | INFO     | yolox.core.trainer:270 - epoch: 7/100, iter: 20/188, gpu mem: 1717Mb, mem: 14.1Gb, iter_time: 1.405s, data_time: 1.250s, total_loss: 3.0, iou_loss: 1.4, l1_loss: 0.0, conf_loss: 1.1, cls_loss: 0.4, lr: 1.250e-03, size: 640, ETA: 6:16:30
2026-08-18 10:36:19 | INFO     | yolox.core.trainer:270 - epoch: 7/100, iter: 30/188, gpu mem: 1717Mb, mem: 14.2Gb, iter_time: 1.486s, data_time: 1.329s, total_loss: 2.2, iou_loss: 1.2, l1_loss: 0.0, conf_loss: 0.6, cls_loss: 0.4, lr: 1.249e-03, size: 640, ETA: 6:16:48
2026-08-18 10:36:35 | INFO     | yolox.core.trainer:270 - epoch: 7/100, iter: 40/188, gpu mem: 1717Mb, mem: 14.6Gb, iter_time: 1.545s, data_time: 1.367s, total_loss: 2.3, iou_loss: 1.1, l1_loss: 0.0, conf_loss: 0.8, cls_loss: 0.4, lr: 1.249e-03, size: 640, ETA: 6:17:15
2026-08-18 10:36:49 | INFO     | yolox.core.trainer:270 - epoch: 7/100, iter: 50/188, gpu mem: 1717Mb, mem: 14.4Gb, iter_time: 1.442s, data_time: 1.284s, total_loss: 2.4, iou_loss: 1.1, l1_loss: 0.0, conf_loss: 0.9, cls_loss: 0.4, lr: 1.249e-03, size: 640, ETA: 6:17:26
2026-08-18 10:37:03 | INFO     | yolox.core.trainer:270 - epoch: 7/100, iter: 60/188, gpu mem: 1717Mb, mem: 14.5Gb, iter_time: 1.394s, data_time: 1.235s, total_loss: 2.9, iou_loss: 1.5, l1_loss: 0.0, conf_loss: 0.9, cls_loss: 0.4, lr: 1.249e-03, size: 640, ETA: 6:17:30
2026-08-18 10:37:17 | INFO     | yolox.core.trainer:270 - epoch: 7/100, iter: 70/188, gpu mem: 1717Mb, mem: 14.5Gb, iter_time: 1.404s, data_time: 1.246s, total_loss: 2.4, iou_loss: 1.1, l1_loss: 0.0, conf_loss: 0.9, cls_loss: 0.4, lr: 1.249e-03, size: 640, ETA: 6:17:34
2026-08-18 10:37:31 | INFO     | yolox.core.trainer:270 - epoch: 7/100, iter: 80/188, gpu mem: 1717Mb, mem: 14.4Gb, iter_time: 1.397s, data_time: 1.242s, total_loss: 2.2, iou_loss: 1.0, l1_loss: 0.0, conf_loss: 0.8, cls_loss: 0.4, lr: 1.249e-03, size: 640, ETA: 6:17:37
2026-08-18 10:37:45 | INFO     | yolox.core.trainer:270 - epoch: 7/100, iter: 90/188, gpu mem: 1717Mb, mem: 14.5Gb, iter_time: 1.381s, data_time: 1.223s, total_loss: 3.3, iou_loss: 1.7, l1_loss: 0.0, conf_loss: 1.2, cls_loss: 0.5, lr: 1.249e-03, size: 640, ETA: 6:17:38
2026-08-18 10:37:59 | INFO     | yolox.core.trainer:270 - epoch: 7/100, iter: 100/188, gpu mem: 1717Mb, mem: 14.5Gb, iter_time: 1.369s, data_time: 1.213s, total_loss: 2.4, iou_loss: 1.2, l1_loss: 0.0, conf_loss: 0.8, cls_loss: 0.4, lr: 1.249e-03, size: 640, ETA: 6:17:36
2026-08-18 10:38:12 | INFO     | yolox.core.trainer:270 - epoch: 7/100, iter: 110/188, gpu mem: 1717Mb, mem: 14.5Gb, iter_time: 1.358s, data_time: 1.208s, total_loss: 2.4, iou_loss: 1.2, l1_loss: 0.0, conf_loss: 0.7, cls_loss: 0.4, lr: 1.249e-03, size: 640, ETA: 6:17:33
2026-08-18 10:38:26 | INFO     | yolox.core.trainer:270 - epoch: 7/100, iter: 120/188, gpu mem: 1717Mb, mem: 14.5Gb, iter_time: 1.411s, data_time: 1.260s, total_loss: 2.4, iou_loss: 1.2, l1_loss: 0.0, conf_loss: 0.8, cls_loss: 0.4, lr: 1.249e-03, size: 640, ETA: 6:17:37
2026-08-18 10:38:41 | INFO     | yolox.core.trainer:270 - epoch: 7/100, iter: 130/188, gpu mem: 1717Mb, mem: 14.7Gb, iter_time: 1.462s, data_time: 1.296s, total_loss: 2.1, iou_loss: 1.1, l1_loss: 0.0, conf_loss: 0.7, cls_loss: 0.4, lr: 1.249e-03, size: 640, ETA: 6:17:48
2026-08-18 10:38:55 | INFO     | yolox.core.trainer:270 - epoch: 7/100, iter: 140/188, gpu mem: 1717Mb, mem: 14.5Gb, iter_time: 1.424s, data_time: 1.263s, total_loss: 2.2, iou_loss: 1.2, l1_loss: 0.0, conf_loss: 0.5, cls_loss: 0.4, lr: 1.249e-03, size: 640, ETA: 6:17:53
2026-08-18 10:39:09 | INFO     | yolox.core.trainer:270 - epoch: 7/100, iter: 150/188, gpu mem: 1717Mb, mem: 14.5Gb, iter_time: 1.378s, data_time: 1.222s, total_loss: 2.9, iou_loss: 1.5, l1_loss: 0.0, conf_loss: 1.0, cls_loss: 0.4, lr: 1.249e-03, size: 640, ETA: 6:17:52
2026-08-18 10:39:23 | INFO     | yolox.core.trainer:270 - epoch: 7/100, iter: 160/188, gpu mem: 1717Mb, mem: 14.4Gb, iter_time: 1.405s, data_time: 1.248s, total_loss: 1.5, iou_loss: 0.8, l1_loss: 0.0, conf_loss: 0.5, cls_loss: 0.3, lr: 1.249e-03, size: 640, ETA: 6:17:54
2026-08-18 10:39:37 | INFO     | yolox.core.trainer:270 - epoch: 7/100, iter: 170/188, gpu mem: 1717Mb, mem: 14.4Gb, iter_time: 1.373s, data_time: 1.218s, total_loss: 2.3, iou_loss: 1.0, l1_loss: 0.0, conf_loss: 1.0, cls_loss: 0.3, lr: 1.249e-03, size: 640, ETA: 6:17:52
2026-08-18 10:39:51 | INFO     | yolox.core.trainer:270 - epoch: 7/100, iter: 180/188, gpu mem: 1717Mb, mem: 14.4Gb, iter_time: 1.372s, data_time: 1.219s, total_loss: 2.1, iou_loss: 1.1, l1_loss: 0.0, conf_loss: 0.6, cls_loss: 0.4, lr: 1.248e-03, size: 640, ETA: 6:17:49
2026-08-18 10:40:02 | INFO     | yolox.core.trainer:402 - Save weights to <PROJECT_ROOT>\runs\benchmarks\micropcb_rpi_phash_component_bootstrap_v2_full_e100_b8_i640_w0_s42-43-44_p02facd21ef_dbea2fbaddc_cb773706267\yolox_s_seed43

  0%|          | 0/25 [00:00<?, ?it/s]
  4%|4         | 1/25 [00:00<00:13,  1.84it/s]
  8%|8         | 2/25 [00:01<00:11,  1.96it/s]
 12%|#2        | 3/25 [00:01<00:09,  2.29it/s]
 16%|#6        | 4/25 [00:01<00:08,  2.38it/s]
 20%|##        | 5/25 [00:02<00:08,  2.35it/s]
 24%|##4       | 6/25 [00:02<00:07,  2.39it/s]
 28%|##8       | 7/25 [00:02<00:07,  2.50it/s]
 32%|###2      | 8/25 [00:03<00:06,  2.61it/s]
 36%|###6      | 9/25 [00:03<00:05,  2.73it/s]
 40%|####      | 10/25 [00:04<00:05,  2.76it/s]
 44%|####4     | 11/25 [00:04<00:04,  2.81it/s]
 48%|####8     | 12/25 [00:04<00:04,  2.82it/s]
 52%|#####2    | 13/25 [00:05<00:04,  2.73it/s]
 56%|#####6    | 14/25 [00:05<00:03,  2.78it/s]
 60%|######    | 15/25 [00:05<00:03,  2.68it/s]
 64%|######4   | 16/25 [00:06<00:03,  2.61it/s]
 68%|######8   | 17/25 [00:06<00:02,  2.75it/s]
 72%|#######2  | 18/25 [00:06<00:02,  2.92it/s]
 76%|#######6  | 19/25 [00:07<00:01,  3.08it/s]
 80%|########  | 20/25 [00:07<00:01,  3.14it/s]
 84%|########4 | 21/25 [00:07<00:01,  3.28it/s]
 88%|########8 | 22/25 [00:08<00:00,  3.25it/s]
 92%|#########2| 23/25 [00:08<00:00,  2.64it/s]
 96%|#########6| 24/25 [00:08<00:00,  2.61it/s]
100%|##########| 25/25 [00:09<00:00,  3.23it/s]
100%|##########| 25/25 [00:09<00:00,  2.74it/s]
2026-08-18 10:40:11 | INFO     | mcu_data.yolox_metrics:78 - Evaluate with standard pycocotools COCOeval (no C++ JIT build).
2026-08-18 10:40:11 | INFO     | mcu_data.yolox_metrics:80 - Loading and preparing results...
2026-08-18 10:40:11 | INFO     | mcu_data.yolox_metrics:80 - DONE (t=0.00s)
2026-08-18 10:40:11 | INFO     | pycocotools.coco:367 - creating index...
2026-08-18 10:40:11 | INFO     | pycocotools.coco:367 - index created!
2026-08-18 10:40:11 | INFO     | mcu_data.yolox_metrics:82 - Running per image evaluation...
2026-08-18 10:40:11 | INFO     | mcu_data.yolox_metrics:82 - Evaluate annotation type *bbox*
2026-08-18 10:40:11 | INFO     | mcu_data.yolox_metrics:82 - DONE (t=0.13s).
2026-08-18 10:40:11 | INFO     | mcu_data.yolox_metrics:83 - Accumulating evaluation results...
2026-08-18 10:40:11 | INFO     | mcu_data.yolox_metrics:83 - DONE (t=0.02s).
2026-08-18 10:40:11 | INFO     | yolox.core.trainer:381 - 
Average forward time: 5.14 ms, Average NMS time: 1.03 ms, Average inference time: 6.17 ms
 Average Precision  (AP) @[ IoU=0.50:0.95 | area=   all | maxDets=100 ] = 0.196
 Average Precision  (AP) @[ IoU=0.50      | area=   all | maxDets=100 ] = 0.894
 Average Precision  (AP) @[ IoU=0.75      | area=   all | maxDets=100 ] = 0.000
 Average Precision  (AP) @[ IoU=0.50:0.95 | area= small | maxDets=100 ] = -1.000
 Average Precision  (AP) @[ IoU=0.50:0.95 | area=medium | maxDets=100 ] = -1.000
 Average Precision  (AP) @[ IoU=0.50:0.95 | area= large | maxDets=100 ] = 0.196
 Average Recall     (AR) @[ IoU=0.50:0.95 | area=   all | maxDets=  1 ] = 0.240
 Average Recall     (AR) @[ IoU=0.50:0.95 | area=   all | maxDets= 10 ] = 0.249
 Average Recall     (AR) @[ IoU=0.50:0.95 | area=   all | maxDets=100 ] = 0.317
 Average Recall     (AR) @[ IoU=0.50:0.95 | area= small | maxDets=100 ] = -1.000
 Average Recall     (AR) @[ IoU=0.50:0.95 | area=medium | maxDets=100 ] = -1.000
 Average Recall     (AR) @[ IoU=0.50:0.95 | area= large | maxDets=100 ] = 0.317
per class AP:
| class            | AP     |
|:-----------------|:-------|
| raspberry_pi_sbc | 19.607 |
per class AR:
| class            | AR     |
|:-----------------|:-------|
| raspberry_pi_sbc | 31.692 |

2026-08-18 10:40:11 | INFO     | yolox.core.trainer:402 - Save weights to <PROJECT_ROOT>\runs\benchmarks\micropcb_rpi_phash_component_bootstrap_v2_full_e100_b8_i640_w0_s42-43-44_p02facd21ef_dbea2fbaddc_cb773706267\yolox_s_seed43
[EPOCH 007/100] loss=2.37909 iou=1.19876 conf=0.80463 cls=0.37570 | AP50=0.89415 AP50-95=0.19607 AP75=0.00003 AR100=0.31692 | LR=0.00124838 VRAM_peak=1717.2 MiB
EPOCH_METRICS_JSON {"epoch": 7, "elapsed_s": 1783.4604863999994, "epoch_seconds": 275.3062721999595, "iterations": 188, "train_total_loss": 2.3790858375265245, "train_iou_loss": 1.198758637651484, "train_conf_loss": 0.8046298461391571, "train_cls_loss": 0.37569736023532585, "train_l1_loss": 0.0, "num_fg_mean": 7.866952690951878, "map50_95": 0.19607492784946734, "map50": 0.8941537790744248, "ap75": 3.283003072343709e-05, "ar100": 0.3169230769230769, "lr": 0.0012483785716978118, "lr_mean": 0.0012490507864395802, "gpu_peak_allocated_mib": 1717.24755859375, "gpu_peak_reserved_mib": 2234.0, "best_map50_95": 0.7226034543562667}
2026-08-18 10:40:12 | INFO     | yolox.core.trainer:218 - ---> start train epoch8
2026-08-18 10:40:26 | INFO     | yolox.core.trainer:270 - epoch: 8/100, iter: 10/188, gpu mem: 1717Mb, mem: 14.2Gb, iter_time: 1.407s, data_time: 1.250s, total_loss: 2.3, iou_loss: 1.1, l1_loss: 0.0, conf_loss: 0.8, cls_loss: 0.4, lr: 1.248e-03, size: 640, ETA: 6:17:48
2026-08-18 10:40:40 | INFO     | yolox.core.trainer:270 - epoch: 8/100, iter: 20/188, gpu mem: 1717Mb, mem: 14.2Gb, iter_time: 1.398s, data_time: 1.244s, total_loss: 2.5, iou_loss: 1.2, l1_loss: 0.0, conf_loss: 0.9, cls_loss: 0.4, lr: 1.248e-03, size: 640, ETA: 6:17:49
2026-08-18 10:40:54 | INFO     | yolox.core.trainer:270 - epoch: 8/100, iter: 30/188, gpu mem: 1717Mb, mem: 14.2Gb, iter_time: 1.354s, data_time: 1.205s, total_loss: 2.6, iou_loss: 1.3, l1_loss: 0.0, conf_loss: 0.9, cls_loss: 0.4, lr: 1.248e-03, size: 640, ETA: 6:17:43
2026-08-18 10:41:07 | INFO     | yolox.core.trainer:270 - epoch: 8/100, iter: 40/188, gpu mem: 1717Mb, mem: 14.2Gb, iter_time: 1.373s, data_time: 1.224s, total_loss: 2.2, iou_loss: 1.2, l1_loss: 0.0, conf_loss: 0.7, cls_loss: 0.4, lr: 1.248e-03, size: 640, ETA: 6:17:39
2026-08-18 10:41:21 | INFO     | yolox.core.trainer:270 - epoch: 8/100, iter: 50/188, gpu mem: 1717Mb, mem: 14.2Gb, iter_time: 1.327s, data_time: 1.179s, total_loss: 2.2, iou_loss: 1.1, l1_loss: 0.0, conf_loss: 0.7, cls_loss: 0.3, lr: 1.248e-03, size: 640, ETA: 6:17:30
2026-08-18 10:41:34 | INFO     | yolox.core.trainer:270 - epoch: 8/100, iter: 60/188, gpu mem: 1717Mb, mem: 14.3Gb, iter_time: 1.353s, data_time: 1.201s, total_loss: 2.1, iou_loss: 1.2, l1_loss: 0.0, conf_loss: 0.6, cls_loss: 0.4, lr: 1.248e-03, size: 640, ETA: 6:17:24
2026-08-18 10:41:48 | INFO     | yolox.core.trainer:270 - epoch: 8/100, iter: 70/188, gpu mem: 1717Mb, mem: 14.4Gb, iter_time: 1.370s, data_time: 1.221s, total_loss: 2.3, iou_loss: 1.1, l1_loss: 0.0, conf_loss: 0.8, cls_loss: 0.3, lr: 1.248e-03, size: 640, ETA: 6:17:20
2026-08-18 10:41:58 | INFO     | yolox.core.trainer:270 - epoch: 8/100, iter: 80/188, gpu mem: 1717Mb, mem: 14.4Gb, iter_time: 1.013s, data_time: 0.859s, total_loss: 2.5, iou_loss: 1.3, l1_loss: 0.0, conf_loss: 0.8, cls_loss: 0.4, lr: 1.248e-03, size: 640, ETA: 6:16:31
2026-08-18 10:42:09 | INFO     | yolox.core.trainer:270 - epoch: 8/100, iter: 90/188, gpu mem: 1717Mb, mem: 14.4Gb, iter_time: 1.053s, data_time: 0.901s, total_loss: 2.3, iou_loss: 1.2, l1_loss: 0.0, conf_loss: 0.7, cls_loss: 0.4, lr: 1.248e-03, size: 640, ETA: 6:15:48
2026-08-18 10:42:19 | INFO     | yolox.core.trainer:270 - epoch: 8/100, iter: 100/188, gpu mem: 1717Mb, mem: 14.3Gb, iter_time: 0.994s, data_time: 0.844s, total_loss: 2.5, iou_loss: 1.3, l1_loss: 0.0, conf_loss: 0.8, cls_loss: 0.4, lr: 1.247e-03, size: 640, ETA: 6:14:58
2026-08-18 10:42:29 | INFO     | yolox.core.trainer:270 - epoch: 8/100, iter: 110/188, gpu mem: 1717Mb, mem: 14.3Gb, iter_time: 1.015s, data_time: 0.862s, total_loss: 2.2, iou_loss: 1.1, l1_loss: 0.0, conf_loss: 0.8, cls_loss: 0.3, lr: 1.247e-03, size: 640, ETA: 6:14:11
2026-08-18 10:42:39 | INFO     | yolox.core.trainer:270 - epoch: 8/100, iter: 120/188, gpu mem: 1717Mb, mem: 14.3Gb, iter_time: 1.044s, data_time: 0.892s, total_loss: 2.3, iou_loss: 1.2, l1_loss: 0.0, conf_loss: 0.7, cls_loss: 0.4, lr: 1.247e-03, size: 640, ETA: 6:13:28
2026-08-18 10:42:50 | INFO     | yolox.core.trainer:270 - epoch: 8/100, iter: 130/188, gpu mem: 1717Mb, mem: 14.2Gb, iter_time: 1.051s, data_time: 0.899s, total_loss: 2.2, iou_loss: 1.0, l1_loss: 0.0, conf_loss: 0.8, cls_loss: 0.3, lr: 1.247e-03, size: 640, ETA: 6:12:46
2026-08-18 10:43:01 | INFO     | yolox.core.trainer:270 - epoch: 8/100, iter: 140/188, gpu mem: 1717Mb, mem: 14.3Gb, iter_time: 1.144s, data_time: 0.991s, total_loss: 1.8, iou_loss: 0.9, l1_loss: 0.0, conf_loss: 0.6, cls_loss: 0.3, lr: 1.247e-03, size: 640, ETA: 6:12:16
2026-08-18 10:43:15 | INFO     | yolox.core.trainer:270 - epoch: 8/100, iter: 150/188, gpu mem: 1717Mb, mem: 14.4Gb, iter_time: 1.351s, data_time: 1.201s, total_loss: 2.6, iou_loss: 1.4, l1_loss: 0.0, conf_loss: 0.7, cls_loss: 0.4, lr: 1.247e-03, size: 640, ETA: 6:12:11
2026-08-18 10:43:28 | INFO     | yolox.core.trainer:270 - epoch: 8/100, iter: 160/188, gpu mem: 1717Mb, mem: 14.4Gb, iter_time: 1.317s, data_time: 1.164s, total_loss: 3.1, iou_loss: 1.5, l1_loss: 0.0, conf_loss: 1.1, cls_loss: 0.4, lr: 1.247e-03, size: 640, ETA: 6:12:01
2026-08-18 10:43:41 | INFO     | yolox.core.trainer:270 - epoch: 8/100, iter: 170/188, gpu mem: 1717Mb, mem: 14.4Gb, iter_time: 1.298s, data_time: 1.151s, total_loss: 2.1, iou_loss: 1.0, l1_loss: 0.0, conf_loss: 0.7, cls_loss: 0.3, lr: 1.247e-03, size: 640, ETA: 6:11:49
2026-08-18 10:43:54 | INFO     | yolox.core.trainer:270 - epoch: 8/100, iter: 180/188, gpu mem: 1717Mb, mem: 14.4Gb, iter_time: 1.310s, data_time: 1.164s, total_loss: 2.4, iou_loss: 1.3, l1_loss: 0.0, conf_loss: 0.7, cls_loss: 0.4, lr: 1.246e-03, size: 640, ETA: 6:11:39
2026-08-18 10:44:05 | INFO     | yolox.core.trainer:402 - Save weights to <PROJECT_ROOT>\runs\benchmarks\micropcb_rpi_phash_component_bootstrap_v2_full_e100_b8_i640_w0_s42-43-44_p02facd21ef_dbea2fbaddc_cb773706267\yolox_s_seed43

  0%|          | 0/25 [00:00<?, ?it/s]
  4%|4         | 1/25 [00:00<00:13,  1.74it/s]
  8%|8         | 2/25 [00:01<00:11,  2.00it/s]
 12%|#2        | 3/25 [00:01<00:09,  2.34it/s]
 16%|#6        | 4/25 [00:01<00:08,  2.43it/s]
 20%|##        | 5/25 [00:02<00:08,  2.38it/s]
 24%|##4       | 6/25 [00:02<00:07,  2.48it/s]
 28%|##8       | 7/25 [00:02<00:06,  2.63it/s]
 32%|###2      | 8/25 [00:03<00:06,  2.76it/s]
 36%|###6      | 9/25 [00:03<00:05,  2.88it/s]
 40%|####      | 10/25 [00:03<00:05,  2.91it/s]
 44%|####4     | 11/25 [00:04<00:04,  2.96it/s]
 48%|####8     | 12/25 [00:04<00:04,  2.94it/s]
 52%|#####2    | 13/25 [00:04<00:04,  2.86it/s]
 56%|#####6    | 14/25 [00:05<00:03,  2.90it/s]
 60%|######    | 15/25 [00:05<00:03,  2.77it/s]
 64%|######4   | 16/25 [00:06<00:03,  2.65it/s]
 68%|######8   | 17/25 [00:06<00:02,  2.75it/s]
 72%|#######2  | 18/25 [00:06<00:02,  2.91it/s]
 76%|#######6  | 19/25 [00:06<00:01,  3.06it/s]
 80%|########  | 20/25 [00:07<00:01,  3.11it/s]
 84%|########4 | 21/25 [00:07<00:01,  3.31it/s]
 88%|########8 | 22/25 [00:07<00:00,  3.35it/s]
 92%|#########2| 23/25 [00:08<00:00,  3.21it/s]
 96%|#########6| 24/25 [00:08<00:00,  2.94it/s]
100%|##########| 25/25 [00:08<00:00,  3.58it/s]
100%|##########| 25/25 [00:08<00:00,  2.87it/s]
2026-08-18 10:44:13 | INFO     | mcu_data.yolox_metrics:78 - Evaluate with standard pycocotools COCOeval (no C++ JIT build).
2026-08-18 10:44:13 | INFO     | mcu_data.yolox_metrics:80 - Loading and preparing results...
2026-08-18 10:44:13 | INFO     | mcu_data.yolox_metrics:80 - DONE (t=0.00s)
2026-08-18 10:44:13 | INFO     | pycocotools.coco:367 - creating index...
2026-08-18 10:44:13 | INFO     | pycocotools.coco:367 - index created!
2026-08-18 10:44:13 | INFO     | mcu_data.yolox_metrics:82 - Running per image evaluation...
2026-08-18 10:44:13 | INFO     | mcu_data.yolox_metrics:82 - Evaluate annotation type *bbox*
2026-08-18 10:44:14 | INFO     | mcu_data.yolox_metrics:82 - DONE (t=0.06s).
2026-08-18 10:44:14 | INFO     | mcu_data.yolox_metrics:83 - Accumulating evaluation results...
2026-08-18 10:44:14 | INFO     | mcu_data.yolox_metrics:83 - DONE (t=0.02s).
2026-08-18 10:44:14 | INFO     | yolox.core.trainer:381 - 
Average forward time: 5.32 ms, Average NMS time: 1.13 ms, Average inference time: 6.45 ms
 Average Precision  (AP) @[ IoU=0.50:0.95 | area=   all | maxDets=100 ] = 0.794
 Average Precision  (AP) @[ IoU=0.50      | area=   all | maxDets=100 ] = 1.000
 Average Precision  (AP) @[ IoU=0.75      | area=   all | maxDets=100 ] = 1.000
 Average Precision  (AP) @[ IoU=0.50:0.95 | area= small | maxDets=100 ] = -1.000
 Average Precision  (AP) @[ IoU=0.50:0.95 | area=medium | maxDets=100 ] = -1.000
 Average Precision  (AP) @[ IoU=0.50:0.95 | area= large | maxDets=100 ] = 0.794
 Average Recall     (AR) @[ IoU=0.50:0.95 | area=   all | maxDets=  1 ] = 0.832
 Average Recall     (AR) @[ IoU=0.50:0.95 | area=   all | maxDets= 10 ] = 0.832
 Average Recall     (AR) @[ IoU=0.50:0.95 | area=   all | maxDets=100 ] = 0.832
 Average Recall     (AR) @[ IoU=0.50:0.95 | area= small | maxDets=100 ] = -1.000
 Average Recall     (AR) @[ IoU=0.50:0.95 | area=medium | maxDets=100 ] = -1.000
 Average Recall     (AR) @[ IoU=0.50:0.95 | area= large | maxDets=100 ] = 0.832
per class AP:
| class            | AP     |
|:-----------------|:-------|
| raspberry_pi_sbc | 79.414 |
per class AR:
| class            | AR     |
|:-----------------|:-------|
| raspberry_pi_sbc | 83.231 |

2026-08-18 10:44:14 | INFO     | yolox.core.trainer:402 - Save weights to <PROJECT_ROOT>\runs\benchmarks\micropcb_rpi_phash_component_bootstrap_v2_full_e100_b8_i640_w0_s42-43-44_p02facd21ef_dbea2fbaddc_cb773706267\yolox_s_seed43
[EPOCH 008/100] loss=2.28087 iou=1.15576 conf=0.76032 cls=0.36479 | AP50=1.00000 AP50-95=0.79414 AP75=1.00000 AR100=0.83231 | LR=0.00124635 VRAM_peak=1717.2 MiB
EPOCH_METRICS_JSON {"epoch": 8, "elapsed_s": 2026.0783578000264, "epoch_seconds": 241.77767119999044, "iterations": 188, "train_total_loss": 2.2808674884603377, "train_iou_loss": 1.1557571884799511, "train_conf_loss": 0.7603204288381211, "train_cls_loss": 0.3647898678132828, "train_l1_loss": 0.0, "num_fg_mean": 7.943532931377313, "map50_95": 0.7941440620578784, "map50": 1.0, "ap75": 1.0, "ar100": 0.8323076923076922, "lr": 0.001246353862531569, "lr_mean": 0.0012474281300030583, "gpu_peak_allocated_mib": 1717.24755859375, "gpu_peak_reserved_mib": 2234.0, "best_map50_95": 0.7941440620578784}
2026-08-18 10:44:15 | INFO     | yolox.core.trainer:218 - ---> start train epoch9
2026-08-18 10:44:28 | INFO     | yolox.core.trainer:270 - epoch: 9/100, iter: 10/188, gpu mem: 1717Mb, mem: 14.7Gb, iter_time: 1.370s, data_time: 1.216s, total_loss: 2.3, iou_loss: 1.1, l1_loss: 0.0, conf_loss: 0.8, cls_loss: 0.3, lr: 1.246e-03, size: 640, ETA: 6:11:29
2026-08-18 10:44:42 | INFO     | yolox.core.trainer:270 - epoch: 9/100, iter: 20/188, gpu mem: 1717Mb, mem: 14.6Gb, iter_time: 1.323s, data_time: 1.170s, total_loss: 2.6, iou_loss: 1.1, l1_loss: 0.0, conf_loss: 1.2, cls_loss: 0.3, lr: 1.246e-03, size: 640, ETA: 6:11:20
2026-08-18 10:44:54 | INFO     | yolox.core.trainer:270 - epoch: 9/100, iter: 30/188, gpu mem: 1717Mb, mem: 14.3Gb, iter_time: 1.195s, data_time: 1.040s, total_loss: 2.1, iou_loss: 1.1, l1_loss: 0.0, conf_loss: 0.6, cls_loss: 0.4, lr: 1.246e-03, size: 640, ETA: 6:10:56
2026-08-18 10:45:06 | INFO     | yolox.core.trainer:270 - epoch: 9/100, iter: 40/188, gpu mem: 1717Mb, mem: 14.0Gb, iter_time: 1.277s, data_time: 1.130s, total_loss: 1.9, iou_loss: 0.9, l1_loss: 0.0, conf_loss: 0.7, cls_loss: 0.3, lr: 1.246e-03, size: 640, ETA: 6:10:42
2026-08-18 10:45:20 | INFO     | yolox.core.trainer:270 - epoch: 9/100, iter: 50/188, gpu mem: 1717Mb, mem: 13.9Gb, iter_time: 1.367s, data_time: 1.218s, total_loss: 1.6, iou_loss: 0.9, l1_loss: 0.0, conf_loss: 0.4, cls_loss: 0.3, lr: 1.246e-03, size: 640, ETA: 6:10:38
2026-08-18 10:45:33 | INFO     | yolox.core.trainer:270 - epoch: 9/100, iter: 60/188, gpu mem: 1717Mb, mem: 13.8Gb, iter_time: 1.298s, data_time: 1.155s, total_loss: 2.2, iou_loss: 1.1, l1_loss: 0.0, conf_loss: 0.7, cls_loss: 0.4, lr: 1.246e-03, size: 640, ETA: 6:10:26
2026-08-18 10:45:46 | INFO     | yolox.core.trainer:270 - epoch: 9/100, iter: 70/188, gpu mem: 1717Mb, mem: 13.7Gb, iter_time: 1.306s, data_time: 1.161s, total_loss: 2.1, iou_loss: 1.2, l1_loss: 0.0, conf_loss: 0.5, cls_loss: 0.4, lr: 1.245e-03, size: 640, ETA: 6:10:15
2026-08-18 10:45:59 | INFO     | yolox.core.trainer:270 - epoch: 9/100, iter: 80/188, gpu mem: 1717Mb, mem: 13.7Gb, iter_time: 1.303s, data_time: 1.153s, total_loss: 1.9, iou_loss: 1.1, l1_loss: 0.0, conf_loss: 0.5, cls_loss: 0.4, lr: 1.245e-03, size: 640, ETA: 6:10:03
2026-08-18 10:46:12 | INFO     | yolox.core.trainer:270 - epoch: 9/100, iter: 90/188, gpu mem: 1717Mb, mem: 13.8Gb, iter_time: 1.299s, data_time: 1.154s, total_loss: 1.8, iou_loss: 0.9, l1_loss: 0.0, conf_loss: 0.6, cls_loss: 0.3, lr: 1.245e-03, size: 640, ETA: 6:09:51
2026-08-18 10:46:25 | INFO     | yolox.core.trainer:270 - epoch: 9/100, iter: 100/188, gpu mem: 1717Mb, mem: 13.8Gb, iter_time: 1.318s, data_time: 1.165s, total_loss: 1.9, iou_loss: 1.1, l1_loss: 0.0, conf_loss: 0.5, cls_loss: 0.3, lr: 1.245e-03, size: 640, ETA: 6:09:41
2026-08-18 10:46:37 | INFO     | yolox.core.trainer:270 - epoch: 9/100, iter: 110/188, gpu mem: 1717Mb, mem: 14.0Gb, iter_time: 1.135s, data_time: 0.974s, total_loss: 1.9, iou_loss: 0.9, l1_loss: 0.0, conf_loss: 0.7, cls_loss: 0.3, lr: 1.245e-03, size: 640, ETA: 6:09:12
2026-08-18 10:46:50 | INFO     | yolox.core.trainer:270 - epoch: 9/100, iter: 120/188, gpu mem: 1717Mb, mem: 14.0Gb, iter_time: 1.325s, data_time: 1.155s, total_loss: 2.7, iou_loss: 1.3, l1_loss: 0.0, conf_loss: 1.1, cls_loss: 0.4, lr: 1.245e-03, size: 640, ETA: 6:09:03
2026-08-18 10:47:06 | INFO     | yolox.core.trainer:270 - epoch: 9/100, iter: 130/188, gpu mem: 1717Mb, mem: 13.9Gb, iter_time: 1.603s, data_time: 1.421s, total_loss: 2.0, iou_loss: 1.0, l1_loss: 0.0, conf_loss: 0.6, cls_loss: 0.3, lr: 1.244e-03, size: 640, ETA: 6:09:23
2026-08-18 10:47:21 | INFO     | yolox.core.trainer:270 - epoch: 9/100, iter: 140/188, gpu mem: 1717Mb, mem: 13.9Gb, iter_time: 1.466s, data_time: 1.302s, total_loss: 1.8, iou_loss: 1.0, l1_loss: 0.0, conf_loss: 0.5, cls_loss: 0.3, lr: 1.244e-03, size: 640, ETA: 6:09:28
2026-08-18 10:47:35 | INFO     | yolox.core.trainer:270 - epoch: 9/100, iter: 150/188, gpu mem: 1717Mb, mem: 13.9Gb, iter_time: 1.396s, data_time: 1.237s, total_loss: 1.8, iou_loss: 0.9, l1_loss: 0.0, conf_loss: 0.6, cls_loss: 0.3, lr: 1.244e-03, size: 640, ETA: 6:09:26
2026-08-18 10:47:45 | INFO     | yolox.core.trainer:270 - epoch: 9/100, iter: 160/188, gpu mem: 1717Mb, mem: 13.8Gb, iter_time: 1.006s, data_time: 0.849s, total_loss: 1.6, iou_loss: 0.8, l1_loss: 0.0, conf_loss: 0.5, cls_loss: 0.3, lr: 1.244e-03, size: 640, ETA: 6:08:44
2026-08-18 10:47:55 | INFO     | yolox.core.trainer:270 - epoch: 9/100, iter: 170/188, gpu mem: 1717Mb, mem: 13.8Gb, iter_time: 1.079s, data_time: 0.920s, total_loss: 2.8, iou_loss: 1.5, l1_loss: 0.0, conf_loss: 0.9, cls_loss: 0.4, lr: 1.244e-03, size: 640, ETA: 6:08:09
2026-08-18 10:48:06 | INFO     | yolox.core.trainer:270 - epoch: 9/100, iter: 180/188, gpu mem: 1717Mb, mem: 14.1Gb, iter_time: 1.037s, data_time: 0.885s, total_loss: 2.1, iou_loss: 1.0, l1_loss: 0.0, conf_loss: 0.7, cls_loss: 0.3, lr: 1.244e-03, size: 640, ETA: 6:07:30
2026-08-18 10:48:14 | INFO     | yolox.core.trainer:402 - Save weights to <PROJECT_ROOT>\runs\benchmarks\micropcb_rpi_phash_component_bootstrap_v2_full_e100_b8_i640_w0_s42-43-44_p02facd21ef_dbea2fbaddc_cb773706267\yolox_s_seed43

  0%|          | 0/25 [00:00<?, ?it/s]
  4%|4         | 1/25 [00:00<00:06,  3.61it/s]
  8%|8         | 2/25 [00:00<00:06,  3.51it/s]
 12%|#2        | 3/25 [00:00<00:06,  3.48it/s]
 16%|#6        | 4/25 [00:01<00:06,  3.39it/s]
 20%|##        | 5/25 [00:01<00:06,  3.29it/s]
 24%|##4       | 6/25 [00:01<00:05,  3.27it/s]
 28%|##8       | 7/25 [00:02<00:05,  3.35it/s]
 32%|###2      | 8/25 [00:02<00:04,  3.44it/s]
 36%|###6      | 9/25 [00:02<00:04,  3.56it/s]
 40%|####      | 10/25 [00:02<00:04,  3.58it/s]
 44%|####4     | 11/25 [00:03<00:03,  3.67it/s]
 48%|####8     | 12/25 [00:03<00:03,  3.65it/s]
 52%|#####2    | 13/25 [00:03<00:03,  3.43it/s]
 56%|#####6    | 14/25 [00:04<00:03,  3.41it/s]
 60%|######    | 15/25 [00:04<00:03,  3.29it/s]
 64%|######4   | 16/25 [00:04<00:02,  3.19it/s]
 68%|######8   | 17/25 [00:04<00:02,  3.29it/s]
 72%|#######2  | 18/25 [00:05<00:02,  3.48it/s]
 76%|#######6  | 19/25 [00:05<00:01,  3.72it/s]
 80%|########  | 20/25 [00:05<00:01,  3.89it/s]
 84%|########4 | 21/25 [00:05<00:00,  4.10it/s]
 88%|########8 | 22/25 [00:06<00:00,  4.18it/s]
 92%|#########2| 23/25 [00:06<00:00,  3.98it/s]
 96%|#########6| 24/25 [00:06<00:00,  3.70it/s]
100%|##########| 25/25 [00:06<00:00,  4.49it/s]
100%|##########| 25/25 [00:06<00:00,  3.65it/s]
2026-08-18 10:48:21 | INFO     | mcu_data.yolox_metrics:78 - Evaluate with standard pycocotools COCOeval (no C++ JIT build).
2026-08-18 10:48:21 | INFO     | mcu_data.yolox_metrics:80 - Loading and preparing results...
2026-08-18 10:48:21 | INFO     | mcu_data.yolox_metrics:80 - DONE (t=0.00s)
2026-08-18 10:48:21 | INFO     | pycocotools.coco:367 - creating index...
2026-08-18 10:48:21 | INFO     | pycocotools.coco:367 - index created!
2026-08-18 10:48:21 | INFO     | mcu_data.yolox_metrics:82 - Running per image evaluation...
2026-08-18 10:48:21 | INFO     | mcu_data.yolox_metrics:82 - Evaluate annotation type *bbox*
2026-08-18 10:48:21 | INFO     | mcu_data.yolox_metrics:82 - DONE (t=0.06s).
2026-08-18 10:48:21 | INFO     | mcu_data.yolox_metrics:83 - Accumulating evaluation results...
2026-08-18 10:48:21 | INFO     | mcu_data.yolox_metrics:83 - DONE (t=0.01s).
2026-08-18 10:48:21 | INFO     | yolox.core.trainer:381 - 
Average forward time: 5.71 ms, Average NMS time: 0.96 ms, Average inference time: 6.67 ms
 Average Precision  (AP) @[ IoU=0.50:0.95 | area=   all | maxDets=100 ] = 0.690
 Average Precision  (AP) @[ IoU=0.50      | area=   all | maxDets=100 ] = 1.000
 Average Precision  (AP) @[ IoU=0.75      | area=   all | maxDets=100 ] = 0.968
 Average Precision  (AP) @[ IoU=0.50:0.95 | area= small | maxDets=100 ] = -1.000
 Average Precision  (AP) @[ IoU=0.50:0.95 | area=medium | maxDets=100 ] = -1.000
 Average Precision  (AP) @[ IoU=0.50:0.95 | area= large | maxDets=100 ] = 0.690
 Average Recall     (AR) @[ IoU=0.50:0.95 | area=   all | maxDets=  1 ] = 0.717
 Average Recall     (AR) @[ IoU=0.50:0.95 | area=   all | maxDets= 10 ] = 0.717
 Average Recall     (AR) @[ IoU=0.50:0.95 | area=   all | maxDets=100 ] = 0.717
 Average Recall     (AR) @[ IoU=0.50:0.95 | area= small | maxDets=100 ] = -1.000
 Average Recall     (AR) @[ IoU=0.50:0.95 | area=medium | maxDets=100 ] = -1.000
 Average Recall     (AR) @[ IoU=0.50:0.95 | area= large | maxDets=100 ] = 0.717
per class AP:
| class            | AP     |
|:-----------------|:-------|
| raspberry_pi_sbc | 68.977 |
per class AR:
| class            | AR     |
|:-----------------|:-------|
| raspberry_pi_sbc | 71.692 |

2026-08-18 10:48:21 | INFO     | yolox.core.trainer:402 - Save weights to <PROJECT_ROOT>\runs\benchmarks\micropcb_rpi_phash_component_bootstrap_v2_full_e100_b8_i640_w0_s42-43-44_p02facd21ef_dbea2fbaddc_cb773706267\yolox_s_seed43
[EPOCH 009/100] loss=2.22469 iou=1.13231 conf=0.73367 cls=0.35872 | AP50=1.00000 AP50-95=0.68977 AP75=0.96761 AR100=0.71692 | LR=0.00124352 VRAM_peak=1717.2 MiB
EPOCH_METRICS_JSON {"epoch": 9, "elapsed_s": 2273.748256199993, "epoch_seconds": 246.84529369999655, "iterations": 188, "train_total_loss": 2.2246937149382653, "train_iou_loss": 1.1323054001686421, "train_conf_loss": 0.7336702337290378, "train_cls_loss": 0.3587180819917232, "train_l1_loss": 0.0, "num_fg_mean": 7.9658841083176695, "map50_95": 0.689768829479463, "map50": 1.0, "ap75": 0.9676072418238384, "ar100": 0.7169230769230769, "lr": 0.001243523142470368, "lr_mean": 0.0012449979953514307, "gpu_peak_allocated_mib": 1717.24755859375, "gpu_peak_reserved_mib": 2234.0, "best_map50_95": 0.7941440620578784}
2026-08-18 10:48:22 | INFO     | yolox.core.trainer:218 - ---> start train epoch10
2026-08-18 10:48:32 | INFO     | yolox.core.trainer:270 - epoch: 10/100, iter: 10/188, gpu mem: 1717Mb, mem: 14.1Gb, iter_time: 0.978s, data_time: 0.827s, total_loss: 2.2, iou_loss: 1.2, l1_loss: 0.0, conf_loss: 0.7, cls_loss: 0.4, lr: 1.243e-03, size: 640, ETA: 6:06:17
2026-08-18 10:48:42 | INFO     | yolox.core.trainer:270 - epoch: 10/100, iter: 20/188, gpu mem: 1717Mb, mem: 14.0Gb, iter_time: 1.011s, data_time: 0.860s, total_loss: 2.1, iou_loss: 1.1, l1_loss: 0.0, conf_loss: 0.6, cls_loss: 0.4, lr: 1.243e-03, size: 640, ETA: 6:05:37
2026-08-18 10:48:52 | INFO     | yolox.core.trainer:270 - epoch: 10/100, iter: 30/188, gpu mem: 1717Mb, mem: 14.1Gb, iter_time: 1.018s, data_time: 0.866s, total_loss: 2.2, iou_loss: 1.2, l1_loss: 0.0, conf_loss: 0.6, cls_loss: 0.4, lr: 1.243e-03, size: 640, ETA: 6:04:57
2026-08-18 10:49:02 | INFO     | yolox.core.trainer:270 - epoch: 10/100, iter: 40/188, gpu mem: 1717Mb, mem: 14.3Gb, iter_time: 1.021s, data_time: 0.871s, total_loss: 2.2, iou_loss: 1.1, l1_loss: 0.0, conf_loss: 0.8, cls_loss: 0.3, lr: 1.243e-03, size: 640, ETA: 6:04:19
2026-08-18 10:49:13 | INFO     | yolox.core.trainer:270 - epoch: 10/100, iter: 50/188, gpu mem: 1717Mb, mem: 13.9Gb, iter_time: 1.055s, data_time: 0.895s, total_loss: 2.4, iou_loss: 1.3, l1_loss: 0.0, conf_loss: 0.7, cls_loss: 0.4, lr: 1.243e-03, size: 640, ETA: 6:03:44
2026-08-18 10:49:26 | INFO     | yolox.core.trainer:270 - epoch: 10/100, iter: 60/188, gpu mem: 1717Mb, mem: 13.9Gb, iter_time: 1.302s, data_time: 1.154s, total_loss: 2.9, iou_loss: 1.5, l1_loss: 0.0, conf_loss: 1.0, cls_loss: 0.4, lr: 1.242e-03, size: 640, ETA: 6:03:33
2026-08-18 10:49:39 | INFO     | yolox.core.trainer:270 - epoch: 10/100, iter: 70/188, gpu mem: 1717Mb, mem: 13.9Gb, iter_time: 1.295s, data_time: 1.144s, total_loss: 2.0, iou_loss: 1.0, l1_loss: 0.0, conf_loss: 0.7, cls_loss: 0.3, lr: 1.242e-03, size: 640, ETA: 6:03:22
2026-08-18 10:49:52 | INFO     | yolox.core.trainer:270 - epoch: 10/100, iter: 80/188, gpu mem: 1717Mb, mem: 13.9Gb, iter_time: 1.364s, data_time: 1.214s, total_loss: 2.0, iou_loss: 1.0, l1_loss: 0.0, conf_loss: 0.6, cls_loss: 0.3, lr: 1.242e-03, size: 640, ETA: 6:03:17
2026-08-18 10:50:05 | INFO     | yolox.core.trainer:270 - epoch: 10/100, iter: 90/188, gpu mem: 1717Mb, mem: 13.3Gb, iter_time: 1.202s, data_time: 1.053s, total_loss: 1.7, iou_loss: 0.9, l1_loss: 0.0, conf_loss: 0.5, cls_loss: 0.3, lr: 1.242e-03, size: 640, ETA: 6:02:57
2026-08-18 10:50:17 | INFO     | yolox.core.trainer:270 - epoch: 10/100, iter: 100/188, gpu mem: 1717Mb, mem: 13.4Gb, iter_time: 1.218s, data_time: 1.071s, total_loss: 2.5, iou_loss: 1.2, l1_loss: 0.0, conf_loss: 1.0, cls_loss: 0.4, lr: 1.242e-03, size: 640, ETA: 6:02:38
2026-08-18 10:50:29 | INFO     | yolox.core.trainer:270 - epoch: 10/100, iter: 110/188, gpu mem: 1717Mb, mem: 13.4Gb, iter_time: 1.183s, data_time: 1.037s, total_loss: 3.0, iou_loss: 1.5, l1_loss: 0.0, conf_loss: 1.1, cls_loss: 0.4, lr: 1.241e-03, size: 640, ETA: 6:02:16
2026-08-18 10:50:41 | INFO     | yolox.core.trainer:270 - epoch: 10/100, iter: 120/188, gpu mem: 1717Mb, mem: 13.4Gb, iter_time: 1.254s, data_time: 1.109s, total_loss: 2.2, iou_loss: 1.2, l1_loss: 0.0, conf_loss: 0.6, cls_loss: 0.4, lr: 1.241e-03, size: 640, ETA: 6:02:01
2026-08-18 10:50:54 | INFO     | yolox.core.trainer:270 - epoch: 10/100, iter: 130/188, gpu mem: 1717Mb, mem: 13.5Gb, iter_time: 1.264s, data_time: 1.111s, total_loss: 1.7, iou_loss: 0.9, l1_loss: 0.0, conf_loss: 0.6, cls_loss: 0.3, lr: 1.241e-03, size: 640, ETA: 6:01:47
2026-08-18 10:51:06 | INFO     | yolox.core.trainer:270 - epoch: 10/100, iter: 140/188, gpu mem: 1717Mb, mem: 13.4Gb, iter_time: 1.177s, data_time: 1.035s, total_loss: 2.1, iou_loss: 1.1, l1_loss: 0.0, conf_loss: 0.6, cls_loss: 0.3, lr: 1.241e-03, size: 640, ETA: 6:01:25
2026-08-18 10:51:18 | INFO     | yolox.core.trainer:270 - epoch: 10/100, iter: 150/188, gpu mem: 1717Mb, mem: 13.4Gb, iter_time: 1.229s, data_time: 1.089s, total_loss: 2.0, iou_loss: 1.1, l1_loss: 0.0, conf_loss: 0.5, cls_loss: 0.4, lr: 1.241e-03, size: 640, ETA: 6:01:08
2026-08-18 10:51:30 | INFO     | yolox.core.trainer:270 - epoch: 10/100, iter: 160/188, gpu mem: 1717Mb, mem: 13.4Gb, iter_time: 1.222s, data_time: 1.087s, total_loss: 1.5, iou_loss: 0.9, l1_loss: 0.0, conf_loss: 0.3, cls_loss: 0.3, lr: 1.240e-03, size: 640, ETA: 6:00:50
2026-08-18 10:51:42 | INFO     | yolox.core.trainer:270 - epoch: 10/100, iter: 170/188, gpu mem: 1717Mb, mem: 13.4Gb, iter_time: 1.182s, data_time: 1.042s, total_loss: 2.1, iou_loss: 1.0, l1_loss: 0.0, conf_loss: 0.7, cls_loss: 0.3, lr: 1.240e-03, size: 640, ETA: 6:00:28
2026-08-18 10:51:54 | INFO     | yolox.core.trainer:270 - epoch: 10/100, iter: 180/188, gpu mem: 1717Mb, mem: 13.5Gb, iter_time: 1.217s, data_time: 1.077s, total_loss: 2.5, iou_loss: 1.2, l1_loss: 0.0, conf_loss: 0.8, cls_loss: 0.4, lr: 1.240e-03, size: 640, ETA: 6:00:10
2026-08-18 10:52:04 | INFO     | yolox.core.trainer:402 - Save weights to <PROJECT_ROOT>\runs\benchmarks\micropcb_rpi_phash_component_bootstrap_v2_full_e100_b8_i640_w0_s42-43-44_p02facd21ef_dbea2fbaddc_cb773706267\yolox_s_seed43

  0%|          | 0/25 [00:00<?, ?it/s]
  4%|4         | 1/25 [00:00<00:07,  3.42it/s]
  8%|8         | 2/25 [00:00<00:06,  3.40it/s]
 12%|#2        | 3/25 [00:00<00:06,  3.36it/s]
 16%|#6        | 4/25 [00:01<00:06,  3.15it/s]
 20%|##        | 5/25 [00:01<00:06,  2.96it/s]
 24%|##4       | 6/25 [00:01<00:06,  2.88it/s]
 28%|##8       | 7/25 [00:02<00:06,  2.96it/s]
 32%|###2      | 8/25 [00:02<00:05,  3.07it/s]
 36%|###6      | 9/25 [00:02<00:05,  3.19it/s]
 40%|####      | 10/25 [00:03<00:04,  3.10it/s]
 44%|####4     | 11/25 [00:03<00:04,  3.18it/s]
 48%|####8     | 12/25 [00:03<00:04,  3.12it/s]
 52%|#####2    | 13/25 [00:04<00:03,  3.03it/s]
 56%|#####6    | 14/25 [00:04<00:03,  3.07it/s]
 60%|######    | 15/25 [00:04<00:03,  2.88it/s]
 64%|######4   | 16/25 [00:05<00:03,  2.82it/s]
 68%|######8   | 17/25 [00:05<00:02,  3.04it/s]
 72%|#######2  | 18/25 [00:05<00:02,  3.32it/s]
 76%|#######6  | 19/25 [00:06<00:01,  3.54it/s]
 80%|########  | 20/25 [00:06<00:01,  3.72it/s]
 84%|########4 | 21/25 [00:06<00:01,  3.95it/s]
 88%|########8 | 22/25 [00:06<00:00,  3.90it/s]
 92%|#########2| 23/25 [00:07<00:00,  3.72it/s]
 96%|#########6| 24/25 [00:07<00:00,  3.52it/s]
100%|##########| 25/25 [00:07<00:00,  4.32it/s]
100%|##########| 25/25 [00:07<00:00,  3.34it/s]
2026-08-18 10:52:11 | INFO     | mcu_data.yolox_metrics:78 - Evaluate with standard pycocotools COCOeval (no C++ JIT build).
2026-08-18 10:52:11 | INFO     | mcu_data.yolox_metrics:80 - Loading and preparing results...
2026-08-18 10:52:11 | INFO     | mcu_data.yolox_metrics:80 - DONE (t=0.00s)
2026-08-18 10:52:11 | INFO     | pycocotools.coco:367 - creating index...
2026-08-18 10:52:11 | INFO     | pycocotools.coco:367 - index created!
2026-08-18 10:52:11 | INFO     | mcu_data.yolox_metrics:82 - Running per image evaluation...
2026-08-18 10:52:11 | INFO     | mcu_data.yolox_metrics:82 - Evaluate annotation type *bbox*
2026-08-18 10:52:11 | INFO     | mcu_data.yolox_metrics:82 - DONE (t=0.06s).
2026-08-18 10:52:11 | INFO     | mcu_data.yolox_metrics:83 - Accumulating evaluation results...
2026-08-18 10:52:11 | INFO     | mcu_data.yolox_metrics:83 - DONE (t=0.01s).
2026-08-18 10:52:11 | INFO     | yolox.core.trainer:381 - 
Average forward time: 4.93 ms, Average NMS time: 0.84 ms, Average inference time: 5.77 ms
 Average Precision  (AP) @[ IoU=0.50:0.95 | area=   all | maxDets=100 ] = 0.534
 Average Precision  (AP) @[ IoU=0.50      | area=   all | maxDets=100 ] = 1.000
 Average Precision  (AP) @[ IoU=0.75      | area=   all | maxDets=100 ] = 0.488
 Average Precision  (AP) @[ IoU=0.50:0.95 | area= small | maxDets=100 ] = -1.000
 Average Precision  (AP) @[ IoU=0.50:0.95 | area=medium | maxDets=100 ] = -1.000
 Average Precision  (AP) @[ IoU=0.50:0.95 | area= large | maxDets=100 ] = 0.534
 Average Recall     (AR) @[ IoU=0.50:0.95 | area=   all | maxDets=  1 ] = 0.553
 Average Recall     (AR) @[ IoU=0.50:0.95 | area=   all | maxDets= 10 ] = 0.557
 Average Recall     (AR) @[ IoU=0.50:0.95 | area=   all | maxDets=100 ] = 0.557
 Average Recall     (AR) @[ IoU=0.50:0.95 | area= small | maxDets=100 ] = -1.000
 Average Recall     (AR) @[ IoU=0.50:0.95 | area=medium | maxDets=100 ] = -1.000
 Average Recall     (AR) @[ IoU=0.50:0.95 | area= large | maxDets=100 ] = 0.557
per class AP:
| class            | AP     |
|:-----------------|:-------|
| raspberry_pi_sbc | 53.351 |
per class AR:
| class            | AR     |
|:-----------------|:-------|
| raspberry_pi_sbc | 55.692 |

2026-08-18 10:52:11 | INFO     | yolox.core.trainer:402 - Save weights to <PROJECT_ROOT>\runs\benchmarks\micropcb_rpi_phash_component_bootstrap_v2_full_e100_b8_i640_w0_s42-43-44_p02facd21ef_dbea2fbaddc_cb773706267\yolox_s_seed43
[EPOCH 010/100] loss=2.07838 iou=1.06915 conf=0.66439 cls=0.34485 | AP50=0.99985 AP50-95=0.53351 AP75=0.48816 AR100=0.55692 | LR=0.00123989 VRAM_peak=1717.2 MiB
EPOCH_METRICS_JSON {"epoch": 10, "elapsed_s": 2503.8290262999944, "epoch_seconds": 229.54624350002268, "iterations": 188, "train_total_loss": 2.07838429225252, "train_iou_loss": 1.0691453811336071, "train_conf_loss": 0.6643884251726434, "train_cls_loss": 0.3448504826172869, "train_l1_loss": 0.0, "num_fg_mean": 8.102330250696445, "map50_95": 0.5335052065722315, "map50": 0.9998499849984999, "ap75": 0.48815736203026755, "ar100": 0.5569230769230769, "lr": 0.0012398902779373168, "lr_mean": 0.0012417637017563227, "gpu_peak_allocated_mib": 1717.24755859375, "gpu_peak_reserved_mib": 2234.0, "best_map50_95": 0.7941440620578784}
2026-08-18 10:52:12 | INFO     | yolox.core.trainer:218 - ---> start train epoch11
2026-08-18 10:52:25 | INFO     | yolox.core.trainer:270 - epoch: 11/100, iter: 10/188, gpu mem: 1717Mb, mem: 13.4Gb, iter_time: 1.244s, data_time: 1.086s, total_loss: 1.9, iou_loss: 1.0, l1_loss: 0.0, conf_loss: 0.5, cls_loss: 0.3, lr: 1.240e-03, size: 640, ETA: 5:59:39
2026-08-18 10:52:37 | INFO     | yolox.core.trainer:270 - epoch: 11/100, iter: 20/188, gpu mem: 1717Mb, mem: 13.4Gb, iter_time: 1.247s, data_time: 1.109s, total_loss: 2.1, iou_loss: 1.0, l1_loss: 0.0, conf_loss: 0.8, cls_loss: 0.3, lr: 1.239e-03, size: 640, ETA: 5:59:23
2026-08-18 10:52:49 | INFO     | yolox.core.trainer:270 - epoch: 11/100, iter: 30/188, gpu mem: 1717Mb, mem: 13.4Gb, iter_time: 1.212s, data_time: 1.076s, total_loss: 2.9, iou_loss: 1.4, l1_loss: 0.0, conf_loss: 1.0, cls_loss: 0.4, lr: 1.239e-03, size: 640, ETA: 5:59:05
2026-08-18 10:53:02 | INFO     | yolox.core.trainer:270 - epoch: 11/100, iter: 40/188, gpu mem: 1717Mb, mem: 13.3Gb, iter_time: 1.265s, data_time: 1.128s, total_loss: 2.3, iou_loss: 1.2, l1_loss: 0.0, conf_loss: 0.8, cls_loss: 0.3, lr: 1.239e-03, size: 640, ETA: 5:58:51
2026-08-18 10:53:14 | INFO     | yolox.core.trainer:270 - epoch: 11/100, iter: 50/188, gpu mem: 1717Mb, mem: 13.3Gb, iter_time: 1.227s, data_time: 1.091s, total_loss: 1.6, iou_loss: 0.9, l1_loss: 0.0, conf_loss: 0.4, cls_loss: 0.3, lr: 1.239e-03, size: 640, ETA: 5:58:34
2026-08-18 10:53:27 | INFO     | yolox.core.trainer:270 - epoch: 11/100, iter: 60/188, gpu mem: 1717Mb, mem: 13.4Gb, iter_time: 1.247s, data_time: 1.110s, total_loss: 1.7, iou_loss: 0.9, l1_loss: 0.0, conf_loss: 0.5, cls_loss: 0.3, lr: 1.239e-03, size: 640, ETA: 5:58:19
2026-08-18 10:53:39 | INFO     | yolox.core.trainer:270 - epoch: 11/100, iter: 70/188, gpu mem: 1717Mb, mem: 13.4Gb, iter_time: 1.197s, data_time: 1.061s, total_loss: 1.9, iou_loss: 1.0, l1_loss: 0.0, conf_loss: 0.6, cls_loss: 0.3, lr: 1.238e-03, size: 640, ETA: 5:57:59
2026-08-18 10:53:51 | INFO     | yolox.core.trainer:270 - epoch: 11/100, iter: 80/188, gpu mem: 1717Mb, mem: 13.4Gb, iter_time: 1.194s, data_time: 1.058s, total_loss: 1.7, iou_loss: 0.8, l1_loss: 0.0, conf_loss: 0.6, cls_loss: 0.3, lr: 1.238e-03, size: 640, ETA: 5:57:40
2026-08-18 10:54:03 | INFO     | yolox.core.trainer:270 - epoch: 11/100, iter: 90/188, gpu mem: 1717Mb, mem: 13.3Gb, iter_time: 1.223s, data_time: 1.088s, total_loss: 2.4, iou_loss: 1.3, l1_loss: 0.0, conf_loss: 0.7, cls_loss: 0.4, lr: 1.238e-03, size: 640, ETA: 5:57:23
2026-08-18 10:54:15 | INFO     | yolox.core.trainer:270 - epoch: 11/100, iter: 100/188, gpu mem: 1717Mb, mem: 13.3Gb, iter_time: 1.183s, data_time: 1.047s, total_loss: 1.6, iou_loss: 0.8, l1_loss: 0.0, conf_loss: 0.5, cls_loss: 0.3, lr: 1.238e-03, size: 640, ETA: 5:57:02
2026-08-18 10:54:27 | INFO     | yolox.core.trainer:270 - epoch: 11/100, iter: 110/188, gpu mem: 1717Mb, mem: 13.3Gb, iter_time: 1.245s, data_time: 1.108s, total_loss: 1.9, iou_loss: 1.0, l1_loss: 0.0, conf_loss: 0.6, cls_loss: 0.3, lr: 1.237e-03, size: 640, ETA: 5:56:47
2026-08-18 10:54:39 | INFO     | yolox.core.trainer:270 - epoch: 11/100, iter: 120/188, gpu mem: 1717Mb, mem: 13.3Gb, iter_time: 1.175s, data_time: 1.035s, total_loss: 2.1, iou_loss: 1.1, l1_loss: 0.0, conf_loss: 0.6, cls_loss: 0.3, lr: 1.237e-03, size: 640, ETA: 5:56:26
2026-08-18 10:54:51 | INFO     | yolox.core.trainer:270 - epoch: 11/100, iter: 130/188, gpu mem: 1717Mb, mem: 13.3Gb, iter_time: 1.248s, data_time: 1.112s, total_loss: 2.2, iou_loss: 1.1, l1_loss: 0.0, conf_loss: 0.8, cls_loss: 0.3, lr: 1.237e-03, size: 640, ETA: 5:56:11
2026-08-18 10:55:03 | INFO     | yolox.core.trainer:270 - epoch: 11/100, iter: 140/188, gpu mem: 1717Mb, mem: 13.2Gb, iter_time: 1.162s, data_time: 1.024s, total_loss: 2.1, iou_loss: 1.0, l1_loss: 0.0, conf_loss: 0.8, cls_loss: 0.3, lr: 1.237e-03, size: 640, ETA: 5:55:49
2026-08-18 10:55:15 | INFO     | yolox.core.trainer:270 - epoch: 11/100, iter: 150/188, gpu mem: 1717Mb, mem: 13.2Gb, iter_time: 1.146s, data_time: 1.008s, total_loss: 2.0, iou_loss: 1.0, l1_loss: 0.0, conf_loss: 0.6, cls_loss: 0.3, lr: 1.236e-03, size: 640, ETA: 5:55:26
2026-08-18 10:55:27 | INFO     | yolox.core.trainer:270 - epoch: 11/100, iter: 160/188, gpu mem: 1717Mb, mem: 13.2Gb, iter_time: 1.252s, data_time: 1.115s, total_loss: 1.6, iou_loss: 0.9, l1_loss: 0.0, conf_loss: 0.4, cls_loss: 0.3, lr: 1.236e-03, size: 640, ETA: 5:55:12
2026-08-18 10:55:39 | INFO     | yolox.core.trainer:270 - epoch: 11/100, iter: 170/188, gpu mem: 1717Mb, mem: 12.9Gb, iter_time: 1.238s, data_time: 1.099s, total_loss: 2.1, iou_loss: 1.1, l1_loss: 0.0, conf_loss: 0.6, cls_loss: 0.3, lr: 1.236e-03, size: 640, ETA: 5:54:56
2026-08-18 10:55:51 | INFO     | yolox.core.trainer:270 - epoch: 11/100, iter: 180/188, gpu mem: 1717Mb, mem: 12.7Gb, iter_time: 1.156s, data_time: 1.022s, total_loss: 2.0, iou_loss: 1.1, l1_loss: 0.0, conf_loss: 0.5, cls_loss: 0.3, lr: 1.236e-03, size: 640, ETA: 5:54:34
2026-08-18 10:56:01 | INFO     | yolox.core.trainer:402 - Save weights to <PROJECT_ROOT>\runs\benchmarks\micropcb_rpi_phash_component_bootstrap_v2_full_e100_b8_i640_w0_s42-43-44_p02facd21ef_dbea2fbaddc_cb773706267\yolox_s_seed43

  0%|          | 0/25 [00:00<?, ?it/s]
  4%|4         | 1/25 [00:00<00:07,  3.20it/s]
  8%|8         | 2/25 [00:00<00:07,  3.18it/s]
 12%|#2        | 3/25 [00:00<00:06,  3.16it/s]
 16%|#6        | 4/25 [00:01<00:06,  3.05it/s]
 20%|##        | 5/25 [00:01<00:07,  2.81it/s]
 24%|##4       | 6/25 [00:02<00:06,  2.78it/s]
 28%|##8       | 7/25 [00:02<00:06,  2.85it/s]
 32%|###2      | 8/25 [00:02<00:05,  2.90it/s]
 36%|###6      | 9/25 [00:03<00:05,  3.02it/s]
 40%|####      | 10/25 [00:03<00:04,  3.01it/s]
 44%|####4     | 11/25 [00:03<00:04,  3.14it/s]
 48%|####8     | 12/25 [00:04<00:04,  3.06it/s]
 52%|#####2    | 13/25 [00:04<00:04,  2.99it/s]
 56%|#####6    | 14/25 [00:04<00:03,  3.13it/s]
 60%|######    | 15/25 [00:05<00:03,  3.00it/s]
 64%|######4   | 16/25 [00:05<00:03,  2.88it/s]
 68%|######8   | 17/25 [00:05<00:02,  3.04it/s]
 72%|#######2  | 18/25 [00:05<00:02,  3.26it/s]
 76%|#######6  | 19/25 [00:06<00:01,  3.42it/s]
 80%|########  | 20/25 [00:06<00:01,  3.46it/s]
 84%|########4 | 21/25 [00:06<00:01,  3.72it/s]
 88%|########8 | 22/25 [00:06<00:00,  3.78it/s]
 92%|#########2| 23/25 [00:07<00:00,  3.62it/s]
 96%|#########6| 24/25 [00:07<00:00,  3.24it/s]
100%|##########| 25/25 [00:07<00:00,  3.92it/s]
100%|##########| 25/25 [00:07<00:00,  3.22it/s]
2026-08-18 10:56:09 | INFO     | mcu_data.yolox_metrics:78 - Evaluate with standard pycocotools COCOeval (no C++ JIT build).
2026-08-18 10:56:09 | INFO     | mcu_data.yolox_metrics:80 - Loading and preparing results...
2026-08-18 10:56:09 | INFO     | mcu_data.yolox_metrics:80 - DONE (t=0.00s)
2026-08-18 10:56:09 | INFO     | pycocotools.coco:367 - creating index...
2026-08-18 10:56:09 | INFO     | pycocotools.coco:367 - index created!
2026-08-18 10:56:09 | INFO     | mcu_data.yolox_metrics:82 - Running per image evaluation...
2026-08-18 10:56:09 | INFO     | mcu_data.yolox_metrics:82 - Evaluate annotation type *bbox*
2026-08-18 10:56:09 | INFO     | mcu_data.yolox_metrics:82 - DONE (t=0.07s).
2026-08-18 10:56:09 | INFO     | mcu_data.yolox_metrics:83 - Accumulating evaluation results...
2026-08-18 10:56:09 | INFO     | mcu_data.yolox_metrics:83 - DONE (t=0.01s).
2026-08-18 10:56:09 | INFO     | yolox.core.trainer:381 - 
Average forward time: 5.13 ms, Average NMS time: 0.86 ms, Average inference time: 6.00 ms
 Average Precision  (AP) @[ IoU=0.50:0.95 | area=   all | maxDets=100 ] = 0.674
 Average Precision  (AP) @[ IoU=0.50      | area=   all | maxDets=100 ] = 1.000
 Average Precision  (AP) @[ IoU=0.75      | area=   all | maxDets=100 ] = 0.966
 Average Precision  (AP) @[ IoU=0.50:0.95 | area= small | maxDets=100 ] = -1.000
 Average Precision  (AP) @[ IoU=0.50:0.95 | area=medium | maxDets=100 ] = -1.000
 Average Precision  (AP) @[ IoU=0.50:0.95 | area= large | maxDets=100 ] = 0.674
 Average Recall     (AR) @[ IoU=0.50:0.95 | area=   all | maxDets=  1 ] = 0.718
 Average Recall     (AR) @[ IoU=0.50:0.95 | area=   all | maxDets= 10 ] = 0.718
 Average Recall     (AR) @[ IoU=0.50:0.95 | area=   all | maxDets=100 ] = 0.718
 Average Recall     (AR) @[ IoU=0.50:0.95 | area= small | maxDets=100 ] = -1.000
 Average Recall     (AR) @[ IoU=0.50:0.95 | area=medium | maxDets=100 ] = -1.000
 Average Recall     (AR) @[ IoU=0.50:0.95 | area= large | maxDets=100 ] = 0.718
per class AP:
| class            | AP     |
|:-----------------|:-------|
| raspberry_pi_sbc | 67.378 |
per class AR:
| class            | AR     |
|:-----------------|:-------|
| raspberry_pi_sbc | 71.795 |

2026-08-18 10:56:09 | INFO     | yolox.core.trainer:402 - Save weights to <PROJECT_ROOT>\runs\benchmarks\micropcb_rpi_phash_component_bootstrap_v2_full_e100_b8_i640_w0_s42-43-44_p02facd21ef_dbea2fbaddc_cb773706267\yolox_s_seed43
[EPOCH 011/100] loss=2.02249 iou=1.04313 conf=0.64193 cls=0.33743 | AP50=1.00000 AP50-95=0.67378 AP75=0.96603 AR100=0.71795 | LR=0.00123546 VRAM_peak=1717.2 MiB
EPOCH_METRICS_JSON {"epoch": 11, "elapsed_s": 2741.292486999999, "epoch_seconds": 236.7697901999927, "iterations": 188, "train_total_loss": 2.0224887506758913, "train_iou_loss": 1.0431259661278827, "train_conf_loss": 0.6419321422247176, "train_cls_loss": 0.3374306448596589, "train_l1_loss": 0.0, "num_fg_mean": 8.083148587180592, "map50_95": 0.6737842631073849, "map50": 1.0, "ap75": 0.9660319878141659, "ar100": 0.7179487179487178, "lr": 0.0012354602309883843, "lr_mean": 0.0012377296668737428, "gpu_peak_allocated_mib": 1717.24755859375, "gpu_peak_reserved_mib": 2234.0, "best_map50_95": 0.7941440620578784}
2026-08-18 10:56:10 | INFO     | yolox.core.trainer:218 - ---> start train epoch12
2026-08-18 10:56:22 | INFO     | yolox.core.trainer:270 - epoch: 12/100, iter: 10/188, gpu mem: 1717Mb, mem: 12.9Gb, iter_time: 1.239s, data_time: 1.104s, total_loss: 1.9, iou_loss: 1.0, l1_loss: 0.0, conf_loss: 0.5, cls_loss: 0.3, lr: 1.235e-03, size: 640, ETA: 5:54:06
2026-08-18 10:56:34 | INFO     | yolox.core.trainer:270 - epoch: 12/100, iter: 20/188, gpu mem: 1717Mb, mem: 12.8Gb, iter_time: 1.201s, data_time: 1.064s, total_loss: 2.0, iou_loss: 0.9, l1_loss: 0.0, conf_loss: 0.8, cls_loss: 0.3, lr: 1.235e-03, size: 640, ETA: 5:53:48
2026-08-18 10:56:46 | INFO     | yolox.core.trainer:270 - epoch: 12/100, iter: 30/188, gpu mem: 1717Mb, mem: 12.8Gb, iter_time: 1.228s, data_time: 1.095s, total_loss: 2.1, iou_loss: 1.2, l1_loss: 0.0, conf_loss: 0.5, cls_loss: 0.4, lr: 1.235e-03, size: 640, ETA: 5:53:32
2026-08-18 10:56:59 | INFO     | yolox.core.trainer:270 - epoch: 12/100, iter: 40/188, gpu mem: 1717Mb, mem: 12.8Gb, iter_time: 1.213s, data_time: 1.077s, total_loss: 1.1, iou_loss: 0.6, l1_loss: 0.0, conf_loss: 0.3, cls_loss: 0.2, lr: 1.234e-03, size: 640, ETA: 5:53:14
2026-08-18 10:57:10 | INFO     | yolox.core.trainer:270 - epoch: 12/100, iter: 50/188, gpu mem: 1717Mb, mem: 12.8Gb, iter_time: 1.138s, data_time: 1.003s, total_loss: 2.4, iou_loss: 1.3, l1_loss: 0.0, conf_loss: 0.7, cls_loss: 0.4, lr: 1.234e-03, size: 640, ETA: 5:52:51
2026-08-18 10:57:22 | INFO     | yolox.core.trainer:270 - epoch: 12/100, iter: 60/188, gpu mem: 1717Mb, mem: 12.8Gb, iter_time: 1.239s, data_time: 1.102s, total_loss: 1.9, iou_loss: 1.0, l1_loss: 0.0, conf_loss: 0.6, cls_loss: 0.3, lr: 1.234e-03, size: 640, ETA: 5:52:36
2026-08-18 10:57:35 | INFO     | yolox.core.trainer:270 - epoch: 12/100, iter: 70/188, gpu mem: 1717Mb, mem: 12.8Gb, iter_time: 1.225s, data_time: 1.089s, total_loss: 2.0, iou_loss: 1.0, l1_loss: 0.0, conf_loss: 0.6, cls_loss: 0.3, lr: 1.234e-03, size: 640, ETA: 5:52:20
2026-08-18 10:57:46 | INFO     | yolox.core.trainer:270 - epoch: 12/100, iter: 80/188, gpu mem: 1717Mb, mem: 12.8Gb, iter_time: 1.178s, data_time: 1.040s, total_loss: 1.8, iou_loss: 1.0, l1_loss: 0.0, conf_loss: 0.5, cls_loss: 0.3, lr: 1.233e-03, size: 640, ETA: 5:52:00
2026-08-18 10:57:59 | INFO     | yolox.core.trainer:270 - epoch: 12/100, iter: 90/188, gpu mem: 1717Mb, mem: 12.9Gb, iter_time: 1.253s, data_time: 1.117s, total_loss: 2.4, iou_loss: 1.3, l1_loss: 0.0, conf_loss: 0.8, cls_loss: 0.4, lr: 1.233e-03, size: 640, ETA: 5:51:47
2026-08-18 10:58:11 | INFO     | yolox.core.trainer:270 - epoch: 12/100, iter: 100/188, gpu mem: 1717Mb, mem: 13.0Gb, iter_time: 1.169s, data_time: 1.028s, total_loss: 2.1, iou_loss: 1.1, l1_loss: 0.0, conf_loss: 0.7, cls_loss: 0.3, lr: 1.233e-03, size: 640, ETA: 5:51:26
2026-08-18 10:58:22 | INFO     | yolox.core.trainer:270 - epoch: 12/100, iter: 110/188, gpu mem: 1717Mb, mem: 12.9Gb, iter_time: 1.175s, data_time: 1.041s, total_loss: 2.1, iou_loss: 1.2, l1_loss: 0.0, conf_loss: 0.5, cls_loss: 0.4, lr: 1.233e-03, size: 640, ETA: 5:51:06
2026-08-18 10:58:34 | INFO     | yolox.core.trainer:270 - epoch: 12/100, iter: 120/188, gpu mem: 1717Mb, mem: 12.9Gb, iter_time: 1.123s, data_time: 0.985s, total_loss: 2.0, iou_loss: 0.9, l1_loss: 0.0, conf_loss: 0.7, cls_loss: 0.3, lr: 1.232e-03, size: 640, ETA: 5:50:43
2026-08-18 10:58:46 | INFO     | yolox.core.trainer:270 - epoch: 12/100, iter: 130/188, gpu mem: 1717Mb, mem: 12.9Gb, iter_time: 1.219s, data_time: 1.080s, total_loss: 2.2, iou_loss: 1.1, l1_loss: 0.0, conf_loss: 0.8, cls_loss: 0.3, lr: 1.232e-03, size: 640, ETA: 5:50:26
2026-08-18 10:58:58 | INFO     | yolox.core.trainer:270 - epoch: 12/100, iter: 140/188, gpu mem: 1717Mb, mem: 12.9Gb, iter_time: 1.215s, data_time: 1.070s, total_loss: 1.7, iou_loss: 0.9, l1_loss: 0.0, conf_loss: 0.6, cls_loss: 0.3, lr: 1.232e-03, size: 640, ETA: 5:50:10
2026-08-18 10:59:10 | INFO     | yolox.core.trainer:270 - epoch: 12/100, iter: 150/188, gpu mem: 1717Mb, mem: 12.9Gb, iter_time: 1.218s, data_time: 1.079s, total_loss: 1.9, iou_loss: 0.9, l1_loss: 0.0, conf_loss: 0.7, cls_loss: 0.3, lr: 1.231e-03, size: 640, ETA: 5:49:54
2026-08-18 10:59:22 | INFO     | yolox.core.trainer:270 - epoch: 12/100, iter: 160/188, gpu mem: 1717Mb, mem: 12.8Gb, iter_time: 1.165s, data_time: 1.026s, total_loss: 2.7, iou_loss: 1.2, l1_loss: 0.0, conf_loss: 1.2, cls_loss: 0.4, lr: 1.231e-03, size: 640, ETA: 5:49:33
2026-08-18 10:59:33 | INFO     | yolox.core.trainer:270 - epoch: 12/100, iter: 170/188, gpu mem: 1717Mb, mem: 12.8Gb, iter_time: 1.118s, data_time: 0.981s, total_loss: 1.7, iou_loss: 0.9, l1_loss: 0.0, conf_loss: 0.5, cls_loss: 0.3, lr: 1.231e-03, size: 640, ETA: 5:49:10
2026-08-18 10:59:44 | INFO     | yolox.core.trainer:270 - epoch: 12/100, iter: 180/188, gpu mem: 1717Mb, mem: 12.8Gb, iter_time: 1.123s, data_time: 0.982s, total_loss: 2.1, iou_loss: 1.1, l1_loss: 0.0, conf_loss: 0.6, cls_loss: 0.4, lr: 1.230e-03, size: 640, ETA: 5:48:47
2026-08-18 10:59:53 | INFO     | yolox.core.trainer:402 - Save weights to <PROJECT_ROOT>\runs\benchmarks\micropcb_rpi_phash_component_bootstrap_v2_full_e100_b8_i640_w0_s42-43-44_p02facd21ef_dbea2fbaddc_cb773706267\yolox_s_seed43

  0%|          | 0/25 [00:00<?, ?it/s]
  4%|4         | 1/25 [00:00<00:07,  3.15it/s]
  8%|8         | 2/25 [00:00<00:07,  3.10it/s]
 12%|#2        | 3/25 [00:00<00:07,  3.06it/s]
 16%|#6        | 4/25 [00:01<00:07,  2.87it/s]
 20%|##        | 5/25 [00:01<00:07,  2.70it/s]
 24%|##4       | 6/25 [00:02<00:07,  2.62it/s]
 28%|##8       | 7/25 [00:02<00:06,  2.70it/s]
 32%|###2      | 8/25 [00:02<00:06,  2.82it/s]
 36%|###6      | 9/25 [00:03<00:05,  2.96it/s]
 40%|####      | 10/25 [00:03<00:05,  2.95it/s]
 44%|####4     | 11/25 [00:03<00:04,  3.02it/s]
 48%|####8     | 12/25 [00:04<00:04,  3.05it/s]
 52%|#####2    | 13/25 [00:04<00:04,  2.91it/s]
 56%|#####6    | 14/25 [00:04<00:03,  2.98it/s]
 60%|######    | 15/25 [00:05<00:03,  2.91it/s]
 64%|######4   | 16/25 [00:05<00:03,  2.79it/s]
 68%|######8   | 17/25 [00:05<00:02,  2.94it/s]
 72%|#######2  | 18/25 [00:06<00:02,  3.14it/s]
 76%|#######6  | 19/25 [00:06<00:01,  3.27it/s]
 80%|########  | 20/25 [00:06<00:01,  3.32it/s]
 84%|########4 | 21/25 [00:06<00:01,  3.53it/s]
 88%|########8 | 22/25 [00:07<00:00,  3.55it/s]
 92%|#########2| 23/25 [00:07<00:00,  3.40it/s]
 96%|#########6| 24/25 [00:07<00:00,  3.19it/s]
100%|##########| 25/25 [00:08<00:00,  3.96it/s]
100%|##########| 25/25 [00:08<00:00,  3.12it/s]
2026-08-18 11:00:02 | INFO     | mcu_data.yolox_metrics:78 - Evaluate with standard pycocotools COCOeval (no C++ JIT build).
2026-08-18 11:00:02 | INFO     | mcu_data.yolox_metrics:80 - Loading and preparing results...
2026-08-18 11:00:02 | INFO     | mcu_data.yolox_metrics:80 - DONE (t=0.00s)
2026-08-18 11:00:02 | INFO     | pycocotools.coco:367 - creating index...
2026-08-18 11:00:02 | INFO     | pycocotools.coco:367 - index created!
2026-08-18 11:00:02 | INFO     | mcu_data.yolox_metrics:82 - Running per image evaluation...
2026-08-18 11:00:02 | INFO     | mcu_data.yolox_metrics:82 - Evaluate annotation type *bbox*
2026-08-18 11:00:02 | INFO     | mcu_data.yolox_metrics:82 - DONE (t=0.11s).
2026-08-18 11:00:02 | INFO     | mcu_data.yolox_metrics:83 - Accumulating evaluation results...
2026-08-18 11:00:02 | INFO     | mcu_data.yolox_metrics:83 - DONE (t=0.02s).
2026-08-18 11:00:02 | INFO     | yolox.core.trainer:381 - 
Average forward time: 5.05 ms, Average NMS time: 1.10 ms, Average inference time: 6.15 ms
 Average Precision  (AP) @[ IoU=0.50:0.95 | area=   all | maxDets=100 ] = 0.750
 Average Precision  (AP) @[ IoU=0.50      | area=   all | maxDets=100 ] = 1.000
 Average Precision  (AP) @[ IoU=0.75      | area=   all | maxDets=100 ] = 1.000
 Average Precision  (AP) @[ IoU=0.50:0.95 | area= small | maxDets=100 ] = -1.000
 Average Precision  (AP) @[ IoU=0.50:0.95 | area=medium | maxDets=100 ] = -1.000
 Average Precision  (AP) @[ IoU=0.50:0.95 | area= large | maxDets=100 ] = 0.750
 Average Recall     (AR) @[ IoU=0.50:0.95 | area=   all | maxDets=  1 ] = 0.771
 Average Recall     (AR) @[ IoU=0.50:0.95 | area=   all | maxDets= 10 ] = 0.771
 Average Recall     (AR) @[ IoU=0.50:0.95 | area=   all | maxDets=100 ] = 0.771
 Average Recall     (AR) @[ IoU=0.50:0.95 | area= small | maxDets=100 ] = -1.000
 Average Recall     (AR) @[ IoU=0.50:0.95 | area=medium | maxDets=100 ] = -1.000
 Average Recall     (AR) @[ IoU=0.50:0.95 | area= large | maxDets=100 ] = 0.771
per class AP:
| class            | AP     |
|:-----------------|:-------|
| raspberry_pi_sbc | 75.041 |
per class AR:
| class            | AR     |
|:-----------------|:-------|
| raspberry_pi_sbc | 77.077 |

2026-08-18 11:00:02 | INFO     | yolox.core.trainer:402 - Save weights to <PROJECT_ROOT>\runs\benchmarks\micropcb_rpi_phash_component_bootstrap_v2_full_e100_b8_i640_w0_s42-43-44_p02facd21ef_dbea2fbaddc_cb773706267\yolox_s_seed43
[EPOCH 012/100] loss=1.95314 iou=1.00759 conf=0.61566 cls=0.32989 | AP50=1.00000 AP50-95=0.75041 AP75=1.00000 AR100=0.77077 | LR=0.00123024 VRAM_peak=1717.2 MiB
EPOCH_METRICS_JSON {"epoch": 12, "elapsed_s": 2974.177052700019, "epoch_seconds": 232.19007439998677, "iterations": 188, "train_total_loss": 1.9531434451011902, "train_iou_loss": 1.0075927341872073, "train_conf_loss": 0.6156560859464585, "train_cls_loss": 0.3298946271075847, "train_l1_loss": 0.0, "num_fg_mean": 8.127515337624912, "map50_95": 0.7504139507475617, "map50": 1.0, "ap75": 1.0, "ar100": 0.7707692307692307, "lr": 0.0012302390525348302, "lr_mean": 0.001232901400710104, "gpu_peak_allocated_mib": 1717.24755859375, "gpu_peak_reserved_mib": 2234.0, "best_map50_95": 0.7941440620578784}
2026-08-18 11:00:03 | INFO     | yolox.core.trainer:218 - ---> start train epoch13
2026-08-18 11:00:15 | INFO     | yolox.core.trainer:270 - epoch: 13/100, iter: 10/188, gpu mem: 1717Mb, mem: 12.8Gb, iter_time: 1.185s, data_time: 1.041s, total_loss: 1.7, iou_loss: 0.9, l1_loss: 0.0, conf_loss: 0.4, cls_loss: 0.3, lr: 1.230e-03, size: 640, ETA: 5:48:11
2026-08-18 11:00:27 | INFO     | yolox.core.trainer:270 - epoch: 13/100, iter: 20/188, gpu mem: 1717Mb, mem: 12.8Gb, iter_time: 1.218s, data_time: 1.074s, total_loss: 1.9, iou_loss: 1.0, l1_loss: 0.0, conf_loss: 0.5, cls_loss: 0.3, lr: 1.230e-03, size: 640, ETA: 5:47:55
2026-08-18 11:00:39 | INFO     | yolox.core.trainer:270 - epoch: 13/100, iter: 30/188, gpu mem: 1717Mb, mem: 12.7Gb, iter_time: 1.210s, data_time: 1.072s, total_loss: 2.1, iou_loss: 1.0, l1_loss: 0.0, conf_loss: 0.8, cls_loss: 0.3, lr: 1.229e-03, size: 640, ETA: 5:47:39
2026-08-18 11:00:51 | INFO     | yolox.core.trainer:270 - epoch: 13/100, iter: 40/188, gpu mem: 1717Mb, mem: 12.7Gb, iter_time: 1.244s, data_time: 1.104s, total_loss: 2.0, iou_loss: 1.0, l1_loss: 0.0, conf_loss: 0.8, cls_loss: 0.3, lr: 1.229e-03, size: 640, ETA: 5:47:25
2026-08-18 11:01:04 | INFO     | yolox.core.trainer:270 - epoch: 13/100, iter: 50/188, gpu mem: 1717Mb, mem: 12.8Gb, iter_time: 1.225s, data_time: 1.086s, total_loss: 2.1, iou_loss: 1.2, l1_loss: 0.0, conf_loss: 0.6, cls_loss: 0.4, lr: 1.229e-03, size: 640, ETA: 5:47:09
2026-08-18 11:01:15 | INFO     | yolox.core.trainer:270 - epoch: 13/100, iter: 60/188, gpu mem: 1717Mb, mem: 12.8Gb, iter_time: 1.176s, data_time: 1.032s, total_loss: 1.8, iou_loss: 1.1, l1_loss: 0.0, conf_loss: 0.4, cls_loss: 0.4, lr: 1.228e-03, size: 640, ETA: 5:46:50
2026-08-18 11:01:27 | INFO     | yolox.core.trainer:270 - epoch: 13/100, iter: 70/188, gpu mem: 1717Mb, mem: 12.8Gb, iter_time: 1.202s, data_time: 1.065s, total_loss: 1.7, iou_loss: 1.0, l1_loss: 0.0, conf_loss: 0.4, cls_loss: 0.3, lr: 1.228e-03, size: 640, ETA: 5:46:34
2026-08-18 11:01:39 | INFO     | yolox.core.trainer:270 - epoch: 13/100, iter: 80/188, gpu mem: 1717Mb, mem: 12.7Gb, iter_time: 1.175s, data_time: 1.033s, total_loss: 1.8, iou_loss: 0.8, l1_loss: 0.0, conf_loss: 0.6, cls_loss: 0.3, lr: 1.228e-03, size: 640, ETA: 5:46:15
2026-08-18 11:01:51 | INFO     | yolox.core.trainer:270 - epoch: 13/100, iter: 90/188, gpu mem: 1717Mb, mem: 12.7Gb, iter_time: 1.212s, data_time: 1.070s, total_loss: 1.6, iou_loss: 0.9, l1_loss: 0.0, conf_loss: 0.4, cls_loss: 0.3, lr: 1.227e-03, size: 640, ETA: 5:45:59
2026-08-18 11:02:03 | INFO     | yolox.core.trainer:270 - epoch: 13/100, iter: 100/188, gpu mem: 1717Mb, mem: 12.7Gb, iter_time: 1.142s, data_time: 1.003s, total_loss: 2.2, iou_loss: 1.1, l1_loss: 0.0, conf_loss: 0.8, cls_loss: 0.4, lr: 1.227e-03, size: 640, ETA: 5:45:38
2026-08-18 11:02:15 | INFO     | yolox.core.trainer:270 - epoch: 13/100, iter: 110/188, gpu mem: 1717Mb, mem: 12.8Gb, iter_time: 1.183s, data_time: 1.039s, total_loss: 1.9, iou_loss: 0.9, l1_loss: 0.0, conf_loss: 0.7, cls_loss: 0.3, lr: 1.227e-03, size: 640, ETA: 5:45:20
2026-08-18 11:02:27 | INFO     | yolox.core.trainer:270 - epoch: 13/100, iter: 120/188, gpu mem: 1717Mb, mem: 12.8Gb, iter_time: 1.285s, data_time: 1.144s, total_loss: 2.1, iou_loss: 1.2, l1_loss: 0.0, conf_loss: 0.6, cls_loss: 0.4, lr: 1.226e-03, size: 640, ETA: 5:45:09
2026-08-18 11:02:41 | INFO     | yolox.core.trainer:270 - epoch: 13/100, iter: 130/188, gpu mem: 1717Mb, mem: 12.9Gb, iter_time: 1.325s, data_time: 1.180s, total_loss: 1.4, iou_loss: 0.7, l1_loss: 0.0, conf_loss: 0.4, cls_loss: 0.3, lr: 1.226e-03, size: 640, ETA: 5:45:01
2026-08-18 11:02:52 | INFO     | yolox.core.trainer:270 - epoch: 13/100, iter: 140/188, gpu mem: 1717Mb, mem: 12.7Gb, iter_time: 1.135s, data_time: 0.996s, total_loss: 2.0, iou_loss: 1.1, l1_loss: 0.0, conf_loss: 0.6, cls_loss: 0.3, lr: 1.226e-03, size: 640, ETA: 5:44:39
2026-08-18 11:03:03 | INFO     | yolox.core.trainer:270 - epoch: 13/100, iter: 150/188, gpu mem: 1717Mb, mem: 12.7Gb, iter_time: 1.105s, data_time: 0.962s, total_loss: 1.8, iou_loss: 1.0, l1_loss: 0.0, conf_loss: 0.5, cls_loss: 0.3, lr: 1.226e-03, size: 640, ETA: 5:44:16
2026-08-18 11:03:14 | INFO     | yolox.core.trainer:270 - epoch: 13/100, iter: 160/188, gpu mem: 1717Mb, mem: 12.7Gb, iter_time: 1.091s, data_time: 0.951s, total_loss: 2.3, iou_loss: 1.2, l1_loss: 0.0, conf_loss: 0.7, cls_loss: 0.4, lr: 1.225e-03, size: 640, ETA: 5:43:52
2026-08-18 11:03:25 | INFO     | yolox.core.trainer:270 - epoch: 13/100, iter: 170/188, gpu mem: 1717Mb, mem: 12.7Gb, iter_time: 1.089s, data_time: 0.952s, total_loss: 1.7, iou_loss: 1.0, l1_loss: 0.0, conf_loss: 0.4, cls_loss: 0.3, lr: 1.225e-03, size: 640, ETA: 5:43:28
2026-08-18 11:03:36 | INFO     | yolox.core.trainer:270 - epoch: 13/100, iter: 180/188, gpu mem: 1717Mb, mem: 12.7Gb, iter_time: 1.116s, data_time: 0.977s, total_loss: 1.5, iou_loss: 0.6, l1_loss: 0.0, conf_loss: 0.6, cls_loss: 0.2, lr: 1.225e-03, size: 640, ETA: 5:43:06
2026-08-18 11:03:45 | INFO     | yolox.core.trainer:402 - Save weights to <PROJECT_ROOT>\runs\benchmarks\micropcb_rpi_phash_component_bootstrap_v2_full_e100_b8_i640_w0_s42-43-44_p02facd21ef_dbea2fbaddc_cb773706267\yolox_s_seed43

  0%|          | 0/25 [00:00<?, ?it/s]
  4%|4         | 1/25 [00:00<00:07,  3.16it/s]
  8%|8         | 2/25 [00:00<00:07,  3.13it/s]
 12%|#2        | 3/25 [00:00<00:07,  3.14it/s]
 16%|#6        | 4/25 [00:01<00:07,  2.98it/s]
 20%|##        | 5/25 [00:01<00:07,  2.80it/s]
 24%|##4       | 6/25 [00:02<00:07,  2.69it/s]
 28%|##8       | 7/25 [00:02<00:06,  2.77it/s]
 32%|###2      | 8/25 [00:02<00:05,  2.86it/s]
 36%|###6      | 9/25 [00:03<00:05,  2.95it/s]
 40%|####      | 10/25 [00:03<00:05,  2.96it/s]
 44%|####4     | 11/25 [00:03<00:04,  3.04it/s]
 48%|####8     | 12/25 [00:04<00:04,  3.08it/s]
 52%|#####2    | 13/25 [00:04<00:04,  2.98it/s]
 56%|#####6    | 14/25 [00:04<00:03,  3.05it/s]
 60%|######    | 15/25 [00:05<00:03,  2.91it/s]
 64%|######4   | 16/25 [00:05<00:03,  2.85it/s]
 68%|######8   | 17/25 [00:05<00:02,  3.02it/s]
 72%|#######2  | 18/25 [00:06<00:02,  3.20it/s]
 76%|#######6  | 19/25 [00:06<00:01,  3.34it/s]
 80%|########  | 20/25 [00:06<00:01,  3.44it/s]
 84%|########4 | 21/25 [00:06<00:01,  3.59it/s]
 88%|########8 | 22/25 [00:07<00:00,  3.68it/s]
 92%|#########2| 23/25 [00:07<00:00,  3.41it/s]
 96%|#########6| 24/25 [00:07<00:00,  3.19it/s]
100%|##########| 25/25 [00:07<00:00,  3.88it/s]
100%|##########| 25/25 [00:07<00:00,  3.16it/s]
2026-08-18 11:03:53 | INFO     | mcu_data.yolox_metrics:78 - Evaluate with standard pycocotools COCOeval (no C++ JIT build).
2026-08-18 11:03:53 | INFO     | mcu_data.yolox_metrics:80 - Loading and preparing results...
2026-08-18 11:03:53 | INFO     | mcu_data.yolox_metrics:80 - DONE (t=0.00s)
2026-08-18 11:03:53 | INFO     | pycocotools.coco:367 - creating index...
2026-08-18 11:03:53 | INFO     | pycocotools.coco:367 - index created!
2026-08-18 11:03:53 | INFO     | mcu_data.yolox_metrics:82 - Running per image evaluation...
2026-08-18 11:03:53 | INFO     | mcu_data.yolox_metrics:82 - Evaluate annotation type *bbox*
2026-08-18 11:03:53 | INFO     | mcu_data.yolox_metrics:82 - DONE (t=0.03s).
2026-08-18 11:03:53 | INFO     | mcu_data.yolox_metrics:83 - Accumulating evaluation results...
2026-08-18 11:03:53 | INFO     | mcu_data.yolox_metrics:83 - DONE (t=0.02s).
2026-08-18 11:03:53 | INFO     | yolox.core.trainer:381 - 
Average forward time: 5.09 ms, Average NMS time: 0.81 ms, Average inference time: 5.90 ms
 Average Precision  (AP) @[ IoU=0.50:0.95 | area=   all | maxDets=100 ] = 0.714
 Average Precision  (AP) @[ IoU=0.50      | area=   all | maxDets=100 ] = 1.000
 Average Precision  (AP) @[ IoU=0.75      | area=   all | maxDets=100 ] = 1.000
 Average Precision  (AP) @[ IoU=0.50:0.95 | area= small | maxDets=100 ] = -1.000
 Average Precision  (AP) @[ IoU=0.50:0.95 | area=medium | maxDets=100 ] = -1.000
 Average Precision  (AP) @[ IoU=0.50:0.95 | area= large | maxDets=100 ] = 0.714
 Average Recall     (AR) @[ IoU=0.50:0.95 | area=   all | maxDets=  1 ] = 0.746
 Average Recall     (AR) @[ IoU=0.50:0.95 | area=   all | maxDets= 10 ] = 0.746
 Average Recall     (AR) @[ IoU=0.50:0.95 | area=   all | maxDets=100 ] = 0.746
 Average Recall     (AR) @[ IoU=0.50:0.95 | area= small | maxDets=100 ] = -1.000
 Average Recall     (AR) @[ IoU=0.50:0.95 | area=medium | maxDets=100 ] = -1.000
 Average Recall     (AR) @[ IoU=0.50:0.95 | area= large | maxDets=100 ] = 0.746
per class AP:
| class            | AP     |
|:-----------------|:-------|
| raspberry_pi_sbc | 71.397 |
per class AR:
| class            | AR     |
|:-----------------|:-------|
| raspberry_pi_sbc | 74.615 |

2026-08-18 11:03:53 | INFO     | yolox.core.trainer:402 - Save weights to <PROJECT_ROOT>\runs\benchmarks\micropcb_rpi_phash_component_bootstrap_v2_full_e100_b8_i640_w0_s42-43-44_p02facd21ef_dbea2fbaddc_cb773706267\yolox_s_seed43
[EPOCH 013/100] loss=1.91692 iou=0.98692 conf=0.60518 cls=0.32483 | AP50=1.00000 AP50-95=0.71397 AP75=1.00000 AR100=0.74615 | LR=0.00122423 VRAM_peak=1717.2 MiB
EPOCH_METRICS_JSON {"epoch": 13, "elapsed_s": 3205.627010299999, "epoch_seconds": 230.56884650001302, "iterations": 188, "train_total_loss": 1.9169248754673816, "train_iou_loss": 0.9869201883990714, "train_conf_loss": 0.6051785024873754, "train_cls_loss": 0.32482619084259295, "train_l1_loss": 0.0, "num_fg_mean": 8.167797148199476, "map50_95": 0.7139731775217041, "map50": 1.0, "ap75": 1.0, "ar100": 0.7461538461538462, "lr": 0.0012242338740783868, "lr_mean": 0.0012272854980962108, "gpu_peak_allocated_mib": 1717.24755859375, "gpu_peak_reserved_mib": 2234.0, "best_map50_95": 0.7941440620578784}
2026-08-18 11:03:54 | INFO     | yolox.core.trainer:218 - ---> start train epoch14
2026-08-18 11:04:06 | INFO     | yolox.core.trainer:270 - epoch: 14/100, iter: 10/188, gpu mem: 1717Mb, mem: 12.8Gb, iter_time: 1.224s, data_time: 1.085s, total_loss: 2.6, iou_loss: 1.2, l1_loss: 0.0, conf_loss: 1.0, cls_loss: 0.3, lr: 1.224e-03, size: 640, ETA: 5:42:34
2026-08-18 11:04:19 | INFO     | yolox.core.trainer:270 - epoch: 14/100, iter: 20/188, gpu mem: 1717Mb, mem: 12.8Gb, iter_time: 1.225s, data_time: 1.084s, total_loss: 2.4, iou_loss: 1.3, l1_loss: 0.0, conf_loss: 0.8, cls_loss: 0.4, lr: 1.224e-03, size: 640, ETA: 5:42:19
2026-08-18 11:04:30 | INFO     | yolox.core.trainer:270 - epoch: 14/100, iter: 30/188, gpu mem: 1717Mb, mem: 12.8Gb, iter_time: 1.183s, data_time: 1.044s, total_loss: 1.8, iou_loss: 1.0, l1_loss: 0.0, conf_loss: 0.5, cls_loss: 0.3, lr: 1.223e-03, size: 640, ETA: 5:42:01
2026-08-18 11:04:43 | INFO     | yolox.core.trainer:270 - epoch: 14/100, iter: 40/188, gpu mem: 1717Mb, mem: 12.7Gb, iter_time: 1.216s, data_time: 1.078s, total_loss: 2.2, iou_loss: 1.1, l1_loss: 0.0, conf_loss: 0.8, cls_loss: 0.4, lr: 1.223e-03, size: 640, ETA: 5:41:46
2026-08-18 11:04:54 | INFO     | yolox.core.trainer:270 - epoch: 14/100, iter: 50/188, gpu mem: 1717Mb, mem: 12.7Gb, iter_time: 1.133s, data_time: 0.990s, total_loss: 1.8, iou_loss: 0.8, l1_loss: 0.0, conf_loss: 0.7, cls_loss: 0.3, lr: 1.223e-03, size: 640, ETA: 5:41:25
2026-08-18 11:05:06 | INFO     | yolox.core.trainer:270 - epoch: 14/100, iter: 60/188, gpu mem: 1717Mb, mem: 12.7Gb, iter_time: 1.185s, data_time: 1.047s, total_loss: 2.0, iou_loss: 1.0, l1_loss: 0.0, conf_loss: 0.6, cls_loss: 0.3, lr: 1.222e-03, size: 640, ETA: 5:41:08
2026-08-18 11:05:18 | INFO     | yolox.core.trainer:270 - epoch: 14/100, iter: 70/188, gpu mem: 1717Mb, mem: 12.7Gb, iter_time: 1.230s, data_time: 1.091s, total_loss: 2.3, iou_loss: 1.1, l1_loss: 0.0, conf_loss: 0.9, cls_loss: 0.3, lr: 1.222e-03, size: 640, ETA: 5:40:54
2026-08-18 11:05:29 | INFO     | yolox.core.trainer:270 - epoch: 14/100, iter: 80/188, gpu mem: 1717Mb, mem: 12.7Gb, iter_time: 1.143s, data_time: 1.007s, total_loss: 1.8, iou_loss: 0.9, l1_loss: 0.0, conf_loss: 0.6, cls_loss: 0.3, lr: 1.221e-03, size: 640, ETA: 5:40:34
2026-08-18 11:05:42 | INFO     | yolox.core.trainer:270 - epoch: 14/100, iter: 90/188, gpu mem: 1717Mb, mem: 12.7Gb, iter_time: 1.219s, data_time: 1.082s, total_loss: 1.4, iou_loss: 0.6, l1_loss: 0.0, conf_loss: 0.5, cls_loss: 0.2, lr: 1.221e-03, size: 640, ETA: 5:40:19
2026-08-18 11:05:53 | INFO     | yolox.core.trainer:270 - epoch: 14/100, iter: 100/188, gpu mem: 1717Mb, mem: 12.8Gb, iter_time: 1.102s, data_time: 0.960s, total_loss: 2.3, iou_loss: 1.2, l1_loss: 0.0, conf_loss: 0.7, cls_loss: 0.4, lr: 1.221e-03, size: 640, ETA: 5:39:57
2026-08-18 11:06:02 | INFO     | yolox.core.trainer:270 - epoch: 14/100, iter: 110/188, gpu mem: 1717Mb, mem: 13.1Gb, iter_time: 0.974s, data_time: 0.826s, total_loss: 1.7, iou_loss: 0.9, l1_loss: 0.0, conf_loss: 0.5, cls_loss: 0.3, lr: 1.220e-03, size: 640, ETA: 5:39:27
2026-08-18 11:06:12 | INFO     | yolox.core.trainer:270 - epoch: 14/100, iter: 120/188, gpu mem: 1717Mb, mem: 13.0Gb, iter_time: 0.930s, data_time: 0.780s, total_loss: 1.9, iou_loss: 1.0, l1_loss: 0.0, conf_loss: 0.5, cls_loss: 0.3, lr: 1.220e-03, size: 640, ETA: 5:38:53
2026-08-18 11:06:21 | INFO     | yolox.core.trainer:270 - epoch: 14/100, iter: 130/188, gpu mem: 1717Mb, mem: 13.2Gb, iter_time: 0.972s, data_time: 0.803s, total_loss: 1.9, iou_loss: 0.9, l1_loss: 0.0, conf_loss: 0.6, cls_loss: 0.3, lr: 1.220e-03, size: 640, ETA: 5:38:23
2026-08-18 11:06:31 | INFO     | yolox.core.trainer:270 - epoch: 14/100, iter: 140/188, gpu mem: 1717Mb, mem: 13.1Gb, iter_time: 0.901s, data_time: 0.755s, total_loss: 1.9, iou_loss: 1.1, l1_loss: 0.0, conf_loss: 0.5, cls_loss: 0.4, lr: 1.219e-03, size: 640, ETA: 5:37:49
2026-08-18 11:06:40 | INFO     | yolox.core.trainer:270 - epoch: 14/100, iter: 150/188, gpu mem: 1717Mb, mem: 13.1Gb, iter_time: 0.936s, data_time: 0.791s, total_loss: 2.4, iou_loss: 1.2, l1_loss: 0.0, conf_loss: 0.8, cls_loss: 0.4, lr: 1.219e-03, size: 640, ETA: 5:37:17
2026-08-18 11:06:50 | INFO     | yolox.core.trainer:270 - epoch: 14/100, iter: 160/188, gpu mem: 1717Mb, mem: 13.2Gb, iter_time: 0.981s, data_time: 0.835s, total_loss: 2.7, iou_loss: 1.3, l1_loss: 0.0, conf_loss: 1.0, cls_loss: 0.4, lr: 1.219e-03, size: 640, ETA: 5:36:47
2026-08-18 11:06:59 | INFO     | yolox.core.trainer:270 - epoch: 14/100, iter: 170/188, gpu mem: 1717Mb, mem: 13.1Gb, iter_time: 0.961s, data_time: 0.814s, total_loss: 2.2, iou_loss: 1.2, l1_loss: 0.0, conf_loss: 0.6, cls_loss: 0.4, lr: 1.218e-03, size: 640, ETA: 5:36:17
2026-08-18 11:07:08 | INFO     | yolox.core.trainer:270 - epoch: 14/100, iter: 180/188, gpu mem: 1717Mb, mem: 13.1Gb, iter_time: 0.914s, data_time: 0.769s, total_loss: 2.2, iou_loss: 1.0, l1_loss: 0.0, conf_loss: 0.9, cls_loss: 0.3, lr: 1.218e-03, size: 640, ETA: 5:35:44
2026-08-18 11:07:16 | INFO     | yolox.core.trainer:402 - Save weights to <PROJECT_ROOT>\runs\benchmarks\micropcb_rpi_phash_component_bootstrap_v2_full_e100_b8_i640_w0_s42-43-44_p02facd21ef_dbea2fbaddc_cb773706267\yolox_s_seed43

  0%|          | 0/25 [00:00<?, ?it/s]
  4%|4         | 1/25 [00:00<00:06,  3.75it/s]
  8%|8         | 2/25 [00:00<00:06,  3.56it/s]
 12%|#2        | 3/25 [00:00<00:06,  3.48it/s]
 16%|#6        | 4/25 [00:01<00:06,  3.36it/s]
 20%|##        | 5/25 [00:01<00:06,  3.12it/s]
 24%|##4       | 6/25 [00:01<00:06,  3.14it/s]
 28%|##8       | 7/25 [00:02<00:05,  3.21it/s]
 32%|###2      | 8/25 [00:02<00:05,  3.25it/s]
 36%|###6      | 9/25 [00:02<00:04,  3.38it/s]
 40%|####      | 10/25 [00:03<00:04,  3.37it/s]
 44%|####4     | 11/25 [00:03<00:04,  3.46it/s]
 48%|####8     | 12/25 [00:03<00:03,  3.46it/s]
 52%|#####2    | 13/25 [00:03<00:03,  3.38it/s]
 56%|#####6    | 14/25 [00:04<00:03,  3.40it/s]
 60%|######    | 15/25 [00:04<00:03,  3.28it/s]
 64%|######4   | 16/25 [00:04<00:02,  3.22it/s]
 68%|######8   | 17/25 [00:05<00:02,  3.32it/s]
 72%|#######2  | 18/25 [00:05<00:02,  3.48it/s]
 76%|#######6  | 19/25 [00:05<00:01,  3.63it/s]
 80%|########  | 20/25 [00:05<00:01,  3.71it/s]
 84%|########4 | 21/25 [00:06<00:01,  3.84it/s]
 88%|########8 | 22/25 [00:06<00:00,  3.80it/s]
 92%|#########2| 23/25 [00:06<00:00,  3.66it/s]
 96%|#########6| 24/25 [00:06<00:00,  3.48it/s]
100%|##########| 25/25 [00:07<00:00,  4.27it/s]
100%|##########| 25/25 [00:07<00:00,  3.52it/s]
2026-08-18 11:07:23 | INFO     | mcu_data.yolox_metrics:78 - Evaluate with standard pycocotools COCOeval (no C++ JIT build).
2026-08-18 11:07:23 | INFO     | mcu_data.yolox_metrics:80 - Loading and preparing results...
2026-08-18 11:07:23 | INFO     | mcu_data.yolox_metrics:80 - DONE (t=0.00s)
2026-08-18 11:07:23 | INFO     | pycocotools.coco:367 - creating index...
2026-08-18 11:07:23 | INFO     | pycocotools.coco:367 - index created!
2026-08-18 11:07:23 | INFO     | mcu_data.yolox_metrics:82 - Running per image evaluation...
2026-08-18 11:07:23 | INFO     | mcu_data.yolox_metrics:82 - Evaluate annotation type *bbox*
2026-08-18 11:07:24 | INFO     | mcu_data.yolox_metrics:82 - DONE (t=0.10s).
2026-08-18 11:07:24 | INFO     | mcu_data.yolox_metrics:83 - Accumulating evaluation results...
2026-08-18 11:07:24 | INFO     | mcu_data.yolox_metrics:83 - DONE (t=0.02s).
2026-08-18 11:07:24 | INFO     | yolox.core.trainer:381 - 
Average forward time: 5.44 ms, Average NMS time: 0.86 ms, Average inference time: 6.30 ms
 Average Precision  (AP) @[ IoU=0.50:0.95 | area=   all | maxDets=100 ] = 0.652
 Average Precision  (AP) @[ IoU=0.50      | area=   all | maxDets=100 ] = 1.000
 Average Precision  (AP) @[ IoU=0.75      | area=   all | maxDets=100 ] = 0.891
 Average Precision  (AP) @[ IoU=0.50:0.95 | area= small | maxDets=100 ] = -1.000
 Average Precision  (AP) @[ IoU=0.50:0.95 | area=medium | maxDets=100 ] = -1.000
 Average Precision  (AP) @[ IoU=0.50:0.95 | area= large | maxDets=100 ] = 0.652
 Average Recall     (AR) @[ IoU=0.50:0.95 | area=   all | maxDets=  1 ] = 0.681
 Average Recall     (AR) @[ IoU=0.50:0.95 | area=   all | maxDets= 10 ] = 0.681
 Average Recall     (AR) @[ IoU=0.50:0.95 | area=   all | maxDets=100 ] = 0.681
 Average Recall     (AR) @[ IoU=0.50:0.95 | area= small | maxDets=100 ] = -1.000
 Average Recall     (AR) @[ IoU=0.50:0.95 | area=medium | maxDets=100 ] = -1.000
 Average Recall     (AR) @[ IoU=0.50:0.95 | area= large | maxDets=100 ] = 0.681
per class AP:
| class            | AP     |
|:-----------------|:-------|
| raspberry_pi_sbc | 65.184 |
per class AR:
| class            | AR     |
|:-----------------|:-------|
| raspberry_pi_sbc | 68.103 |

2026-08-18 11:07:24 | INFO     | yolox.core.trainer:402 - Save weights to <PROJECT_ROOT>\runs\benchmarks\micropcb_rpi_phash_component_bootstrap_v2_full_e100_b8_i640_w0_s42-43-44_p02facd21ef_dbea2fbaddc_cb773706267\yolox_s_seed43
[EPOCH 014/100] loss=1.97848 iou=1.00569 conf=0.64550 cls=0.32730 | AP50=1.00000 AP50-95=0.65184 AP75=0.89116 AR100=0.68103 | LR=0.00121745 VRAM_peak=1717.2 MiB
EPOCH_METRICS_JSON {"epoch": 14, "elapsed_s": 3416.0217626999947, "epoch_seconds": 209.6955155999749, "iterations": 188, "train_total_loss": 1.978484702871201, "train_iou_loss": 1.0056864895085071, "train_conf_loss": 0.6454951647431293, "train_cls_loss": 0.327303048857349, "train_l1_loss": 0.0, "num_fg_mean": 8.1382150637814, "map50_95": 0.6518447218340063, "map50": 1.0, "ap75": 0.8911593280373113, "ar100": 0.681025641025641, "lr": 0.0012174528979704868, "lr_mean": 0.0012208896296795214, "gpu_peak_allocated_mib": 1717.24755859375, "gpu_peak_reserved_mib": 2234.0, "best_map50_95": 0.7941440620578784}
2026-08-18 11:07:24 | INFO     | yolox.core.trainer:218 - ---> start train epoch15
2026-08-18 11:07:34 | INFO     | yolox.core.trainer:270 - epoch: 15/100, iter: 10/188, gpu mem: 1717Mb, mem: 13.2Gb, iter_time: 0.989s, data_time: 0.844s, total_loss: 1.8, iou_loss: 0.9, l1_loss: 0.0, conf_loss: 0.5, cls_loss: 0.3, lr: 1.217e-03, size: 640, ETA: 5:34:53
2026-08-18 11:07:44 | INFO     | yolox.core.trainer:270 - epoch: 15/100, iter: 20/188, gpu mem: 1717Mb, mem: 13.3Gb, iter_time: 0.969s, data_time: 0.824s, total_loss: 1.8, iou_loss: 0.9, l1_loss: 0.0, conf_loss: 0.5, cls_loss: 0.3, lr: 1.217e-03, size: 640, ETA: 5:34:24
2026-08-18 11:07:53 | INFO     | yolox.core.trainer:270 - epoch: 15/100, iter: 30/188, gpu mem: 1717Mb, mem: 13.2Gb, iter_time: 0.958s, data_time: 0.813s, total_loss: 1.7, iou_loss: 1.0, l1_loss: 0.0, conf_loss: 0.4, cls_loss: 0.3, lr: 1.216e-03, size: 640, ETA: 5:33:54
2026-08-18 11:08:03 | INFO     | yolox.core.trainer:270 - epoch: 15/100, iter: 40/188, gpu mem: 1717Mb, mem: 13.1Gb, iter_time: 0.980s, data_time: 0.838s, total_loss: 1.3, iou_loss: 0.7, l1_loss: 0.0, conf_loss: 0.3, cls_loss: 0.3, lr: 1.216e-03, size: 640, ETA: 5:33:26
2026-08-18 11:08:13 | INFO     | yolox.core.trainer:270 - epoch: 15/100, iter: 50/188, gpu mem: 1717Mb, mem: 13.2Gb, iter_time: 0.970s, data_time: 0.821s, total_loss: 2.4, iou_loss: 1.3, l1_loss: 0.0, conf_loss: 0.8, cls_loss: 0.4, lr: 1.216e-03, size: 640, ETA: 5:32:57
2026-08-18 11:08:23 | INFO     | yolox.core.trainer:270 - epoch: 15/100, iter: 60/188, gpu mem: 1717Mb, mem: 13.2Gb, iter_time: 0.984s, data_time: 0.841s, total_loss: 1.9, iou_loss: 1.0, l1_loss: 0.0, conf_loss: 0.6, cls_loss: 0.3, lr: 1.215e-03, size: 640, ETA: 5:32:29
2026-08-18 11:08:33 | INFO     | yolox.core.trainer:270 - epoch: 15/100, iter: 70/188, gpu mem: 1717Mb, mem: 13.2Gb, iter_time: 0.997s, data_time: 0.852s, total_loss: 2.1, iou_loss: 1.0, l1_loss: 0.0, conf_loss: 0.8, cls_loss: 0.3, lr: 1.215e-03, size: 640, ETA: 5:32:03
2026-08-18 11:08:42 | INFO     | yolox.core.trainer:270 - epoch: 15/100, iter: 80/188, gpu mem: 1717Mb, mem: 13.3Gb, iter_time: 0.949s, data_time: 0.805s, total_loss: 1.7, iou_loss: 0.9, l1_loss: 0.0, conf_loss: 0.5, cls_loss: 0.3, lr: 1.214e-03, size: 640, ETA: 5:31:33
2026-08-18 11:08:53 | INFO     | yolox.core.trainer:270 - epoch: 15/100, iter: 90/188, gpu mem: 1717Mb, mem: 13.4Gb, iter_time: 1.039s, data_time: 0.890s, total_loss: 1.6, iou_loss: 0.9, l1_loss: 0.0, conf_loss: 0.4, cls_loss: 0.3, lr: 1.214e-03, size: 640, ETA: 5:31:09
2026-08-18 11:09:03 | INFO     | yolox.core.trainer:270 - epoch: 15/100, iter: 100/188, gpu mem: 1717Mb, mem: 13.3Gb, iter_time: 0.991s, data_time: 0.840s, total_loss: 1.9, iou_loss: 0.9, l1_loss: 0.0, conf_loss: 0.8, cls_loss: 0.3, lr: 1.214e-03, size: 640, ETA: 5:30:42
2026-08-18 11:09:12 | INFO     | yolox.core.trainer:270 - epoch: 15/100, iter: 110/188, gpu mem: 1717Mb, mem: 13.3Gb, iter_time: 0.985s, data_time: 0.836s, total_loss: 2.2, iou_loss: 1.1, l1_loss: 0.0, conf_loss: 0.7, cls_loss: 0.4, lr: 1.213e-03, size: 640, ETA: 5:30:15
2026-08-18 11:09:23 | INFO     | yolox.core.trainer:270 - epoch: 15/100, iter: 120/188, gpu mem: 1717Mb, mem: 13.2Gb, iter_time: 1.006s, data_time: 0.857s, total_loss: 1.7, iou_loss: 0.9, l1_loss: 0.0, conf_loss: 0.4, cls_loss: 0.3, lr: 1.213e-03, size: 640, ETA: 5:29:50
2026-08-18 11:09:33 | INFO     | yolox.core.trainer:270 - epoch: 15/100, iter: 130/188, gpu mem: 1717Mb, mem: 13.2Gb, iter_time: 1.012s, data_time: 0.868s, total_loss: 1.8, iou_loss: 1.0, l1_loss: 0.0, conf_loss: 0.5, cls_loss: 0.3, lr: 1.212e-03, size: 640, ETA: 5:29:25
2026-08-18 11:09:42 | INFO     | yolox.core.trainer:270 - epoch: 15/100, iter: 140/188, gpu mem: 1717Mb, mem: 13.2Gb, iter_time: 0.984s, data_time: 0.842s, total_loss: 1.7, iou_loss: 0.8, l1_loss: 0.0, conf_loss: 0.6, cls_loss: 0.3, lr: 1.212e-03, size: 640, ETA: 5:28:58
2026-08-18 11:09:52 | INFO     | yolox.core.trainer:270 - epoch: 15/100, iter: 150/188, gpu mem: 1717Mb, mem: 13.1Gb, iter_time: 0.932s, data_time: 0.786s, total_loss: 1.6, iou_loss: 0.9, l1_loss: 0.0, conf_loss: 0.4, cls_loss: 0.3, lr: 1.211e-03, size: 640, ETA: 5:28:28
2026-08-18 11:10:01 | INFO     | yolox.core.trainer:270 - epoch: 15/100, iter: 160/188, gpu mem: 1717Mb, mem: 13.1Gb, iter_time: 0.919s, data_time: 0.778s, total_loss: 1.9, iou_loss: 0.9, l1_loss: 0.0, conf_loss: 0.7, cls_loss: 0.3, lr: 1.211e-03, size: 640, ETA: 5:27:58
2026-08-18 11:10:11 | INFO     | yolox.core.trainer:270 - epoch: 15/100, iter: 170/188, gpu mem: 1717Mb, mem: 13.2Gb, iter_time: 0.998s, data_time: 0.847s, total_loss: 2.2, iou_loss: 1.1, l1_loss: 0.0, conf_loss: 0.8, cls_loss: 0.3, lr: 1.211e-03, size: 640, ETA: 5:27:33
2026-08-18 11:10:21 | INFO     | yolox.core.trainer:270 - epoch: 15/100, iter: 180/188, gpu mem: 1717Mb, mem: 13.2Gb, iter_time: 0.950s, data_time: 0.804s, total_loss: 1.6, iou_loss: 0.8, l1_loss: 0.0, conf_loss: 0.5, cls_loss: 0.3, lr: 1.210e-03, size: 640, ETA: 5:27:05
2026-08-18 11:10:28 | INFO     | yolox.core.trainer:402 - Save weights to <PROJECT_ROOT>\runs\benchmarks\micropcb_rpi_phash_component_bootstrap_v2_full_e100_b8_i640_w0_s42-43-44_p02facd21ef_dbea2fbaddc_cb773706267\yolox_s_seed43

  0%|          | 0/25 [00:00<?, ?it/s]
  4%|4         | 1/25 [00:00<00:06,  3.57it/s]
  8%|8         | 2/25 [00:00<00:06,  3.35it/s]
 12%|#2        | 3/25 [00:00<00:06,  3.33it/s]
 16%|#6        | 4/25 [00:01<00:06,  3.28it/s]
 20%|##        | 5/25 [00:01<00:06,  3.07it/s]
 24%|##4       | 6/25 [00:01<00:06,  3.16it/s]
 28%|##8       | 7/25 [00:02<00:05,  3.31it/s]
 32%|###2      | 8/25 [00:02<00:05,  3.40it/s]
 36%|###6      | 9/25 [00:02<00:04,  3.54it/s]
 40%|####      | 10/25 [00:02<00:04,  3.55it/s]
 44%|####4     | 11/25 [00:03<00:03,  3.61it/s]
 48%|####8     | 12/25 [00:03<00:03,  3.58it/s]
 52%|#####2    | 13/25 [00:03<00:03,  3.47it/s]
 56%|#####6    | 14/25 [00:04<00:03,  3.48it/s]
 60%|######    | 15/25 [00:04<00:03,  3.32it/s]
 64%|######4   | 16/25 [00:04<00:02,  3.22it/s]
 68%|######8   | 17/25 [00:05<00:02,  3.34it/s]
 72%|#######2  | 18/25 [00:05<00:01,  3.52it/s]
 76%|#######6  | 19/25 [00:05<00:01,  3.62it/s]
 80%|########  | 20/25 [00:05<00:01,  3.62it/s]
 84%|########4 | 21/25 [00:06<00:01,  3.79it/s]
 88%|########8 | 22/25 [00:06<00:00,  3.83it/s]
 92%|#########2| 23/25 [00:06<00:00,  3.73it/s]
 96%|#########6| 24/25 [00:06<00:00,  3.43it/s]
100%|##########| 25/25 [00:07<00:00,  4.18it/s]
100%|##########| 25/25 [00:07<00:00,  3.54it/s]
2026-08-18 11:10:35 | INFO     | mcu_data.yolox_metrics:78 - Evaluate with standard pycocotools COCOeval (no C++ JIT build).
2026-08-18 11:10:35 | INFO     | mcu_data.yolox_metrics:80 - Loading and preparing results...
2026-08-18 11:10:35 | INFO     | mcu_data.yolox_metrics:80 - DONE (t=0.00s)
2026-08-18 11:10:35 | INFO     | pycocotools.coco:367 - creating index...
2026-08-18 11:10:35 | INFO     | pycocotools.coco:367 - index created!
2026-08-18 11:10:35 | INFO     | mcu_data.yolox_metrics:82 - Running per image evaluation...
2026-08-18 11:10:35 | INFO     | mcu_data.yolox_metrics:82 - Evaluate annotation type *bbox*
2026-08-18 11:10:35 | INFO     | mcu_data.yolox_metrics:82 - DONE (t=0.05s).
2026-08-18 11:10:35 | INFO     | mcu_data.yolox_metrics:83 - Accumulating evaluation results...
2026-08-18 11:10:35 | INFO     | mcu_data.yolox_metrics:83 - DONE (t=0.01s).
2026-08-18 11:10:35 | INFO     | yolox.core.trainer:381 - 
Average forward time: 5.63 ms, Average NMS time: 0.98 ms, Average inference time: 6.61 ms
 Average Precision  (AP) @[ IoU=0.50:0.95 | area=   all | maxDets=100 ] = 0.761
 Average Precision  (AP) @[ IoU=0.50      | area=   all | maxDets=100 ] = 1.000
 Average Precision  (AP) @[ IoU=0.75      | area=   all | maxDets=100 ] = 1.000
 Average Precision  (AP) @[ IoU=0.50:0.95 | area= small | maxDets=100 ] = -1.000
 Average Precision  (AP) @[ IoU=0.50:0.95 | area=medium | maxDets=100 ] = -1.000
 Average Precision  (AP) @[ IoU=0.50:0.95 | area= large | maxDets=100 ] = 0.761
 Average Recall     (AR) @[ IoU=0.50:0.95 | area=   all | maxDets=  1 ] = 0.800
 Average Recall     (AR) @[ IoU=0.50:0.95 | area=   all | maxDets= 10 ] = 0.800
 Average Recall     (AR) @[ IoU=0.50:0.95 | area=   all | maxDets=100 ] = 0.800
 Average Recall     (AR) @[ IoU=0.50:0.95 | area= small | maxDets=100 ] = -1.000
 Average Recall     (AR) @[ IoU=0.50:0.95 | area=medium | maxDets=100 ] = -1.000
 Average Recall     (AR) @[ IoU=0.50:0.95 | area= large | maxDets=100 ] = 0.800
per class AP:
| class            | AP     |
|:-----------------|:-------|
| raspberry_pi_sbc | 76.052 |
per class AR:
| class            | AR     |
|:-----------------|:-------|
| raspberry_pi_sbc | 80.000 |

2026-08-18 11:10:35 | INFO     | yolox.core.trainer:402 - Save weights to <PROJECT_ROOT>\runs\benchmarks\micropcb_rpi_phash_component_bootstrap_v2_full_e100_b8_i640_w0_s42-43-44_p02facd21ef_dbea2fbaddc_cb773706267\yolox_s_seed43
[EPOCH 015/100] loss=1.91328 iou=0.98405 conf=0.60536 cls=0.32386 | AP50=1.00000 AP50-95=0.76052 AP75=1.00000 AR100=0.80000 | LR=0.00120991 VRAM_peak=1717.2 MiB
EPOCH_METRICS_JSON {"epoch": 15, "elapsed_s": 3607.5479374999995, "epoch_seconds": 191.00712720002048, "iterations": 188, "train_total_loss": 1.9132777763173936, "train_iou_loss": 0.9840516774578297, "train_conf_loss": 0.6053635504968623, "train_cls_loss": 0.32386255050276186, "train_l1_loss": 0.0, "num_fg_mean": 8.199541395303275, "map50_95": 0.7605234412430543, "map50": 1.0, "ap75": 1.0, "ar100": 0.8, "lr": 0.0012099053862088362, "lr_mean": 0.0012137225314469574, "gpu_peak_allocated_mib": 1717.24755859375, "gpu_peak_reserved_mib": 2234.0, "best_map50_95": 0.7941440620578784}
2026-08-18 11:10:36 | INFO     | yolox.core.trainer:218 - ---> start train epoch16
2026-08-18 11:10:46 | INFO     | yolox.core.trainer:270 - epoch: 16/100, iter: 10/188, gpu mem: 1717Mb, mem: 13.2Gb, iter_time: 0.956s, data_time: 0.808s, total_loss: 2.6, iou_loss: 1.3, l1_loss: 0.0, conf_loss: 0.9, cls_loss: 0.4, lr: 1.209e-03, size: 640, ETA: 5:26:13
2026-08-18 11:10:55 | INFO     | yolox.core.trainer:270 - epoch: 16/100, iter: 20/188, gpu mem: 1717Mb, mem: 13.2Gb, iter_time: 0.955s, data_time: 0.808s, total_loss: 1.7, iou_loss: 0.8, l1_loss: 0.0, conf_loss: 0.7, cls_loss: 0.3, lr: 1.209e-03, size: 640, ETA: 5:25:46
2026-08-18 11:11:04 | INFO     | yolox.core.trainer:270 - epoch: 16/100, iter: 30/188, gpu mem: 1717Mb, mem: 13.2Gb, iter_time: 0.939s, data_time: 0.793s, total_loss: 1.5, iou_loss: 0.8, l1_loss: 0.0, conf_loss: 0.5, cls_loss: 0.3, lr: 1.209e-03, size: 640, ETA: 5:25:17
2026-08-18 11:11:14 | INFO     | yolox.core.trainer:270 - epoch: 16/100, iter: 40/188, gpu mem: 1717Mb, mem: 13.2Gb, iter_time: 0.963s, data_time: 0.817s, total_loss: 1.4, iou_loss: 0.8, l1_loss: 0.0, conf_loss: 0.3, cls_loss: 0.3, lr: 1.208e-03, size: 640, ETA: 5:24:51
2026-08-18 11:11:24 | INFO     | yolox.core.trainer:270 - epoch: 16/100, iter: 50/188, gpu mem: 1717Mb, mem: 13.2Gb, iter_time: 0.958s, data_time: 0.812s, total_loss: 2.2, iou_loss: 1.2, l1_loss: 0.0, conf_loss: 0.7, cls_loss: 0.4, lr: 1.208e-03, size: 640, ETA: 5:24:24
2026-08-18 11:11:33 | INFO     | yolox.core.trainer:270 - epoch: 16/100, iter: 60/188, gpu mem: 1717Mb, mem: 13.2Gb, iter_time: 0.952s, data_time: 0.811s, total_loss: 2.2, iou_loss: 1.0, l1_loss: 0.0, conf_loss: 0.9, cls_loss: 0.3, lr: 1.207e-03, size: 640, ETA: 5:23:57
2026-08-18 11:11:42 | INFO     | yolox.core.trainer:270 - epoch: 16/100, iter: 70/188, gpu mem: 1717Mb, mem: 13.1Gb, iter_time: 0.899s, data_time: 0.752s, total_loss: 1.8, iou_loss: 1.0, l1_loss: 0.0, conf_loss: 0.5, cls_loss: 0.3, lr: 1.207e-03, size: 640, ETA: 5:23:27
2026-08-18 11:11:52 | INFO     | yolox.core.trainer:270 - epoch: 16/100, iter: 80/188, gpu mem: 1717Mb, mem: 13.1Gb, iter_time: 0.951s, data_time: 0.807s, total_loss: 2.3, iou_loss: 1.2, l1_loss: 0.0, conf_loss: 0.7, cls_loss: 0.4, lr: 1.206e-03, size: 640, ETA: 5:23:00
2026-08-18 11:12:02 | INFO     | yolox.core.trainer:270 - epoch: 16/100, iter: 90/188, gpu mem: 1717Mb, mem: 13.2Gb, iter_time: 0.982s, data_time: 0.835s, total_loss: 2.4, iou_loss: 1.2, l1_loss: 0.0, conf_loss: 0.9, cls_loss: 0.4, lr: 1.206e-03, size: 640, ETA: 5:22:35
2026-08-18 11:12:11 | INFO     | yolox.core.trainer:270 - epoch: 16/100, iter: 100/188, gpu mem: 1717Mb, mem: 13.5Gb, iter_time: 0.965s, data_time: 0.814s, total_loss: 1.9, iou_loss: 1.0, l1_loss: 0.0, conf_loss: 0.5, cls_loss: 0.3, lr: 1.206e-03, size: 640, ETA: 5:22:09
2026-08-18 11:12:21 | INFO     | yolox.core.trainer:270 - epoch: 16/100, iter: 110/188, gpu mem: 1717Mb, mem: 13.1Gb, iter_time: 0.973s, data_time: 0.819s, total_loss: 1.9, iou_loss: 0.8, l1_loss: 0.0, conf_loss: 0.7, cls_loss: 0.3, lr: 1.205e-03, size: 640, ETA: 5:21:43
2026-08-18 11:12:30 | INFO     | yolox.core.trainer:270 - epoch: 16/100, iter: 120/188, gpu mem: 1717Mb, mem: 13.3Gb, iter_time: 0.896s, data_time: 0.750s, total_loss: 1.8, iou_loss: 1.0, l1_loss: 0.0, conf_loss: 0.5, cls_loss: 0.3, lr: 1.205e-03, size: 640, ETA: 5:21:14
2026-08-18 11:12:40 | INFO     | yolox.core.trainer:270 - epoch: 16/100, iter: 130/188, gpu mem: 1717Mb, mem: 13.6Gb, iter_time: 0.970s, data_time: 0.821s, total_loss: 1.6, iou_loss: 0.7, l1_loss: 0.0, conf_loss: 0.7, cls_loss: 0.3, lr: 1.204e-03, size: 640, ETA: 5:20:48
2026-08-18 11:12:49 | INFO     | yolox.core.trainer:270 - epoch: 16/100, iter: 140/188, gpu mem: 1717Mb, mem: 13.6Gb, iter_time: 0.893s, data_time: 0.748s, total_loss: 1.7, iou_loss: 0.9, l1_loss: 0.0, conf_loss: 0.5, cls_loss: 0.3, lr: 1.204e-03, size: 640, ETA: 5:20:19
2026-08-18 11:12:58 | INFO     | yolox.core.trainer:270 - epoch: 16/100, iter: 150/188, gpu mem: 1717Mb, mem: 13.5Gb, iter_time: 0.974s, data_time: 0.827s, total_loss: 1.7, iou_loss: 1.0, l1_loss: 0.0, conf_loss: 0.4, cls_loss: 0.3, lr: 1.203e-03, size: 640, ETA: 5:19:54
2026-08-18 11:13:09 | INFO     | yolox.core.trainer:270 - epoch: 16/100, iter: 160/188, gpu mem: 1717Mb, mem: 13.8Gb, iter_time: 1.083s, data_time: 0.933s, total_loss: 1.7, iou_loss: 0.9, l1_loss: 0.0, conf_loss: 0.5, cls_loss: 0.3, lr: 1.203e-03, size: 640, ETA: 5:19:35
2026-08-18 11:13:22 | INFO     | yolox.core.trainer:270 - epoch: 16/100, iter: 170/188, gpu mem: 1717Mb, mem: 13.8Gb, iter_time: 1.283s, data_time: 1.134s, total_loss: 2.2, iou_loss: 1.1, l1_loss: 0.0, conf_loss: 0.7, cls_loss: 0.4, lr: 1.202e-03, size: 640, ETA: 5:19:27
2026-08-18 11:13:34 | INFO     | yolox.core.trainer:270 - epoch: 16/100, iter: 180/188, gpu mem: 1717Mb, mem: 14.3Gb, iter_time: 1.198s, data_time: 1.046s, total_loss: 2.2, iou_loss: 1.1, l1_loss: 0.0, conf_loss: 0.7, cls_loss: 0.4, lr: 1.202e-03, size: 640, ETA: 5:19:14
2026-08-18 11:13:42 | INFO     | yolox.core.trainer:402 - Save weights to <PROJECT_ROOT>\runs\benchmarks\micropcb_rpi_phash_component_bootstrap_v2_full_e100_b8_i640_w0_s42-43-44_p02facd21ef_dbea2fbaddc_cb773706267\yolox_s_seed43

  0%|          | 0/25 [00:00<?, ?it/s]
  4%|4         | 1/25 [00:00<00:06,  3.92it/s]
  8%|8         | 2/25 [00:00<00:06,  3.66it/s]
 12%|#2        | 3/25 [00:00<00:05,  3.74it/s]
 16%|#6        | 4/25 [00:01<00:05,  3.59it/s]
 20%|##        | 5/25 [00:01<00:06,  3.31it/s]
 24%|##4       | 6/25 [00:01<00:05,  3.27it/s]
 28%|##8       | 7/25 [00:02<00:05,  3.33it/s]
 32%|###2      | 8/25 [00:02<00:04,  3.45it/s]
 36%|###6      | 9/25 [00:02<00:04,  3.54it/s]
 40%|####      | 10/25 [00:02<00:04,  3.60it/s]
 44%|####4     | 11/25 [00:03<00:03,  3.69it/s]
 48%|####8     | 12/25 [00:03<00:03,  3.67it/s]
 52%|#####2    | 13/25 [00:03<00:03,  3.38it/s]
 56%|#####6    | 14/25 [00:04<00:03,  3.26it/s]
 60%|######    | 15/25 [00:04<00:03,  3.06it/s]
 64%|######4   | 16/25 [00:04<00:03,  2.89it/s]
 68%|######8   | 17/25 [00:05<00:02,  3.07it/s]
 72%|#######2  | 18/25 [00:05<00:02,  3.25it/s]
 76%|#######6  | 19/25 [00:05<00:01,  3.36it/s]
 80%|########  | 20/25 [00:05<00:01,  3.42it/s]
 84%|########4 | 21/25 [00:06<00:01,  3.53it/s]
 88%|########8 | 22/25 [00:06<00:00,  3.61it/s]
 92%|#########2| 23/25 [00:06<00:00,  3.42it/s]
 96%|#########6| 24/25 [00:07<00:00,  3.07it/s]
100%|##########| 25/25 [00:07<00:00,  3.73it/s]
100%|##########| 25/25 [00:07<00:00,  3.42it/s]
2026-08-18 11:13:50 | INFO     | mcu_data.yolox_metrics:78 - Evaluate with standard pycocotools COCOeval (no C++ JIT build).
2026-08-18 11:13:50 | INFO     | mcu_data.yolox_metrics:80 - Loading and preparing results...
2026-08-18 11:13:50 | INFO     | mcu_data.yolox_metrics:80 - DONE (t=0.00s)
2026-08-18 11:13:50 | INFO     | pycocotools.coco:367 - creating index...
2026-08-18 11:13:50 | INFO     | pycocotools.coco:367 - index created!
2026-08-18 11:13:50 | INFO     | mcu_data.yolox_metrics:82 - Running per image evaluation...
2026-08-18 11:13:50 | INFO     | mcu_data.yolox_metrics:82 - Evaluate annotation type *bbox*
2026-08-18 11:13:50 | INFO     | mcu_data.yolox_metrics:82 - DONE (t=0.10s).
2026-08-18 11:13:50 | INFO     | mcu_data.yolox_metrics:83 - Accumulating evaluation results...
2026-08-18 11:13:50 | INFO     | mcu_data.yolox_metrics:83 - DONE (t=0.02s).
2026-08-18 11:13:50 | INFO     | yolox.core.trainer:381 - 
Average forward time: 5.44 ms, Average NMS time: 1.09 ms, Average inference time: 6.53 ms
 Average Precision  (AP) @[ IoU=0.50:0.95 | area=   all | maxDets=100 ] = 0.592
 Average Precision  (AP) @[ IoU=0.50      | area=   all | maxDets=100 ] = 1.000
 Average Precision  (AP) @[ IoU=0.75      | area=   all | maxDets=100 ] = 0.713
 Average Precision  (AP) @[ IoU=0.50:0.95 | area= small | maxDets=100 ] = -1.000
 Average Precision  (AP) @[ IoU=0.50:0.95 | area=medium | maxDets=100 ] = -1.000
 Average Precision  (AP) @[ IoU=0.50:0.95 | area= large | maxDets=100 ] = 0.592
 Average Recall     (AR) @[ IoU=0.50:0.95 | area=   all | maxDets=  1 ] = 0.610
 Average Recall     (AR) @[ IoU=0.50:0.95 | area=   all | maxDets= 10 ] = 0.610
 Average Recall     (AR) @[ IoU=0.50:0.95 | area=   all | maxDets=100 ] = 0.610
 Average Recall     (AR) @[ IoU=0.50:0.95 | area= small | maxDets=100 ] = -1.000
 Average Recall     (AR) @[ IoU=0.50:0.95 | area=medium | maxDets=100 ] = -1.000
 Average Recall     (AR) @[ IoU=0.50:0.95 | area= large | maxDets=100 ] = 0.610
per class AP:
| class            | AP     |
|:-----------------|:-------|
| raspberry_pi_sbc | 59.235 |
per class AR:
| class            | AR     |
|:-----------------|:-------|
| raspberry_pi_sbc | 60.974 |

2026-08-18 11:13:50 | INFO     | yolox.core.trainer:402 - Save weights to <PROJECT_ROOT>\runs\benchmarks\micropcb_rpi_phash_component_bootstrap_v2_full_e100_b8_i640_w0_s42-43-44_p02facd21ef_dbea2fbaddc_cb773706267\yolox_s_seed43
[EPOCH 016/100] loss=1.88499 iou=0.96884 conf=0.59591 cls=0.32024 | AP50=1.00000 AP50-95=0.59235 AP75=0.71268 AR100=0.60974 | LR=0.00120160 VRAM_peak=1717.2 MiB
EPOCH_METRICS_JSON {"epoch": 16, "elapsed_s": 3802.368206700019, "epoch_seconds": 194.12301209999714, "iterations": 188, "train_total_loss": 1.8849853448411251, "train_iou_loss": 0.9688354927174588, "train_conf_loss": 0.5959138434301031, "train_cls_loss": 0.32023600687054876, "train_l1_loss": 0.0, "num_fg_mean": 8.211554960284746, "map50_95": 0.5923498174200253, "map50": 1.0, "ap75": 0.7126825031068197, "ar100": 0.6097435897435897, "lr": 0.0012016016477866419, "lr_mean": 0.0012057939927926041, "gpu_peak_allocated_mib": 1717.24755859375, "gpu_peak_reserved_mib": 2234.0, "best_map50_95": 0.7941440620578784}
2026-08-18 11:13:51 | INFO     | yolox.core.trainer:218 - ---> start train epoch17
2026-08-18 11:14:01 | INFO     | yolox.core.trainer:270 - epoch: 17/100, iter: 10/188, gpu mem: 1717Mb, mem: 13.9Gb, iter_time: 1.012s, data_time: 0.860s, total_loss: 1.8, iou_loss: 1.0, l1_loss: 0.0, conf_loss: 0.5, cls_loss: 0.3, lr: 1.201e-03, size: 640, ETA: 5:18:34
2026-08-18 11:14:13 | INFO     | yolox.core.trainer:270 - epoch: 17/100, iter: 20/188, gpu mem: 1717Mb, mem: 13.6Gb, iter_time: 1.180s, data_time: 1.029s, total_loss: 1.5, iou_loss: 0.7, l1_loss: 0.0, conf_loss: 0.6, cls_loss: 0.3, lr: 1.201e-03, size: 640, ETA: 5:18:20
2026-08-18 11:14:26 | INFO     | yolox.core.trainer:270 - epoch: 17/100, iter: 30/188, gpu mem: 1717Mb, mem: 13.4Gb, iter_time: 1.292s, data_time: 1.145s, total_loss: 1.5, iou_loss: 0.8, l1_loss: 0.0, conf_loss: 0.5, cls_loss: 0.3, lr: 1.200e-03, size: 640, ETA: 5:18:12
2026-08-18 11:14:39 | INFO     | yolox.core.trainer:270 - epoch: 17/100, iter: 40/188, gpu mem: 1717Mb, mem: 13.4Gb, iter_time: 1.322s, data_time: 1.171s, total_loss: 1.7, iou_loss: 0.9, l1_loss: 0.0, conf_loss: 0.5, cls_loss: 0.3, lr: 1.200e-03, size: 640, ETA: 5:18:06
2026-08-18 11:14:53 | INFO     | yolox.core.trainer:270 - epoch: 17/100, iter: 50/188, gpu mem: 1717Mb, mem: 13.9Gb, iter_time: 1.421s, data_time: 1.270s, total_loss: 1.8, iou_loss: 0.9, l1_loss: 0.0, conf_loss: 0.5, cls_loss: 0.3, lr: 1.199e-03, size: 640, ETA: 5:18:05
2026-08-18 11:15:07 | INFO     | yolox.core.trainer:270 - epoch: 17/100, iter: 60/188, gpu mem: 1717Mb, mem: 13.5Gb, iter_time: 1.351s, data_time: 1.192s, total_loss: 1.6, iou_loss: 0.9, l1_loss: 0.0, conf_loss: 0.5, cls_loss: 0.3, lr: 1.199e-03, size: 640, ETA: 5:18:00
2026-08-18 11:15:20 | INFO     | yolox.core.trainer:270 - epoch: 17/100, iter: 70/188, gpu mem: 1717Mb, mem: 13.9Gb, iter_time: 1.323s, data_time: 1.169s, total_loss: 2.0, iou_loss: 1.0, l1_loss: 0.0, conf_loss: 0.7, cls_loss: 0.3, lr: 1.198e-03, size: 640, ETA: 5:17:53
2026-08-18 11:15:34 | INFO     | yolox.core.trainer:270 - epoch: 17/100, iter: 80/188, gpu mem: 1717Mb, mem: 13.9Gb, iter_time: 1.383s, data_time: 1.230s, total_loss: 1.7, iou_loss: 0.9, l1_loss: 0.0, conf_loss: 0.5, cls_loss: 0.3, lr: 1.198e-03, size: 640, ETA: 5:17:50
2026-08-18 11:15:47 | INFO     | yolox.core.trainer:270 - epoch: 17/100, iter: 90/188, gpu mem: 1717Mb, mem: 13.9Gb, iter_time: 1.358s, data_time: 1.208s, total_loss: 1.8, iou_loss: 0.9, l1_loss: 0.0, conf_loss: 0.5, cls_loss: 0.3, lr: 1.197e-03, size: 640, ETA: 5:17:45
2026-08-18 11:16:00 | INFO     | yolox.core.trainer:270 - epoch: 17/100, iter: 100/188, gpu mem: 1717Mb, mem: 13.9Gb, iter_time: 1.298s, data_time: 1.150s, total_loss: 1.8, iou_loss: 1.0, l1_loss: 0.0, conf_loss: 0.5, cls_loss: 0.3, lr: 1.197e-03, size: 640, ETA: 5:17:37
2026-08-18 11:16:14 | INFO     | yolox.core.trainer:270 - epoch: 17/100, iter: 110/188, gpu mem: 1717Mb, mem: 13.8Gb, iter_time: 1.348s, data_time: 1.203s, total_loss: 1.6, iou_loss: 0.9, l1_loss: 0.0, conf_loss: 0.4, cls_loss: 0.3, lr: 1.196e-03, size: 640, ETA: 5:17:31
2026-08-18 11:16:27 | INFO     | yolox.core.trainer:270 - epoch: 17/100, iter: 120/188, gpu mem: 1717Mb, mem: 13.5Gb, iter_time: 1.330s, data_time: 1.183s, total_loss: 2.1, iou_loss: 1.1, l1_loss: 0.0, conf_loss: 0.7, cls_loss: 0.3, lr: 1.196e-03, size: 640, ETA: 5:17:25
2026-08-18 11:16:41 | INFO     | yolox.core.trainer:270 - epoch: 17/100, iter: 130/188, gpu mem: 1717Mb, mem: 13.6Gb, iter_time: 1.332s, data_time: 1.186s, total_loss: 1.5, iou_loss: 0.8, l1_loss: 0.0, conf_loss: 0.4, cls_loss: 0.3, lr: 1.195e-03, size: 640, ETA: 5:17:19
2026-08-18 11:16:52 | INFO     | yolox.core.trainer:270 - epoch: 17/100, iter: 140/188, gpu mem: 1717Mb, mem: 13.9Gb, iter_time: 1.147s, data_time: 0.989s, total_loss: 1.3, iou_loss: 0.8, l1_loss: 0.0, conf_loss: 0.3, cls_loss: 0.3, lr: 1.195e-03, size: 640, ETA: 5:17:03
2026-08-18 11:17:04 | INFO     | yolox.core.trainer:270 - epoch: 17/100, iter: 150/188, gpu mem: 1717Mb, mem: 14.1Gb, iter_time: 1.159s, data_time: 0.996s, total_loss: 1.4, iou_loss: 0.7, l1_loss: 0.0, conf_loss: 0.5, cls_loss: 0.3, lr: 1.194e-03, size: 640, ETA: 5:16:48
2026-08-18 11:17:15 | INFO     | yolox.core.trainer:270 - epoch: 17/100, iter: 160/188, gpu mem: 1717Mb, mem: 14.0Gb, iter_time: 1.127s, data_time: 0.960s, total_loss: 1.7, iou_loss: 0.9, l1_loss: 0.0, conf_loss: 0.5, cls_loss: 0.3, lr: 1.194e-03, size: 640, ETA: 5:16:32
2026-08-18 11:17:26 | INFO     | yolox.core.trainer:270 - epoch: 17/100, iter: 170/188, gpu mem: 1717Mb, mem: 14.0Gb, iter_time: 1.143s, data_time: 0.984s, total_loss: 2.2, iou_loss: 1.1, l1_loss: 0.0, conf_loss: 0.8, cls_loss: 0.3, lr: 1.193e-03, size: 640, ETA: 5:16:16
2026-08-18 11:17:38 | INFO     | yolox.core.trainer:270 - epoch: 17/100, iter: 180/188, gpu mem: 1717Mb, mem: 14.3Gb, iter_time: 1.197s, data_time: 1.033s, total_loss: 2.1, iou_loss: 1.1, l1_loss: 0.0, conf_loss: 0.7, cls_loss: 0.3, lr: 1.193e-03, size: 640, ETA: 5:16:03
2026-08-18 11:17:47 | INFO     | yolox.core.trainer:402 - Save weights to <PROJECT_ROOT>\runs\benchmarks\micropcb_rpi_phash_component_bootstrap_v2_full_e100_b8_i640_w0_s42-43-44_p02facd21ef_dbea2fbaddc_cb773706267\yolox_s_seed43

  0%|          | 0/25 [00:00<?, ?it/s]
  4%|4         | 1/25 [00:00<00:06,  3.62it/s]
  8%|8         | 2/25 [00:00<00:06,  3.43it/s]
 12%|#2        | 3/25 [00:00<00:06,  3.39it/s]
 16%|#6        | 4/25 [00:01<00:06,  3.29it/s]
 20%|##        | 5/25 [00:01<00:06,  3.14it/s]
 24%|##4       | 6/25 [00:01<00:06,  3.11it/s]
 28%|##8       | 7/25 [00:02<00:05,  3.13it/s]
 32%|###2      | 8/25 [00:02<00:05,  3.20it/s]
 36%|###6      | 9/25 [00:02<00:04,  3.30it/s]
 40%|####      | 10/25 [00:03<00:04,  3.35it/s]
 44%|####4     | 11/25 [00:03<00:04,  3.41it/s]
 48%|####8     | 12/25 [00:03<00:03,  3.34it/s]
 52%|#####2    | 13/25 [00:03<00:03,  3.20it/s]
 56%|#####6    | 14/25 [00:04<00:04,  2.60it/s]
 60%|######    | 15/25 [00:04<00:03,  2.69it/s]
 64%|######4   | 16/25 [00:05<00:03,  2.66it/s]
 68%|######8   | 17/25 [00:05<00:02,  2.85it/s]
 72%|#######2  | 18/25 [00:05<00:02,  3.00it/s]
 76%|#######6  | 19/25 [00:06<00:01,  3.12it/s]
 80%|########  | 20/25 [00:06<00:01,  3.16it/s]
 84%|########4 | 21/25 [00:06<00:01,  3.30it/s]
 88%|########8 | 22/25 [00:07<00:00,  3.34it/s]
 92%|#########2| 23/25 [00:07<00:00,  3.19it/s]
 96%|#########6| 24/25 [00:07<00:00,  2.86it/s]
100%|##########| 25/25 [00:07<00:00,  3.43it/s]
100%|##########| 25/25 [00:07<00:00,  3.14it/s]
2026-08-18 11:17:56 | INFO     | mcu_data.yolox_metrics:78 - Evaluate with standard pycocotools COCOeval (no C++ JIT build).
2026-08-18 11:17:56 | INFO     | mcu_data.yolox_metrics:80 - Loading and preparing results...
2026-08-18 11:17:56 | INFO     | mcu_data.yolox_metrics:80 - DONE (t=0.00s)
2026-08-18 11:17:56 | INFO     | pycocotools.coco:367 - creating index...
2026-08-18 11:17:56 | INFO     | pycocotools.coco:367 - index created!
2026-08-18 11:17:56 | INFO     | mcu_data.yolox_metrics:82 - Running per image evaluation...
2026-08-18 11:17:56 | INFO     | mcu_data.yolox_metrics:82 - Evaluate annotation type *bbox*
2026-08-18 11:17:56 | INFO     | mcu_data.yolox_metrics:82 - DONE (t=0.08s).
2026-08-18 11:17:56 | INFO     | mcu_data.yolox_metrics:83 - Accumulating evaluation results...
2026-08-18 11:17:56 | INFO     | mcu_data.yolox_metrics:83 - DONE (t=0.01s).
2026-08-18 11:17:56 | INFO     | yolox.core.trainer:381 - 
Average forward time: 6.75 ms, Average NMS time: 0.98 ms, Average inference time: 7.73 ms
 Average Precision  (AP) @[ IoU=0.50:0.95 | area=   all | maxDets=100 ] = 0.735
 Average Precision  (AP) @[ IoU=0.50      | area=   all | maxDets=100 ] = 1.000
 Average Precision  (AP) @[ IoU=0.75      | area=   all | maxDets=100 ] = 0.967
 Average Precision  (AP) @[ IoU=0.50:0.95 | area= small | maxDets=100 ] = -1.000
 Average Precision  (AP) @[ IoU=0.50:0.95 | area=medium | maxDets=100 ] = -1.000
 Average Precision  (AP) @[ IoU=0.50:0.95 | area= large | maxDets=100 ] = 0.735
 Average Recall     (AR) @[ IoU=0.50:0.95 | area=   all | maxDets=  1 ] = 0.751
 Average Recall     (AR) @[ IoU=0.50:0.95 | area=   all | maxDets= 10 ] = 0.751
 Average Recall     (AR) @[ IoU=0.50:0.95 | area=   all | maxDets=100 ] = 0.751
 Average Recall     (AR) @[ IoU=0.50:0.95 | area= small | maxDets=100 ] = -1.000
 Average Recall     (AR) @[ IoU=0.50:0.95 | area=medium | maxDets=100 ] = -1.000
 Average Recall     (AR) @[ IoU=0.50:0.95 | area= large | maxDets=100 ] = 0.751
per class AP:
| class            | AP     |
|:-----------------|:-------|
| raspberry_pi_sbc | 73.473 |
per class AR:
| class            | AR     |
|:-----------------|:-------|
| raspberry_pi_sbc | 75.077 |

2026-08-18 11:17:56 | INFO     | yolox.core.trainer:402 - Save weights to <PROJECT_ROOT>\runs\benchmarks\micropcb_rpi_phash_component_bootstrap_v2_full_e100_b8_i640_w0_s42-43-44_p02facd21ef_dbea2fbaddc_cb773706267\yolox_s_seed43
[EPOCH 017/100] loss=1.82201 iou=0.94646 conf=0.56180 cls=0.31375 | AP50=1.00000 AP50-95=0.73473 AP75=0.96713 AR100=0.75077 | LR=0.00119255 VRAM_peak=1717.2 MiB
EPOCH_METRICS_JSON {"epoch": 17, "elapsed_s": 4048.147060499992, "epoch_seconds": 244.97574219998205, "iterations": 188, "train_total_loss": 1.8220095640801368, "train_iou_loss": 0.9464628024304167, "train_conf_loss": 0.5618008933168777, "train_cls_loss": 0.31374587427745476, "train_l1_loss": 0.0, "num_fg_mean": 8.266229962441491, "map50_95": 0.7347266924695767, "map50": 1.0, "ap75": 0.9671312821736299, "ar100": 0.7507692307692307, "lr": 0.001192553024611764, "lr_mean": 0.0011971148431465695, "gpu_peak_allocated_mib": 1717.24755859375, "gpu_peak_reserved_mib": 2234.0, "best_map50_95": 0.7941440620578784}
2026-08-18 11:17:57 | INFO     | yolox.core.trainer:218 - ---> start train epoch18
2026-08-18 11:18:11 | INFO     | yolox.core.trainer:270 - epoch: 18/100, iter: 10/188, gpu mem: 1717Mb, mem: 13.9Gb, iter_time: 1.389s, data_time: 1.240s, total_loss: 1.3, iou_loss: 0.7, l1_loss: 0.0, conf_loss: 0.4, cls_loss: 0.3, lr: 1.192e-03, size: 640, ETA: 5:15:47
2026-08-18 11:18:24 | INFO     | yolox.core.trainer:270 - epoch: 18/100, iter: 20/188, gpu mem: 1717Mb, mem: 13.5Gb, iter_time: 1.294s, data_time: 1.149s, total_loss: 1.6, iou_loss: 0.9, l1_loss: 0.0, conf_loss: 0.4, cls_loss: 0.3, lr: 1.192e-03, size: 640, ETA: 5:15:39
2026-08-18 11:18:37 | INFO     | yolox.core.trainer:270 - epoch: 18/100, iter: 30/188, gpu mem: 1717Mb, mem: 13.5Gb, iter_time: 1.349s, data_time: 1.198s, total_loss: 1.8, iou_loss: 0.8, l1_loss: 0.0, conf_loss: 0.6, cls_loss: 0.3, lr: 1.191e-03, size: 640, ETA: 5:15:33
2026-08-18 11:18:51 | INFO     | yolox.core.trainer:270 - epoch: 18/100, iter: 40/188, gpu mem: 1717Mb, mem: 13.6Gb, iter_time: 1.344s, data_time: 1.193s, total_loss: 2.2, iou_loss: 1.1, l1_loss: 0.0, conf_loss: 0.8, cls_loss: 0.3, lr: 1.191e-03, size: 640, ETA: 5:15:27
2026-08-18 11:19:01 | INFO     | yolox.core.trainer:270 - epoch: 18/100, iter: 50/188, gpu mem: 1717Mb, mem: 13.3Gb, iter_time: 0.994s, data_time: 0.842s, total_loss: 1.5, iou_loss: 0.7, l1_loss: 0.0, conf_loss: 0.5, cls_loss: 0.3, lr: 1.190e-03, size: 640, ETA: 5:15:04
2026-08-18 11:19:13 | INFO     | yolox.core.trainer:270 - epoch: 18/100, iter: 60/188, gpu mem: 1717Mb, mem: 13.1Gb, iter_time: 1.196s, data_time: 1.048s, total_loss: 1.8, iou_loss: 0.9, l1_loss: 0.0, conf_loss: 0.5, cls_loss: 0.3, lr: 1.190e-03, size: 640, ETA: 5:14:51
2026-08-18 11:19:26 | INFO     | yolox.core.trainer:270 - epoch: 18/100, iter: 70/188, gpu mem: 1717Mb, mem: 13.6Gb, iter_time: 1.354s, data_time: 1.199s, total_loss: 2.0, iou_loss: 1.1, l1_loss: 0.0, conf_loss: 0.6, cls_loss: 0.3, lr: 1.189e-03, size: 640, ETA: 5:14:45
2026-08-18 11:19:39 | INFO     | yolox.core.trainer:270 - epoch: 18/100, iter: 80/188, gpu mem: 1717Mb, mem: 13.4Gb, iter_time: 1.260s, data_time: 1.107s, total_loss: 1.7, iou_loss: 0.8, l1_loss: 0.0, conf_loss: 0.6, cls_loss: 0.3, lr: 1.188e-03, size: 640, ETA: 5:14:35
2026-08-18 11:19:51 | INFO     | yolox.core.trainer:270 - epoch: 18/100, iter: 90/188, gpu mem: 1717Mb, mem: 13.2Gb, iter_time: 1.244s, data_time: 1.100s, total_loss: 1.7, iou_loss: 0.9, l1_loss: 0.0, conf_loss: 0.5, cls_loss: 0.3, lr: 1.188e-03, size: 640, ETA: 5:14:24
2026-08-18 11:20:03 | INFO     | yolox.core.trainer:270 - epoch: 18/100, iter: 100/188, gpu mem: 1717Mb, mem: 13.2Gb, iter_time: 1.220s, data_time: 1.078s, total_loss: 1.9, iou_loss: 0.8, l1_loss: 0.0, conf_loss: 0.7, cls_loss: 0.3, lr: 1.187e-03, size: 640, ETA: 5:14:13
2026-08-18 11:20:15 | INFO     | yolox.core.trainer:270 - epoch: 18/100, iter: 110/188, gpu mem: 1717Mb, mem: 13.1Gb, iter_time: 1.197s, data_time: 1.050s, total_loss: 1.5, iou_loss: 0.8, l1_loss: 0.0, conf_loss: 0.4, cls_loss: 0.3, lr: 1.187e-03, size: 640, ETA: 5:13:59
2026-08-18 11:20:27 | INFO     | yolox.core.trainer:270 - epoch: 18/100, iter: 120/188, gpu mem: 1717Mb, mem: 13.2Gb, iter_time: 1.199s, data_time: 1.053s, total_loss: 2.8, iou_loss: 1.3, l1_loss: 0.0, conf_loss: 1.1, cls_loss: 0.4, lr: 1.186e-03, size: 640, ETA: 5:13:47
2026-08-18 11:20:40 | INFO     | yolox.core.trainer:270 - epoch: 18/100, iter: 130/188, gpu mem: 1717Mb, mem: 13.2Gb, iter_time: 1.241s, data_time: 1.097s, total_loss: 1.8, iou_loss: 0.9, l1_loss: 0.0, conf_loss: 0.6, cls_loss: 0.3, lr: 1.186e-03, size: 640, ETA: 5:13:36
2026-08-18 11:20:52 | INFO     | yolox.core.trainer:270 - epoch: 18/100, iter: 140/188, gpu mem: 1717Mb, mem: 13.2Gb, iter_time: 1.176s, data_time: 1.032s, total_loss: 2.1, iou_loss: 0.9, l1_loss: 0.0, conf_loss: 0.9, cls_loss: 0.3, lr: 1.185e-03, size: 640, ETA: 5:13:22
2026-08-18 11:21:03 | INFO     | yolox.core.trainer:270 - epoch: 18/100, iter: 150/188, gpu mem: 1717Mb, mem: 13.1Gb, iter_time: 1.148s, data_time: 1.008s, total_loss: 2.0, iou_loss: 1.0, l1_loss: 0.0, conf_loss: 0.6, cls_loss: 0.3, lr: 1.185e-03, size: 640, ETA: 5:13:06
2026-08-18 11:21:15 | INFO     | yolox.core.trainer:270 - epoch: 18/100, iter: 160/188, gpu mem: 1717Mb, mem: 13.0Gb, iter_time: 1.227s, data_time: 1.083s, total_loss: 1.4, iou_loss: 0.8, l1_loss: 0.0, conf_loss: 0.3, cls_loss: 0.3, lr: 1.184e-03, size: 640, ETA: 5:12:55
2026-08-18 11:21:28 | INFO     | yolox.core.trainer:270 - epoch: 18/100, iter: 170/188, gpu mem: 1717Mb, mem: 13.5Gb, iter_time: 1.225s, data_time: 1.076s, total_loss: 1.6, iou_loss: 0.8, l1_loss: 0.0, conf_loss: 0.5, cls_loss: 0.3, lr: 1.184e-03, size: 640, ETA: 5:12:43
2026-08-18 11:21:42 | INFO     | yolox.core.trainer:270 - epoch: 18/100, iter: 180/188, gpu mem: 1717Mb, mem: 14.2Gb, iter_time: 1.430s, data_time: 1.271s, total_loss: 1.5, iou_loss: 0.8, l1_loss: 0.0, conf_loss: 0.5, cls_loss: 0.3, lr: 1.183e-03, size: 640, ETA: 5:12:41
2026-08-18 11:21:52 | INFO     | yolox.core.trainer:402 - Save weights to <PROJECT_ROOT>\runs\benchmarks\micropcb_rpi_phash_component_bootstrap_v2_full_e100_b8_i640_w0_s42-43-44_p02facd21ef_dbea2fbaddc_cb773706267\yolox_s_seed43

  0%|          | 0/25 [00:00<?, ?it/s]
  4%|4         | 1/25 [00:00<00:07,  3.16it/s]
  8%|8         | 2/25 [00:00<00:07,  3.01it/s]
 12%|#2        | 3/25 [00:00<00:07,  3.13it/s]
 16%|#6        | 4/25 [00:01<00:06,  3.00it/s]
 20%|##        | 5/25 [00:01<00:07,  2.79it/s]
 24%|##4       | 6/25 [00:02<00:06,  2.78it/s]
 28%|##8       | 7/25 [00:02<00:06,  2.86it/s]
 32%|###2      | 8/25 [00:02<00:05,  2.99it/s]
 36%|###6      | 9/25 [00:03<00:05,  3.09it/s]
 40%|####      | 10/25 [00:03<00:04,  3.07it/s]
 44%|####4     | 11/25 [00:03<00:04,  3.16it/s]
 48%|####8     | 12/25 [00:03<00:04,  3.13it/s]
 52%|#####2    | 13/25 [00:04<00:04,  2.98it/s]
 56%|#####6    | 14/25 [00:04<00:03,  3.00it/s]
 60%|######    | 15/25 [00:05<00:03,  2.86it/s]
 64%|######4   | 16/25 [00:05<00:03,  2.73it/s]
 68%|######8   | 17/25 [00:05<00:02,  2.82it/s]
 72%|#######2  | 18/25 [00:06<00:02,  3.02it/s]
 76%|#######6  | 19/25 [00:06<00:01,  3.15it/s]
 80%|########  | 20/25 [00:06<00:01,  3.20it/s]
 84%|########4 | 21/25 [00:06<00:01,  3.33it/s]
 88%|########8 | 22/25 [00:07<00:00,  3.42it/s]
 92%|#########2| 23/25 [00:07<00:00,  3.29it/s]
 96%|#########6| 24/25 [00:07<00:00,  3.11it/s]
100%|##########| 25/25 [00:07<00:00,  3.89it/s]
100%|##########| 25/25 [00:07<00:00,  3.13it/s]
2026-08-18 11:22:01 | INFO     | mcu_data.yolox_metrics:78 - Evaluate with standard pycocotools COCOeval (no C++ JIT build).
2026-08-18 11:22:01 | INFO     | mcu_data.yolox_metrics:80 - Loading and preparing results...
2026-08-18 11:22:01 | INFO     | mcu_data.yolox_metrics:80 - DONE (t=0.00s)
2026-08-18 11:22:01 | INFO     | pycocotools.coco:367 - creating index...
2026-08-18 11:22:01 | INFO     | pycocotools.coco:367 - index created!
2026-08-18 11:22:01 | INFO     | mcu_data.yolox_metrics:82 - Running per image evaluation...
2026-08-18 11:22:01 | INFO     | mcu_data.yolox_metrics:82 - Evaluate annotation type *bbox*
2026-08-18 11:22:01 | INFO     | mcu_data.yolox_metrics:82 - DONE (t=0.05s).
2026-08-18 11:22:01 | INFO     | mcu_data.yolox_metrics:83 - Accumulating evaluation results...
2026-08-18 11:22:01 | INFO     | mcu_data.yolox_metrics:83 - DONE (t=0.01s).
2026-08-18 11:22:01 | INFO     | yolox.core.trainer:381 - 
Average forward time: 5.30 ms, Average NMS time: 1.04 ms, Average inference time: 6.34 ms
 Average Precision  (AP) @[ IoU=0.50:0.95 | area=   all | maxDets=100 ] = 0.733
 Average Precision  (AP) @[ IoU=0.50      | area=   all | maxDets=100 ] = 1.000
 Average Precision  (AP) @[ IoU=0.75      | area=   all | maxDets=100 ] = 0.978
 Average Precision  (AP) @[ IoU=0.50:0.95 | area= small | maxDets=100 ] = -1.000
 Average Precision  (AP) @[ IoU=0.50:0.95 | area=medium | maxDets=100 ] = -1.000
 Average Precision  (AP) @[ IoU=0.50:0.95 | area= large | maxDets=100 ] = 0.733
 Average Recall     (AR) @[ IoU=0.50:0.95 | area=   all | maxDets=  1 ] = 0.757
 Average Recall     (AR) @[ IoU=0.50:0.95 | area=   all | maxDets= 10 ] = 0.757
 Average Recall     (AR) @[ IoU=0.50:0.95 | area=   all | maxDets=100 ] = 0.757
 Average Recall     (AR) @[ IoU=0.50:0.95 | area= small | maxDets=100 ] = -1.000
 Average Recall     (AR) @[ IoU=0.50:0.95 | area=medium | maxDets=100 ] = -1.000
 Average Recall     (AR) @[ IoU=0.50:0.95 | area= large | maxDets=100 ] = 0.757
per class AP:
| class            | AP     |
|:-----------------|:-------|
| raspberry_pi_sbc | 73.346 |
per class AR:
| class            | AR     |
|:-----------------|:-------|
| raspberry_pi_sbc | 75.692 |

2026-08-18 11:22:01 | INFO     | yolox.core.trainer:402 - Save weights to <PROJECT_ROOT>\runs\benchmarks\micropcb_rpi_phash_component_bootstrap_v2_full_e100_b8_i640_w0_s42-43-44_p02facd21ef_dbea2fbaddc_cb773706267\yolox_s_seed43
[EPOCH 018/100] loss=1.83859 iou=0.94870 conf=0.57733 cls=0.31256 | AP50=1.00000 AP50-95=0.73346 AP75=0.97775 AR100=0.75692 | LR=0.00118277 VRAM_peak=1717.2 MiB
EPOCH_METRICS_JSON {"epoch": 18, "elapsed_s": 4293.067500000005, "epoch_seconds": 243.87177080003312, "iterations": 188, "train_total_loss": 1.8385884134059256, "train_iou_loss": 0.9486970955387075, "train_conf_loss": 0.5773301062748787, "train_cls_loss": 0.3125612170613827, "train_l1_loss": 0.0, "num_fg_mean": 8.176963674813729, "map50_95": 0.7334556317374533, "map50": 1.0, "ap75": 0.9777517547219372, "ar100": 0.7569230769230769, "lr": 0.0011827718760150368, "lr_mean": 0.0011876969371832893, "gpu_peak_allocated_mib": 1717.24560546875, "gpu_peak_reserved_mib": 2234.0, "best_map50_95": 0.7941440620578784}
2026-08-18 11:22:02 | INFO     | yolox.core.trainer:218 - ---> start train epoch19
2026-08-18 11:22:15 | INFO     | yolox.core.trainer:270 - epoch: 19/100, iter: 10/188, gpu mem: 1717Mb, mem: 13.7Gb, iter_time: 1.338s, data_time: 1.188s, total_loss: 1.8, iou_loss: 0.9, l1_loss: 0.0, conf_loss: 0.6, cls_loss: 0.3, lr: 1.182e-03, size: 640, ETA: 5:12:27
2026-08-18 11:22:28 | INFO     | yolox.core.trainer:270 - epoch: 19/100, iter: 20/188, gpu mem: 1717Mb, mem: 13.7Gb, iter_time: 1.279s, data_time: 1.133s, total_loss: 1.8, iou_loss: 1.0, l1_loss: 0.0, conf_loss: 0.6, cls_loss: 0.3, lr: 1.182e-03, size: 640, ETA: 5:12:18
2026-08-18 11:22:40 | INFO     | yolox.core.trainer:270 - epoch: 19/100, iter: 30/188, gpu mem: 1717Mb, mem: 13.7Gb, iter_time: 1.252s, data_time: 1.109s, total_loss: 2.4, iou_loss: 1.2, l1_loss: 0.0, conf_loss: 0.8, cls_loss: 0.4, lr: 1.181e-03, size: 640, ETA: 5:12:07
2026-08-18 11:22:52 | INFO     | yolox.core.trainer:270 - epoch: 19/100, iter: 40/188, gpu mem: 1717Mb, mem: 13.5Gb, iter_time: 1.195s, data_time: 1.050s, total_loss: 2.2, iou_loss: 1.1, l1_loss: 0.0, conf_loss: 0.7, cls_loss: 0.3, lr: 1.181e-03, size: 640, ETA: 5:11:54
2026-08-18 11:23:05 | INFO     | yolox.core.trainer:270 - epoch: 19/100, iter: 50/188, gpu mem: 1717Mb, mem: 13.5Gb, iter_time: 1.242s, data_time: 1.069s, total_loss: 1.4, iou_loss: 0.7, l1_loss: 0.0, conf_loss: 0.4, cls_loss: 0.2, lr: 1.180e-03, size: 640, ETA: 5:11:43
2026-08-18 11:23:15 | INFO     | yolox.core.trainer:270 - epoch: 19/100, iter: 60/188, gpu mem: 1717Mb, mem: 13.6Gb, iter_time: 0.978s, data_time: 0.830s, total_loss: 1.9, iou_loss: 1.0, l1_loss: 0.0, conf_loss: 0.6, cls_loss: 0.3, lr: 1.179e-03, size: 640, ETA: 5:11:20
2026-08-18 11:23:25 | INFO     | yolox.core.trainer:270 - epoch: 19/100, iter: 70/188, gpu mem: 1717Mb, mem: 13.7Gb, iter_time: 1.025s, data_time: 0.878s, total_loss: 1.5, iou_loss: 0.8, l1_loss: 0.0, conf_loss: 0.4, cls_loss: 0.3, lr: 1.179e-03, size: 640, ETA: 5:10:59
2026-08-18 11:23:35 | INFO     | yolox.core.trainer:270 - epoch: 19/100, iter: 80/188, gpu mem: 1717Mb, mem: 13.9Gb, iter_time: 1.021s, data_time: 0.871s, total_loss: 1.8, iou_loss: 1.0, l1_loss: 0.0, conf_loss: 0.5, cls_loss: 0.3, lr: 1.178e-03, size: 640, ETA: 5:10:39
2026-08-18 11:23:45 | INFO     | yolox.core.trainer:270 - epoch: 19/100, iter: 90/188, gpu mem: 1717Mb, mem: 13.9Gb, iter_time: 0.991s, data_time: 0.842s, total_loss: 2.3, iou_loss: 1.1, l1_loss: 0.0, conf_loss: 0.8, cls_loss: 0.3, lr: 1.178e-03, size: 640, ETA: 5:10:17
2026-08-18 11:23:55 | INFO     | yolox.core.trainer:270 - epoch: 19/100, iter: 100/188, gpu mem: 1717Mb, mem: 14.0Gb, iter_time: 1.034s, data_time: 0.883s, total_loss: 1.6, iou_loss: 0.9, l1_loss: 0.0, conf_loss: 0.5, cls_loss: 0.3, lr: 1.177e-03, size: 640, ETA: 5:09:57
2026-08-18 11:24:05 | INFO     | yolox.core.trainer:270 - epoch: 19/100, iter: 110/188, gpu mem: 1717Mb, mem: 13.8Gb, iter_time: 0.986s, data_time: 0.839s, total_loss: 1.2, iou_loss: 0.7, l1_loss: 0.0, conf_loss: 0.3, cls_loss: 0.3, lr: 1.177e-03, size: 640, ETA: 5:09:34
2026-08-18 11:24:15 | INFO     | yolox.core.trainer:270 - epoch: 19/100, iter: 120/188, gpu mem: 1717Mb, mem: 13.9Gb, iter_time: 1.022s, data_time: 0.873s, total_loss: 1.7, iou_loss: 0.7, l1_loss: 0.0, conf_loss: 0.8, cls_loss: 0.2, lr: 1.176e-03, size: 640, ETA: 5:09:14
2026-08-18 11:24:25 | INFO     | yolox.core.trainer:270 - epoch: 19/100, iter: 130/188, gpu mem: 1717Mb, mem: 13.8Gb, iter_time: 0.990s, data_time: 0.841s, total_loss: 1.6, iou_loss: 0.8, l1_loss: 0.0, conf_loss: 0.5, cls_loss: 0.3, lr: 1.176e-03, size: 640, ETA: 5:08:52
2026-08-18 11:24:36 | INFO     | yolox.core.trainer:270 - epoch: 19/100, iter: 140/188, gpu mem: 1717Mb, mem: 14.0Gb, iter_time: 1.009s, data_time: 0.859s, total_loss: 1.6, iou_loss: 0.9, l1_loss: 0.0, conf_loss: 0.4, cls_loss: 0.3, lr: 1.175e-03, size: 640, ETA: 5:08:31
2026-08-18 11:24:45 | INFO     | yolox.core.trainer:270 - epoch: 19/100, iter: 150/188, gpu mem: 1717Mb, mem: 13.9Gb, iter_time: 0.986s, data_time: 0.840s, total_loss: 1.8, iou_loss: 1.0, l1_loss: 0.0, conf_loss: 0.5, cls_loss: 0.3, lr: 1.174e-03, size: 640, ETA: 5:08:09
2026-08-18 11:24:55 | INFO     | yolox.core.trainer:270 - epoch: 19/100, iter: 160/188, gpu mem: 1717Mb, mem: 13.9Gb, iter_time: 1.007s, data_time: 0.857s, total_loss: 1.7, iou_loss: 0.9, l1_loss: 0.0, conf_loss: 0.5, cls_loss: 0.3, lr: 1.174e-03, size: 640, ETA: 5:07:48
2026-08-18 11:25:06 | INFO     | yolox.core.trainer:270 - epoch: 19/100, iter: 170/188, gpu mem: 1717Mb, mem: 13.8Gb, iter_time: 1.017s, data_time: 0.867s, total_loss: 2.4, iou_loss: 1.3, l1_loss: 0.0, conf_loss: 0.7, cls_loss: 0.4, lr: 1.173e-03, size: 640, ETA: 5:07:28
2026-08-18 11:25:16 | INFO     | yolox.core.trainer:270 - epoch: 19/100, iter: 180/188, gpu mem: 1717Mb, mem: 13.8Gb, iter_time: 1.016s, data_time: 0.869s, total_loss: 1.9, iou_loss: 0.9, l1_loss: 0.0, conf_loss: 0.7, cls_loss: 0.3, lr: 1.173e-03, size: 640, ETA: 5:07:07
2026-08-18 11:25:23 | INFO     | yolox.core.trainer:402 - Save weights to <PROJECT_ROOT>\runs\benchmarks\micropcb_rpi_phash_component_bootstrap_v2_full_e100_b8_i640_w0_s42-43-44_p02facd21ef_dbea2fbaddc_cb773706267\yolox_s_seed43

  0%|          | 0/25 [00:00<?, ?it/s]
  4%|4         | 1/25 [00:00<00:06,  3.71it/s]
  8%|8         | 2/25 [00:00<00:06,  3.50it/s]
 12%|#2        | 3/25 [00:00<00:06,  3.45it/s]
 16%|#6        | 4/25 [00:01<00:06,  3.30it/s]
 20%|##        | 5/25 [00:01<00:06,  3.06it/s]
 24%|##4       | 6/25 [00:01<00:06,  3.03it/s]
 28%|##8       | 7/25 [00:02<00:05,  3.10it/s]
 32%|###2      | 8/25 [00:02<00:05,  3.19it/s]
 36%|###6      | 9/25 [00:02<00:04,  3.26it/s]
 40%|####      | 10/25 [00:03<00:04,  3.28it/s]
 44%|####4     | 11/25 [00:03<00:04,  3.31it/s]
 48%|####8     | 12/25 [00:03<00:03,  3.29it/s]
 52%|#####2    | 13/25 [00:04<00:03,  3.22it/s]
 56%|#####6    | 14/25 [00:04<00:03,  3.26it/s]
 60%|######    | 15/25 [00:04<00:03,  3.21it/s]
 64%|######4   | 16/25 [00:04<00:02,  3.12it/s]
 68%|######8   | 17/25 [00:05<00:02,  3.25it/s]
 72%|#######2  | 18/25 [00:05<00:02,  3.41it/s]
 76%|#######6  | 19/25 [00:05<00:01,  3.49it/s]
 80%|########  | 20/25 [00:06<00:01,  3.60it/s]
 84%|########4 | 21/25 [00:06<00:01,  3.75it/s]
 88%|########8 | 22/25 [00:06<00:00,  3.81it/s]
 92%|#########2| 23/25 [00:06<00:00,  3.65it/s]
 96%|#########6| 24/25 [00:07<00:00,  3.45it/s]
100%|##########| 25/25 [00:07<00:00,  4.16it/s]
100%|##########| 25/25 [00:07<00:00,  3.43it/s]
2026-08-18 11:25:31 | INFO     | mcu_data.yolox_metrics:78 - Evaluate with standard pycocotools COCOeval (no C++ JIT build).
2026-08-18 11:25:31 | INFO     | mcu_data.yolox_metrics:80 - Loading and preparing results...
2026-08-18 11:25:31 | INFO     | mcu_data.yolox_metrics:80 - DONE (t=0.00s)
2026-08-18 11:25:31 | INFO     | pycocotools.coco:367 - creating index...
2026-08-18 11:25:31 | INFO     | pycocotools.coco:367 - index created!
2026-08-18 11:25:31 | INFO     | mcu_data.yolox_metrics:82 - Running per image evaluation...
2026-08-18 11:25:31 | INFO     | mcu_data.yolox_metrics:82 - Evaluate annotation type *bbox*
2026-08-18 11:25:31 | INFO     | mcu_data.yolox_metrics:82 - DONE (t=0.12s).
2026-08-18 11:25:31 | INFO     | mcu_data.yolox_metrics:83 - Accumulating evaluation results...
2026-08-18 11:25:31 | INFO     | mcu_data.yolox_metrics:83 - DONE (t=0.02s).
2026-08-18 11:25:31 | INFO     | yolox.core.trainer:381 - 
Average forward time: 5.72 ms, Average NMS time: 0.91 ms, Average inference time: 6.62 ms
 Average Precision  (AP) @[ IoU=0.50:0.95 | area=   all | maxDets=100 ] = 0.786
 Average Precision  (AP) @[ IoU=0.50      | area=   all | maxDets=100 ] = 1.000
 Average Precision  (AP) @[ IoU=0.75      | area=   all | maxDets=100 ] = 1.000
 Average Precision  (AP) @[ IoU=0.50:0.95 | area= small | maxDets=100 ] = -1.000
 Average Precision  (AP) @[ IoU=0.50:0.95 | area=medium | maxDets=100 ] = -1.000
 Average Precision  (AP) @[ IoU=0.50:0.95 | area= large | maxDets=100 ] = 0.786
 Average Recall     (AR) @[ IoU=0.50:0.95 | area=   all | maxDets=  1 ] = 0.800
 Average Recall     (AR) @[ IoU=0.50:0.95 | area=   all | maxDets= 10 ] = 0.800
 Average Recall     (AR) @[ IoU=0.50:0.95 | area=   all | maxDets=100 ] = 0.800
 Average Recall     (AR) @[ IoU=0.50:0.95 | area= small | maxDets=100 ] = -1.000
 Average Recall     (AR) @[ IoU=0.50:0.95 | area=medium | maxDets=100 ] = -1.000
 Average Recall     (AR) @[ IoU=0.50:0.95 | area= large | maxDets=100 ] = 0.800
per class AP:
| class            | AP     |
|:-----------------|:-------|
| raspberry_pi_sbc | 78.593 |
per class AR:
| class            | AR     |
|:-----------------|:-------|
| raspberry_pi_sbc | 80.000 |

2026-08-18 11:25:31 | INFO     | yolox.core.trainer:402 - Save weights to <PROJECT_ROOT>\runs\benchmarks\micropcb_rpi_phash_component_bootstrap_v2_full_e100_b8_i640_w0_s42-43-44_p02facd21ef_dbea2fbaddc_cb773706267\yolox_s_seed43
[EPOCH 019/100] loss=1.77787 iou=0.92141 conf=0.54852 cls=0.30793 | AP50=1.00000 AP50-95=0.78593 AP75=1.00000 AR100=0.80000 | LR=0.00117227 VRAM_peak=1717.2 MiB
EPOCH_METRICS_JSON {"epoch": 19, "elapsed_s": 4503.478815600043, "epoch_seconds": 209.42386570002418, "iterations": 188, "train_total_loss": 1.7778651425813108, "train_iou_loss": 0.921414979911865, "train_conf_loss": 0.5485223078347267, "train_cls_loss": 0.30792785840148623, "train_l1_loss": 0.0, "num_fg_mean": 8.259104111395219, "map50_95": 0.785926450900291, "map50": 1.0, "ap75": 1.0, "ar100": 0.8, "lr": 0.0011722715618689074, "lr_mean": 0.0011775531386294684, "gpu_peak_allocated_mib": 1717.24755859375, "gpu_peak_reserved_mib": 2234.0, "best_map50_95": 0.7941440620578784}
2026-08-18 11:25:32 | INFO     | yolox.core.trainer:218 - ---> start train epoch20
2026-08-18 11:25:42 | INFO     | yolox.core.trainer:270 - epoch: 20/100, iter: 10/188, gpu mem: 1717Mb, mem: 14.0Gb, iter_time: 1.052s, data_time: 0.901s, total_loss: 1.8, iou_loss: 0.9, l1_loss: 0.0, conf_loss: 0.6, cls_loss: 0.3, lr: 1.172e-03, size: 640, ETA: 5:06:30
2026-08-18 11:25:53 | INFO     | yolox.core.trainer:270 - epoch: 20/100, iter: 20/188, gpu mem: 1717Mb, mem: 14.0Gb, iter_time: 1.028s, data_time: 0.875s, total_loss: 1.9, iou_loss: 1.0, l1_loss: 0.0, conf_loss: 0.6, cls_loss: 0.3, lr: 1.171e-03, size: 640, ETA: 5:06:11
2026-08-18 11:26:04 | INFO     | yolox.core.trainer:270 - epoch: 20/100, iter: 30/188, gpu mem: 1717Mb, mem: 14.1Gb, iter_time: 1.098s, data_time: 0.941s, total_loss: 1.4, iou_loss: 0.7, l1_loss: 0.0, conf_loss: 0.3, cls_loss: 0.3, lr: 1.171e-03, size: 640, ETA: 5:05:54
2026-08-18 11:26:15 | INFO     | yolox.core.trainer:270 - epoch: 20/100, iter: 40/188, gpu mem: 1717Mb, mem: 14.3Gb, iter_time: 1.097s, data_time: 0.943s, total_loss: 1.7, iou_loss: 0.9, l1_loss: 0.0, conf_loss: 0.5, cls_loss: 0.3, lr: 1.170e-03, size: 640, ETA: 5:05:37
2026-08-18 11:26:25 | INFO     | yolox.core.trainer:270 - epoch: 20/100, iter: 50/188, gpu mem: 1717Mb, mem: 14.3Gb, iter_time: 1.039s, data_time: 0.891s, total_loss: 2.6, iou_loss: 1.2, l1_loss: 0.0, conf_loss: 1.1, cls_loss: 0.4, lr: 1.169e-03, size: 640, ETA: 5:05:18
2026-08-18 11:26:35 | INFO     | yolox.core.trainer:270 - epoch: 20/100, iter: 60/188, gpu mem: 1717Mb, mem: 14.2Gb, iter_time: 1.002s, data_time: 0.852s, total_loss: 2.2, iou_loss: 1.0, l1_loss: 0.0, conf_loss: 0.9, cls_loss: 0.3, lr: 1.169e-03, size: 640, ETA: 5:04:58
2026-08-18 11:26:45 | INFO     | yolox.core.trainer:270 - epoch: 20/100, iter: 70/188, gpu mem: 1717Mb, mem: 14.2Gb, iter_time: 1.017s, data_time: 0.867s, total_loss: 1.7, iou_loss: 0.9, l1_loss: 0.0, conf_loss: 0.5, cls_loss: 0.3, lr: 1.168e-03, size: 640, ETA: 5:04:38
2026-08-18 11:26:56 | INFO     | yolox.core.trainer:270 - epoch: 20/100, iter: 80/188, gpu mem: 1717Mb, mem: 14.2Gb, iter_time: 1.045s, data_time: 0.896s, total_loss: 1.5, iou_loss: 0.8, l1_loss: 0.0, conf_loss: 0.5, cls_loss: 0.3, lr: 1.168e-03, size: 640, ETA: 5:04:19
2026-08-18 11:27:06 | INFO     | yolox.core.trainer:270 - epoch: 20/100, iter: 90/188, gpu mem: 1717Mb, mem: 14.2Gb, iter_time: 1.032s, data_time: 0.886s, total_loss: 1.6, iou_loss: 0.9, l1_loss: 0.0, conf_loss: 0.5, cls_loss: 0.3, lr: 1.167e-03, size: 640, ETA: 5:04:00
2026-08-18 11:27:16 | INFO     | yolox.core.trainer:270 - epoch: 20/100, iter: 100/188, gpu mem: 1717Mb, mem: 14.1Gb, iter_time: 1.011s, data_time: 0.862s, total_loss: 1.3, iou_loss: 0.7, l1_loss: 0.0, conf_loss: 0.4, cls_loss: 0.3, lr: 1.166e-03, size: 640, ETA: 5:03:40
2026-08-18 11:27:26 | INFO     | yolox.core.trainer:270 - epoch: 20/100, iter: 110/188, gpu mem: 1717Mb, mem: 14.2Gb, iter_time: 0.981s, data_time: 0.834s, total_loss: 2.6, iou_loss: 1.2, l1_loss: 0.0, conf_loss: 1.1, cls_loss: 0.4, lr: 1.166e-03, size: 640, ETA: 5:03:18
2026-08-18 11:27:36 | INFO     | yolox.core.trainer:270 - epoch: 20/100, iter: 120/188, gpu mem: 1717Mb, mem: 14.1Gb, iter_time: 1.007s, data_time: 0.861s, total_loss: 1.6, iou_loss: 0.9, l1_loss: 0.0, conf_loss: 0.4, cls_loss: 0.3, lr: 1.165e-03, size: 640, ETA: 5:02:58
2026-08-18 11:27:46 | INFO     | yolox.core.trainer:270 - epoch: 20/100, iter: 130/188, gpu mem: 1717Mb, mem: 14.1Gb, iter_time: 0.996s, data_time: 0.848s, total_loss: 2.8, iou_loss: 1.3, l1_loss: 0.0, conf_loss: 1.1, cls_loss: 0.4, lr: 1.165e-03, size: 640, ETA: 5:02:38
2026-08-18 11:27:56 | INFO     | yolox.core.trainer:270 - epoch: 20/100, iter: 140/188, gpu mem: 1717Mb, mem: 14.1Gb, iter_time: 1.024s, data_time: 0.876s, total_loss: 1.8, iou_loss: 0.9, l1_loss: 0.0, conf_loss: 0.6, cls_loss: 0.3, lr: 1.164e-03, size: 640, ETA: 5:02:19
2026-08-18 11:28:06 | INFO     | yolox.core.trainer:270 - epoch: 20/100, iter: 150/188, gpu mem: 1717Mb, mem: 14.1Gb, iter_time: 1.004s, data_time: 0.854s, total_loss: 2.0, iou_loss: 1.0, l1_loss: 0.0, conf_loss: 0.6, cls_loss: 0.3, lr: 1.163e-03, size: 640, ETA: 5:01:59
2026-08-18 11:28:16 | INFO     | yolox.core.trainer:270 - epoch: 20/100, iter: 160/188, gpu mem: 1717Mb, mem: 14.0Gb, iter_time: 0.993s, data_time: 0.845s, total_loss: 1.6, iou_loss: 0.8, l1_loss: 0.0, conf_loss: 0.5, cls_loss: 0.3, lr: 1.163e-03, size: 640, ETA: 5:01:38
2026-08-18 11:28:26 | INFO     | yolox.core.trainer:270 - epoch: 20/100, iter: 170/188, gpu mem: 1717Mb, mem: 14.1Gb, iter_time: 0.991s, data_time: 0.842s, total_loss: 1.4, iou_loss: 0.7, l1_loss: 0.0, conf_loss: 0.5, cls_loss: 0.2, lr: 1.162e-03, size: 640, ETA: 5:01:18
2026-08-18 11:28:36 | INFO     | yolox.core.trainer:270 - epoch: 20/100, iter: 180/188, gpu mem: 1717Mb, mem: 14.1Gb, iter_time: 0.989s, data_time: 0.843s, total_loss: 2.0, iou_loss: 1.0, l1_loss: 0.0, conf_loss: 0.6, cls_loss: 0.3, lr: 1.162e-03, size: 640, ETA: 5:00:57
2026-08-18 11:28:44 | INFO     | yolox.core.trainer:402 - Save weights to <PROJECT_ROOT>\runs\benchmarks\micropcb_rpi_phash_component_bootstrap_v2_full_e100_b8_i640_w0_s42-43-44_p02facd21ef_dbea2fbaddc_cb773706267\yolox_s_seed43

  0%|          | 0/25 [00:00<?, ?it/s]
  4%|4         | 1/25 [00:00<00:07,  3.02it/s]
  8%|8         | 2/25 [00:00<00:07,  2.98it/s]
 12%|#2        | 3/25 [00:00<00:07,  3.03it/s]
 16%|#6        | 4/25 [00:01<00:07,  2.91it/s]
 20%|##        | 5/25 [00:01<00:07,  2.66it/s]
 24%|##4       | 6/25 [00:02<00:07,  2.62it/s]
 28%|##8       | 7/25 [00:02<00:06,  2.76it/s]
 32%|###2      | 8/25 [00:02<00:05,  2.91it/s]
 36%|###6      | 9/25 [00:03<00:05,  3.03it/s]
 40%|####      | 10/25 [00:03<00:04,  3.06it/s]
 44%|####4     | 11/25 [00:03<00:04,  3.11it/s]
 48%|####8     | 12/25 [00:04<00:04,  3.07it/s]
 52%|#####2    | 13/25 [00:04<00:03,  3.01it/s]
 56%|#####6    | 14/25 [00:04<00:03,  3.09it/s]
 60%|######    | 15/25 [00:05<00:03,  3.03it/s]
 64%|######4   | 16/25 [00:05<00:03,  2.95it/s]
 68%|######8   | 17/25 [00:05<00:02,  3.11it/s]
 72%|#######2  | 18/25 [00:05<00:02,  3.35it/s]
 76%|#######6  | 19/25 [00:06<00:01,  3.49it/s]
 80%|########  | 20/25 [00:06<00:01,  3.60it/s]
 84%|########4 | 21/25 [00:06<00:01,  3.75it/s]
 88%|########8 | 22/25 [00:06<00:00,  3.79it/s]
 92%|#########2| 23/25 [00:07<00:00,  3.54it/s]
 96%|#########6| 24/25 [00:07<00:00,  3.21it/s]
100%|##########| 25/25 [00:07<00:00,  3.88it/s]
100%|##########| 25/25 [00:07<00:00,  3.20it/s]
2026-08-18 11:28:53 | INFO     | mcu_data.yolox_metrics:78 - Evaluate with standard pycocotools COCOeval (no C++ JIT build).
2026-08-18 11:28:53 | INFO     | mcu_data.yolox_metrics:80 - Loading and preparing results...
2026-08-18 11:28:53 | INFO     | mcu_data.yolox_metrics:80 - DONE (t=0.00s)
2026-08-18 11:28:53 | INFO     | pycocotools.coco:367 - creating index...
2026-08-18 11:28:53 | INFO     | pycocotools.coco:367 - index created!
2026-08-18 11:28:53 | INFO     | mcu_data.yolox_metrics:82 - Running per image evaluation...
2026-08-18 11:28:53 | INFO     | mcu_data.yolox_metrics:82 - Evaluate annotation type *bbox*
2026-08-18 11:28:53 | INFO     | mcu_data.yolox_metrics:82 - DONE (t=0.07s).
2026-08-18 11:28:53 | INFO     | mcu_data.yolox_metrics:83 - Accumulating evaluation results...
2026-08-18 11:28:53 | INFO     | mcu_data.yolox_metrics:83 - DONE (t=0.02s).
2026-08-18 11:28:53 | INFO     | yolox.core.trainer:381 - 
Average forward time: 5.29 ms, Average NMS time: 0.96 ms, Average inference time: 6.25 ms
 Average Precision  (AP) @[ IoU=0.50:0.95 | area=   all | maxDets=100 ] = 0.792
 Average Precision  (AP) @[ IoU=0.50      | area=   all | maxDets=100 ] = 1.000
 Average Precision  (AP) @[ IoU=0.75      | area=   all | maxDets=100 ] = 1.000
 Average Precision  (AP) @[ IoU=0.50:0.95 | area= small | maxDets=100 ] = -1.000
 Average Precision  (AP) @[ IoU=0.50:0.95 | area=medium | maxDets=100 ] = -1.000
 Average Precision  (AP) @[ IoU=0.50:0.95 | area= large | maxDets=100 ] = 0.792
 Average Recall     (AR) @[ IoU=0.50:0.95 | area=   all | maxDets=  1 ] = 0.807
 Average Recall     (AR) @[ IoU=0.50:0.95 | area=   all | maxDets= 10 ] = 0.807
 Average Recall     (AR) @[ IoU=0.50:0.95 | area=   all | maxDets=100 ] = 0.807
 Average Recall     (AR) @[ IoU=0.50:0.95 | area= small | maxDets=100 ] = -1.000
 Average Recall     (AR) @[ IoU=0.50:0.95 | area=medium | maxDets=100 ] = -1.000
 Average Recall     (AR) @[ IoU=0.50:0.95 | area= large | maxDets=100 ] = 0.807
per class AP:
| class            | AP     |
|:-----------------|:-------|
| raspberry_pi_sbc | 79.241 |
per class AR:
| class            | AR     |
|:-----------------|:-------|
| raspberry_pi_sbc | 80.718 |

2026-08-18 11:28:53 | INFO     | yolox.core.trainer:402 - Save weights to <PROJECT_ROOT>\runs\benchmarks\micropcb_rpi_phash_component_bootstrap_v2_full_e100_b8_i640_w0_s42-43-44_p02facd21ef_dbea2fbaddc_cb773706267\yolox_s_seed43
[EPOCH 020/100] loss=1.74459 iou=0.89842 conf=0.54501 cls=0.30116 | AP50=1.00000 AP50-95=0.79241 AP75=1.00000 AR100=0.80718 | LR=0.00116107 VRAM_peak=1717.2 MiB
EPOCH_METRICS_JSON {"epoch": 20, "elapsed_s": 4705.113207200018, "epoch_seconds": 201.078587099968, "iterations": 188, "train_total_loss": 1.744589460656998, "train_iou_loss": 0.89841853557749, "train_conf_loss": 0.5450074807443517, "train_cls_loss": 0.30116345004198397, "train_l1_loss": 0.0, "num_fg_mean": 8.285165255288504, "map50_95": 0.7924050987029906, "map50": 1.0, "ap75": 1.0, "ar100": 0.8071794871794872, "lr": 0.0011610664243394584, "lr_mean": 0.001166697302693772, "gpu_peak_allocated_mib": 1717.24755859375, "gpu_peak_reserved_mib": 2234.0, "best_map50_95": 0.7941440620578784}
2026-08-18 11:28:54 | INFO     | yolox.core.trainer:218 - ---> start train epoch21
2026-08-18 11:29:07 | INFO     | yolox.core.trainer:270 - epoch: 21/100, iter: 10/188, gpu mem: 1717Mb, mem: 14.0Gb, iter_time: 1.302s, data_time: 1.157s, total_loss: 1.6, iou_loss: 0.8, l1_loss: 0.0, conf_loss: 0.5, cls_loss: 0.3, lr: 1.160e-03, size: 640, ETA: 5:00:35
2026-08-18 11:29:20 | INFO     | yolox.core.trainer:270 - epoch: 21/100, iter: 20/188, gpu mem: 1717Mb, mem: 14.0Gb, iter_time: 1.298s, data_time: 1.153s, total_loss: 2.0, iou_loss: 1.0, l1_loss: 0.0, conf_loss: 0.8, cls_loss: 0.3, lr: 1.160e-03, size: 640, ETA: 5:00:27
2026-08-18 11:29:32 | INFO     | yolox.core.trainer:270 - epoch: 21/100, iter: 30/188, gpu mem: 1717Mb, mem: 14.0Gb, iter_time: 1.224s, data_time: 1.080s, total_loss: 1.6, iou_loss: 0.8, l1_loss: 0.0, conf_loss: 0.6, cls_loss: 0.3, lr: 1.159e-03, size: 640, ETA: 5:00:16
2026-08-18 11:29:44 | INFO     | yolox.core.trainer:270 - epoch: 21/100, iter: 40/188, gpu mem: 1717Mb, mem: 14.0Gb, iter_time: 1.243s, data_time: 1.098s, total_loss: 2.0, iou_loss: 1.1, l1_loss: 0.0, conf_loss: 0.5, cls_loss: 0.3, lr: 1.159e-03, size: 640, ETA: 5:00:05
2026-08-18 11:29:57 | INFO     | yolox.core.trainer:270 - epoch: 21/100, iter: 50/188, gpu mem: 1717Mb, mem: 14.0Gb, iter_time: 1.251s, data_time: 1.108s, total_loss: 1.7, iou_loss: 1.0, l1_loss: 0.0, conf_loss: 0.4, cls_loss: 0.3, lr: 1.158e-03, size: 640, ETA: 4:59:55
2026-08-18 11:30:10 | INFO     | yolox.core.trainer:270 - epoch: 21/100, iter: 60/188, gpu mem: 1717Mb, mem: 13.6Gb, iter_time: 1.286s, data_time: 1.140s, total_loss: 1.9, iou_loss: 1.0, l1_loss: 0.0, conf_loss: 0.6, cls_loss: 0.3, lr: 1.157e-03, size: 640, ETA: 4:59:47
2026-08-18 11:30:22 | INFO     | yolox.core.trainer:270 - epoch: 21/100, iter: 70/188, gpu mem: 1717Mb, mem: 13.5Gb, iter_time: 1.212s, data_time: 1.068s, total_loss: 1.4, iou_loss: 0.7, l1_loss: 0.0, conf_loss: 0.4, cls_loss: 0.3, lr: 1.157e-03, size: 640, ETA: 4:59:35
2026-08-18 11:30:35 | INFO     | yolox.core.trainer:270 - epoch: 21/100, iter: 80/188, gpu mem: 1717Mb, mem: 13.6Gb, iter_time: 1.291s, data_time: 1.147s, total_loss: 1.5, iou_loss: 0.8, l1_loss: 0.0, conf_loss: 0.4, cls_loss: 0.3, lr: 1.156e-03, size: 640, ETA: 4:59:27
2026-08-18 11:30:47 | INFO     | yolox.core.trainer:270 - epoch: 21/100, iter: 90/188, gpu mem: 1717Mb, mem: 13.6Gb, iter_time: 1.211s, data_time: 1.066s, total_loss: 1.6, iou_loss: 0.8, l1_loss: 0.0, conf_loss: 0.5, cls_loss: 0.3, lr: 1.155e-03, size: 640, ETA: 4:59:15
2026-08-18 11:30:59 | INFO     | yolox.core.trainer:270 - epoch: 21/100, iter: 100/188, gpu mem: 1717Mb, mem: 13.6Gb, iter_time: 1.249s, data_time: 1.104s, total_loss: 1.5, iou_loss: 0.8, l1_loss: 0.0, conf_loss: 0.3, cls_loss: 0.3, lr: 1.155e-03, size: 640, ETA: 4:59:05
2026-08-18 11:31:12 | INFO     | yolox.core.trainer:270 - epoch: 21/100, iter: 110/188, gpu mem: 1717Mb, mem: 13.6Gb, iter_time: 1.261s, data_time: 1.115s, total_loss: 1.5, iou_loss: 0.8, l1_loss: 0.0, conf_loss: 0.4, cls_loss: 0.3, lr: 1.154e-03, size: 640, ETA: 4:58:55
2026-08-18 11:31:24 | INFO     | yolox.core.trainer:270 - epoch: 21/100, iter: 120/188, gpu mem: 1717Mb, mem: 13.6Gb, iter_time: 1.239s, data_time: 1.096s, total_loss: 1.5, iou_loss: 0.8, l1_loss: 0.0, conf_loss: 0.4, cls_loss: 0.3, lr: 1.154e-03, size: 640, ETA: 4:58:45
2026-08-18 11:31:37 | INFO     | yolox.core.trainer:270 - epoch: 21/100, iter: 130/188, gpu mem: 1717Mb, mem: 13.6Gb, iter_time: 1.256s, data_time: 1.108s, total_loss: 1.7, iou_loss: 0.9, l1_loss: 0.0, conf_loss: 0.5, cls_loss: 0.3, lr: 1.153e-03, size: 640, ETA: 4:58:35
2026-08-18 11:31:50 | INFO     | yolox.core.trainer:270 - epoch: 21/100, iter: 140/188, gpu mem: 1717Mb, mem: 13.6Gb, iter_time: 1.260s, data_time: 1.112s, total_loss: 1.3, iou_loss: 0.7, l1_loss: 0.0, conf_loss: 0.4, cls_loss: 0.2, lr: 1.152e-03, size: 640, ETA: 4:58:25
2026-08-18 11:32:02 | INFO     | yolox.core.trainer:270 - epoch: 21/100, iter: 150/188, gpu mem: 1717Mb, mem: 13.6Gb, iter_time: 1.239s, data_time: 1.094s, total_loss: 1.9, iou_loss: 1.1, l1_loss: 0.0, conf_loss: 0.5, cls_loss: 0.3, lr: 1.152e-03, size: 640, ETA: 4:58:14
2026-08-18 11:32:15 | INFO     | yolox.core.trainer:270 - epoch: 21/100, iter: 160/188, gpu mem: 1717Mb, mem: 13.5Gb, iter_time: 1.280s, data_time: 1.135s, total_loss: 1.7, iou_loss: 0.9, l1_loss: 0.0, conf_loss: 0.6, cls_loss: 0.3, lr: 1.151e-03, size: 640, ETA: 4:58:05
2026-08-18 11:32:27 | INFO     | yolox.core.trainer:270 - epoch: 21/100, iter: 170/188, gpu mem: 1717Mb, mem: 13.5Gb, iter_time: 1.234s, data_time: 1.087s, total_loss: 2.3, iou_loss: 1.2, l1_loss: 0.0, conf_loss: 0.8, cls_loss: 0.3, lr: 1.150e-03, size: 640, ETA: 4:57:54
2026-08-18 11:32:40 | INFO     | yolox.core.trainer:270 - epoch: 21/100, iter: 180/188, gpu mem: 1717Mb, mem: 13.6Gb, iter_time: 1.241s, data_time: 1.096s, total_loss: 2.1, iou_loss: 1.0, l1_loss: 0.0, conf_loss: 0.8, cls_loss: 0.3, lr: 1.150e-03, size: 640, ETA: 4:57:44
2026-08-18 11:32:50 | INFO     | yolox.core.trainer:402 - Save weights to <PROJECT_ROOT>\runs\benchmarks\micropcb_rpi_phash_component_bootstrap_v2_full_e100_b8_i640_w0_s42-43-44_p02facd21ef_dbea2fbaddc_cb773706267\yolox_s_seed43

  0%|          | 0/25 [00:00<?, ?it/s]
  4%|4         | 1/25 [00:00<00:07,  3.06it/s]
  8%|8         | 2/25 [00:00<00:07,  2.99it/s]
 12%|#2        | 3/25 [00:00<00:07,  3.02it/s]
 16%|#6        | 4/25 [00:01<00:07,  2.90it/s]
 20%|##        | 5/25 [00:01<00:07,  2.67it/s]
 24%|##4       | 6/25 [00:02<00:07,  2.65it/s]
 28%|##8       | 7/25 [00:02<00:06,  2.69it/s]
 32%|###2      | 8/25 [00:02<00:06,  2.78it/s]
 36%|###6      | 9/25 [00:03<00:05,  2.80it/s]
 40%|####      | 10/25 [00:03<00:05,  2.76it/s]
 44%|####4     | 11/25 [00:03<00:05,  2.78it/s]
 48%|####8     | 12/25 [00:04<00:04,  2.75it/s]
 52%|#####2    | 13/25 [00:04<00:04,  2.66it/s]
 56%|#####6    | 14/25 [00:05<00:04,  2.69it/s]
 60%|######    | 15/25 [00:05<00:03,  2.63it/s]
 64%|######4   | 16/25 [00:05<00:03,  2.58it/s]
 68%|######8   | 17/25 [00:06<00:02,  2.73it/s]
 72%|#######2  | 18/25 [00:06<00:02,  2.92it/s]
 76%|#######6  | 19/25 [00:06<00:01,  3.08it/s]
 80%|########  | 20/25 [00:07<00:01,  3.16it/s]
 84%|########4 | 21/25 [00:07<00:01,  3.36it/s]
 88%|########8 | 22/25 [00:07<00:00,  3.38it/s]
 92%|#########2| 23/25 [00:07<00:00,  3.24it/s]
 96%|#########6| 24/25 [00:08<00:00,  3.02it/s]
100%|##########| 25/25 [00:08<00:00,  3.69it/s]
100%|##########| 25/25 [00:08<00:00,  2.95it/s]
2026-08-18 11:32:58 | INFO     | mcu_data.yolox_metrics:78 - Evaluate with standard pycocotools COCOeval (no C++ JIT build).
2026-08-18 11:32:58 | INFO     | mcu_data.yolox_metrics:80 - Loading and preparing results...
2026-08-18 11:32:58 | INFO     | mcu_data.yolox_metrics:80 - DONE (t=0.00s)
2026-08-18 11:32:58 | INFO     | pycocotools.coco:367 - creating index...
2026-08-18 11:32:58 | INFO     | pycocotools.coco:367 - index created!
2026-08-18 11:32:58 | INFO     | mcu_data.yolox_metrics:82 - Running per image evaluation...
2026-08-18 11:32:58 | INFO     | mcu_data.yolox_metrics:82 - Evaluate annotation type *bbox*
2026-08-18 11:32:58 | INFO     | mcu_data.yolox_metrics:82 - DONE (t=0.06s).
2026-08-18 11:32:58 | INFO     | mcu_data.yolox_metrics:83 - Accumulating evaluation results...
2026-08-18 11:32:58 | INFO     | mcu_data.yolox_metrics:83 - DONE (t=0.02s).
2026-08-18 11:32:58 | INFO     | yolox.core.trainer:381 - 
Average forward time: 5.11 ms, Average NMS time: 1.00 ms, Average inference time: 6.10 ms
 Average Precision  (AP) @[ IoU=0.50:0.95 | area=   all | maxDets=100 ] = 0.772
 Average Precision  (AP) @[ IoU=0.50      | area=   all | maxDets=100 ] = 1.000
 Average Precision  (AP) @[ IoU=0.75      | area=   all | maxDets=100 ] = 1.000
 Average Precision  (AP) @[ IoU=0.50:0.95 | area= small | maxDets=100 ] = -1.000
 Average Precision  (AP) @[ IoU=0.50:0.95 | area=medium | maxDets=100 ] = -1.000
 Average Precision  (AP) @[ IoU=0.50:0.95 | area= large | maxDets=100 ] = 0.772
 Average Recall     (AR) @[ IoU=0.50:0.95 | area=   all | maxDets=  1 ] = 0.787
 Average Recall     (AR) @[ IoU=0.50:0.95 | area=   all | maxDets= 10 ] = 0.787
 Average Recall     (AR) @[ IoU=0.50:0.95 | area=   all | maxDets=100 ] = 0.787
 Average Recall     (AR) @[ IoU=0.50:0.95 | area= small | maxDets=100 ] = -1.000
 Average Recall     (AR) @[ IoU=0.50:0.95 | area=medium | maxDets=100 ] = -1.000
 Average Recall     (AR) @[ IoU=0.50:0.95 | area= large | maxDets=100 ] = 0.787
per class AP:
| class            | AP     |
|:-----------------|:-------|
| raspberry_pi_sbc | 77.214 |
per class AR:
| class            | AR     |
|:-----------------|:-------|
| raspberry_pi_sbc | 78.667 |

2026-08-18 11:32:58 | INFO     | yolox.core.trainer:402 - Save weights to <PROJECT_ROOT>\runs\benchmarks\micropcb_rpi_phash_component_bootstrap_v2_full_e100_b8_i640_w0_s42-43-44_p02facd21ef_dbea2fbaddc_cb773706267\yolox_s_seed43
[EPOCH 021/100] loss=1.72166 iou=0.89149 conf=0.53096 cls=0.29921 | AP50=1.00000 AP50-95=0.77214 AP75=1.00000 AR100=0.78667 | LR=0.00114917 VRAM_peak=1717.2 MiB
EPOCH_METRICS_JSON {"epoch": 21, "elapsed_s": 4950.914089300029, "epoch_seconds": 244.9712179999915, "iterations": 188, "train_total_loss": 1.721659060488356, "train_iou_loss": 0.8914885438503103, "train_conf_loss": 0.5309646160520137, "train_cls_loss": 0.2992058993971094, "train_l1_loss": 0.0, "num_fg_mean": 8.325108325642605, "map50_95": 0.7721399885258782, "map50": 1.0, "ap75": 1.0, "ar100": 0.7866666666666667, "lr": 0.0011491717682967331, "lr_mean": 0.0011551442571422837, "gpu_peak_allocated_mib": 1717.24755859375, "gpu_peak_reserved_mib": 2234.0, "best_map50_95": 0.7941440620578784}
2026-08-18 11:32:59 | INFO     | yolox.core.trainer:218 - ---> start train epoch22
2026-08-18 11:33:13 | INFO     | yolox.core.trainer:270 - epoch: 22/100, iter: 10/188, gpu mem: 1717Mb, mem: 13.9Gb, iter_time: 1.315s, data_time: 1.168s, total_loss: 1.5, iou_loss: 0.8, l1_loss: 0.0, conf_loss: 0.4, cls_loss: 0.3, lr: 1.149e-03, size: 640, ETA: 4:57:28
2026-08-18 11:33:25 | INFO     | yolox.core.trainer:270 - epoch: 22/100, iter: 20/188, gpu mem: 1717Mb, mem: 13.8Gb, iter_time: 1.254s, data_time: 1.111s, total_loss: 1.7, iou_loss: 0.7, l1_loss: 0.0, conf_loss: 0.7, cls_loss: 0.3, lr: 1.148e-03, size: 640, ETA: 4:57:18
2026-08-18 11:33:38 | INFO     | yolox.core.trainer:270 - epoch: 22/100, iter: 30/188, gpu mem: 1717Mb, mem: 13.7Gb, iter_time: 1.272s, data_time: 1.108s, total_loss: 1.8, iou_loss: 1.0, l1_loss: 0.0, conf_loss: 0.4, cls_loss: 0.3, lr: 1.147e-03, size: 640, ETA: 4:57:09
2026-08-18 11:33:51 | INFO     | yolox.core.trainer:270 - epoch: 22/100, iter: 40/188, gpu mem: 1717Mb, mem: 13.8Gb, iter_time: 1.302s, data_time: 1.155s, total_loss: 1.6, iou_loss: 0.8, l1_loss: 0.0, conf_loss: 0.5, cls_loss: 0.3, lr: 1.147e-03, size: 640, ETA: 4:57:00
2026-08-18 11:34:04 | INFO     | yolox.core.trainer:270 - epoch: 22/100, iter: 50/188, gpu mem: 1717Mb, mem: 13.8Gb, iter_time: 1.270s, data_time: 1.124s, total_loss: 2.5, iou_loss: 1.1, l1_loss: 0.0, conf_loss: 1.1, cls_loss: 0.3, lr: 1.146e-03, size: 640, ETA: 4:56:51
2026-08-18 11:34:17 | INFO     | yolox.core.trainer:270 - epoch: 22/100, iter: 60/188, gpu mem: 1717Mb, mem: 13.8Gb, iter_time: 1.299s, data_time: 1.154s, total_loss: 1.5, iou_loss: 0.7, l1_loss: 0.0, conf_loss: 0.5, cls_loss: 0.3, lr: 1.145e-03, size: 640, ETA: 4:56:42
2026-08-18 11:34:29 | INFO     | yolox.core.trainer:270 - epoch: 22/100, iter: 70/188, gpu mem: 1717Mb, mem: 13.8Gb, iter_time: 1.267s, data_time: 1.123s, total_loss: 2.2, iou_loss: 1.2, l1_loss: 0.0, conf_loss: 0.6, cls_loss: 0.4, lr: 1.145e-03, size: 640, ETA: 4:56:33
2026-08-18 11:34:42 | INFO     | yolox.core.trainer:270 - epoch: 22/100, iter: 80/188, gpu mem: 1717Mb, mem: 13.8Gb, iter_time: 1.289s, data_time: 1.142s, total_loss: 1.8, iou_loss: 1.0, l1_loss: 0.0, conf_loss: 0.5, cls_loss: 0.3, lr: 1.144e-03, size: 640, ETA: 4:56:24
2026-08-18 11:34:55 | INFO     | yolox.core.trainer:270 - epoch: 22/100, iter: 90/188, gpu mem: 1717Mb, mem: 13.8Gb, iter_time: 1.247s, data_time: 1.101s, total_loss: 1.4, iou_loss: 0.7, l1_loss: 0.0, conf_loss: 0.5, cls_loss: 0.3, lr: 1.143e-03, size: 640, ETA: 4:56:13
2026-08-18 11:35:08 | INFO     | yolox.core.trainer:270 - epoch: 22/100, iter: 100/188, gpu mem: 1717Mb, mem: 13.8Gb, iter_time: 1.293s, data_time: 1.145s, total_loss: 1.5, iou_loss: 0.7, l1_loss: 0.0, conf_loss: 0.5, cls_loss: 0.3, lr: 1.143e-03, size: 640, ETA: 4:56:05
2026-08-18 11:35:20 | INFO     | yolox.core.trainer:270 - epoch: 22/100, iter: 110/188, gpu mem: 1717Mb, mem: 13.7Gb, iter_time: 1.238s, data_time: 1.093s, total_loss: 1.1, iou_loss: 0.6, l1_loss: 0.0, conf_loss: 0.3, cls_loss: 0.2, lr: 1.142e-03, size: 640, ETA: 4:55:54
2026-08-18 11:35:33 | INFO     | yolox.core.trainer:270 - epoch: 22/100, iter: 120/188, gpu mem: 1717Mb, mem: 13.7Gb, iter_time: 1.286s, data_time: 1.139s, total_loss: 1.5, iou_loss: 0.8, l1_loss: 0.0, conf_loss: 0.4, cls_loss: 0.3, lr: 1.141e-03, size: 640, ETA: 4:55:45
2026-08-18 11:35:45 | INFO     | yolox.core.trainer:270 - epoch: 22/100, iter: 130/188, gpu mem: 1717Mb, mem: 13.7Gb, iter_time: 1.257s, data_time: 1.111s, total_loss: 1.5, iou_loss: 0.7, l1_loss: 0.0, conf_loss: 0.5, cls_loss: 0.3, lr: 1.141e-03, size: 640, ETA: 4:55:34
2026-08-18 11:35:58 | INFO     | yolox.core.trainer:270 - epoch: 22/100, iter: 140/188, gpu mem: 1717Mb, mem: 14.0Gb, iter_time: 1.283s, data_time: 1.135s, total_loss: 2.0, iou_loss: 1.0, l1_loss: 0.0, conf_loss: 0.7, cls_loss: 0.3, lr: 1.140e-03, size: 640, ETA: 4:55:25
2026-08-18 11:36:11 | INFO     | yolox.core.trainer:270 - epoch: 22/100, iter: 150/188, gpu mem: 1717Mb, mem: 14.0Gb, iter_time: 1.274s, data_time: 1.130s, total_loss: 1.6, iou_loss: 0.9, l1_loss: 0.0, conf_loss: 0.4, cls_loss: 0.3, lr: 1.139e-03, size: 640, ETA: 4:55:16
2026-08-18 11:36:24 | INFO     | yolox.core.trainer:270 - epoch: 22/100, iter: 160/188, gpu mem: 1717Mb, mem: 13.9Gb, iter_time: 1.263s, data_time: 1.117s, total_loss: 1.3, iou_loss: 0.7, l1_loss: 0.0, conf_loss: 0.3, cls_loss: 0.3, lr: 1.139e-03, size: 640, ETA: 4:55:06
2026-08-18 11:36:37 | INFO     | yolox.core.trainer:270 - epoch: 22/100, iter: 170/188, gpu mem: 1717Mb, mem: 13.7Gb, iter_time: 1.294s, data_time: 1.144s, total_loss: 1.6, iou_loss: 0.8, l1_loss: 0.0, conf_loss: 0.6, cls_loss: 0.3, lr: 1.138e-03, size: 640, ETA: 4:54:57
2026-08-18 11:36:50 | INFO     | yolox.core.trainer:270 - epoch: 22/100, iter: 180/188, gpu mem: 1717Mb, mem: 13.6Gb, iter_time: 1.294s, data_time: 1.147s, total_loss: 2.1, iou_loss: 1.1, l1_loss: 0.0, conf_loss: 0.6, cls_loss: 0.4, lr: 1.137e-03, size: 640, ETA: 4:54:48
2026-08-18 11:37:00 | INFO     | yolox.core.trainer:402 - Save weights to <PROJECT_ROOT>\runs\benchmarks\micropcb_rpi_phash_component_bootstrap_v2_full_e100_b8_i640_w0_s42-43-44_p02facd21ef_dbea2fbaddc_cb773706267\yolox_s_seed43

  0%|          | 0/25 [00:00<?, ?it/s]
  4%|4         | 1/25 [00:00<00:08,  2.97it/s]
  8%|8         | 2/25 [00:00<00:07,  2.93it/s]
 12%|#2        | 3/25 [00:01<00:07,  2.95it/s]
 16%|#6        | 4/25 [00:01<00:07,  2.83it/s]
 20%|##        | 5/25 [00:01<00:07,  2.65it/s]
 24%|##4       | 6/25 [00:02<00:07,  2.61it/s]
 28%|##8       | 7/25 [00:02<00:06,  2.66it/s]
 32%|###2      | 8/25 [00:02<00:06,  2.72it/s]
 36%|###6      | 9/25 [00:03<00:05,  2.83it/s]
 40%|####      | 10/25 [00:03<00:05,  2.83it/s]
 44%|####4     | 11/25 [00:03<00:04,  2.88it/s]
 48%|####8     | 12/25 [00:04<00:04,  2.88it/s]
 52%|#####2    | 13/25 [00:04<00:04,  2.79it/s]
 56%|#####6    | 14/25 [00:04<00:03,  2.83it/s]
 60%|######    | 15/25 [00:05<00:03,  2.76it/s]
 64%|######4   | 16/25 [00:05<00:03,  2.65it/s]
 68%|######8   | 17/25 [00:06<00:02,  2.79it/s]
 72%|#######2  | 18/25 [00:06<00:02,  2.98it/s]
 76%|#######6  | 19/25 [00:06<00:01,  3.13it/s]
 80%|########  | 20/25 [00:06<00:01,  3.20it/s]
 84%|########4 | 21/25 [00:07<00:01,  3.32it/s]
 88%|########8 | 22/25 [00:07<00:00,  3.36it/s]
 92%|#########2| 23/25 [00:07<00:00,  3.21it/s]
 96%|#########6| 24/25 [00:08<00:00,  2.98it/s]
100%|##########| 25/25 [00:08<00:00,  3.64it/s]
100%|##########| 25/25 [00:08<00:00,  2.97it/s]
2026-08-18 11:37:08 | INFO     | mcu_data.yolox_metrics:78 - Evaluate with standard pycocotools COCOeval (no C++ JIT build).
2026-08-18 11:37:08 | INFO     | mcu_data.yolox_metrics:80 - Loading and preparing results...
2026-08-18 11:37:08 | INFO     | mcu_data.yolox_metrics:80 - DONE (t=0.00s)
2026-08-18 11:37:08 | INFO     | pycocotools.coco:367 - creating index...
2026-08-18 11:37:08 | INFO     | pycocotools.coco:367 - index created!
2026-08-18 11:37:08 | INFO     | mcu_data.yolox_metrics:82 - Running per image evaluation...
2026-08-18 11:37:08 | INFO     | mcu_data.yolox_metrics:82 - Evaluate annotation type *bbox*
2026-08-18 11:37:08 | INFO     | mcu_data.yolox_metrics:82 - DONE (t=0.08s).
2026-08-18 11:37:08 | INFO     | mcu_data.yolox_metrics:83 - Accumulating evaluation results...
2026-08-18 11:37:08 | INFO     | mcu_data.yolox_metrics:83 - DONE (t=0.02s).
2026-08-18 11:37:08 | INFO     | yolox.core.trainer:381 - 
Average forward time: 5.22 ms, Average NMS time: 0.98 ms, Average inference time: 6.20 ms
 Average Precision  (AP) @[ IoU=0.50:0.95 | area=   all | maxDets=100 ] = 0.793
 Average Precision  (AP) @[ IoU=0.50      | area=   all | maxDets=100 ] = 1.000
 Average Precision  (AP) @[ IoU=0.75      | area=   all | maxDets=100 ] = 0.990
 Average Precision  (AP) @[ IoU=0.50:0.95 | area= small | maxDets=100 ] = -1.000
 Average Precision  (AP) @[ IoU=0.50:0.95 | area=medium | maxDets=100 ] = -1.000
 Average Precision  (AP) @[ IoU=0.50:0.95 | area= large | maxDets=100 ] = 0.793
 Average Recall     (AR) @[ IoU=0.50:0.95 | area=   all | maxDets=  1 ] = 0.816
 Average Recall     (AR) @[ IoU=0.50:0.95 | area=   all | maxDets= 10 ] = 0.816
 Average Recall     (AR) @[ IoU=0.50:0.95 | area=   all | maxDets=100 ] = 0.816
 Average Recall     (AR) @[ IoU=0.50:0.95 | area= small | maxDets=100 ] = -1.000
 Average Recall     (AR) @[ IoU=0.50:0.95 | area=medium | maxDets=100 ] = -1.000
 Average Recall     (AR) @[ IoU=0.50:0.95 | area= large | maxDets=100 ] = 0.816
per class AP:
| class            | AP     |
|:-----------------|:-------|
| raspberry_pi_sbc | 79.332 |
per class AR:
| class            | AR     |
|:-----------------|:-------|
| raspberry_pi_sbc | 81.641 |

2026-08-18 11:37:08 | INFO     | yolox.core.trainer:402 - Save weights to <PROJECT_ROOT>\runs\benchmarks\micropcb_rpi_phash_component_bootstrap_v2_full_e100_b8_i640_w0_s42-43-44_p02facd21ef_dbea2fbaddc_cb773706267\yolox_s_seed43
[EPOCH 022/100] loss=1.75851 iou=0.89258 conf=0.56613 cls=0.29980 | AP50=1.00000 AP50-95=0.79332 AP75=0.98979 AR100=0.81641 | LR=0.00113660 VRAM_peak=1717.2 MiB
EPOCH_METRICS_JSON {"epoch": 22, "elapsed_s": 5200.765275200014, "epoch_seconds": 248.98337309999624, "iterations": 188, "train_total_loss": 1.758508454611961, "train_iou_loss": 0.8925815700216496, "train_conf_loss": 0.5661265794584092, "train_cls_loss": 0.2998003099668533, "train_l1_loss": 0.0, "num_fg_mean": 8.33777850091566, "map50_95": 0.7933159453447189, "map50": 1.0, "ap75": 0.98979436405179, "ar100": 0.8164102564102563, "lr": 0.001136603840410125, "lr_mean": 0.0011429097820455573, "gpu_peak_allocated_mib": 1717.24755859375, "gpu_peak_reserved_mib": 2234.0, "best_map50_95": 0.7941440620578784}
2026-08-18 11:37:09 | INFO     | yolox.core.trainer:218 - ---> start train epoch23
2026-08-18 11:37:22 | INFO     | yolox.core.trainer:270 - epoch: 23/100, iter: 10/188, gpu mem: 1717Mb, mem: 13.6Gb, iter_time: 1.306s, data_time: 1.158s, total_loss: 1.5, iou_loss: 0.7, l1_loss: 0.0, conf_loss: 0.5, cls_loss: 0.3, lr: 1.136e-03, size: 640, ETA: 4:54:31
2026-08-18 11:37:35 | INFO     | yolox.core.trainer:270 - epoch: 23/100, iter: 20/188, gpu mem: 1717Mb, mem: 13.0Gb, iter_time: 1.271s, data_time: 1.126s, total_loss: 1.6, iou_loss: 0.7, l1_loss: 0.0, conf_loss: 0.6, cls_loss: 0.3, lr: 1.135e-03, size: 640, ETA: 4:54:21
2026-08-18 11:37:47 | INFO     | yolox.core.trainer:270 - epoch: 23/100, iter: 30/188, gpu mem: 1717Mb, mem: 12.6Gb, iter_time: 1.167s, data_time: 1.022s, total_loss: 1.3, iou_loss: 0.7, l1_loss: 0.0, conf_loss: 0.4, cls_loss: 0.3, lr: 1.135e-03, size: 640, ETA: 4:54:08
2026-08-18 11:37:58 | INFO     | yolox.core.trainer:270 - epoch: 23/100, iter: 40/188, gpu mem: 1717Mb, mem: 12.6Gb, iter_time: 1.126s, data_time: 0.982s, total_loss: 2.2, iou_loss: 1.2, l1_loss: 0.0, conf_loss: 0.7, cls_loss: 0.4, lr: 1.134e-03, size: 640, ETA: 4:53:53
2026-08-18 11:38:09 | INFO     | yolox.core.trainer:270 - epoch: 23/100, iter: 50/188, gpu mem: 1717Mb, mem: 12.6Gb, iter_time: 1.131s, data_time: 0.987s, total_loss: 1.8, iou_loss: 1.0, l1_loss: 0.0, conf_loss: 0.6, cls_loss: 0.3, lr: 1.133e-03, size: 640, ETA: 4:53:38
2026-08-18 11:38:21 | INFO     | yolox.core.trainer:270 - epoch: 23/100, iter: 60/188, gpu mem: 1717Mb, mem: 12.5Gb, iter_time: 1.133s, data_time: 0.990s, total_loss: 1.4, iou_loss: 0.7, l1_loss: 0.0, conf_loss: 0.4, cls_loss: 0.3, lr: 1.132e-03, size: 640, ETA: 4:53:24
2026-08-18 11:38:32 | INFO     | yolox.core.trainer:270 - epoch: 23/100, iter: 70/188, gpu mem: 1717Mb, mem: 12.6Gb, iter_time: 1.145s, data_time: 0.999s, total_loss: 1.6, iou_loss: 0.8, l1_loss: 0.0, conf_loss: 0.5, cls_loss: 0.3, lr: 1.132e-03, size: 640, ETA: 4:53:10
2026-08-18 11:38:44 | INFO     | yolox.core.trainer:270 - epoch: 23/100, iter: 80/188, gpu mem: 1717Mb, mem: 12.7Gb, iter_time: 1.185s, data_time: 1.042s, total_loss: 1.9, iou_loss: 1.0, l1_loss: 0.0, conf_loss: 0.6, cls_loss: 0.3, lr: 1.131e-03, size: 640, ETA: 4:52:57
2026-08-18 11:38:56 | INFO     | yolox.core.trainer:270 - epoch: 23/100, iter: 90/188, gpu mem: 1717Mb, mem: 12.7Gb, iter_time: 1.206s, data_time: 1.054s, total_loss: 2.0, iou_loss: 1.1, l1_loss: 0.0, conf_loss: 0.6, cls_loss: 0.3, lr: 1.130e-03, size: 640, ETA: 4:52:45
2026-08-18 11:39:06 | INFO     | yolox.core.trainer:270 - epoch: 23/100, iter: 100/188, gpu mem: 1717Mb, mem: 12.7Gb, iter_time: 0.981s, data_time: 0.829s, total_loss: 1.7, iou_loss: 0.8, l1_loss: 0.0, conf_loss: 0.6, cls_loss: 0.3, lr: 1.130e-03, size: 640, ETA: 4:52:25
2026-08-18 11:39:16 | INFO     | yolox.core.trainer:270 - epoch: 23/100, iter: 110/188, gpu mem: 1717Mb, mem: 12.7Gb, iter_time: 0.963s, data_time: 0.807s, total_loss: 2.0, iou_loss: 0.9, l1_loss: 0.0, conf_loss: 0.8, cls_loss: 0.3, lr: 1.129e-03, size: 640, ETA: 4:52:05
2026-08-18 11:39:25 | INFO     | yolox.core.trainer:270 - epoch: 23/100, iter: 120/188, gpu mem: 1717Mb, mem: 12.8Gb, iter_time: 0.910s, data_time: 0.758s, total_loss: 1.1, iou_loss: 0.6, l1_loss: 0.0, conf_loss: 0.3, cls_loss: 0.2, lr: 1.128e-03, size: 640, ETA: 4:51:43
2026-08-18 11:39:34 | INFO     | yolox.core.trainer:270 - epoch: 23/100, iter: 130/188, gpu mem: 1717Mb, mem: 12.7Gb, iter_time: 0.887s, data_time: 0.740s, total_loss: 2.6, iou_loss: 1.3, l1_loss: 0.0, conf_loss: 1.0, cls_loss: 0.3, lr: 1.128e-03, size: 640, ETA: 4:51:20
2026-08-18 11:39:44 | INFO     | yolox.core.trainer:270 - epoch: 23/100, iter: 140/188, gpu mem: 1717Mb, mem: 12.9Gb, iter_time: 1.055s, data_time: 0.907s, total_loss: 2.3, iou_loss: 1.1, l1_loss: 0.0, conf_loss: 0.8, cls_loss: 0.3, lr: 1.127e-03, size: 640, ETA: 4:51:03
2026-08-18 11:39:56 | INFO     | yolox.core.trainer:270 - epoch: 23/100, iter: 150/188, gpu mem: 1717Mb, mem: 13.1Gb, iter_time: 1.209s, data_time: 1.059s, total_loss: 1.8, iou_loss: 1.0, l1_loss: 0.0, conf_loss: 0.5, cls_loss: 0.3, lr: 1.126e-03, size: 640, ETA: 4:50:51
2026-08-18 11:40:08 | INFO     | yolox.core.trainer:270 - epoch: 23/100, iter: 160/188, gpu mem: 1717Mb, mem: 12.9Gb, iter_time: 1.164s, data_time: 1.015s, total_loss: 1.7, iou_loss: 0.9, l1_loss: 0.0, conf_loss: 0.5, cls_loss: 0.3, lr: 1.125e-03, size: 640, ETA: 4:50:38
2026-08-18 11:40:20 | INFO     | yolox.core.trainer:270 - epoch: 23/100, iter: 170/188, gpu mem: 1717Mb, mem: 13.0Gb, iter_time: 1.201s, data_time: 1.056s, total_loss: 1.6, iou_loss: 0.8, l1_loss: 0.0, conf_loss: 0.6, cls_loss: 0.3, lr: 1.125e-03, size: 640, ETA: 4:50:26
2026-08-18 11:40:32 | INFO     | yolox.core.trainer:270 - epoch: 23/100, iter: 180/188, gpu mem: 1717Mb, mem: 13.0Gb, iter_time: 1.263s, data_time: 1.118s, total_loss: 1.5, iou_loss: 0.9, l1_loss: 0.0, conf_loss: 0.3, cls_loss: 0.3, lr: 1.124e-03, size: 640, ETA: 4:50:16
2026-08-18 11:40:43 | INFO     | yolox.core.trainer:402 - Save weights to <PROJECT_ROOT>\runs\benchmarks\micropcb_rpi_phash_component_bootstrap_v2_full_e100_b8_i640_w0_s42-43-44_p02facd21ef_dbea2fbaddc_cb773706267\yolox_s_seed43

  0%|          | 0/25 [00:00<?, ?it/s]
  4%|4         | 1/25 [00:00<00:07,  3.09it/s]
  8%|8         | 2/25 [00:00<00:07,  3.00it/s]
 12%|#2        | 3/25 [00:00<00:07,  3.00it/s]
 16%|#6        | 4/25 [00:01<00:07,  2.83it/s]
 20%|##        | 5/25 [00:01<00:07,  2.64it/s]
 24%|##4       | 6/25 [00:02<00:07,  2.60it/s]
 28%|##8       | 7/25 [00:02<00:06,  2.68it/s]
 32%|###2      | 8/25 [00:02<00:06,  2.78it/s]
 36%|###6      | 9/25 [00:03<00:05,  2.86it/s]
 40%|####      | 10/25 [00:03<00:05,  2.86it/s]
 44%|####4     | 11/25 [00:03<00:04,  2.93it/s]
 48%|####8     | 12/25 [00:04<00:04,  2.91it/s]
 52%|#####2    | 13/25 [00:04<00:04,  2.80it/s]
 56%|#####6    | 14/25 [00:04<00:03,  2.84it/s]
 60%|######    | 15/25 [00:05<00:03,  2.75it/s]
 64%|######4   | 16/25 [00:05<00:03,  2.67it/s]
 68%|######8   | 17/25 [00:06<00:02,  2.81it/s]
 72%|#######2  | 18/25 [00:06<00:02,  3.00it/s]
 76%|#######6  | 19/25 [00:06<00:01,  3.14it/s]
 80%|########  | 20/25 [00:06<00:01,  3.22it/s]
 84%|########4 | 21/25 [00:07<00:01,  3.37it/s]
 88%|########8 | 22/25 [00:07<00:00,  3.44it/s]
 92%|#########2| 23/25 [00:07<00:00,  3.27it/s]
 96%|#########6| 24/25 [00:08<00:00,  3.02it/s]
100%|##########| 25/25 [00:08<00:00,  3.67it/s]
100%|##########| 25/25 [00:08<00:00,  3.00it/s]
2026-08-18 11:40:51 | INFO     | mcu_data.yolox_metrics:78 - Evaluate with standard pycocotools COCOeval (no C++ JIT build).
2026-08-18 11:40:51 | INFO     | mcu_data.yolox_metrics:80 - Loading and preparing results...
2026-08-18 11:40:51 | INFO     | mcu_data.yolox_metrics:80 - DONE (t=0.00s)
2026-08-18 11:40:51 | INFO     | pycocotools.coco:367 - creating index...
2026-08-18 11:40:51 | INFO     | pycocotools.coco:367 - index created!
2026-08-18 11:40:51 | INFO     | mcu_data.yolox_metrics:82 - Running per image evaluation...
2026-08-18 11:40:51 | INFO     | mcu_data.yolox_metrics:82 - Evaluate annotation type *bbox*
2026-08-18 11:40:51 | INFO     | mcu_data.yolox_metrics:82 - DONE (t=0.08s).
2026-08-18 11:40:51 | INFO     | mcu_data.yolox_metrics:83 - Accumulating evaluation results...
2026-08-18 11:40:51 | INFO     | mcu_data.yolox_metrics:83 - DONE (t=0.02s).
2026-08-18 11:40:51 | INFO     | yolox.core.trainer:381 - 
Average forward time: 5.21 ms, Average NMS time: 0.95 ms, Average inference time: 6.16 ms
 Average Precision  (AP) @[ IoU=0.50:0.95 | area=   all | maxDets=100 ] = 0.801
 Average Precision  (AP) @[ IoU=0.50      | area=   all | maxDets=100 ] = 1.000
 Average Precision  (AP) @[ IoU=0.75      | area=   all | maxDets=100 ] = 1.000
 Average Precision  (AP) @[ IoU=0.50:0.95 | area= small | maxDets=100 ] = -1.000
 Average Precision  (AP) @[ IoU=0.50:0.95 | area=medium | maxDets=100 ] = -1.000
 Average Precision  (AP) @[ IoU=0.50:0.95 | area= large | maxDets=100 ] = 0.801
 Average Recall     (AR) @[ IoU=0.50:0.95 | area=   all | maxDets=  1 ] = 0.818
 Average Recall     (AR) @[ IoU=0.50:0.95 | area=   all | maxDets= 10 ] = 0.818
 Average Recall     (AR) @[ IoU=0.50:0.95 | area=   all | maxDets=100 ] = 0.818
 Average Recall     (AR) @[ IoU=0.50:0.95 | area= small | maxDets=100 ] = -1.000
 Average Recall     (AR) @[ IoU=0.50:0.95 | area=medium | maxDets=100 ] = -1.000
 Average Recall     (AR) @[ IoU=0.50:0.95 | area= large | maxDets=100 ] = 0.818
per class AP:
| class            | AP     |
|:-----------------|:-------|
| raspberry_pi_sbc | 80.100 |
per class AR:
| class            | AR     |
|:-----------------|:-------|
| raspberry_pi_sbc | 81.795 |

2026-08-18 11:40:51 | INFO     | yolox.core.trainer:402 - Save weights to <PROJECT_ROOT>\runs\benchmarks\micropcb_rpi_phash_component_bootstrap_v2_full_e100_b8_i640_w0_s42-43-44_p02facd21ef_dbea2fbaddc_cb773706267\yolox_s_seed43
[EPOCH 023/100] loss=1.66402 iou=0.86055 conf=0.51182 cls=0.29165 | AP50=1.00000 AP50-95=0.80100 AP75=1.00000 AR100=0.81795 | LR=0.00112338 VRAM_peak=1717.2 MiB
EPOCH_METRICS_JSON {"epoch": 23, "elapsed_s": 5424.085942200036, "epoch_seconds": 222.5360384999658, "iterations": 188, "train_total_loss": 1.6640218670697922, "train_iou_loss": 0.8605476031278042, "train_conf_loss": 0.511824757653348, "train_cls_loss": 0.29164950898353087, "train_l1_loss": 0.0, "num_fg_mean": 8.34339182755096, "map50_95": 0.8009994730659801, "map50": 1.0, "ap75": 1.0, "ar100": 0.8179487179487179, "lr": 0.0011233798069573808, "lr_mean": 0.001130010588224936, "gpu_peak_allocated_mib": 1717.24755859375, "gpu_peak_reserved_mib": 2234.0, "best_map50_95": 0.8009994730659801}
2026-08-18 11:40:53 | INFO     | yolox.core.trainer:218 - ---> start train epoch24
2026-08-18 11:41:05 | INFO     | yolox.core.trainer:270 - epoch: 24/100, iter: 10/188, gpu mem: 1717Mb, mem: 13.2Gb, iter_time: 1.269s, data_time: 1.119s, total_loss: 1.2, iou_loss: 0.6, l1_loss: 0.0, conf_loss: 0.4, cls_loss: 0.2, lr: 1.123e-03, size: 640, ETA: 4:49:59
2026-08-18 11:41:18 | INFO     | yolox.core.trainer:270 - epoch: 24/100, iter: 20/188, gpu mem: 1717Mb, mem: 13.1Gb, iter_time: 1.270s, data_time: 1.121s, total_loss: 1.5, iou_loss: 0.7, l1_loss: 0.0, conf_loss: 0.5, cls_loss: 0.3, lr: 1.122e-03, size: 640, ETA: 4:49:49
2026-08-18 11:41:31 | INFO     | yolox.core.trainer:270 - epoch: 24/100, iter: 30/188, gpu mem: 1717Mb, mem: 13.1Gb, iter_time: 1.278s, data_time: 1.130s, total_loss: 1.7, iou_loss: 0.8, l1_loss: 0.0, conf_loss: 0.5, cls_loss: 0.3, lr: 1.121e-03, size: 640, ETA: 4:49:39
2026-08-18 11:41:44 | INFO     | yolox.core.trainer:270 - epoch: 24/100, iter: 40/188, gpu mem: 1717Mb, mem: 13.1Gb, iter_time: 1.305s, data_time: 1.159s, total_loss: 1.6, iou_loss: 0.9, l1_loss: 0.0, conf_loss: 0.4, cls_loss: 0.3, lr: 1.120e-03, size: 640, ETA: 4:49:31
2026-08-18 11:41:57 | INFO     | yolox.core.trainer:270 - epoch: 24/100, iter: 50/188, gpu mem: 1717Mb, mem: 13.1Gb, iter_time: 1.283s, data_time: 1.139s, total_loss: 1.9, iou_loss: 1.1, l1_loss: 0.0, conf_loss: 0.4, cls_loss: 0.3, lr: 1.120e-03, size: 640, ETA: 4:49:21
2026-08-18 11:42:09 | INFO     | yolox.core.trainer:270 - epoch: 24/100, iter: 60/188, gpu mem: 1717Mb, mem: 13.1Gb, iter_time: 1.246s, data_time: 1.103s, total_loss: 2.1, iou_loss: 1.1, l1_loss: 0.0, conf_loss: 0.7, cls_loss: 0.3, lr: 1.119e-03, size: 640, ETA: 4:49:10
2026-08-18 11:42:22 | INFO     | yolox.core.trainer:270 - epoch: 24/100, iter: 70/188, gpu mem: 1717Mb, mem: 13.1Gb, iter_time: 1.274s, data_time: 1.132s, total_loss: 1.6, iou_loss: 0.9, l1_loss: 0.0, conf_loss: 0.4, cls_loss: 0.3, lr: 1.118e-03, size: 640, ETA: 4:49:01
2026-08-18 11:42:35 | INFO     | yolox.core.trainer:270 - epoch: 24/100, iter: 80/188, gpu mem: 1717Mb, mem: 13.1Gb, iter_time: 1.302s, data_time: 1.154s, total_loss: 1.8, iou_loss: 0.9, l1_loss: 0.0, conf_loss: 0.6, cls_loss: 0.3, lr: 1.118e-03, size: 640, ETA: 4:48:52
2026-08-18 11:42:47 | INFO     | yolox.core.trainer:270 - epoch: 24/100, iter: 90/188, gpu mem: 1717Mb, mem: 13.0Gb, iter_time: 1.170s, data_time: 1.023s, total_loss: 2.0, iou_loss: 1.0, l1_loss: 0.0, conf_loss: 0.7, cls_loss: 0.3, lr: 1.117e-03, size: 640, ETA: 4:48:39
2026-08-18 11:42:59 | INFO     | yolox.core.trainer:270 - epoch: 24/100, iter: 100/188, gpu mem: 1717Mb, mem: 13.0Gb, iter_time: 1.259s, data_time: 1.112s, total_loss: 1.5, iou_loss: 0.8, l1_loss: 0.0, conf_loss: 0.5, cls_loss: 0.3, lr: 1.116e-03, size: 640, ETA: 4:48:29
2026-08-18 11:43:11 | INFO     | yolox.core.trainer:270 - epoch: 24/100, iter: 110/188, gpu mem: 1717Mb, mem: 13.0Gb, iter_time: 1.200s, data_time: 1.056s, total_loss: 2.8, iou_loss: 1.3, l1_loss: 0.0, conf_loss: 1.1, cls_loss: 0.4, lr: 1.115e-03, size: 640, ETA: 4:48:16
2026-08-18 11:43:23 | INFO     | yolox.core.trainer:270 - epoch: 24/100, iter: 120/188, gpu mem: 1717Mb, mem: 13.0Gb, iter_time: 1.140s, data_time: 1.003s, total_loss: 2.0, iou_loss: 1.0, l1_loss: 0.0, conf_loss: 0.7, cls_loss: 0.3, lr: 1.115e-03, size: 640, ETA: 4:48:02
2026-08-18 11:43:34 | INFO     | yolox.core.trainer:270 - epoch: 24/100, iter: 130/188, gpu mem: 1717Mb, mem: 13.0Gb, iter_time: 1.167s, data_time: 1.027s, total_loss: 1.5, iou_loss: 0.8, l1_loss: 0.0, conf_loss: 0.4, cls_loss: 0.3, lr: 1.114e-03, size: 640, ETA: 4:47:49
2026-08-18 11:43:47 | INFO     | yolox.core.trainer:270 - epoch: 24/100, iter: 140/188, gpu mem: 1717Mb, mem: 13.0Gb, iter_time: 1.255s, data_time: 1.117s, total_loss: 2.0, iou_loss: 1.0, l1_loss: 0.0, conf_loss: 0.7, cls_loss: 0.3, lr: 1.113e-03, size: 640, ETA: 4:47:39
2026-08-18 11:43:59 | INFO     | yolox.core.trainer:270 - epoch: 24/100, iter: 150/188, gpu mem: 1717Mb, mem: 13.0Gb, iter_time: 1.249s, data_time: 1.110s, total_loss: 1.6, iou_loss: 0.8, l1_loss: 0.0, conf_loss: 0.6, cls_loss: 0.3, lr: 1.112e-03, size: 640, ETA: 4:47:28
2026-08-18 11:44:11 | INFO     | yolox.core.trainer:270 - epoch: 24/100, iter: 160/188, gpu mem: 1717Mb, mem: 13.0Gb, iter_time: 1.205s, data_time: 1.066s, total_loss: 1.6, iou_loss: 0.9, l1_loss: 0.0, conf_loss: 0.4, cls_loss: 0.3, lr: 1.112e-03, size: 640, ETA: 4:47:16
2026-08-18 11:44:23 | INFO     | yolox.core.trainer:270 - epoch: 24/100, iter: 170/188, gpu mem: 1717Mb, mem: 13.0Gb, iter_time: 1.155s, data_time: 1.016s, total_loss: 1.6, iou_loss: 0.8, l1_loss: 0.0, conf_loss: 0.5, cls_loss: 0.3, lr: 1.111e-03, size: 640, ETA: 4:47:02
2026-08-18 11:44:35 | INFO     | yolox.core.trainer:270 - epoch: 24/100, iter: 180/188, gpu mem: 1717Mb, mem: 13.0Gb, iter_time: 1.233s, data_time: 1.095s, total_loss: 1.8, iou_loss: 0.8, l1_loss: 0.0, conf_loss: 0.6, cls_loss: 0.3, lr: 1.110e-03, size: 640, ETA: 4:46:51
2026-08-18 11:44:45 | INFO     | yolox.core.trainer:402 - Save weights to <PROJECT_ROOT>\runs\benchmarks\micropcb_rpi_phash_component_bootstrap_v2_full_e100_b8_i640_w0_s42-43-44_p02facd21ef_dbea2fbaddc_cb773706267\yolox_s_seed43

  0%|          | 0/25 [00:00<?, ?it/s]
  4%|4         | 1/25 [00:00<00:07,  3.04it/s]
  8%|8         | 2/25 [00:00<00:07,  3.01it/s]
 12%|#2        | 3/25 [00:00<00:07,  3.13it/s]
 16%|#6        | 4/25 [00:01<00:07,  2.96it/s]
 20%|##        | 5/25 [00:01<00:07,  2.78it/s]
 24%|##4       | 6/25 [00:02<00:06,  2.73it/s]
 28%|##8       | 7/25 [00:02<00:06,  2.79it/s]
 32%|###2      | 8/25 [00:02<00:05,  2.87it/s]
 36%|###6      | 9/25 [00:03<00:05,  2.96it/s]
 40%|####      | 10/25 [00:03<00:05,  2.97it/s]
 44%|####4     | 11/25 [00:03<00:04,  3.01it/s]
 48%|####8     | 12/25 [00:04<00:04,  2.92it/s]
 52%|#####2    | 13/25 [00:04<00:04,  2.83it/s]
 56%|#####6    | 14/25 [00:04<00:03,  2.91it/s]
 60%|######    | 15/25 [00:05<00:03,  2.85it/s]
 64%|######4   | 16/25 [00:05<00:03,  2.73it/s]
 68%|######8   | 17/25 [00:05<00:02,  3.00it/s]
 72%|#######2  | 18/25 [00:06<00:02,  3.25it/s]
 76%|#######6  | 19/25 [00:06<00:01,  3.49it/s]
 80%|########  | 20/25 [00:06<00:01,  3.68it/s]
 84%|########4 | 21/25 [00:06<00:01,  3.86it/s]
 88%|########8 | 22/25 [00:07<00:00,  3.98it/s]
 92%|#########2| 23/25 [00:07<00:00,  3.72it/s]
 96%|#########6| 24/25 [00:07<00:00,  3.39it/s]
100%|##########| 25/25 [00:07<00:00,  3.21it/s]
2026-08-18 11:44:53 | INFO     | mcu_data.yolox_metrics:78 - Evaluate with standard pycocotools COCOeval (no C++ JIT build).
2026-08-18 11:44:53 | INFO     | mcu_data.yolox_metrics:80 - Loading and preparing results...
2026-08-18 11:44:53 | INFO     | mcu_data.yolox_metrics:80 - DONE (t=0.00s)
2026-08-18 11:44:53 | INFO     | pycocotools.coco:367 - creating index...
2026-08-18 11:44:53 | INFO     | pycocotools.coco:367 - index created!
2026-08-18 11:44:53 | INFO     | mcu_data.yolox_metrics:82 - Running per image evaluation...
2026-08-18 11:44:53 | INFO     | mcu_data.yolox_metrics:82 - Evaluate annotation type *bbox*
2026-08-18 11:44:53 | INFO     | mcu_data.yolox_metrics:82 - DONE (t=0.08s).
2026-08-18 11:44:53 | INFO     | mcu_data.yolox_metrics:83 - Accumulating evaluation results...
2026-08-18 11:44:53 | INFO     | mcu_data.yolox_metrics:83 - DONE (t=0.01s).
2026-08-18 11:44:53 | INFO     | yolox.core.trainer:381 - 
Average forward time: 5.08 ms, Average NMS time: 0.94 ms, Average inference time: 6.02 ms
 Average Precision  (AP) @[ IoU=0.50:0.95 | area=   all | maxDets=100 ] = 0.685
 Average Precision  (AP) @[ IoU=0.50      | area=   all | maxDets=100 ] = 1.000
 Average Precision  (AP) @[ IoU=0.75      | area=   all | maxDets=100 ] = 0.940
 Average Precision  (AP) @[ IoU=0.50:0.95 | area= small | maxDets=100 ] = -1.000
 Average Precision  (AP) @[ IoU=0.50:0.95 | area=medium | maxDets=100 ] = -1.000
 Average Precision  (AP) @[ IoU=0.50:0.95 | area= large | maxDets=100 ] = 0.685
 Average Recall     (AR) @[ IoU=0.50:0.95 | area=   all | maxDets=  1 ] = 0.708
 Average Recall     (AR) @[ IoU=0.50:0.95 | area=   all | maxDets= 10 ] = 0.708
 Average Recall     (AR) @[ IoU=0.50:0.95 | area=   all | maxDets=100 ] = 0.708
 Average Recall     (AR) @[ IoU=0.50:0.95 | area= small | maxDets=100 ] = -1.000
 Average Recall     (AR) @[ IoU=0.50:0.95 | area=medium | maxDets=100 ] = -1.000
 Average Recall     (AR) @[ IoU=0.50:0.95 | area= large | maxDets=100 ] = 0.708
per class AP:
| class            | AP     |
|:-----------------|:-------|
| raspberry_pi_sbc | 68.452 |
per class AR:
| class            | AR     |
|:-----------------|:-------|
| raspberry_pi_sbc | 70.821 |

2026-08-18 11:44:53 | INFO     | yolox.core.trainer:402 - Save weights to <PROJECT_ROOT>\runs\benchmarks\micropcb_rpi_phash_component_bootstrap_v2_full_e100_b8_i640_w0_s42-43-44_p02facd21ef_dbea2fbaddc_cb773706267\yolox_s_seed43
[EPOCH 024/100] loss=1.70519 iou=0.87226 conf=0.53826 cls=0.29466 | AP50=1.00000 AP50-95=0.68452 AP75=0.94006 AR100=0.70821 | LR=0.00110952 VRAM_peak=1717.2 MiB
EPOCH_METRICS_JSON {"epoch": 24, "elapsed_s": 5665.631980900012, "epoch_seconds": 240.75829769996926, "iterations": 188, "train_total_loss": 1.7051873968002644, "train_iou_loss": 0.8722610936519948, "train_conf_loss": 0.5382614312495323, "train_cls_loss": 0.29466487530698166, "train_l1_loss": 0.0, "num_fg_mean": 8.366478488461272, "map50_95": 0.6845170310575072, "map50": 1.0, "ap75": 0.9400580940040049, "ar100": 0.7082051282051282, "lr": 0.00110951773037753, "lr_mean": 0.0011164642944275888, "gpu_peak_allocated_mib": 1717.24755859375, "gpu_peak_reserved_mib": 2234.0, "best_map50_95": 0.8009994730659801}
2026-08-18 11:44:54 | INFO     | yolox.core.trainer:218 - ---> start train epoch25
2026-08-18 11:45:06 | INFO     | yolox.core.trainer:270 - epoch: 25/100, iter: 10/188, gpu mem: 1717Mb, mem: 12.9Gb, iter_time: 1.222s, data_time: 1.083s, total_loss: 1.4, iou_loss: 0.7, l1_loss: 0.0, conf_loss: 0.4, cls_loss: 0.3, lr: 1.109e-03, size: 640, ETA: 4:46:31
2026-08-18 11:45:18 | INFO     | yolox.core.trainer:270 - epoch: 25/100, iter: 20/188, gpu mem: 1717Mb, mem: 12.9Gb, iter_time: 1.203s, data_time: 1.065s, total_loss: 1.3, iou_loss: 0.7, l1_loss: 0.0, conf_loss: 0.4, cls_loss: 0.2, lr: 1.108e-03, size: 640, ETA: 4:46:19
2026-08-18 11:45:31 | INFO     | yolox.core.trainer:270 - epoch: 25/100, iter: 30/188, gpu mem: 1717Mb, mem: 12.9Gb, iter_time: 1.212s, data_time: 1.070s, total_loss: 2.2, iou_loss: 1.1, l1_loss: 0.0, conf_loss: 0.8, cls_loss: 0.4, lr: 1.107e-03, size: 640, ETA: 4:46:07
2026-08-18 11:45:43 | INFO     | yolox.core.trainer:270 - epoch: 25/100, iter: 40/188, gpu mem: 1717Mb, mem: 12.9Gb, iter_time: 1.223s, data_time: 1.084s, total_loss: 1.9, iou_loss: 1.1, l1_loss: 0.0, conf_loss: 0.6, cls_loss: 0.3, lr: 1.106e-03, size: 640, ETA: 4:45:55
2026-08-18 11:45:55 | INFO     | yolox.core.trainer:270 - epoch: 25/100, iter: 50/188, gpu mem: 1717Mb, mem: 12.9Gb, iter_time: 1.227s, data_time: 1.088s, total_loss: 1.7, iou_loss: 0.8, l1_loss: 0.0, conf_loss: 0.6, cls_loss: 0.3, lr: 1.106e-03, size: 640, ETA: 4:45:44
2026-08-18 11:46:07 | INFO     | yolox.core.trainer:270 - epoch: 25/100, iter: 60/188, gpu mem: 1717Mb, mem: 12.9Gb, iter_time: 1.210s, data_time: 1.072s, total_loss: 2.0, iou_loss: 1.0, l1_loss: 0.0, conf_loss: 0.6, cls_loss: 0.3, lr: 1.105e-03, size: 640, ETA: 4:45:32
2026-08-18 11:46:19 | INFO     | yolox.core.trainer:270 - epoch: 25/100, iter: 70/188, gpu mem: 1717Mb, mem: 12.9Gb, iter_time: 1.230s, data_time: 1.089s, total_loss: 2.2, iou_loss: 1.2, l1_loss: 0.0, conf_loss: 0.7, cls_loss: 0.3, lr: 1.104e-03, size: 640, ETA: 4:45:21
2026-08-18 11:46:31 | INFO     | yolox.core.trainer:270 - epoch: 25/100, iter: 80/188, gpu mem: 1717Mb, mem: 12.9Gb, iter_time: 1.186s, data_time: 1.044s, total_loss: 1.7, iou_loss: 0.8, l1_loss: 0.0, conf_loss: 0.6, cls_loss: 0.3, lr: 1.103e-03, size: 640, ETA: 4:45:08
2026-08-18 11:46:43 | INFO     | yolox.core.trainer:270 - epoch: 25/100, iter: 90/188, gpu mem: 1717Mb, mem: 12.9Gb, iter_time: 1.170s, data_time: 1.030s, total_loss: 2.2, iou_loss: 1.2, l1_loss: 0.0, conf_loss: 0.6, cls_loss: 0.4, lr: 1.103e-03, size: 640, ETA: 4:44:55
2026-08-18 11:46:55 | INFO     | yolox.core.trainer:270 - epoch: 25/100, iter: 100/188, gpu mem: 1717Mb, mem: 12.8Gb, iter_time: 1.190s, data_time: 1.032s, total_loss: 1.3, iou_loss: 0.8, l1_loss: 0.0, conf_loss: 0.3, cls_loss: 0.3, lr: 1.102e-03, size: 640, ETA: 4:44:43
2026-08-18 11:47:07 | INFO     | yolox.core.trainer:270 - epoch: 25/100, iter: 110/188, gpu mem: 1717Mb, mem: 12.8Gb, iter_time: 1.166s, data_time: 1.024s, total_loss: 1.9, iou_loss: 1.1, l1_loss: 0.0, conf_loss: 0.6, cls_loss: 0.3, lr: 1.101e-03, size: 640, ETA: 4:44:30
2026-08-18 11:47:18 | INFO     | yolox.core.trainer:270 - epoch: 25/100, iter: 120/188, gpu mem: 1717Mb, mem: 12.8Gb, iter_time: 1.157s, data_time: 1.017s, total_loss: 1.4, iou_loss: 0.7, l1_loss: 0.0, conf_loss: 0.4, cls_loss: 0.3, lr: 1.100e-03, size: 640, ETA: 4:44:16
2026-08-18 11:47:30 | INFO     | yolox.core.trainer:270 - epoch: 25/100, iter: 130/188, gpu mem: 1717Mb, mem: 12.8Gb, iter_time: 1.135s, data_time: 0.997s, total_loss: 1.1, iou_loss: 0.6, l1_loss: 0.0, conf_loss: 0.2, cls_loss: 0.2, lr: 1.100e-03, size: 640, ETA: 4:44:02
2026-08-18 11:47:41 | INFO     | yolox.core.trainer:270 - epoch: 25/100, iter: 140/188, gpu mem: 1717Mb, mem: 12.8Gb, iter_time: 1.175s, data_time: 1.035s, total_loss: 1.4, iou_loss: 0.8, l1_loss: 0.0, conf_loss: 0.3, cls_loss: 0.3, lr: 1.099e-03, size: 640, ETA: 4:43:49
2026-08-18 11:47:53 | INFO     | yolox.core.trainer:270 - epoch: 25/100, iter: 150/188, gpu mem: 1717Mb, mem: 12.8Gb, iter_time: 1.137s, data_time: 0.997s, total_loss: 1.6, iou_loss: 0.9, l1_loss: 0.0, conf_loss: 0.4, cls_loss: 0.3, lr: 1.098e-03, size: 640, ETA: 4:43:35
2026-08-18 11:48:05 | INFO     | yolox.core.trainer:270 - epoch: 25/100, iter: 160/188, gpu mem: 1717Mb, mem: 12.9Gb, iter_time: 1.241s, data_time: 1.090s, total_loss: 1.7, iou_loss: 1.0, l1_loss: 0.0, conf_loss: 0.5, cls_loss: 0.3, lr: 1.097e-03, size: 640, ETA: 4:43:24
2026-08-18 11:48:17 | INFO     | yolox.core.trainer:270 - epoch: 25/100, iter: 170/188, gpu mem: 1717Mb, mem: 12.8Gb, iter_time: 1.164s, data_time: 1.013s, total_loss: 2.1, iou_loss: 1.2, l1_loss: 0.0, conf_loss: 0.6, cls_loss: 0.3, lr: 1.096e-03, size: 640, ETA: 4:43:11
2026-08-18 11:48:29 | INFO     | yolox.core.trainer:270 - epoch: 25/100, iter: 180/188, gpu mem: 1717Mb, mem: 12.7Gb, iter_time: 1.174s, data_time: 1.023s, total_loss: 1.7, iou_loss: 0.8, l1_loss: 0.0, conf_loss: 0.5, cls_loss: 0.3, lr: 1.096e-03, size: 640, ETA: 4:42:58
2026-08-18 11:48:38 | INFO     | yolox.core.trainer:402 - Save weights to <PROJECT_ROOT>\runs\benchmarks\micropcb_rpi_phash_component_bootstrap_v2_full_e100_b8_i640_w0_s42-43-44_p02facd21ef_dbea2fbaddc_cb773706267\yolox_s_seed43

  0%|          | 0/25 [00:00<?, ?it/s]
  4%|4         | 1/25 [00:00<00:07,  3.23it/s]
  8%|8         | 2/25 [00:00<00:07,  3.15it/s]
 12%|#2        | 3/25 [00:00<00:06,  3.17it/s]
 16%|#6        | 4/25 [00:01<00:07,  3.00it/s]
 20%|##        | 5/25 [00:01<00:07,  2.79it/s]
 24%|##4       | 6/25 [00:02<00:06,  2.74it/s]
 28%|##8       | 7/25 [00:02<00:06,  2.78it/s]
 32%|###2      | 8/25 [00:02<00:05,  2.84it/s]
 36%|###6      | 9/25 [00:03<00:05,  2.93it/s]
 40%|####      | 10/25 [00:03<00:05,  2.94it/s]
 44%|####4     | 11/25 [00:03<00:04,  3.00it/s]
 48%|####8     | 12/25 [00:04<00:04,  2.98it/s]
 52%|#####2    | 13/25 [00:04<00:04,  2.95it/s]
 56%|#####6    | 14/25 [00:04<00:03,  2.97it/s]
 60%|######    | 15/25 [00:05<00:03,  2.87it/s]
 64%|######4   | 16/25 [00:05<00:03,  2.69it/s]
 68%|######8   | 17/25 [00:05<00:02,  2.84it/s]
 72%|#######2  | 18/25 [00:06<00:02,  3.02it/s]
 76%|#######6  | 19/25 [00:06<00:01,  3.18it/s]
 80%|########  | 20/25 [00:06<00:01,  3.25it/s]
 84%|########4 | 21/25 [00:06<00:01,  3.44it/s]
 88%|########8 | 22/25 [00:07<00:00,  3.41it/s]
 92%|#########2| 23/25 [00:07<00:00,  3.27it/s]
 96%|#########6| 24/25 [00:07<00:00,  3.02it/s]
100%|##########| 25/25 [00:08<00:00,  3.69it/s]
100%|##########| 25/25 [00:08<00:00,  3.08it/s]
2026-08-18 11:48:46 | INFO     | mcu_data.yolox_metrics:78 - Evaluate with standard pycocotools COCOeval (no C++ JIT build).
2026-08-18 11:48:46 | INFO     | mcu_data.yolox_metrics:80 - Loading and preparing results...
2026-08-18 11:48:46 | INFO     | mcu_data.yolox_metrics:80 - DONE (t=0.00s)
2026-08-18 11:48:46 | INFO     | pycocotools.coco:367 - creating index...
2026-08-18 11:48:46 | INFO     | pycocotools.coco:367 - index created!
2026-08-18 11:48:46 | INFO     | mcu_data.yolox_metrics:82 - Running per image evaluation...
2026-08-18 11:48:46 | INFO     | mcu_data.yolox_metrics:82 - Evaluate annotation type *bbox*
2026-08-18 11:48:46 | INFO     | mcu_data.yolox_metrics:82 - DONE (t=0.06s).
2026-08-18 11:48:46 | INFO     | mcu_data.yolox_metrics:83 - Accumulating evaluation results...
2026-08-18 11:48:46 | INFO     | mcu_data.yolox_metrics:83 - DONE (t=0.01s).
2026-08-18 11:48:46 | INFO     | yolox.core.trainer:381 - 
Average forward time: 5.08 ms, Average NMS time: 0.97 ms, Average inference time: 6.05 ms
 Average Precision  (AP) @[ IoU=0.50:0.95 | area=   all | maxDets=100 ] = 0.665
 Average Precision  (AP) @[ IoU=0.50      | area=   all | maxDets=100 ] = 1.000
 Average Precision  (AP) @[ IoU=0.75      | area=   all | maxDets=100 ] = 0.974
 Average Precision  (AP) @[ IoU=0.50:0.95 | area= small | maxDets=100 ] = -1.000
 Average Precision  (AP) @[ IoU=0.50:0.95 | area=medium | maxDets=100 ] = -1.000
 Average Precision  (AP) @[ IoU=0.50:0.95 | area= large | maxDets=100 ] = 0.665
 Average Recall     (AR) @[ IoU=0.50:0.95 | area=   all | maxDets=  1 ] = 0.700
 Average Recall     (AR) @[ IoU=0.50:0.95 | area=   all | maxDets= 10 ] = 0.700
 Average Recall     (AR) @[ IoU=0.50:0.95 | area=   all | maxDets=100 ] = 0.700
 Average Recall     (AR) @[ IoU=0.50:0.95 | area= small | maxDets=100 ] = -1.000
 Average Recall     (AR) @[ IoU=0.50:0.95 | area=medium | maxDets=100 ] = -1.000
 Average Recall     (AR) @[ IoU=0.50:0.95 | area= large | maxDets=100 ] = 0.700
per class AP:
| class            | AP     |
|:-----------------|:-------|
| raspberry_pi_sbc | 66.541 |
per class AR:
| class            | AR     |
|:-----------------|:-------|
| raspberry_pi_sbc | 70.000 |

2026-08-18 11:48:46 | INFO     | yolox.core.trainer:402 - Save weights to <PROJECT_ROOT>\runs\benchmarks\micropcb_rpi_phash_component_bootstrap_v2_full_e100_b8_i640_w0_s42-43-44_p02facd21ef_dbea2fbaddc_cb773706267\yolox_s_seed43
[EPOCH 025/100] loss=1.67579 iou=0.86920 conf=0.51291 cls=0.29369 | AP50=1.00000 AP50-95=0.66541 AP75=0.97351 AR100=0.70000 | LR=0.00109504 VRAM_peak=1717.2 MiB
EPOCH_METRICS_JSON {"epoch": 25, "elapsed_s": 5898.3633905999595, "epoch_seconds": 231.96013889997266, "iterations": 188, "train_total_loss": 1.675792304125238, "train_iou_loss": 0.8692013976421762, "train_conf_loss": 0.5129055568670973, "train_cls_loss": 0.29368534454322875, "train_l1_loss": 0.0, "num_fg_mean": 8.335136176141866, "map50_95": 0.6654093463945207, "map50": 1.0, "ap75": 0.9735080291028498, "ar100": 0.7, "lr": 0.0010950365445997663, "lr_mean": 0.0011022894032614104, "gpu_peak_allocated_mib": 1717.24755859375, "gpu_peak_reserved_mib": 2234.0, "best_map50_95": 0.8009994730659801}
2026-08-18 11:48:47 | INFO     | yolox.core.trainer:218 - ---> start train epoch26
2026-08-18 11:48:59 | INFO     | yolox.core.trainer:270 - epoch: 26/100, iter: 10/188, gpu mem: 1717Mb, mem: 12.7Gb, iter_time: 1.188s, data_time: 1.045s, total_loss: 1.6, iou_loss: 0.7, l1_loss: 0.0, conf_loss: 0.6, cls_loss: 0.3, lr: 1.094e-03, size: 640, ETA: 4:42:34
2026-08-18 11:49:10 | INFO     | yolox.core.trainer:270 - epoch: 26/100, iter: 20/188, gpu mem: 1717Mb, mem: 12.8Gb, iter_time: 1.157s, data_time: 1.013s, total_loss: 2.0, iou_loss: 1.2, l1_loss: 0.0, conf_loss: 0.5, cls_loss: 0.4, lr: 1.093e-03, size: 640, ETA: 4:42:21
2026-08-18 11:49:23 | INFO     | yolox.core.trainer:270 - epoch: 26/100, iter: 30/188, gpu mem: 1717Mb, mem: 12.8Gb, iter_time: 1.230s, data_time: 1.082s, total_loss: 1.3, iou_loss: 0.8, l1_loss: 0.0, conf_loss: 0.3, cls_loss: 0.3, lr: 1.093e-03, size: 640, ETA: 4:42:09
2026-08-18 11:49:38 | INFO     | yolox.core.trainer:270 - epoch: 26/100, iter: 40/188, gpu mem: 1717Mb, mem: 13.5Gb, iter_time: 1.523s, data_time: 1.374s, total_loss: 1.4, iou_loss: 0.7, l1_loss: 0.0, conf_loss: 0.4, cls_loss: 0.3, lr: 1.092e-03, size: 640, ETA: 4:42:07
2026-08-18 11:49:51 | INFO     | yolox.core.trainer:270 - epoch: 26/100, iter: 50/188, gpu mem: 1717Mb, mem: 13.5Gb, iter_time: 1.344s, data_time: 1.184s, total_loss: 1.6, iou_loss: 0.8, l1_loss: 0.0, conf_loss: 0.5, cls_loss: 0.3, lr: 1.091e-03, size: 640, ETA: 4:41:59
2026-08-18 11:50:05 | INFO     | yolox.core.trainer:270 - epoch: 26/100, iter: 60/188, gpu mem: 1717Mb, mem: 13.5Gb, iter_time: 1.358s, data_time: 1.198s, total_loss: 2.1, iou_loss: 1.1, l1_loss: 0.0, conf_loss: 0.7, cls_loss: 0.3, lr: 1.090e-03, size: 640, ETA: 4:41:51
2026-08-18 11:50:18 | INFO     | yolox.core.trainer:270 - epoch: 26/100, iter: 70/188, gpu mem: 1717Mb, mem: 13.6Gb, iter_time: 1.301s, data_time: 1.138s, total_loss: 1.7, iou_loss: 1.0, l1_loss: 0.0, conf_loss: 0.4, cls_loss: 0.3, lr: 1.089e-03, size: 640, ETA: 4:41:42
2026-08-18 11:50:31 | INFO     | yolox.core.trainer:270 - epoch: 26/100, iter: 80/188, gpu mem: 1717Mb, mem: 13.6Gb, iter_time: 1.302s, data_time: 1.125s, total_loss: 1.7, iou_loss: 0.8, l1_loss: 0.0, conf_loss: 0.6, cls_loss: 0.3, lr: 1.089e-03, size: 640, ETA: 4:41:33
2026-08-18 11:50:44 | INFO     | yolox.core.trainer:270 - epoch: 26/100, iter: 90/188, gpu mem: 1717Mb, mem: 13.5Gb, iter_time: 1.277s, data_time: 1.130s, total_loss: 1.7, iou_loss: 0.8, l1_loss: 0.0, conf_loss: 0.6, cls_loss: 0.3, lr: 1.088e-03, size: 640, ETA: 4:41:23
2026-08-18 11:50:57 | INFO     | yolox.core.trainer:270 - epoch: 26/100, iter: 100/188, gpu mem: 1717Mb, mem: 13.6Gb, iter_time: 1.312s, data_time: 1.161s, total_loss: 1.8, iou_loss: 1.1, l1_loss: 0.0, conf_loss: 0.4, cls_loss: 0.3, lr: 1.087e-03, size: 640, ETA: 4:41:14
2026-08-18 11:51:10 | INFO     | yolox.core.trainer:270 - epoch: 26/100, iter: 110/188, gpu mem: 1717Mb, mem: 13.8Gb, iter_time: 1.291s, data_time: 1.144s, total_loss: 1.7, iou_loss: 0.9, l1_loss: 0.0, conf_loss: 0.5, cls_loss: 0.3, lr: 1.086e-03, size: 640, ETA: 4:41:05
2026-08-18 11:51:23 | INFO     | yolox.core.trainer:270 - epoch: 26/100, iter: 120/188, gpu mem: 1717Mb, mem: 13.8Gb, iter_time: 1.308s, data_time: 1.142s, total_loss: 1.5, iou_loss: 0.8, l1_loss: 0.0, conf_loss: 0.4, cls_loss: 0.3, lr: 1.085e-03, size: 640, ETA: 4:40:55
2026-08-18 11:51:36 | INFO     | yolox.core.trainer:270 - epoch: 26/100, iter: 130/188, gpu mem: 1717Mb, mem: 13.8Gb, iter_time: 1.285s, data_time: 1.140s, total_loss: 1.7, iou_loss: 1.0, l1_loss: 0.0, conf_loss: 0.3, cls_loss: 0.3, lr: 1.085e-03, size: 640, ETA: 4:40:46
2026-08-18 11:51:49 | INFO     | yolox.core.trainer:270 - epoch: 26/100, iter: 140/188, gpu mem: 1717Mb, mem: 13.8Gb, iter_time: 1.310s, data_time: 1.166s, total_loss: 1.4, iou_loss: 0.7, l1_loss: 0.0, conf_loss: 0.5, cls_loss: 0.3, lr: 1.084e-03, size: 640, ETA: 4:40:37
2026-08-18 11:52:01 | INFO     | yolox.core.trainer:270 - epoch: 26/100, iter: 150/188, gpu mem: 1717Mb, mem: 13.9Gb, iter_time: 1.218s, data_time: 1.070s, total_loss: 1.7, iou_loss: 0.9, l1_loss: 0.0, conf_loss: 0.5, cls_loss: 0.3, lr: 1.083e-03, size: 640, ETA: 4:40:25
2026-08-18 11:52:12 | INFO     | yolox.core.trainer:270 - epoch: 26/100, iter: 160/188, gpu mem: 1717Mb, mem: 13.9Gb, iter_time: 1.123s, data_time: 0.973s, total_loss: 1.6, iou_loss: 0.9, l1_loss: 0.0, conf_loss: 0.5, cls_loss: 0.3, lr: 1.082e-03, size: 640, ETA: 4:40:10
2026-08-18 11:52:24 | INFO     | yolox.core.trainer:270 - epoch: 26/100, iter: 170/188, gpu mem: 1717Mb, mem: 14.0Gb, iter_time: 1.144s, data_time: 0.991s, total_loss: 1.8, iou_loss: 1.0, l1_loss: 0.0, conf_loss: 0.5, cls_loss: 0.3, lr: 1.081e-03, size: 640, ETA: 4:39:57
2026-08-18 11:52:37 | INFO     | yolox.core.trainer:270 - epoch: 26/100, iter: 180/188, gpu mem: 1717Mb, mem: 13.8Gb, iter_time: 1.310s, data_time: 1.161s, total_loss: 1.5, iou_loss: 0.8, l1_loss: 0.0, conf_loss: 0.4, cls_loss: 0.3, lr: 1.081e-03, size: 640, ETA: 4:39:48
2026-08-18 11:52:46 | INFO     | yolox.core.trainer:402 - Save weights to <PROJECT_ROOT>\runs\benchmarks\micropcb_rpi_phash_component_bootstrap_v2_full_e100_b8_i640_w0_s42-43-44_p02facd21ef_dbea2fbaddc_cb773706267\yolox_s_seed43

  0%|          | 0/25 [00:00<?, ?it/s]
  4%|4         | 1/25 [00:00<00:06,  3.48it/s]
  8%|8         | 2/25 [00:00<00:06,  3.35it/s]
 12%|#2        | 3/25 [00:00<00:06,  3.37it/s]
 16%|#6        | 4/25 [00:01<00:06,  3.19it/s]
 20%|##        | 5/25 [00:01<00:06,  2.97it/s]
 24%|##4       | 6/25 [00:01<00:06,  2.94it/s]
 28%|##8       | 7/25 [00:02<00:06,  2.99it/s]
 32%|###2      | 8/25 [00:02<00:05,  3.10it/s]
 36%|###6      | 9/25 [00:02<00:05,  3.18it/s]
 40%|####      | 10/25 [00:03<00:04,  3.17it/s]
 44%|####4     | 11/25 [00:03<00:04,  3.20it/s]
 48%|####8     | 12/25 [00:03<00:04,  3.20it/s]
 52%|#####2    | 13/25 [00:04<00:03,  3.10it/s]
 56%|#####6    | 14/25 [00:04<00:03,  3.12it/s]
 60%|######    | 15/25 [00:04<00:03,  3.00it/s]
 64%|######4   | 16/25 [00:05<00:03,  2.93it/s]
 68%|######8   | 17/25 [00:05<00:02,  3.06it/s]
 72%|#######2  | 18/25 [00:05<00:02,  3.26it/s]
 76%|#######6  | 19/25 [00:06<00:01,  3.38it/s]
 80%|########  | 20/25 [00:06<00:01,  3.46it/s]
 84%|########4 | 21/25 [00:06<00:01,  3.55it/s]
 88%|########8 | 22/25 [00:06<00:00,  3.54it/s]
 92%|#########2| 23/25 [00:07<00:00,  3.31it/s]
 96%|#########6| 24/25 [00:07<00:00,  3.00it/s]
100%|##########| 25/25 [00:07<00:00,  3.68it/s]
100%|##########| 25/25 [00:07<00:00,  3.24it/s]
2026-08-18 11:52:54 | INFO     | mcu_data.yolox_metrics:78 - Evaluate with standard pycocotools COCOeval (no C++ JIT build).
2026-08-18 11:52:54 | INFO     | mcu_data.yolox_metrics:80 - Loading and preparing results...
2026-08-18 11:52:54 | INFO     | mcu_data.yolox_metrics:80 - DONE (t=0.00s)
2026-08-18 11:52:54 | INFO     | pycocotools.coco:367 - creating index...
2026-08-18 11:52:54 | INFO     | pycocotools.coco:367 - index created!
2026-08-18 11:52:54 | INFO     | mcu_data.yolox_metrics:82 - Running per image evaluation...
2026-08-18 11:52:54 | INFO     | mcu_data.yolox_metrics:82 - Evaluate annotation type *bbox*
2026-08-18 11:52:54 | INFO     | mcu_data.yolox_metrics:82 - DONE (t=0.13s).
2026-08-18 11:52:54 | INFO     | mcu_data.yolox_metrics:83 - Accumulating evaluation results...
2026-08-18 11:52:54 | INFO     | mcu_data.yolox_metrics:83 - DONE (t=0.02s).
2026-08-18 11:52:54 | INFO     | yolox.core.trainer:381 - 
Average forward time: 5.15 ms, Average NMS time: 0.98 ms, Average inference time: 6.13 ms
 Average Precision  (AP) @[ IoU=0.50:0.95 | area=   all | maxDets=100 ] = 0.777
 Average Precision  (AP) @[ IoU=0.50      | area=   all | maxDets=100 ] = 1.000
 Average Precision  (AP) @[ IoU=0.75      | area=   all | maxDets=100 ] = 1.000
 Average Precision  (AP) @[ IoU=0.50:0.95 | area= small | maxDets=100 ] = -1.000
 Average Precision  (AP) @[ IoU=0.50:0.95 | area=medium | maxDets=100 ] = -1.000
 Average Precision  (AP) @[ IoU=0.50:0.95 | area= large | maxDets=100 ] = 0.777
 Average Recall     (AR) @[ IoU=0.50:0.95 | area=   all | maxDets=  1 ] = 0.798
 Average Recall     (AR) @[ IoU=0.50:0.95 | area=   all | maxDets= 10 ] = 0.798
 Average Recall     (AR) @[ IoU=0.50:0.95 | area=   all | maxDets=100 ] = 0.798
 Average Recall     (AR) @[ IoU=0.50:0.95 | area= small | maxDets=100 ] = -1.000
 Average Recall     (AR) @[ IoU=0.50:0.95 | area=medium | maxDets=100 ] = -1.000
 Average Recall     (AR) @[ IoU=0.50:0.95 | area= large | maxDets=100 ] = 0.798
per class AP:
| class            | AP     |
|:-----------------|:-------|
| raspberry_pi_sbc | 77.651 |
per class AR:
| class            | AR     |
|:-----------------|:-------|
| raspberry_pi_sbc | 79.846 |

2026-08-18 11:52:54 | INFO     | yolox.core.trainer:402 - Save weights to <PROJECT_ROOT>\runs\benchmarks\micropcb_rpi_phash_component_bootstrap_v2_full_e100_b8_i640_w0_s42-43-44_p02facd21ef_dbea2fbaddc_cb773706267\yolox_s_seed43
[EPOCH 026/100] loss=1.65017 iou=0.86339 conf=0.49551 cls=0.29126 | AP50=1.00000 AP50-95=0.77651 AP75=1.00000 AR100=0.79846 | LR=0.00107996 VRAM_peak=1717.2 MiB
EPOCH_METRICS_JSON {"epoch": 26, "elapsed_s": 6146.858509200043, "epoch_seconds": 247.7487245000666, "iterations": 188, "train_total_loss": 1.6501692704697872, "train_iou_loss": 0.8633910582420674, "train_conf_loss": 0.4955145126961647, "train_cls_loss": 0.29126369810484826, "train_l1_loss": 0.0, "num_fg_mean": 8.342008827507051, "map50_95": 0.7765149468499387, "map50": 1.0, "ap75": 1.0, "ar100": 0.7984615384615384, "lr": 0.001079956029181978, "lr_mean": 0.0010875052759226924, "gpu_peak_allocated_mib": 1717.24755859375, "gpu_peak_reserved_mib": 2234.0, "best_map50_95": 0.8009994730659801}
2026-08-18 11:52:55 | INFO     | yolox.core.trainer:218 - ---> start train epoch27
2026-08-18 11:53:08 | INFO     | yolox.core.trainer:270 - epoch: 27/100, iter: 10/188, gpu mem: 1717Mb, mem: 13.4Gb, iter_time: 1.265s, data_time: 1.118s, total_loss: 1.1, iou_loss: 0.6, l1_loss: 0.0, conf_loss: 0.3, cls_loss: 0.2, lr: 1.079e-03, size: 640, ETA: 4:39:27
2026-08-18 11:53:21 | INFO     | yolox.core.trainer:270 - epoch: 27/100, iter: 20/188, gpu mem: 1717Mb, mem: 13.3Gb, iter_time: 1.291s, data_time: 1.149s, total_loss: 1.9, iou_loss: 0.9, l1_loss: 0.0, conf_loss: 0.7, cls_loss: 0.3, lr: 1.078e-03, size: 640, ETA: 4:39:17
2026-08-18 11:53:34 | INFO     | yolox.core.trainer:270 - epoch: 27/100, iter: 30/188, gpu mem: 1717Mb, mem: 13.2Gb, iter_time: 1.306s, data_time: 1.162s, total_loss: 1.7, iou_loss: 1.0, l1_loss: 0.0, conf_loss: 0.5, cls_loss: 0.3, lr: 1.077e-03, size: 640, ETA: 4:39:08
2026-08-18 11:53:47 | INFO     | yolox.core.trainer:270 - epoch: 27/100, iter: 40/188, gpu mem: 1717Mb, mem: 13.2Gb, iter_time: 1.292s, data_time: 1.149s, total_loss: 1.6, iou_loss: 0.8, l1_loss: 0.0, conf_loss: 0.5, cls_loss: 0.3, lr: 1.077e-03, size: 640, ETA: 4:38:59
2026-08-18 11:53:59 | INFO     | yolox.core.trainer:270 - epoch: 27/100, iter: 50/188, gpu mem: 1717Mb, mem: 13.3Gb, iter_time: 1.206s, data_time: 1.064s, total_loss: 1.6, iou_loss: 1.0, l1_loss: 0.0, conf_loss: 0.4, cls_loss: 0.3, lr: 1.076e-03, size: 640, ETA: 4:38:46
2026-08-18 11:54:12 | INFO     | yolox.core.trainer:270 - epoch: 27/100, iter: 60/188, gpu mem: 1717Mb, mem: 13.6Gb, iter_time: 1.314s, data_time: 1.173s, total_loss: 2.0, iou_loss: 1.2, l1_loss: 0.0, conf_loss: 0.4, cls_loss: 0.4, lr: 1.075e-03, size: 640, ETA: 4:38:37
2026-08-18 11:54:25 | INFO     | yolox.core.trainer:270 - epoch: 27/100, iter: 70/188, gpu mem: 1717Mb, mem: 13.6Gb, iter_time: 1.293s, data_time: 1.149s, total_loss: 1.3, iou_loss: 0.7, l1_loss: 0.0, conf_loss: 0.4, cls_loss: 0.2, lr: 1.074e-03, size: 640, ETA: 4:38:28
2026-08-18 11:54:39 | INFO     | yolox.core.trainer:270 - epoch: 27/100, iter: 80/188, gpu mem: 1717Mb, mem: 13.5Gb, iter_time: 1.355s, data_time: 1.210s, total_loss: 1.3, iou_loss: 0.7, l1_loss: 0.0, conf_loss: 0.3, cls_loss: 0.3, lr: 1.073e-03, size: 640, ETA: 4:38:20
2026-08-18 11:54:53 | INFO     | yolox.core.trainer:270 - epoch: 27/100, iter: 90/188, gpu mem: 1717Mb, mem: 13.5Gb, iter_time: 1.371s, data_time: 1.229s, total_loss: 1.9, iou_loss: 1.1, l1_loss: 0.0, conf_loss: 0.4, cls_loss: 0.4, lr: 1.073e-03, size: 640, ETA: 4:38:12
2026-08-18 11:55:06 | INFO     | yolox.core.trainer:270 - epoch: 27/100, iter: 100/188, gpu mem: 1717Mb, mem: 13.3Gb, iter_time: 1.343s, data_time: 1.199s, total_loss: 1.9, iou_loss: 1.0, l1_loss: 0.0, conf_loss: 0.6, cls_loss: 0.3, lr: 1.072e-03, size: 640, ETA: 4:38:04
2026-08-18 11:55:19 | INFO     | yolox.core.trainer:270 - epoch: 27/100, iter: 110/188, gpu mem: 1717Mb, mem: 13.3Gb, iter_time: 1.330s, data_time: 1.186s, total_loss: 1.5, iou_loss: 0.8, l1_loss: 0.0, conf_loss: 0.4, cls_loss: 0.3, lr: 1.071e-03, size: 640, ETA: 4:37:55
2026-08-18 11:55:33 | INFO     | yolox.core.trainer:270 - epoch: 27/100, iter: 120/188, gpu mem: 1717Mb, mem: 13.3Gb, iter_time: 1.318s, data_time: 1.175s, total_loss: 1.4, iou_loss: 0.9, l1_loss: 0.0, conf_loss: 0.3, cls_loss: 0.3, lr: 1.070e-03, size: 640, ETA: 4:37:46
2026-08-18 11:55:45 | INFO     | yolox.core.trainer:270 - epoch: 27/100, iter: 130/188, gpu mem: 1717Mb, mem: 13.1Gb, iter_time: 1.247s, data_time: 1.101s, total_loss: 1.7, iou_loss: 0.8, l1_loss: 0.0, conf_loss: 0.6, cls_loss: 0.3, lr: 1.069e-03, size: 640, ETA: 4:37:35
2026-08-18 11:55:57 | INFO     | yolox.core.trainer:270 - epoch: 27/100, iter: 140/188, gpu mem: 1717Mb, mem: 13.1Gb, iter_time: 1.151s, data_time: 1.010s, total_loss: 1.2, iou_loss: 0.6, l1_loss: 0.0, conf_loss: 0.4, cls_loss: 0.2, lr: 1.068e-03, size: 640, ETA: 4:37:22
2026-08-18 11:56:08 | INFO     | yolox.core.trainer:270 - epoch: 27/100, iter: 150/188, gpu mem: 1717Mb, mem: 13.0Gb, iter_time: 1.161s, data_time: 1.020s, total_loss: 1.3, iou_loss: 0.7, l1_loss: 0.0, conf_loss: 0.3, cls_loss: 0.3, lr: 1.068e-03, size: 640, ETA: 4:37:08
2026-08-18 11:56:21 | INFO     | yolox.core.trainer:270 - epoch: 27/100, iter: 160/188, gpu mem: 1717Mb, mem: 13.0Gb, iter_time: 1.284s, data_time: 1.140s, total_loss: 1.5, iou_loss: 1.0, l1_loss: 0.0, conf_loss: 0.3, cls_loss: 0.3, lr: 1.067e-03, size: 640, ETA: 4:36:58
2026-08-18 11:56:32 | INFO     | yolox.core.trainer:270 - epoch: 27/100, iter: 170/188, gpu mem: 1717Mb, mem: 13.0Gb, iter_time: 1.150s, data_time: 1.007s, total_loss: 1.5, iou_loss: 0.8, l1_loss: 0.0, conf_loss: 0.5, cls_loss: 0.3, lr: 1.066e-03, size: 640, ETA: 4:36:44
2026-08-18 11:56:44 | INFO     | yolox.core.trainer:270 - epoch: 27/100, iter: 180/188, gpu mem: 1717Mb, mem: 12.9Gb, iter_time: 1.175s, data_time: 1.034s, total_loss: 1.5, iou_loss: 0.8, l1_loss: 0.0, conf_loss: 0.4, cls_loss: 0.3, lr: 1.065e-03, size: 640, ETA: 4:36:31
2026-08-18 11:56:54 | INFO     | yolox.core.trainer:402 - Save weights to <PROJECT_ROOT>\runs\benchmarks\micropcb_rpi_phash_component_bootstrap_v2_full_e100_b8_i640_w0_s42-43-44_p02facd21ef_dbea2fbaddc_cb773706267\yolox_s_seed43

  0%|          | 0/25 [00:00<?, ?it/s]
  4%|4         | 1/25 [00:00<00:07,  3.38it/s]
  8%|8         | 2/25 [00:00<00:06,  3.45it/s]
 12%|#2        | 3/25 [00:00<00:06,  3.49it/s]
 16%|#6        | 4/25 [00:01<00:06,  3.28it/s]
 20%|##        | 5/25 [00:01<00:06,  3.00it/s]
 24%|##4       | 6/25 [00:01<00:06,  2.91it/s]
 28%|##8       | 7/25 [00:02<00:06,  2.90it/s]
 32%|###2      | 8/25 [00:02<00:05,  2.95it/s]
 36%|###6      | 9/25 [00:02<00:05,  3.04it/s]
 40%|####      | 10/25 [00:03<00:04,  3.09it/s]
 44%|####4     | 11/25 [00:03<00:04,  3.13it/s]
 48%|####8     | 12/25 [00:03<00:04,  3.10it/s]
 52%|#####2    | 13/25 [00:04<00:04,  2.99it/s]
 56%|#####6    | 14/25 [00:04<00:03,  3.03it/s]
 60%|######    | 15/25 [00:04<00:03,  2.95it/s]
 64%|######4   | 16/25 [00:05<00:03,  2.86it/s]
 68%|######8   | 17/25 [00:05<00:02,  2.98it/s]
 72%|#######2  | 18/25 [00:05<00:02,  3.19it/s]
 76%|#######6  | 19/25 [00:06<00:01,  3.37it/s]
 80%|########  | 20/25 [00:06<00:01,  3.48it/s]
 84%|########4 | 21/25 [00:06<00:01,  3.63it/s]
 88%|########8 | 22/25 [00:06<00:00,  3.62it/s]
 92%|#########2| 23/25 [00:07<00:00,  3.43it/s]
 96%|#########6| 24/25 [00:07<00:00,  3.20it/s]
100%|##########| 25/25 [00:07<00:00,  3.89it/s]
100%|##########| 25/25 [00:07<00:00,  3.24it/s]
2026-08-18 11:57:02 | INFO     | mcu_data.yolox_metrics:78 - Evaluate with standard pycocotools COCOeval (no C++ JIT build).
2026-08-18 11:57:02 | INFO     | mcu_data.yolox_metrics:80 - Loading and preparing results...
2026-08-18 11:57:02 | INFO     | mcu_data.yolox_metrics:80 - DONE (t=0.00s)
2026-08-18 11:57:02 | INFO     | pycocotools.coco:367 - creating index...
2026-08-18 11:57:02 | INFO     | pycocotools.coco:367 - index created!
2026-08-18 11:57:02 | INFO     | mcu_data.yolox_metrics:82 - Running per image evaluation...
2026-08-18 11:57:02 | INFO     | mcu_data.yolox_metrics:82 - Evaluate annotation type *bbox*
2026-08-18 11:57:02 | INFO     | mcu_data.yolox_metrics:82 - DONE (t=0.05s).
2026-08-18 11:57:02 | INFO     | mcu_data.yolox_metrics:83 - Accumulating evaluation results...
2026-08-18 11:57:02 | INFO     | mcu_data.yolox_metrics:83 - DONE (t=0.01s).
2026-08-18 11:57:02 | INFO     | yolox.core.trainer:381 - 
Average forward time: 5.08 ms, Average NMS time: 0.97 ms, Average inference time: 6.05 ms
 Average Precision  (AP) @[ IoU=0.50:0.95 | area=   all | maxDets=100 ] = 0.801
 Average Precision  (AP) @[ IoU=0.50      | area=   all | maxDets=100 ] = 1.000
 Average Precision  (AP) @[ IoU=0.75      | area=   all | maxDets=100 ] = 1.000
 Average Precision  (AP) @[ IoU=0.50:0.95 | area= small | maxDets=100 ] = -1.000
 Average Precision  (AP) @[ IoU=0.50:0.95 | area=medium | maxDets=100 ] = -1.000
 Average Precision  (AP) @[ IoU=0.50:0.95 | area= large | maxDets=100 ] = 0.801
 Average Recall     (AR) @[ IoU=0.50:0.95 | area=   all | maxDets=  1 ] = 0.832
 Average Recall     (AR) @[ IoU=0.50:0.95 | area=   all | maxDets= 10 ] = 0.832
 Average Recall     (AR) @[ IoU=0.50:0.95 | area=   all | maxDets=100 ] = 0.832
 Average Recall     (AR) @[ IoU=0.50:0.95 | area= small | maxDets=100 ] = -1.000
 Average Recall     (AR) @[ IoU=0.50:0.95 | area=medium | maxDets=100 ] = -1.000
 Average Recall     (AR) @[ IoU=0.50:0.95 | area= large | maxDets=100 ] = 0.832
per class AP:
| class            | AP     |
|:-----------------|:-------|
| raspberry_pi_sbc | 80.095 |
per class AR:
| class            | AR     |
|:-----------------|:-------|
| raspberry_pi_sbc | 83.231 |

2026-08-18 11:57:02 | INFO     | yolox.core.trainer:402 - Save weights to <PROJECT_ROOT>\runs\benchmarks\micropcb_rpi_phash_component_bootstrap_v2_full_e100_b8_i640_w0_s42-43-44_p02facd21ef_dbea2fbaddc_cb773706267\yolox_s_seed43
[EPOCH 027/100] loss=1.59268 iou=0.83017 conf=0.47842 cls=0.28409 | AP50=1.00000 AP50-95=0.80095 AP75=1.00000 AR100=0.83231 | LR=0.00106430 VRAM_peak=1717.2 MiB
EPOCH_METRICS_JSON {"epoch": 27, "elapsed_s": 6394.309079800034, "epoch_seconds": 246.5003263000399, "iterations": 188, "train_total_loss": 1.5926765742454123, "train_iou_loss": 0.830173151924255, "train_conf_loss": 0.4784152606066237, "train_cls_loss": 0.2840881573551513, "train_l1_loss": 0.0, "num_fg_mean": 8.390626233404728, "map50_95": 0.8009513832911518, "map50": 1.0, "ap75": 1.0, "ar100": 0.8323076923076924, "lr": 0.0010642967822942497, "lr_mean": 0.0010721321057510567, "gpu_peak_allocated_mib": 1717.24755859375, "gpu_peak_reserved_mib": 2234.0, "best_map50_95": 0.8009994730659801}
2026-08-18 11:57:03 | INFO     | yolox.core.trainer:218 - ---> start train epoch28
2026-08-18 11:57:16 | INFO     | yolox.core.trainer:270 - epoch: 28/100, iter: 10/188, gpu mem: 1717Mb, mem: 13.0Gb, iter_time: 1.284s, data_time: 1.144s, total_loss: 1.3, iou_loss: 0.7, l1_loss: 0.0, conf_loss: 0.4, cls_loss: 0.2, lr: 1.063e-03, size: 640, ETA: 4:36:12
2026-08-18 11:57:28 | INFO     | yolox.core.trainer:270 - epoch: 28/100, iter: 20/188, gpu mem: 1717Mb, mem: 13.1Gb, iter_time: 1.241s, data_time: 1.098s, total_loss: 1.8, iou_loss: 0.9, l1_loss: 0.0, conf_loss: 0.5, cls_loss: 0.3, lr: 1.063e-03, size: 640, ETA: 4:36:01
2026-08-18 11:57:41 | INFO     | yolox.core.trainer:270 - epoch: 28/100, iter: 30/188, gpu mem: 1717Mb, mem: 13.3Gb, iter_time: 1.294s, data_time: 1.152s, total_loss: 1.4, iou_loss: 0.7, l1_loss: 0.0, conf_loss: 0.4, cls_loss: 0.3, lr: 1.062e-03, size: 640, ETA: 4:35:51
2026-08-18 11:57:54 | INFO     | yolox.core.trainer:270 - epoch: 28/100, iter: 40/188, gpu mem: 1717Mb, mem: 13.2Gb, iter_time: 1.339s, data_time: 1.195s, total_loss: 1.1, iou_loss: 0.6, l1_loss: 0.0, conf_loss: 0.3, cls_loss: 0.2, lr: 1.061e-03, size: 640, ETA: 4:35:42
2026-08-18 11:58:06 | INFO     | yolox.core.trainer:270 - epoch: 28/100, iter: 50/188, gpu mem: 1717Mb, mem: 12.7Gb, iter_time: 1.184s, data_time: 1.042s, total_loss: 1.9, iou_loss: 0.9, l1_loss: 0.0, conf_loss: 0.7, cls_loss: 0.3, lr: 1.060e-03, size: 640, ETA: 4:35:29
2026-08-18 11:58:18 | INFO     | yolox.core.trainer:270 - epoch: 28/100, iter: 60/188, gpu mem: 1717Mb, mem: 12.8Gb, iter_time: 1.174s, data_time: 1.035s, total_loss: 1.4, iou_loss: 0.8, l1_loss: 0.0, conf_loss: 0.3, cls_loss: 0.3, lr: 1.059e-03, size: 640, ETA: 4:35:16
2026-08-18 11:58:30 | INFO     | yolox.core.trainer:270 - epoch: 28/100, iter: 70/188, gpu mem: 1717Mb, mem: 12.7Gb, iter_time: 1.242s, data_time: 1.101s, total_loss: 1.6, iou_loss: 0.9, l1_loss: 0.0, conf_loss: 0.4, cls_loss: 0.3, lr: 1.058e-03, size: 640, ETA: 4:35:05
2026-08-18 11:58:42 | INFO     | yolox.core.trainer:270 - epoch: 28/100, iter: 80/188, gpu mem: 1717Mb, mem: 12.7Gb, iter_time: 1.163s, data_time: 1.019s, total_loss: 2.0, iou_loss: 1.0, l1_loss: 0.0, conf_loss: 0.6, cls_loss: 0.3, lr: 1.057e-03, size: 640, ETA: 4:34:52
2026-08-18 11:58:54 | INFO     | yolox.core.trainer:270 - epoch: 28/100, iter: 90/188, gpu mem: 1717Mb, mem: 12.7Gb, iter_time: 1.182s, data_time: 1.042s, total_loss: 1.7, iou_loss: 0.9, l1_loss: 0.0, conf_loss: 0.5, cls_loss: 0.3, lr: 1.057e-03, size: 640, ETA: 4:34:39
2026-08-18 11:59:06 | INFO     | yolox.core.trainer:270 - epoch: 28/100, iter: 100/188, gpu mem: 1717Mb, mem: 12.7Gb, iter_time: 1.179s, data_time: 1.039s, total_loss: 1.7, iou_loss: 0.9, l1_loss: 0.0, conf_loss: 0.4, cls_loss: 0.3, lr: 1.056e-03, size: 640, ETA: 4:34:26
2026-08-18 11:59:17 | INFO     | yolox.core.trainer:270 - epoch: 28/100, iter: 110/188, gpu mem: 1717Mb, mem: 12.7Gb, iter_time: 1.167s, data_time: 1.026s, total_loss: 2.3, iou_loss: 0.9, l1_loss: 0.0, conf_loss: 1.0, cls_loss: 0.3, lr: 1.055e-03, size: 640, ETA: 4:34:13
2026-08-18 11:59:29 | INFO     | yolox.core.trainer:270 - epoch: 28/100, iter: 120/188, gpu mem: 1717Mb, mem: 12.7Gb, iter_time: 1.152s, data_time: 1.014s, total_loss: 1.6, iou_loss: 0.9, l1_loss: 0.0, conf_loss: 0.4, cls_loss: 0.3, lr: 1.054e-03, size: 640, ETA: 4:33:59
2026-08-18 11:59:41 | INFO     | yolox.core.trainer:270 - epoch: 28/100, iter: 130/188, gpu mem: 1717Mb, mem: 12.7Gb, iter_time: 1.157s, data_time: 1.017s, total_loss: 1.3, iou_loss: 0.7, l1_loss: 0.0, conf_loss: 0.4, cls_loss: 0.3, lr: 1.053e-03, size: 640, ETA: 4:33:46
2026-08-18 11:59:53 | INFO     | yolox.core.trainer:270 - epoch: 28/100, iter: 140/188, gpu mem: 1717Mb, mem: 12.7Gb, iter_time: 1.228s, data_time: 1.086s, total_loss: 1.5, iou_loss: 0.9, l1_loss: 0.0, conf_loss: 0.4, cls_loss: 0.3, lr: 1.052e-03, size: 640, ETA: 4:33:34
2026-08-18 12:00:05 | INFO     | yolox.core.trainer:270 - epoch: 28/100, iter: 150/188, gpu mem: 1717Mb, mem: 12.7Gb, iter_time: 1.263s, data_time: 1.121s, total_loss: 1.3, iou_loss: 0.7, l1_loss: 0.0, conf_loss: 0.3, cls_loss: 0.3, lr: 1.051e-03, size: 640, ETA: 4:33:24
2026-08-18 12:00:17 | INFO     | yolox.core.trainer:270 - epoch: 28/100, iter: 160/188, gpu mem: 1717Mb, mem: 12.8Gb, iter_time: 1.172s, data_time: 1.028s, total_loss: 1.9, iou_loss: 1.0, l1_loss: 0.0, conf_loss: 0.6, cls_loss: 0.3, lr: 1.051e-03, size: 640, ETA: 4:33:11
2026-08-18 12:00:29 | INFO     | yolox.core.trainer:270 - epoch: 28/100, iter: 170/188, gpu mem: 1717Mb, mem: 12.7Gb, iter_time: 1.160s, data_time: 1.021s, total_loss: 1.9, iou_loss: 1.0, l1_loss: 0.0, conf_loss: 0.5, cls_loss: 0.3, lr: 1.050e-03, size: 640, ETA: 4:32:57
2026-08-18 12:00:40 | INFO     | yolox.core.trainer:270 - epoch: 28/100, iter: 180/188, gpu mem: 1717Mb, mem: 12.7Gb, iter_time: 1.131s, data_time: 0.991s, total_loss: 2.0, iou_loss: 1.1, l1_loss: 0.0, conf_loss: 0.6, cls_loss: 0.3, lr: 1.049e-03, size: 640, ETA: 4:32:43
2026-08-18 12:00:49 | INFO     | yolox.core.trainer:402 - Save weights to <PROJECT_ROOT>\runs\benchmarks\micropcb_rpi_phash_component_bootstrap_v2_full_e100_b8_i640_w0_s42-43-44_p02facd21ef_dbea2fbaddc_cb773706267\yolox_s_seed43

  0%|          | 0/25 [00:00<?, ?it/s]
  4%|4         | 1/25 [00:00<00:07,  3.36it/s]
  8%|8         | 2/25 [00:00<00:06,  3.36it/s]
 12%|#2        | 3/25 [00:00<00:06,  3.44it/s]
 16%|#6        | 4/25 [00:01<00:06,  3.27it/s]
 20%|##        | 5/25 [00:01<00:06,  2.97it/s]
 24%|##4       | 6/25 [00:01<00:06,  2.91it/s]
 28%|##8       | 7/25 [00:02<00:06,  2.91it/s]
 32%|###2      | 8/25 [00:02<00:05,  2.97it/s]
 36%|###6      | 9/25 [00:02<00:05,  3.12it/s]
 40%|####      | 10/25 [00:03<00:04,  3.15it/s]
 44%|####4     | 11/25 [00:03<00:04,  3.14it/s]
 48%|####8     | 12/25 [00:03<00:04,  3.17it/s]
 52%|#####2    | 13/25 [00:04<00:03,  3.08it/s]
 56%|#####6    | 14/25 [00:04<00:03,  3.11it/s]
 60%|######    | 15/25 [00:04<00:03,  3.01it/s]
 64%|######4   | 16/25 [00:05<00:03,  2.87it/s]
 68%|######8   | 17/25 [00:05<00:02,  3.01it/s]
 72%|#######2  | 18/25 [00:05<00:02,  3.24it/s]
 76%|#######6  | 19/25 [00:06<00:01,  3.39it/s]
 80%|########  | 20/25 [00:06<00:01,  3.45it/s]
 84%|########4 | 21/25 [00:06<00:01,  3.62it/s]
 88%|########8 | 22/25 [00:06<00:00,  3.68it/s]
 92%|#########2| 23/25 [00:07<00:00,  3.49it/s]
 96%|#########6| 24/25 [00:07<00:00,  3.19it/s]
100%|##########| 25/25 [00:07<00:00,  3.90it/s]
100%|##########| 25/25 [00:07<00:00,  3.26it/s]
2026-08-18 12:00:57 | INFO     | mcu_data.yolox_metrics:78 - Evaluate with standard pycocotools COCOeval (no C++ JIT build).
2026-08-18 12:00:57 | INFO     | mcu_data.yolox_metrics:80 - Loading and preparing results...
2026-08-18 12:00:57 | INFO     | mcu_data.yolox_metrics:80 - DONE (t=0.00s)
2026-08-18 12:00:57 | INFO     | pycocotools.coco:367 - creating index...
2026-08-18 12:00:57 | INFO     | pycocotools.coco:367 - index created!
2026-08-18 12:00:57 | INFO     | mcu_data.yolox_metrics:82 - Running per image evaluation...
2026-08-18 12:00:57 | INFO     | mcu_data.yolox_metrics:82 - Evaluate annotation type *bbox*
2026-08-18 12:00:57 | INFO     | mcu_data.yolox_metrics:82 - DONE (t=0.27s).
2026-08-18 12:00:57 | INFO     | mcu_data.yolox_metrics:83 - Accumulating evaluation results...
2026-08-18 12:00:57 | INFO     | mcu_data.yolox_metrics:83 - DONE (t=0.02s).
2026-08-18 12:00:57 | INFO     | yolox.core.trainer:381 - 
Average forward time: 5.05 ms, Average NMS time: 0.90 ms, Average inference time: 5.95 ms
 Average Precision  (AP) @[ IoU=0.50:0.95 | area=   all | maxDets=100 ] = 0.817
 Average Precision  (AP) @[ IoU=0.50      | area=   all | maxDets=100 ] = 1.000
 Average Precision  (AP) @[ IoU=0.75      | area=   all | maxDets=100 ] = 1.000
 Average Precision  (AP) @[ IoU=0.50:0.95 | area= small | maxDets=100 ] = -1.000
 Average Precision  (AP) @[ IoU=0.50:0.95 | area=medium | maxDets=100 ] = -1.000
 Average Precision  (AP) @[ IoU=0.50:0.95 | area= large | maxDets=100 ] = 0.817
 Average Recall     (AR) @[ IoU=0.50:0.95 | area=   all | maxDets=  1 ] = 0.837
 Average Recall     (AR) @[ IoU=0.50:0.95 | area=   all | maxDets= 10 ] = 0.837
 Average Recall     (AR) @[ IoU=0.50:0.95 | area=   all | maxDets=100 ] = 0.837
 Average Recall     (AR) @[ IoU=0.50:0.95 | area= small | maxDets=100 ] = -1.000
 Average Recall     (AR) @[ IoU=0.50:0.95 | area=medium | maxDets=100 ] = -1.000
 Average Recall     (AR) @[ IoU=0.50:0.95 | area= large | maxDets=100 ] = 0.837
per class AP:
| class            | AP     |
|:-----------------|:-------|
| raspberry_pi_sbc | 81.735 |
per class AR:
| class            | AR     |
|:-----------------|:-------|
| raspberry_pi_sbc | 83.692 |

2026-08-18 12:00:57 | INFO     | yolox.core.trainer:402 - Save weights to <PROJECT_ROOT>\runs\benchmarks\micropcb_rpi_phash_component_bootstrap_v2_full_e100_b8_i640_w0_s42-43-44_p02facd21ef_dbea2fbaddc_cb773706267\yolox_s_seed43
[EPOCH 028/100] loss=1.60604 iou=0.83152 conf=0.49280 cls=0.28172 | AP50=1.00000 AP50-95=0.81735 AP75=1.00000 AR100=0.83692 | LR=0.00104808 VRAM_peak=1717.2 MiB
EPOCH_METRICS_JSON {"epoch": 28, "elapsed_s": 6629.684258399997, "epoch_seconds": 234.5859383000061, "iterations": 188, "train_total_loss": 1.6060394844476213, "train_iou_loss": 0.8315229631484823, "train_conf_loss": 0.4927957396399468, "train_cls_loss": 0.2817207824518072, "train_l1_loss": 0.0, "num_fg_mean": 8.301614152331455, "map50_95": 0.8173524600781866, "map50": 1.0, "ap75": 1.0, "ar100": 0.836923076923077, "lr": 0.0010480801925842416, "lr_mean": 0.0010561908906477793, "gpu_peak_allocated_mib": 1717.24755859375, "gpu_peak_reserved_mib": 2234.0, "best_map50_95": 0.8173524600781866}
2026-08-18 12:00:58 | INFO     | yolox.core.trainer:218 - ---> start train epoch29
2026-08-18 12:01:11 | INFO     | yolox.core.trainer:270 - epoch: 29/100, iter: 10/188, gpu mem: 1717Mb, mem: 12.7Gb, iter_time: 1.257s, data_time: 1.117s, total_loss: 1.8, iou_loss: 1.0, l1_loss: 0.0, conf_loss: 0.4, cls_loss: 0.3, lr: 1.047e-03, size: 640, ETA: 4:32:21
2026-08-18 12:01:23 | INFO     | yolox.core.trainer:270 - epoch: 29/100, iter: 20/188, gpu mem: 1717Mb, mem: 12.7Gb, iter_time: 1.178s, data_time: 1.036s, total_loss: 1.6, iou_loss: 1.0, l1_loss: 0.0, conf_loss: 0.3, cls_loss: 0.3, lr: 1.046e-03, size: 640, ETA: 4:32:08
2026-08-18 12:01:35 | INFO     | yolox.core.trainer:270 - epoch: 29/100, iter: 30/188, gpu mem: 1717Mb, mem: 12.7Gb, iter_time: 1.223s, data_time: 1.081s, total_loss: 1.5, iou_loss: 0.9, l1_loss: 0.0, conf_loss: 0.3, cls_loss: 0.3, lr: 1.045e-03, size: 640, ETA: 4:31:56
2026-08-18 12:01:47 | INFO     | yolox.core.trainer:270 - epoch: 29/100, iter: 40/188, gpu mem: 1717Mb, mem: 12.6Gb, iter_time: 1.227s, data_time: 1.085s, total_loss: 1.0, iou_loss: 0.5, l1_loss: 0.0, conf_loss: 0.3, cls_loss: 0.2, lr: 1.045e-03, size: 640, ETA: 4:31:45
2026-08-18 12:01:59 | INFO     | yolox.core.trainer:270 - epoch: 29/100, iter: 50/188, gpu mem: 1717Mb, mem: 12.6Gb, iter_time: 1.221s, data_time: 1.082s, total_loss: 1.8, iou_loss: 0.9, l1_loss: 0.0, conf_loss: 0.6, cls_loss: 0.3, lr: 1.044e-03, size: 640, ETA: 4:31:33
2026-08-18 12:02:11 | INFO     | yolox.core.trainer:270 - epoch: 29/100, iter: 60/188, gpu mem: 1717Mb, mem: 12.6Gb, iter_time: 1.190s, data_time: 1.052s, total_loss: 1.3, iou_loss: 0.7, l1_loss: 0.0, conf_loss: 0.4, cls_loss: 0.3, lr: 1.043e-03, size: 640, ETA: 4:31:20
2026-08-18 12:02:24 | INFO     | yolox.core.trainer:270 - epoch: 29/100, iter: 70/188, gpu mem: 1717Mb, mem: 12.6Gb, iter_time: 1.234s, data_time: 1.096s, total_loss: 1.6, iou_loss: 0.8, l1_loss: 0.0, conf_loss: 0.5, cls_loss: 0.3, lr: 1.042e-03, size: 640, ETA: 4:31:09
2026-08-18 12:02:36 | INFO     | yolox.core.trainer:270 - epoch: 29/100, iter: 80/188, gpu mem: 1717Mb, mem: 12.6Gb, iter_time: 1.263s, data_time: 1.123s, total_loss: 1.9, iou_loss: 1.0, l1_loss: 0.0, conf_loss: 0.6, cls_loss: 0.3, lr: 1.041e-03, size: 640, ETA: 4:30:58
2026-08-18 12:02:49 | INFO     | yolox.core.trainer:270 - epoch: 29/100, iter: 90/188, gpu mem: 1717Mb, mem: 12.6Gb, iter_time: 1.262s, data_time: 1.123s, total_loss: 1.5, iou_loss: 0.8, l1_loss: 0.0, conf_loss: 0.4, cls_loss: 0.3, lr: 1.040e-03, size: 640, ETA: 4:30:48
2026-08-18 12:03:01 | INFO     | yolox.core.trainer:270 - epoch: 29/100, iter: 100/188, gpu mem: 1717Mb, mem: 12.6Gb, iter_time: 1.195s, data_time: 1.055s, total_loss: 1.5, iou_loss: 0.8, l1_loss: 0.0, conf_loss: 0.5, cls_loss: 0.3, lr: 1.039e-03, size: 640, ETA: 4:30:35
2026-08-18 12:03:12 | INFO     | yolox.core.trainer:270 - epoch: 29/100, iter: 110/188, gpu mem: 1717Mb, mem: 12.6Gb, iter_time: 1.117s, data_time: 0.981s, total_loss: 1.6, iou_loss: 0.8, l1_loss: 0.0, conf_loss: 0.5, cls_loss: 0.3, lr: 1.038e-03, size: 640, ETA: 4:30:21
2026-08-18 12:03:24 | INFO     | yolox.core.trainer:270 - epoch: 29/100, iter: 120/188, gpu mem: 1717Mb, mem: 12.6Gb, iter_time: 1.167s, data_time: 1.029s, total_loss: 2.2, iou_loss: 0.9, l1_loss: 0.0, conf_loss: 1.0, cls_loss: 0.3, lr: 1.037e-03, size: 640, ETA: 4:30:08
2026-08-18 12:03:35 | INFO     | yolox.core.trainer:270 - epoch: 29/100, iter: 130/188, gpu mem: 1717Mb, mem: 12.5Gb, iter_time: 1.156s, data_time: 1.018s, total_loss: 1.2, iou_loss: 0.6, l1_loss: 0.0, conf_loss: 0.3, cls_loss: 0.2, lr: 1.037e-03, size: 640, ETA: 4:29:54
2026-08-18 12:03:46 | INFO     | yolox.core.trainer:270 - epoch: 29/100, iter: 140/188, gpu mem: 1717Mb, mem: 12.5Gb, iter_time: 1.120s, data_time: 0.981s, total_loss: 1.7, iou_loss: 0.7, l1_loss: 0.0, conf_loss: 0.6, cls_loss: 0.3, lr: 1.036e-03, size: 640, ETA: 4:29:40
2026-08-18 12:03:58 | INFO     | yolox.core.trainer:270 - epoch: 29/100, iter: 150/188, gpu mem: 1717Mb, mem: 12.5Gb, iter_time: 1.171s, data_time: 1.033s, total_loss: 1.5, iou_loss: 0.8, l1_loss: 0.0, conf_loss: 0.5, cls_loss: 0.3, lr: 1.035e-03, size: 640, ETA: 4:29:27
2026-08-18 12:04:10 | INFO     | yolox.core.trainer:270 - epoch: 29/100, iter: 160/188, gpu mem: 1717Mb, mem: 12.5Gb, iter_time: 1.224s, data_time: 1.086s, total_loss: 1.5, iou_loss: 0.6, l1_loss: 0.0, conf_loss: 0.6, cls_loss: 0.2, lr: 1.034e-03, size: 640, ETA: 4:29:15
2026-08-18 12:04:22 | INFO     | yolox.core.trainer:270 - epoch: 29/100, iter: 170/188, gpu mem: 1717Mb, mem: 12.5Gb, iter_time: 1.195s, data_time: 1.054s, total_loss: 1.3, iou_loss: 0.7, l1_loss: 0.0, conf_loss: 0.4, cls_loss: 0.2, lr: 1.033e-03, size: 640, ETA: 4:29:03
2026-08-18 12:04:35 | INFO     | yolox.core.trainer:270 - epoch: 29/100, iter: 180/188, gpu mem: 1717Mb, mem: 12.5Gb, iter_time: 1.225s, data_time: 1.087s, total_loss: 1.7, iou_loss: 0.8, l1_loss: 0.0, conf_loss: 0.7, cls_loss: 0.3, lr: 1.032e-03, size: 640, ETA: 4:28:51
2026-08-18 12:04:44 | INFO     | yolox.core.trainer:402 - Save weights to <PROJECT_ROOT>\runs\benchmarks\micropcb_rpi_phash_component_bootstrap_v2_full_e100_b8_i640_w0_s42-43-44_p02facd21ef_dbea2fbaddc_cb773706267\yolox_s_seed43

  0%|          | 0/25 [00:00<?, ?it/s]
  4%|4         | 1/25 [00:00<00:06,  3.44it/s]
  8%|8         | 2/25 [00:00<00:06,  3.36it/s]
 12%|#2        | 3/25 [00:00<00:06,  3.40it/s]
 16%|#6        | 4/25 [00:01<00:06,  3.22it/s]
 20%|##        | 5/25 [00:01<00:06,  2.94it/s]
 24%|##4       | 6/25 [00:01<00:06,  2.86it/s]
 28%|##8       | 7/25 [00:02<00:06,  2.93it/s]
 32%|###2      | 8/25 [00:02<00:05,  2.98it/s]
 36%|###6      | 9/25 [00:02<00:05,  3.07it/s]
 40%|####      | 10/25 [00:03<00:04,  3.08it/s]
 44%|####4     | 11/25 [00:03<00:04,  3.19it/s]
 48%|####8     | 12/25 [00:03<00:04,  3.16it/s]
 52%|#####2    | 13/25 [00:04<00:03,  3.06it/s]
 56%|#####6    | 14/25 [00:04<00:03,  3.07it/s]
 60%|######    | 15/25 [00:04<00:03,  2.95it/s]
 64%|######4   | 16/25 [00:05<00:03,  2.83it/s]
 68%|######8   | 17/25 [00:05<00:02,  3.02it/s]
 72%|#######2  | 18/25 [00:05<00:02,  3.26it/s]
 76%|#######6  | 19/25 [00:06<00:01,  3.42it/s]
 80%|########  | 20/25 [00:06<00:01,  3.50it/s]
 84%|########4 | 21/25 [00:06<00:01,  3.72it/s]
 88%|########8 | 22/25 [00:06<00:00,  3.79it/s]
 92%|#########2| 23/25 [00:07<00:00,  3.61it/s]
 96%|#########6| 24/25 [00:07<00:00,  3.34it/s]
100%|##########| 25/25 [00:07<00:00,  4.10it/s]
100%|##########| 25/25 [00:07<00:00,  3.29it/s]
2026-08-18 12:04:51 | INFO     | mcu_data.yolox_metrics:78 - Evaluate with standard pycocotools COCOeval (no C++ JIT build).
2026-08-18 12:04:51 | INFO     | mcu_data.yolox_metrics:80 - Loading and preparing results...
2026-08-18 12:04:51 | INFO     | mcu_data.yolox_metrics:80 - DONE (t=0.00s)
2026-08-18 12:04:51 | INFO     | pycocotools.coco:367 - creating index...
2026-08-18 12:04:51 | INFO     | pycocotools.coco:367 - index created!
2026-08-18 12:04:51 | INFO     | mcu_data.yolox_metrics:82 - Running per image evaluation...
2026-08-18 12:04:51 | INFO     | mcu_data.yolox_metrics:82 - Evaluate annotation type *bbox*
2026-08-18 12:04:52 | INFO     | mcu_data.yolox_metrics:82 - DONE (t=0.08s).
2026-08-18 12:04:52 | INFO     | mcu_data.yolox_metrics:83 - Accumulating evaluation results...
2026-08-18 12:04:52 | INFO     | mcu_data.yolox_metrics:83 - DONE (t=0.01s).
2026-08-18 12:04:52 | INFO     | yolox.core.trainer:381 - 
Average forward time: 4.97 ms, Average NMS time: 0.90 ms, Average inference time: 5.87 ms
 Average Precision  (AP) @[ IoU=0.50:0.95 | area=   all | maxDets=100 ] = 0.776
 Average Precision  (AP) @[ IoU=0.50      | area=   all | maxDets=100 ] = 1.000
 Average Precision  (AP) @[ IoU=0.75      | area=   all | maxDets=100 ] = 1.000
 Average Precision  (AP) @[ IoU=0.50:0.95 | area= small | maxDets=100 ] = -1.000
 Average Precision  (AP) @[ IoU=0.50:0.95 | area=medium | maxDets=100 ] = -1.000
 Average Precision  (AP) @[ IoU=0.50:0.95 | area= large | maxDets=100 ] = 0.776
 Average Recall     (AR) @[ IoU=0.50:0.95 | area=   all | maxDets=  1 ] = 0.797
 Average Recall     (AR) @[ IoU=0.50:0.95 | area=   all | maxDets= 10 ] = 0.797
 Average Recall     (AR) @[ IoU=0.50:0.95 | area=   all | maxDets=100 ] = 0.797
 Average Recall     (AR) @[ IoU=0.50:0.95 | area= small | maxDets=100 ] = -1.000
 Average Recall     (AR) @[ IoU=0.50:0.95 | area=medium | maxDets=100 ] = -1.000
 Average Recall     (AR) @[ IoU=0.50:0.95 | area= large | maxDets=100 ] = 0.797
per class AP:
| class            | AP     |
|:-----------------|:-------|
| raspberry_pi_sbc | 77.623 |
per class AR:
| class            | AR     |
|:-----------------|:-------|
| raspberry_pi_sbc | 79.744 |

2026-08-18 12:04:52 | INFO     | yolox.core.trainer:402 - Save weights to <PROJECT_ROOT>\runs\benchmarks\micropcb_rpi_phash_component_bootstrap_v2_full_e100_b8_i640_w0_s42-43-44_p02facd21ef_dbea2fbaddc_cb773706267\yolox_s_seed43
[EPOCH 029/100] loss=1.58329 iou=0.81735 conf=0.48724 cls=0.27870 | AP50=1.00000 AP50-95=0.77623 AP75=1.00000 AR100=0.79744 | LR=0.00103133 VRAM_peak=1717.2 MiB
EPOCH_METRICS_JSON {"epoch": 29, "elapsed_s": 6864.0486308999825, "epoch_seconds": 233.58504640008323, "iterations": 188, "train_total_loss": 1.5832873031179955, "train_iou_loss": 0.8173481099149014, "train_conf_loss": 0.4872375366852639, "train_cls_loss": 0.2787016584201062, "train_l1_loss": 0.0, "num_fg_mean": 8.353245086351842, "map50_95": 0.7762317891129449, "map50": 1.0, "ap75": 1.0, "ar100": 0.7974358974358975, "lr": 0.0010313284099628677, "lr_mean": 0.0010397034043951859, "gpu_peak_allocated_mib": 1717.24755859375, "gpu_peak_reserved_mib": 2234.0, "best_map50_95": 0.8173524600781866}
2026-08-18 12:04:52 | INFO     | yolox.core.trainer:218 - ---> start train epoch30
2026-08-18 12:05:04 | INFO     | yolox.core.trainer:270 - epoch: 30/100, iter: 10/188, gpu mem: 1717Mb, mem: 12.6Gb, iter_time: 1.187s, data_time: 1.049s, total_loss: 1.2, iou_loss: 0.6, l1_loss: 0.0, conf_loss: 0.4, cls_loss: 0.2, lr: 1.030e-03, size: 640, ETA: 4:28:28
2026-08-18 12:05:16 | INFO     | yolox.core.trainer:270 - epoch: 30/100, iter: 20/188, gpu mem: 1717Mb, mem: 12.6Gb, iter_time: 1.205s, data_time: 1.066s, total_loss: 1.3, iou_loss: 0.7, l1_loss: 0.0, conf_loss: 0.3, cls_loss: 0.3, lr: 1.030e-03, size: 640, ETA: 4:28:16
2026-08-18 12:05:28 | INFO     | yolox.core.trainer:270 - epoch: 30/100, iter: 30/188, gpu mem: 1717Mb, mem: 12.6Gb, iter_time: 1.203s, data_time: 1.067s, total_loss: 2.1, iou_loss: 1.2, l1_loss: 0.0, conf_loss: 0.6, cls_loss: 0.4, lr: 1.029e-03, size: 640, ETA: 4:28:03
2026-08-18 12:05:40 | INFO     | yolox.core.trainer:270 - epoch: 30/100, iter: 40/188, gpu mem: 1717Mb, mem: 12.6Gb, iter_time: 1.139s, data_time: 0.999s, total_loss: 1.6, iou_loss: 0.8, l1_loss: 0.0, conf_loss: 0.5, cls_loss: 0.3, lr: 1.028e-03, size: 640, ETA: 4:27:50
2026-08-18 12:05:52 | INFO     | yolox.core.trainer:270 - epoch: 30/100, iter: 50/188, gpu mem: 1717Mb, mem: 12.5Gb, iter_time: 1.181s, data_time: 1.026s, total_loss: 1.2, iou_loss: 0.7, l1_loss: 0.0, conf_loss: 0.3, cls_loss: 0.2, lr: 1.027e-03, size: 640, ETA: 4:27:37
2026-08-18 12:06:04 | INFO     | yolox.core.trainer:270 - epoch: 30/100, iter: 60/188, gpu mem: 1717Mb, mem: 12.5Gb, iter_time: 1.210s, data_time: 1.071s, total_loss: 1.6, iou_loss: 0.9, l1_loss: 0.0, conf_loss: 0.4, cls_loss: 0.3, lr: 1.026e-03, size: 640, ETA: 4:27:25
2026-08-18 12:06:15 | INFO     | yolox.core.trainer:270 - epoch: 30/100, iter: 70/188, gpu mem: 1717Mb, mem: 12.5Gb, iter_time: 1.132s, data_time: 0.991s, total_loss: 1.5, iou_loss: 0.8, l1_loss: 0.0, conf_loss: 0.4, cls_loss: 0.3, lr: 1.025e-03, size: 640, ETA: 4:27:11
2026-08-18 12:06:27 | INFO     | yolox.core.trainer:270 - epoch: 30/100, iter: 80/188, gpu mem: 1717Mb, mem: 12.5Gb, iter_time: 1.143s, data_time: 1.003s, total_loss: 1.8, iou_loss: 0.8, l1_loss: 0.0, conf_loss: 0.8, cls_loss: 0.3, lr: 1.024e-03, size: 640, ETA: 4:26:57
2026-08-18 12:06:38 | INFO     | yolox.core.trainer:270 - epoch: 30/100, iter: 90/188, gpu mem: 1717Mb, mem: 12.5Gb, iter_time: 1.154s, data_time: 1.017s, total_loss: 1.8, iou_loss: 0.8, l1_loss: 0.0, conf_loss: 0.7, cls_loss: 0.3, lr: 1.023e-03, size: 640, ETA: 4:26:44
2026-08-18 12:06:50 | INFO     | yolox.core.trainer:270 - epoch: 30/100, iter: 100/188, gpu mem: 1717Mb, mem: 12.5Gb, iter_time: 1.203s, data_time: 1.065s, total_loss: 1.6, iou_loss: 0.9, l1_loss: 0.0, conf_loss: 0.4, cls_loss: 0.3, lr: 1.022e-03, size: 640, ETA: 4:26:32
2026-08-18 12:07:03 | INFO     | yolox.core.trainer:270 - epoch: 30/100, iter: 110/188, gpu mem: 1717Mb, mem: 12.5Gb, iter_time: 1.237s, data_time: 1.100s, total_loss: 2.1, iou_loss: 1.0, l1_loss: 0.0, conf_loss: 0.7, cls_loss: 0.3, lr: 1.021e-03, size: 640, ETA: 4:26:21
2026-08-18 12:07:15 | INFO     | yolox.core.trainer:270 - epoch: 30/100, iter: 120/188, gpu mem: 1717Mb, mem: 12.5Gb, iter_time: 1.202s, data_time: 1.062s, total_loss: 1.3, iou_loss: 0.6, l1_loss: 0.0, conf_loss: 0.5, cls_loss: 0.2, lr: 1.020e-03, size: 640, ETA: 4:26:08
2026-08-18 12:07:26 | INFO     | yolox.core.trainer:270 - epoch: 30/100, iter: 130/188, gpu mem: 1717Mb, mem: 12.5Gb, iter_time: 1.131s, data_time: 0.995s, total_loss: 2.0, iou_loss: 0.9, l1_loss: 0.0, conf_loss: 0.8, cls_loss: 0.3, lr: 1.019e-03, size: 640, ETA: 4:25:54
2026-08-18 12:07:38 | INFO     | yolox.core.trainer:270 - epoch: 30/100, iter: 140/188, gpu mem: 1717Mb, mem: 12.5Gb, iter_time: 1.176s, data_time: 1.038s, total_loss: 1.3, iou_loss: 0.7, l1_loss: 0.0, conf_loss: 0.4, cls_loss: 0.2, lr: 1.019e-03, size: 640, ETA: 4:25:42
2026-08-18 12:07:49 | INFO     | yolox.core.trainer:270 - epoch: 30/100, iter: 150/188, gpu mem: 1717Mb, mem: 12.5Gb, iter_time: 1.125s, data_time: 0.989s, total_loss: 1.6, iou_loss: 0.9, l1_loss: 0.0, conf_loss: 0.4, cls_loss: 0.3, lr: 1.018e-03, size: 640, ETA: 4:25:28
2026-08-18 12:08:00 | INFO     | yolox.core.trainer:270 - epoch: 30/100, iter: 160/188, gpu mem: 1717Mb, mem: 12.5Gb, iter_time: 1.154s, data_time: 1.017s, total_loss: 1.6, iou_loss: 0.8, l1_loss: 0.0, conf_loss: 0.6, cls_loss: 0.3, lr: 1.017e-03, size: 640, ETA: 4:25:14
2026-08-18 12:08:13 | INFO     | yolox.core.trainer:270 - epoch: 30/100, iter: 170/188, gpu mem: 1717Mb, mem: 12.5Gb, iter_time: 1.201s, data_time: 1.063s, total_loss: 1.4, iou_loss: 0.7, l1_loss: 0.0, conf_loss: 0.5, cls_loss: 0.2, lr: 1.016e-03, size: 640, ETA: 4:25:02
2026-08-18 12:08:25 | INFO     | yolox.core.trainer:270 - epoch: 30/100, iter: 180/188, gpu mem: 1717Mb, mem: 12.5Gb, iter_time: 1.200s, data_time: 1.063s, total_loss: 1.6, iou_loss: 0.9, l1_loss: 0.0, conf_loss: 0.5, cls_loss: 0.3, lr: 1.015e-03, size: 640, ETA: 4:24:50
2026-08-18 12:08:34 | INFO     | yolox.core.trainer:402 - Save weights to <PROJECT_ROOT>\runs\benchmarks\micropcb_rpi_phash_component_bootstrap_v2_full_e100_b8_i640_w0_s42-43-44_p02facd21ef_dbea2fbaddc_cb773706267\yolox_s_seed43

  0%|          | 0/25 [00:00<?, ?it/s]
  4%|4         | 1/25 [00:00<00:07,  3.32it/s]
  8%|8         | 2/25 [00:00<00:07,  3.14it/s]
 12%|#2        | 3/25 [00:00<00:06,  3.15it/s]
 16%|#6        | 4/25 [00:01<00:06,  3.00it/s]
 20%|##        | 5/25 [00:01<00:07,  2.75it/s]
 24%|##4       | 6/25 [00:02<00:07,  2.65it/s]
 28%|##8       | 7/25 [00:02<00:06,  2.73it/s]
 32%|###2      | 8/25 [00:02<00:05,  2.85it/s]
 36%|###6      | 9/25 [00:03<00:05,  2.97it/s]
 40%|####      | 10/25 [00:03<00:05,  2.98it/s]
 44%|####4     | 11/25 [00:03<00:04,  3.12it/s]
 48%|####8     | 12/25 [00:04<00:04,  3.08it/s]
 52%|#####2    | 13/25 [00:04<00:04,  2.99it/s]
 56%|#####6    | 14/25 [00:04<00:03,  3.05it/s]
 60%|######    | 15/25 [00:05<00:03,  2.98it/s]
 64%|######4   | 16/25 [00:05<00:03,  2.83it/s]
 68%|######8   | 17/25 [00:05<00:02,  3.01it/s]
 72%|#######2  | 18/25 [00:06<00:02,  3.21it/s]
 76%|#######6  | 19/25 [00:06<00:01,  3.33it/s]
 80%|########  | 20/25 [00:06<00:01,  3.44it/s]
 84%|########4 | 21/25 [00:06<00:01,  3.62it/s]
 88%|########8 | 22/25 [00:07<00:00,  3.63it/s]
 92%|#########2| 23/25 [00:07<00:00,  3.41it/s]
 96%|#########6| 24/25 [00:07<00:00,  3.12it/s]
100%|##########| 25/25 [00:07<00:00,  3.82it/s]
100%|##########| 25/25 [00:07<00:00,  3.16it/s]
2026-08-18 12:08:42 | INFO     | mcu_data.yolox_metrics:78 - Evaluate with standard pycocotools COCOeval (no C++ JIT build).
2026-08-18 12:08:42 | INFO     | mcu_data.yolox_metrics:80 - Loading and preparing results...
2026-08-18 12:08:42 | INFO     | mcu_data.yolox_metrics:80 - DONE (t=0.00s)
2026-08-18 12:08:42 | INFO     | pycocotools.coco:367 - creating index...
2026-08-18 12:08:42 | INFO     | pycocotools.coco:367 - index created!
2026-08-18 12:08:42 | INFO     | mcu_data.yolox_metrics:82 - Running per image evaluation...
2026-08-18 12:08:42 | INFO     | mcu_data.yolox_metrics:82 - Evaluate annotation type *bbox*
2026-08-18 12:08:42 | INFO     | mcu_data.yolox_metrics:82 - DONE (t=0.06s).
2026-08-18 12:08:42 | INFO     | mcu_data.yolox_metrics:83 - Accumulating evaluation results...
2026-08-18 12:08:42 | INFO     | mcu_data.yolox_metrics:83 - DONE (t=0.01s).
2026-08-18 12:08:42 | INFO     | yolox.core.trainer:381 - 
Average forward time: 4.98 ms, Average NMS time: 0.95 ms, Average inference time: 5.93 ms
 Average Precision  (AP) @[ IoU=0.50:0.95 | area=   all | maxDets=100 ] = 0.787
 Average Precision  (AP) @[ IoU=0.50      | area=   all | maxDets=100 ] = 1.000
 Average Precision  (AP) @[ IoU=0.75      | area=   all | maxDets=100 ] = 1.000
 Average Precision  (AP) @[ IoU=0.50:0.95 | area= small | maxDets=100 ] = -1.000
 Average Precision  (AP) @[ IoU=0.50:0.95 | area=medium | maxDets=100 ] = -1.000
 Average Precision  (AP) @[ IoU=0.50:0.95 | area= large | maxDets=100 ] = 0.787
 Average Recall     (AR) @[ IoU=0.50:0.95 | area=   all | maxDets=  1 ] = 0.807
 Average Recall     (AR) @[ IoU=0.50:0.95 | area=   all | maxDets= 10 ] = 0.807
 Average Recall     (AR) @[ IoU=0.50:0.95 | area=   all | maxDets=100 ] = 0.807
 Average Recall     (AR) @[ IoU=0.50:0.95 | area= small | maxDets=100 ] = -1.000
 Average Recall     (AR) @[ IoU=0.50:0.95 | area=medium | maxDets=100 ] = -1.000
 Average Recall     (AR) @[ IoU=0.50:0.95 | area= large | maxDets=100 ] = 0.807
per class AP:
| class            | AP     |
|:-----------------|:-------|
| raspberry_pi_sbc | 78.665 |
per class AR:
| class            | AR     |
|:-----------------|:-------|
| raspberry_pi_sbc | 80.667 |

2026-08-18 12:08:42 | INFO     | yolox.core.trainer:402 - Save weights to <PROJECT_ROOT>\runs\benchmarks\micropcb_rpi_phash_component_bootstrap_v2_full_e100_b8_i640_w0_s42-43-44_p02facd21ef_dbea2fbaddc_cb773706267\yolox_s_seed43
[EPOCH 030/100] loss=1.51411 iou=0.78488 conf=0.45771 cls=0.27152 | AP50=1.00000 AP50-95=0.78665 AP75=1.00000 AR100=0.80667 | LR=0.00101406 VRAM_peak=1717.2 MiB
EPOCH_METRICS_JSON {"epoch": 30, "elapsed_s": 7094.954951700056, "epoch_seconds": 230.1509587999899, "iterations": 188, "train_total_loss": 1.5141135802928438, "train_iou_loss": 0.7848792822754129, "train_conf_loss": 0.45771353755225525, "train_cls_loss": 0.2715207583251152, "train_l1_loss": 0.0, "num_fg_mean": 8.397804919214336, "map50_95": 0.7866458881519646, "map50": 1.0, "ap75": 1.0, "ar100": 0.8066666666666666, "lr": 0.0010140643153501835, "lr_mean": 0.0010226921669162805, "gpu_peak_allocated_mib": 1717.24755859375, "gpu_peak_reserved_mib": 2234.0, "best_map50_95": 0.8173524600781866}
2026-08-18 12:08:44 | INFO     | yolox.core.trainer:218 - ---> start train epoch31
2026-08-18 12:08:57 | INFO     | yolox.core.trainer:270 - epoch: 31/100, iter: 10/188, gpu mem: 1717Mb, mem: 12.8Gb, iter_time: 1.368s, data_time: 1.228s, total_loss: 1.7, iou_loss: 0.9, l1_loss: 0.0, conf_loss: 0.4, cls_loss: 0.3, lr: 1.013e-03, size: 640, ETA: 4:24:32
2026-08-18 12:09:10 | INFO     | yolox.core.trainer:270 - epoch: 31/100, iter: 20/188, gpu mem: 1717Mb, mem: 12.9Gb, iter_time: 1.229s, data_time: 1.086s, total_loss: 1.6, iou_loss: 0.7, l1_loss: 0.0, conf_loss: 0.7, cls_loss: 0.2, lr: 1.012e-03, size: 640, ETA: 4:24:21
2026-08-18 12:09:22 | INFO     | yolox.core.trainer:270 - epoch: 31/100, iter: 30/188, gpu mem: 1717Mb, mem: 12.8Gb, iter_time: 1.276s, data_time: 1.135s, total_loss: 1.8, iou_loss: 0.9, l1_loss: 0.0, conf_loss: 0.6, cls_loss: 0.3, lr: 1.011e-03, size: 640, ETA: 4:24:10
2026-08-18 12:09:35 | INFO     | yolox.core.trainer:270 - epoch: 31/100, iter: 40/188, gpu mem: 1717Mb, mem: 12.8Gb, iter_time: 1.213s, data_time: 1.075s, total_loss: 1.6, iou_loss: 0.7, l1_loss: 0.0, conf_loss: 0.6, cls_loss: 0.3, lr: 1.010e-03, size: 640, ETA: 4:23:58
2026-08-18 12:09:46 | INFO     | yolox.core.trainer:270 - epoch: 31/100, iter: 50/188, gpu mem: 1717Mb, mem: 12.7Gb, iter_time: 1.191s, data_time: 1.051s, total_loss: 1.8, iou_loss: 0.9, l1_loss: 0.0, conf_loss: 0.6, cls_loss: 0.3, lr: 1.009e-03, size: 640, ETA: 4:23:46
2026-08-18 12:09:59 | INFO     | yolox.core.trainer:270 - epoch: 31/100, iter: 60/188, gpu mem: 1717Mb, mem: 12.7Gb, iter_time: 1.219s, data_time: 1.081s, total_loss: 1.3, iou_loss: 0.6, l1_loss: 0.0, conf_loss: 0.4, cls_loss: 0.2, lr: 1.008e-03, size: 640, ETA: 4:23:34
2026-08-18 12:10:11 | INFO     | yolox.core.trainer:270 - epoch: 31/100, iter: 70/188, gpu mem: 1717Mb, mem: 12.7Gb, iter_time: 1.201s, data_time: 1.065s, total_loss: 1.7, iou_loss: 0.8, l1_loss: 0.0, conf_loss: 0.6, cls_loss: 0.3, lr: 1.008e-03, size: 640, ETA: 4:23:22
2026-08-18 12:10:23 | INFO     | yolox.core.trainer:270 - epoch: 31/100, iter: 80/188, gpu mem: 1717Mb, mem: 12.7Gb, iter_time: 1.243s, data_time: 1.105s, total_loss: 1.1, iou_loss: 0.6, l1_loss: 0.0, conf_loss: 0.3, cls_loss: 0.2, lr: 1.007e-03, size: 640, ETA: 4:23:11
2026-08-18 12:10:35 | INFO     | yolox.core.trainer:270 - epoch: 31/100, iter: 90/188, gpu mem: 1717Mb, mem: 12.7Gb, iter_time: 1.160s, data_time: 1.021s, total_loss: 1.1, iou_loss: 0.6, l1_loss: 0.0, conf_loss: 0.3, cls_loss: 0.2, lr: 1.006e-03, size: 640, ETA: 4:22:58
2026-08-18 12:10:47 | INFO     | yolox.core.trainer:270 - epoch: 31/100, iter: 100/188, gpu mem: 1717Mb, mem: 12.7Gb, iter_time: 1.229s, data_time: 1.092s, total_loss: 1.6, iou_loss: 0.9, l1_loss: 0.0, conf_loss: 0.5, cls_loss: 0.3, lr: 1.005e-03, size: 640, ETA: 4:22:46
2026-08-18 12:10:59 | INFO     | yolox.core.trainer:270 - epoch: 31/100, iter: 110/188, gpu mem: 1717Mb, mem: 12.7Gb, iter_time: 1.238s, data_time: 1.100s, total_loss: 1.5, iou_loss: 0.8, l1_loss: 0.0, conf_loss: 0.4, cls_loss: 0.3, lr: 1.004e-03, size: 640, ETA: 4:22:35
2026-08-18 12:11:11 | INFO     | yolox.core.trainer:270 - epoch: 31/100, iter: 120/188, gpu mem: 1717Mb, mem: 12.7Gb, iter_time: 1.170s, data_time: 1.035s, total_loss: 1.2, iou_loss: 0.7, l1_loss: 0.0, conf_loss: 0.3, cls_loss: 0.3, lr: 1.003e-03, size: 640, ETA: 4:22:22
2026-08-18 12:11:23 | INFO     | yolox.core.trainer:270 - epoch: 31/100, iter: 130/188, gpu mem: 1717Mb, mem: 12.7Gb, iter_time: 1.198s, data_time: 1.058s, total_loss: 1.3, iou_loss: 0.7, l1_loss: 0.0, conf_loss: 0.3, cls_loss: 0.3, lr: 1.002e-03, size: 640, ETA: 4:22:09
2026-08-18 12:11:35 | INFO     | yolox.core.trainer:270 - epoch: 31/100, iter: 140/188, gpu mem: 1717Mb, mem: 12.7Gb, iter_time: 1.179s, data_time: 1.038s, total_loss: 1.6, iou_loss: 0.8, l1_loss: 0.0, conf_loss: 0.5, cls_loss: 0.3, lr: 1.001e-03, size: 640, ETA: 4:21:57
2026-08-18 12:11:46 | INFO     | yolox.core.trainer:270 - epoch: 31/100, iter: 150/188, gpu mem: 1717Mb, mem: 12.7Gb, iter_time: 1.148s, data_time: 1.008s, total_loss: 1.2, iou_loss: 0.6, l1_loss: 0.0, conf_loss: 0.3, cls_loss: 0.2, lr: 9.999e-04, size: 640, ETA: 4:21:43
2026-08-18 12:11:58 | INFO     | yolox.core.trainer:270 - epoch: 31/100, iter: 160/188, gpu mem: 1717Mb, mem: 12.7Gb, iter_time: 1.190s, data_time: 1.051s, total_loss: 1.5, iou_loss: 0.7, l1_loss: 0.0, conf_loss: 0.5, cls_loss: 0.3, lr: 9.990e-04, size: 640, ETA: 4:21:31
2026-08-18 12:12:10 | INFO     | yolox.core.trainer:270 - epoch: 31/100, iter: 170/188, gpu mem: 1717Mb, mem: 12.7Gb, iter_time: 1.215s, data_time: 1.077s, total_loss: 1.1, iou_loss: 0.6, l1_loss: 0.0, conf_loss: 0.3, cls_loss: 0.2, lr: 9.980e-04, size: 640, ETA: 4:21:19
2026-08-18 12:12:22 | INFO     | yolox.core.trainer:270 - epoch: 31/100, iter: 180/188, gpu mem: 1717Mb, mem: 12.7Gb, iter_time: 1.201s, data_time: 1.064s, total_loss: 1.7, iou_loss: 0.7, l1_loss: 0.0, conf_loss: 0.7, cls_loss: 0.3, lr: 9.971e-04, size: 640, ETA: 4:21:07
2026-08-18 12:12:32 | INFO     | yolox.core.trainer:402 - Save weights to <PROJECT_ROOT>\runs\benchmarks\micropcb_rpi_phash_component_bootstrap_v2_full_e100_b8_i640_w0_s42-43-44_p02facd21ef_dbea2fbaddc_cb773706267\yolox_s_seed43

  0%|          | 0/25 [00:00<?, ?it/s]
  4%|4         | 1/25 [00:00<00:07,  3.16it/s]
  8%|8         | 2/25 [00:00<00:07,  3.15it/s]
 12%|#2        | 3/25 [00:00<00:06,  3.16it/s]
 16%|#6        | 4/25 [00:01<00:06,  3.06it/s]
 20%|##        | 5/25 [00:01<00:07,  2.84it/s]
 24%|##4       | 6/25 [00:02<00:06,  2.81it/s]
 28%|##8       | 7/25 [00:02<00:06,  2.81it/s]
 32%|###2      | 8/25 [00:02<00:05,  2.91it/s]
 36%|###6      | 9/25 [00:03<00:05,  3.01it/s]
 40%|####      | 10/25 [00:03<00:04,  3.03it/s]
 44%|####4     | 11/25 [00:03<00:04,  3.10it/s]
 48%|####8     | 12/25 [00:03<00:04,  3.10it/s]
 52%|#####2    | 13/25 [00:04<00:03,  3.01it/s]
 56%|#####6    | 14/25 [00:04<00:03,  3.08it/s]
 60%|######    | 15/25 [00:05<00:03,  2.96it/s]
 64%|######4   | 16/25 [00:05<00:03,  2.87it/s]
 68%|######8   | 17/25 [00:05<00:02,  3.04it/s]
 72%|#######2  | 18/25 [00:05<00:02,  3.27it/s]
 76%|#######6  | 19/25 [00:06<00:01,  3.47it/s]
 80%|########  | 20/25 [00:06<00:01,  3.58it/s]
 84%|########4 | 21/25 [00:06<00:01,  3.74it/s]
 88%|########8 | 22/25 [00:06<00:00,  3.75it/s]
 92%|#########2| 23/25 [00:07<00:00,  3.60it/s]
 96%|#########6| 24/25 [00:07<00:00,  3.33it/s]
100%|##########| 25/25 [00:07<00:00,  4.08it/s]
100%|##########| 25/25 [00:07<00:00,  3.24it/s]
2026-08-18 12:12:40 | INFO     | mcu_data.yolox_metrics:78 - Evaluate with standard pycocotools COCOeval (no C++ JIT build).
2026-08-18 12:12:40 | INFO     | mcu_data.yolox_metrics:80 - Loading and preparing results...
2026-08-18 12:12:40 | INFO     | mcu_data.yolox_metrics:80 - DONE (t=0.00s)
2026-08-18 12:12:40 | INFO     | pycocotools.coco:367 - creating index...
2026-08-18 12:12:40 | INFO     | pycocotools.coco:367 - index created!
2026-08-18 12:12:40 | INFO     | mcu_data.yolox_metrics:82 - Running per image evaluation...
2026-08-18 12:12:40 | INFO     | mcu_data.yolox_metrics:82 - Evaluate annotation type *bbox*
2026-08-18 12:12:40 | INFO     | mcu_data.yolox_metrics:82 - DONE (t=0.06s).
2026-08-18 12:12:40 | INFO     | mcu_data.yolox_metrics:83 - Accumulating evaluation results...
2026-08-18 12:12:40 | INFO     | mcu_data.yolox_metrics:83 - DONE (t=0.02s).
2026-08-18 12:12:40 | INFO     | yolox.core.trainer:381 - 
Average forward time: 4.94 ms, Average NMS time: 0.91 ms, Average inference time: 5.86 ms
 Average Precision  (AP) @[ IoU=0.50:0.95 | area=   all | maxDets=100 ] = 0.819
 Average Precision  (AP) @[ IoU=0.50      | area=   all | maxDets=100 ] = 1.000
 Average Precision  (AP) @[ IoU=0.75      | area=   all | maxDets=100 ] = 1.000
 Average Precision  (AP) @[ IoU=0.50:0.95 | area= small | maxDets=100 ] = -1.000
 Average Precision  (AP) @[ IoU=0.50:0.95 | area=medium | maxDets=100 ] = -1.000
 Average Precision  (AP) @[ IoU=0.50:0.95 | area= large | maxDets=100 ] = 0.819
 Average Recall     (AR) @[ IoU=0.50:0.95 | area=   all | maxDets=  1 ] = 0.840
 Average Recall     (AR) @[ IoU=0.50:0.95 | area=   all | maxDets= 10 ] = 0.840
 Average Recall     (AR) @[ IoU=0.50:0.95 | area=   all | maxDets=100 ] = 0.840
 Average Recall     (AR) @[ IoU=0.50:0.95 | area= small | maxDets=100 ] = -1.000
 Average Recall     (AR) @[ IoU=0.50:0.95 | area=medium | maxDets=100 ] = -1.000
 Average Recall     (AR) @[ IoU=0.50:0.95 | area= large | maxDets=100 ] = 0.840
per class AP:
| class            | AP     |
|:-----------------|:-------|
| raspberry_pi_sbc | 81.922 |
per class AR:
| class            | AR     |
|:-----------------|:-------|
| raspberry_pi_sbc | 84.000 |

2026-08-18 12:12:40 | INFO     | yolox.core.trainer:402 - Save weights to <PROJECT_ROOT>\runs\benchmarks\micropcb_rpi_phash_component_bootstrap_v2_full_e100_b8_i640_w0_s42-43-44_p02facd21ef_dbea2fbaddc_cb773706267\yolox_s_seed43
[EPOCH 031/100] loss=1.51097 iou=0.79885 conf=0.43759 cls=0.27453 | AP50=1.00000 AP50-95=0.81922 AP75=1.00000 AR100=0.84000 | LR=0.00099631 VRAM_peak=1717.2 MiB
EPOCH_METRICS_JSON {"epoch": 31, "elapsed_s": 7332.674921300029, "epoch_seconds": 236.7274118999485, "iterations": 188, "train_total_loss": 1.5109743418845725, "train_iou_loss": 0.7988489593597169, "train_conf_loss": 0.4375915795643913, "train_cls_loss": 0.27453380260378757, "train_l1_loss": 0.0, "num_fg_mean": 8.36114008658277, "map50_95": 0.8192170464973818, "map50": 1.0, "ap75": 1.0, "ar100": 0.8400000000000001, "lr": 0.0009963114894228, "lr_mean": 0.001005180413515248, "gpu_peak_allocated_mib": 1717.24755859375, "gpu_peak_reserved_mib": 2234.0, "best_map50_95": 0.8192170464973818}
2026-08-18 12:12:41 | INFO     | yolox.core.trainer:218 - ---> start train epoch32
2026-08-18 12:12:53 | INFO     | yolox.core.trainer:270 - epoch: 32/100, iter: 10/188, gpu mem: 1717Mb, mem: 12.8Gb, iter_time: 1.189s, data_time: 1.050s, total_loss: 1.6, iou_loss: 0.8, l1_loss: 0.0, conf_loss: 0.5, cls_loss: 0.3, lr: 9.954e-04, size: 640, ETA: 4:20:45
2026-08-18 12:13:05 | INFO     | yolox.core.trainer:270 - epoch: 32/100, iter: 20/188, gpu mem: 1717Mb, mem: 12.6Gb, iter_time: 1.138s, data_time: 1.000s, total_loss: 1.5, iou_loss: 0.8, l1_loss: 0.0, conf_loss: 0.5, cls_loss: 0.3, lr: 9.944e-04, size: 640, ETA: 4:20:31
2026-08-18 12:13:16 | INFO     | yolox.core.trainer:270 - epoch: 32/100, iter: 30/188, gpu mem: 1717Mb, mem: 12.6Gb, iter_time: 1.143s, data_time: 1.004s, total_loss: 2.4, iou_loss: 1.2, l1_loss: 0.0, conf_loss: 0.8, cls_loss: 0.4, lr: 9.934e-04, size: 640, ETA: 4:20:18
2026-08-18 12:13:28 | INFO     | yolox.core.trainer:270 - epoch: 32/100, iter: 40/188, gpu mem: 1717Mb, mem: 12.6Gb, iter_time: 1.168s, data_time: 1.031s, total_loss: 2.3, iou_loss: 1.0, l1_loss: 0.0, conf_loss: 0.9, cls_loss: 0.3, lr: 9.925e-04, size: 640, ETA: 4:20:05
2026-08-18 12:13:40 | INFO     | yolox.core.trainer:270 - epoch: 32/100, iter: 50/188, gpu mem: 1717Mb, mem: 12.6Gb, iter_time: 1.229s, data_time: 1.090s, total_loss: 1.0, iou_loss: 0.5, l1_loss: 0.0, conf_loss: 0.3, cls_loss: 0.2, lr: 9.915e-04, size: 640, ETA: 4:19:53
2026-08-18 12:13:52 | INFO     | yolox.core.trainer:270 - epoch: 32/100, iter: 60/188, gpu mem: 1717Mb, mem: 12.5Gb, iter_time: 1.215s, data_time: 1.076s, total_loss: 1.1, iou_loss: 0.6, l1_loss: 0.0, conf_loss: 0.3, cls_loss: 0.2, lr: 9.905e-04, size: 640, ETA: 4:19:41
2026-08-18 12:14:04 | INFO     | yolox.core.trainer:270 - epoch: 32/100, iter: 70/188, gpu mem: 1717Mb, mem: 12.6Gb, iter_time: 1.193s, data_time: 1.056s, total_loss: 1.0, iou_loss: 0.6, l1_loss: 0.0, conf_loss: 0.2, cls_loss: 0.2, lr: 9.896e-04, size: 640, ETA: 4:19:29
2026-08-18 12:14:16 | INFO     | yolox.core.trainer:270 - epoch: 32/100, iter: 80/188, gpu mem: 1717Mb, mem: 12.6Gb, iter_time: 1.175s, data_time: 1.035s, total_loss: 1.6, iou_loss: 0.8, l1_loss: 0.0, conf_loss: 0.5, cls_loss: 0.3, lr: 9.886e-04, size: 640, ETA: 4:19:16
2026-08-18 12:14:28 | INFO     | yolox.core.trainer:270 - epoch: 32/100, iter: 90/188, gpu mem: 1717Mb, mem: 12.6Gb, iter_time: 1.210s, data_time: 1.072s, total_loss: 1.6, iou_loss: 0.8, l1_loss: 0.0, conf_loss: 0.5, cls_loss: 0.3, lr: 9.876e-04, size: 640, ETA: 4:19:04
2026-08-18 12:14:39 | INFO     | yolox.core.trainer:270 - epoch: 32/100, iter: 100/188, gpu mem: 1717Mb, mem: 12.5Gb, iter_time: 1.130s, data_time: 0.992s, total_loss: 1.2, iou_loss: 0.7, l1_loss: 0.0, conf_loss: 0.2, cls_loss: 0.2, lr: 9.867e-04, size: 640, ETA: 4:18:50
2026-08-18 12:14:51 | INFO     | yolox.core.trainer:270 - epoch: 32/100, iter: 110/188, gpu mem: 1717Mb, mem: 12.6Gb, iter_time: 1.198s, data_time: 1.059s, total_loss: 1.8, iou_loss: 1.0, l1_loss: 0.0, conf_loss: 0.5, cls_loss: 0.3, lr: 9.857e-04, size: 640, ETA: 4:18:38
2026-08-18 12:15:04 | INFO     | yolox.core.trainer:270 - epoch: 32/100, iter: 120/188, gpu mem: 1717Mb, mem: 12.6Gb, iter_time: 1.227s, data_time: 1.090s, total_loss: 1.2, iou_loss: 0.6, l1_loss: 0.0, conf_loss: 0.3, cls_loss: 0.2, lr: 9.847e-04, size: 640, ETA: 4:18:27
2026-08-18 12:15:15 | INFO     | yolox.core.trainer:270 - epoch: 32/100, iter: 130/188, gpu mem: 1717Mb, mem: 12.5Gb, iter_time: 1.138s, data_time: 1.000s, total_loss: 1.3, iou_loss: 0.7, l1_loss: 0.0, conf_loss: 0.3, cls_loss: 0.3, lr: 9.838e-04, size: 640, ETA: 4:18:13
2026-08-18 12:15:27 | INFO     | yolox.core.trainer:270 - epoch: 32/100, iter: 140/188, gpu mem: 1717Mb, mem: 12.6Gb, iter_time: 1.177s, data_time: 1.039s, total_loss: 1.7, iou_loss: 1.0, l1_loss: 0.0, conf_loss: 0.4, cls_loss: 0.3, lr: 9.828e-04, size: 640, ETA: 4:18:00
2026-08-18 12:15:39 | INFO     | yolox.core.trainer:270 - epoch: 32/100, iter: 150/188, gpu mem: 1717Mb, mem: 12.6Gb, iter_time: 1.207s, data_time: 1.069s, total_loss: 1.6, iou_loss: 0.8, l1_loss: 0.0, conf_loss: 0.6, cls_loss: 0.3, lr: 9.818e-04, size: 640, ETA: 4:17:48
2026-08-18 12:15:51 | INFO     | yolox.core.trainer:270 - epoch: 32/100, iter: 160/188, gpu mem: 1717Mb, mem: 12.6Gb, iter_time: 1.219s, data_time: 1.083s, total_loss: 1.3, iou_loss: 0.7, l1_loss: 0.0, conf_loss: 0.3, cls_loss: 0.3, lr: 9.808e-04, size: 640, ETA: 4:17:37
2026-08-18 12:16:03 | INFO     | yolox.core.trainer:270 - epoch: 32/100, iter: 170/188, gpu mem: 1717Mb, mem: 12.6Gb, iter_time: 1.223s, data_time: 1.086s, total_loss: 1.6, iou_loss: 0.7, l1_loss: 0.0, conf_loss: 0.6, cls_loss: 0.3, lr: 9.799e-04, size: 640, ETA: 4:17:25
2026-08-18 12:16:15 | INFO     | yolox.core.trainer:270 - epoch: 32/100, iter: 180/188, gpu mem: 1717Mb, mem: 12.6Gb, iter_time: 1.170s, data_time: 1.032s, total_loss: 1.5, iou_loss: 0.7, l1_loss: 0.0, conf_loss: 0.5, cls_loss: 0.2, lr: 9.789e-04, size: 640, ETA: 4:17:12
2026-08-18 12:16:24 | INFO     | yolox.core.trainer:402 - Save weights to <PROJECT_ROOT>\runs\benchmarks\micropcb_rpi_phash_component_bootstrap_v2_full_e100_b8_i640_w0_s42-43-44_p02facd21ef_dbea2fbaddc_cb773706267\yolox_s_seed43

  0%|          | 0/25 [00:00<?, ?it/s]
  4%|4         | 1/25 [00:00<00:07,  3.39it/s]
  8%|8         | 2/25 [00:00<00:06,  3.34it/s]
 12%|#2        | 3/25 [00:00<00:06,  3.39it/s]
 16%|#6        | 4/25 [00:01<00:06,  3.23it/s]
 20%|##        | 5/25 [00:01<00:06,  2.93it/s]
 24%|##4       | 6/25 [00:01<00:06,  2.86it/s]
 28%|##8       | 7/25 [00:02<00:06,  2.88it/s]
 32%|###2      | 8/25 [00:02<00:05,  3.00it/s]
 36%|###6      | 9/25 [00:02<00:05,  3.11it/s]
 40%|####      | 10/25 [00:03<00:04,  3.10it/s]
 44%|####4     | 11/25 [00:03<00:04,  3.14it/s]
 48%|####8     | 12/25 [00:03<00:04,  3.08it/s]
 52%|#####2    | 13/25 [00:04<00:04,  2.98it/s]
 56%|#####6    | 14/25 [00:04<00:03,  3.01it/s]
 60%|######    | 15/25 [00:04<00:03,  2.93it/s]
 64%|######4   | 16/25 [00:05<00:03,  2.81it/s]
 68%|######8   | 17/25 [00:05<00:02,  2.97it/s]
 72%|#######2  | 18/25 [00:05<00:02,  3.20it/s]
 76%|#######6  | 19/25 [00:06<00:01,  3.37it/s]
 80%|########  | 20/25 [00:06<00:01,  3.52it/s]
 84%|########4 | 21/25 [00:06<00:01,  3.75it/s]
 88%|########8 | 22/25 [00:06<00:00,  3.78it/s]
 92%|#########2| 23/25 [00:07<00:00,  3.58it/s]
 96%|#########6| 24/25 [00:07<00:00,  3.29it/s]
100%|##########| 25/25 [00:07<00:00,  4.09it/s]
100%|##########| 25/25 [00:07<00:00,  3.26it/s]
2026-08-18 12:16:32 | INFO     | mcu_data.yolox_metrics:78 - Evaluate with standard pycocotools COCOeval (no C++ JIT build).
2026-08-18 12:16:32 | INFO     | mcu_data.yolox_metrics:80 - Loading and preparing results...
2026-08-18 12:16:32 | INFO     | mcu_data.yolox_metrics:80 - DONE (t=0.00s)
2026-08-18 12:16:32 | INFO     | pycocotools.coco:367 - creating index...
2026-08-18 12:16:32 | INFO     | pycocotools.coco:367 - index created!
2026-08-18 12:16:32 | INFO     | mcu_data.yolox_metrics:82 - Running per image evaluation...
2026-08-18 12:16:32 | INFO     | mcu_data.yolox_metrics:82 - Evaluate annotation type *bbox*
2026-08-18 12:16:32 | INFO     | mcu_data.yolox_metrics:82 - DONE (t=0.05s).
2026-08-18 12:16:32 | INFO     | mcu_data.yolox_metrics:83 - Accumulating evaluation results...
2026-08-18 12:16:32 | INFO     | mcu_data.yolox_metrics:83 - DONE (t=0.01s).
2026-08-18 12:16:32 | INFO     | yolox.core.trainer:381 - 
Average forward time: 4.97 ms, Average NMS time: 0.93 ms, Average inference time: 5.90 ms
 Average Precision  (AP) @[ IoU=0.50:0.95 | area=   all | maxDets=100 ] = 0.846
 Average Precision  (AP) @[ IoU=0.50      | area=   all | maxDets=100 ] = 1.000
 Average Precision  (AP) @[ IoU=0.75      | area=   all | maxDets=100 ] = 1.000
 Average Precision  (AP) @[ IoU=0.50:0.95 | area= small | maxDets=100 ] = -1.000
 Average Precision  (AP) @[ IoU=0.50:0.95 | area=medium | maxDets=100 ] = -1.000
 Average Precision  (AP) @[ IoU=0.50:0.95 | area= large | maxDets=100 ] = 0.846
 Average Recall     (AR) @[ IoU=0.50:0.95 | area=   all | maxDets=  1 ] = 0.867
 Average Recall     (AR) @[ IoU=0.50:0.95 | area=   all | maxDets= 10 ] = 0.867
 Average Recall     (AR) @[ IoU=0.50:0.95 | area=   all | maxDets=100 ] = 0.867
 Average Recall     (AR) @[ IoU=0.50:0.95 | area= small | maxDets=100 ] = -1.000
 Average Recall     (AR) @[ IoU=0.50:0.95 | area=medium | maxDets=100 ] = -1.000
 Average Recall     (AR) @[ IoU=0.50:0.95 | area= large | maxDets=100 ] = 0.867
per class AP:
| class            | AP     |
|:-----------------|:-------|
| raspberry_pi_sbc | 84.612 |
per class AR:
| class            | AR     |
|:-----------------|:-------|
| raspberry_pi_sbc | 86.718 |

2026-08-18 12:16:32 | INFO     | yolox.core.trainer:402 - Save weights to <PROJECT_ROOT>\runs\benchmarks\micropcb_rpi_phash_component_bootstrap_v2_full_e100_b8_i640_w0_s42-43-44_p02facd21ef_dbea2fbaddc_cb773706267\yolox_s_seed43
[EPOCH 032/100] loss=1.47550 iou=0.76668 conf=0.44268 cls=0.26614 | AP50=1.00000 AP50-95=0.84612 AP75=1.00000 AR100=0.86718 | LR=0.00097809 VRAM_peak=1717.2 MiB
EPOCH_METRICS_JSON {"epoch": 32, "elapsed_s": 7564.377543600043, "epoch_seconds": 230.78183019999415, "iterations": 188, "train_total_loss": 1.4755028857195631, "train_iou_loss": 0.7666831022881447, "train_conf_loss": 0.44267850884414733, "train_cls_loss": 0.26614127300204116, "train_l1_loss": 0.0, "num_fg_mean": 8.448232305912006, "map50_95": 0.8461159167853338, "map50": 1.0, "ap75": 1.0, "ar100": 0.8671794871794871, "lr": 0.0009780941804055168, "lr_mean": 0.0009871920631408123, "gpu_peak_allocated_mib": 1717.24755859375, "gpu_peak_reserved_mib": 2234.0, "best_map50_95": 0.8461159167853338}
2026-08-18 12:16:33 | INFO     | yolox.core.trainer:218 - ---> start train epoch33
2026-08-18 12:16:44 | INFO     | yolox.core.trainer:270 - epoch: 33/100, iter: 10/188, gpu mem: 1717Mb, mem: 12.7Gb, iter_time: 1.129s, data_time: 0.990s, total_loss: 1.8, iou_loss: 0.7, l1_loss: 0.0, conf_loss: 0.8, cls_loss: 0.3, lr: 9.771e-04, size: 640, ETA: 4:16:47
2026-08-18 12:16:56 | INFO     | yolox.core.trainer:270 - epoch: 33/100, iter: 20/188, gpu mem: 1717Mb, mem: 12.7Gb, iter_time: 1.201s, data_time: 1.062s, total_loss: 1.4, iou_loss: 0.9, l1_loss: 0.0, conf_loss: 0.3, cls_loss: 0.3, lr: 9.761e-04, size: 640, ETA: 4:16:35
2026-08-18 12:17:08 | INFO     | yolox.core.trainer:270 - epoch: 33/100, iter: 30/188, gpu mem: 1717Mb, mem: 12.6Gb, iter_time: 1.229s, data_time: 1.091s, total_loss: 1.8, iou_loss: 1.0, l1_loss: 0.0, conf_loss: 0.5, cls_loss: 0.3, lr: 9.751e-04, size: 640, ETA: 4:16:23
2026-08-18 12:17:21 | INFO     | yolox.core.trainer:270 - epoch: 33/100, iter: 40/188, gpu mem: 1717Mb, mem: 12.6Gb, iter_time: 1.221s, data_time: 1.082s, total_loss: 1.3, iou_loss: 0.7, l1_loss: 0.0, conf_loss: 0.4, cls_loss: 0.2, lr: 9.742e-04, size: 640, ETA: 4:16:12
2026-08-18 12:17:32 | INFO     | yolox.core.trainer:270 - epoch: 33/100, iter: 50/188, gpu mem: 1717Mb, mem: 12.6Gb, iter_time: 1.184s, data_time: 1.042s, total_loss: 1.2, iou_loss: 0.6, l1_loss: 0.0, conf_loss: 0.3, cls_loss: 0.2, lr: 9.732e-04, size: 640, ETA: 4:15:59
2026-08-18 12:17:44 | INFO     | yolox.core.trainer:270 - epoch: 33/100, iter: 60/188, gpu mem: 1717Mb, mem: 12.6Gb, iter_time: 1.176s, data_time: 1.040s, total_loss: 1.6, iou_loss: 0.8, l1_loss: 0.0, conf_loss: 0.5, cls_loss: 0.3, lr: 9.722e-04, size: 640, ETA: 4:15:47
2026-08-18 12:17:56 | INFO     | yolox.core.trainer:270 - epoch: 33/100, iter: 70/188, gpu mem: 1717Mb, mem: 12.6Gb, iter_time: 1.213s, data_time: 1.075s, total_loss: 1.8, iou_loss: 1.0, l1_loss: 0.0, conf_loss: 0.5, cls_loss: 0.3, lr: 9.712e-04, size: 640, ETA: 4:15:35
2026-08-18 12:18:09 | INFO     | yolox.core.trainer:270 - epoch: 33/100, iter: 80/188, gpu mem: 1717Mb, mem: 12.6Gb, iter_time: 1.245s, data_time: 1.106s, total_loss: 1.2, iou_loss: 0.7, l1_loss: 0.0, conf_loss: 0.2, cls_loss: 0.2, lr: 9.702e-04, size: 640, ETA: 4:15:23
2026-08-18 12:18:21 | INFO     | yolox.core.trainer:270 - epoch: 33/100, iter: 90/188, gpu mem: 1717Mb, mem: 12.6Gb, iter_time: 1.213s, data_time: 1.076s, total_loss: 1.6, iou_loss: 0.8, l1_loss: 0.0, conf_loss: 0.5, cls_loss: 0.3, lr: 9.692e-04, size: 640, ETA: 4:15:11
2026-08-18 12:18:33 | INFO     | yolox.core.trainer:270 - epoch: 33/100, iter: 100/188, gpu mem: 1717Mb, mem: 12.6Gb, iter_time: 1.190s, data_time: 1.054s, total_loss: 1.5, iou_loss: 0.8, l1_loss: 0.0, conf_loss: 0.4, cls_loss: 0.3, lr: 9.682e-04, size: 640, ETA: 4:14:59
2026-08-18 12:18:45 | INFO     | yolox.core.trainer:270 - epoch: 33/100, iter: 110/188, gpu mem: 1717Mb, mem: 12.6Gb, iter_time: 1.207s, data_time: 1.068s, total_loss: 1.6, iou_loss: 0.7, l1_loss: 0.0, conf_loss: 0.6, cls_loss: 0.3, lr: 9.672e-04, size: 640, ETA: 4:14:47
2026-08-18 12:18:57 | INFO     | yolox.core.trainer:270 - epoch: 33/100, iter: 120/188, gpu mem: 1717Mb, mem: 12.6Gb, iter_time: 1.190s, data_time: 1.051s, total_loss: 1.7, iou_loss: 0.9, l1_loss: 0.0, conf_loss: 0.5, cls_loss: 0.3, lr: 9.662e-04, size: 640, ETA: 4:14:35
2026-08-18 12:19:09 | INFO     | yolox.core.trainer:270 - epoch: 33/100, iter: 130/188, gpu mem: 1717Mb, mem: 12.6Gb, iter_time: 1.179s, data_time: 1.043s, total_loss: 1.6, iou_loss: 0.9, l1_loss: 0.0, conf_loss: 0.5, cls_loss: 0.3, lr: 9.652e-04, size: 640, ETA: 4:14:22
2026-08-18 12:19:21 | INFO     | yolox.core.trainer:270 - epoch: 33/100, iter: 140/188, gpu mem: 1717Mb, mem: 12.6Gb, iter_time: 1.223s, data_time: 1.085s, total_loss: 1.2, iou_loss: 0.6, l1_loss: 0.0, conf_loss: 0.4, cls_loss: 0.2, lr: 9.642e-04, size: 640, ETA: 4:14:10
2026-08-18 12:19:32 | INFO     | yolox.core.trainer:270 - epoch: 33/100, iter: 150/188, gpu mem: 1717Mb, mem: 12.6Gb, iter_time: 1.117s, data_time: 0.979s, total_loss: 2.0, iou_loss: 1.1, l1_loss: 0.0, conf_loss: 0.5, cls_loss: 0.3, lr: 9.632e-04, size: 640, ETA: 4:13:56
2026-08-18 12:19:44 | INFO     | yolox.core.trainer:270 - epoch: 33/100, iter: 160/188, gpu mem: 1717Mb, mem: 12.6Gb, iter_time: 1.155s, data_time: 1.017s, total_loss: 1.9, iou_loss: 1.1, l1_loss: 0.0, conf_loss: 0.6, cls_loss: 0.3, lr: 9.622e-04, size: 640, ETA: 4:13:43
2026-08-18 12:19:56 | INFO     | yolox.core.trainer:270 - epoch: 33/100, iter: 170/188, gpu mem: 1717Mb, mem: 12.6Gb, iter_time: 1.179s, data_time: 1.042s, total_loss: 1.7, iou_loss: 0.9, l1_loss: 0.0, conf_loss: 0.5, cls_loss: 0.3, lr: 9.612e-04, size: 640, ETA: 4:13:31
2026-08-18 12:20:07 | INFO     | yolox.core.trainer:270 - epoch: 33/100, iter: 180/188, gpu mem: 1717Mb, mem: 12.6Gb, iter_time: 1.149s, data_time: 1.008s, total_loss: 1.7, iou_loss: 0.9, l1_loss: 0.0, conf_loss: 0.5, cls_loss: 0.3, lr: 9.602e-04, size: 640, ETA: 4:13:17
2026-08-18 12:20:16 | INFO     | yolox.core.trainer:402 - Save weights to <PROJECT_ROOT>\runs\benchmarks\micropcb_rpi_phash_component_bootstrap_v2_full_e100_b8_i640_w0_s42-43-44_p02facd21ef_dbea2fbaddc_cb773706267\yolox_s_seed43

  0%|          | 0/25 [00:00<?, ?it/s]
  4%|4         | 1/25 [00:00<00:07,  3.43it/s]
  8%|8         | 2/25 [00:00<00:06,  3.41it/s]
 12%|#2        | 3/25 [00:00<00:06,  3.37it/s]
 16%|#6        | 4/25 [00:01<00:06,  3.19it/s]
 20%|##        | 5/25 [00:01<00:06,  2.92it/s]
 24%|##4       | 6/25 [00:01<00:06,  2.85it/s]
 28%|##8       | 7/25 [00:02<00:06,  2.89it/s]
 32%|###2      | 8/25 [00:02<00:05,  3.01it/s]
 36%|###6      | 9/25 [00:02<00:05,  3.10it/s]
 40%|####      | 10/25 [00:03<00:04,  3.10it/s]
 44%|####4     | 11/25 [00:03<00:04,  3.19it/s]
 48%|####8     | 12/25 [00:03<00:04,  3.08it/s]
 52%|#####2    | 13/25 [00:04<00:04,  2.98it/s]
 56%|#####6    | 14/25 [00:04<00:03,  3.02it/s]
 60%|######    | 15/25 [00:04<00:03,  2.94it/s]
 64%|######4   | 16/25 [00:05<00:03,  2.83it/s]
 68%|######8   | 17/25 [00:05<00:02,  3.02it/s]
 72%|#######2  | 18/25 [00:05<00:02,  3.22it/s]
 76%|#######6  | 19/25 [00:06<00:01,  3.47it/s]
 80%|########  | 20/25 [00:06<00:01,  3.55it/s]
 84%|########4 | 21/25 [00:06<00:01,  3.75it/s]
 88%|########8 | 22/25 [00:06<00:00,  3.78it/s]
 92%|#########2| 23/25 [00:07<00:00,  3.62it/s]
 96%|#########6| 24/25 [00:07<00:00,  3.30it/s]
100%|##########| 25/25 [00:07<00:00,  4.02it/s]
100%|##########| 25/25 [00:07<00:00,  3.27it/s]
2026-08-18 12:20:24 | INFO     | mcu_data.yolox_metrics:78 - Evaluate with standard pycocotools COCOeval (no C++ JIT build).
2026-08-18 12:20:24 | INFO     | mcu_data.yolox_metrics:80 - Loading and preparing results...
2026-08-18 12:20:24 | INFO     | mcu_data.yolox_metrics:80 - DONE (t=0.00s)
2026-08-18 12:20:24 | INFO     | pycocotools.coco:367 - creating index...
2026-08-18 12:20:24 | INFO     | pycocotools.coco:367 - index created!
2026-08-18 12:20:24 | INFO     | mcu_data.yolox_metrics:82 - Running per image evaluation...
2026-08-18 12:20:24 | INFO     | mcu_data.yolox_metrics:82 - Evaluate annotation type *bbox*
2026-08-18 12:20:24 | INFO     | mcu_data.yolox_metrics:82 - DONE (t=0.26s).
2026-08-18 12:20:24 | INFO     | mcu_data.yolox_metrics:83 - Accumulating evaluation results...
2026-08-18 12:20:24 | INFO     | mcu_data.yolox_metrics:83 - DONE (t=0.01s).
2026-08-18 12:20:24 | INFO     | yolox.core.trainer:381 - 
Average forward time: 4.95 ms, Average NMS time: 0.96 ms, Average inference time: 5.91 ms
 Average Precision  (AP) @[ IoU=0.50:0.95 | area=   all | maxDets=100 ] = 0.780
 Average Precision  (AP) @[ IoU=0.50      | area=   all | maxDets=100 ] = 1.000
 Average Precision  (AP) @[ IoU=0.75      | area=   all | maxDets=100 ] = 1.000
 Average Precision  (AP) @[ IoU=0.50:0.95 | area= small | maxDets=100 ] = -1.000
 Average Precision  (AP) @[ IoU=0.50:0.95 | area=medium | maxDets=100 ] = -1.000
 Average Precision  (AP) @[ IoU=0.50:0.95 | area= large | maxDets=100 ] = 0.780
 Average Recall     (AR) @[ IoU=0.50:0.95 | area=   all | maxDets=  1 ] = 0.806
 Average Recall     (AR) @[ IoU=0.50:0.95 | area=   all | maxDets= 10 ] = 0.806
 Average Recall     (AR) @[ IoU=0.50:0.95 | area=   all | maxDets=100 ] = 0.806
 Average Recall     (AR) @[ IoU=0.50:0.95 | area= small | maxDets=100 ] = -1.000
 Average Recall     (AR) @[ IoU=0.50:0.95 | area=medium | maxDets=100 ] = -1.000
 Average Recall     (AR) @[ IoU=0.50:0.95 | area= large | maxDets=100 ] = 0.806
per class AP:
| class            | AP     |
|:-----------------|:-------|
| raspberry_pi_sbc | 77.972 |
per class AR:
| class            | AR     |
|:-----------------|:-------|
| raspberry_pi_sbc | 80.564 |

2026-08-18 12:20:24 | INFO     | yolox.core.trainer:402 - Save weights to <PROJECT_ROOT>\runs\benchmarks\micropcb_rpi_phash_component_bootstrap_v2_full_e100_b8_i640_w0_s42-43-44_p02facd21ef_dbea2fbaddc_cb773706267\yolox_s_seed43
[EPOCH 033/100] loss=1.48800 iou=0.77442 conf=0.44553 cls=0.26805 | AP50=1.00000 AP50-95=0.77972 AP75=1.00000 AR100=0.80564 | LR=0.00095944 VRAM_peak=1717.2 MiB
EPOCH_METRICS_JSON {"epoch": 33, "elapsed_s": 7796.416966999997, "epoch_seconds": 231.2913776000496, "iterations": 188, "train_total_loss": 1.4879991405821862, "train_iou_loss": 0.7744194167725583, "train_conf_loss": 0.44552701133045747, "train_cls_loss": 0.2680527138266158, "train_l1_loss": 0.0, "num_fg_mean": 8.427136344513123, "map50_95": 0.7797221797799375, "map50": 1.0, "ap75": 1.0, "ar100": 0.8056410256410256, "lr": 0.0009594372709511635, "lr_mean": 0.00096875168571584, "gpu_peak_allocated_mib": 1717.24755859375, "gpu_peak_reserved_mib": 2234.0, "best_map50_95": 0.8461159167853338}
2026-08-18 12:20:25 | INFO     | yolox.core.trainer:218 - ---> start train epoch34
2026-08-18 12:20:37 | INFO     | yolox.core.trainer:270 - epoch: 34/100, iter: 10/188, gpu mem: 1717Mb, mem: 12.6Gb, iter_time: 1.185s, data_time: 1.046s, total_loss: 1.3, iou_loss: 0.8, l1_loss: 0.0, conf_loss: 0.3, cls_loss: 0.3, lr: 9.584e-04, size: 640, ETA: 4:12:54
2026-08-18 12:20:49 | INFO     | yolox.core.trainer:270 - epoch: 34/100, iter: 20/188, gpu mem: 1717Mb, mem: 12.6Gb, iter_time: 1.184s, data_time: 1.046s, total_loss: 1.4, iou_loss: 0.7, l1_loss: 0.0, conf_loss: 0.4, cls_loss: 0.3, lr: 9.574e-04, size: 640, ETA: 4:12:41
2026-08-18 12:21:00 | INFO     | yolox.core.trainer:270 - epoch: 34/100, iter: 30/188, gpu mem: 1717Mb, mem: 12.7Gb, iter_time: 1.144s, data_time: 1.006s, total_loss: 2.0, iou_loss: 0.8, l1_loss: 0.0, conf_loss: 0.8, cls_loss: 0.3, lr: 9.564e-04, size: 640, ETA: 4:12:28
2026-08-18 12:21:12 | INFO     | yolox.core.trainer:270 - epoch: 34/100, iter: 40/188, gpu mem: 1717Mb, mem: 12.6Gb, iter_time: 1.231s, data_time: 1.094s, total_loss: 1.8, iou_loss: 1.0, l1_loss: 0.0, conf_loss: 0.4, cls_loss: 0.3, lr: 9.554e-04, size: 640, ETA: 4:12:16
2026-08-18 12:21:25 | INFO     | yolox.core.trainer:270 - epoch: 34/100, iter: 50/188, gpu mem: 1717Mb, mem: 12.6Gb, iter_time: 1.216s, data_time: 1.077s, total_loss: 1.8, iou_loss: 0.9, l1_loss: 0.0, conf_loss: 0.7, cls_loss: 0.3, lr: 9.544e-04, size: 640, ETA: 4:12:05
2026-08-18 12:21:36 | INFO     | yolox.core.trainer:270 - epoch: 34/100, iter: 60/188, gpu mem: 1717Mb, mem: 12.6Gb, iter_time: 1.151s, data_time: 1.013s, total_loss: 1.3, iou_loss: 0.7, l1_loss: 0.0, conf_loss: 0.4, cls_loss: 0.3, lr: 9.534e-04, size: 640, ETA: 4:11:51
2026-08-18 12:21:48 | INFO     | yolox.core.trainer:270 - epoch: 34/100, iter: 70/188, gpu mem: 1717Mb, mem: 12.6Gb, iter_time: 1.241s, data_time: 1.099s, total_loss: 1.3, iou_loss: 0.7, l1_loss: 0.0, conf_loss: 0.4, cls_loss: 0.2, lr: 9.524e-04, size: 640, ETA: 4:11:40
2026-08-18 12:22:01 | INFO     | yolox.core.trainer:270 - epoch: 34/100, iter: 80/188, gpu mem: 1717Mb, mem: 12.6Gb, iter_time: 1.214s, data_time: 1.077s, total_loss: 1.7, iou_loss: 0.8, l1_loss: 0.0, conf_loss: 0.6, cls_loss: 0.3, lr: 9.514e-04, size: 640, ETA: 4:11:28
2026-08-18 12:22:13 | INFO     | yolox.core.trainer:270 - epoch: 34/100, iter: 90/188, gpu mem: 1717Mb, mem: 12.6Gb, iter_time: 1.218s, data_time: 1.080s, total_loss: 1.3, iou_loss: 0.7, l1_loss: 0.0, conf_loss: 0.4, cls_loss: 0.2, lr: 9.504e-04, size: 640, ETA: 4:11:16
2026-08-18 12:22:25 | INFO     | yolox.core.trainer:270 - epoch: 34/100, iter: 100/188, gpu mem: 1717Mb, mem: 12.5Gb, iter_time: 1.218s, data_time: 1.080s, total_loss: 1.6, iou_loss: 0.9, l1_loss: 0.0, conf_loss: 0.3, cls_loss: 0.3, lr: 9.493e-04, size: 640, ETA: 4:11:05
2026-08-18 12:22:36 | INFO     | yolox.core.trainer:270 - epoch: 34/100, iter: 110/188, gpu mem: 1717Mb, mem: 12.5Gb, iter_time: 1.139s, data_time: 1.001s, total_loss: 1.9, iou_loss: 0.9, l1_loss: 0.0, conf_loss: 0.7, cls_loss: 0.3, lr: 9.483e-04, size: 640, ETA: 4:10:51
2026-08-18 12:22:48 | INFO     | yolox.core.trainer:270 - epoch: 34/100, iter: 120/188, gpu mem: 1717Mb, mem: 12.5Gb, iter_time: 1.177s, data_time: 1.039s, total_loss: 1.6, iou_loss: 0.8, l1_loss: 0.0, conf_loss: 0.6, cls_loss: 0.3, lr: 9.473e-04, size: 640, ETA: 4:10:39
2026-08-18 12:23:00 | INFO     | yolox.core.trainer:270 - epoch: 34/100, iter: 130/188, gpu mem: 1717Mb, mem: 12.6Gb, iter_time: 1.202s, data_time: 1.063s, total_loss: 1.2, iou_loss: 0.6, l1_loss: 0.0, conf_loss: 0.4, cls_loss: 0.2, lr: 9.463e-04, size: 640, ETA: 4:10:26
2026-08-18 12:23:12 | INFO     | yolox.core.trainer:270 - epoch: 34/100, iter: 140/188, gpu mem: 1717Mb, mem: 12.6Gb, iter_time: 1.193s, data_time: 1.055s, total_loss: 1.1, iou_loss: 0.6, l1_loss: 0.0, conf_loss: 0.3, cls_loss: 0.2, lr: 9.453e-04, size: 640, ETA: 4:10:14
2026-08-18 12:23:23 | INFO     | yolox.core.trainer:270 - epoch: 34/100, iter: 150/188, gpu mem: 1717Mb, mem: 12.6Gb, iter_time: 1.133s, data_time: 0.993s, total_loss: 1.6, iou_loss: 0.9, l1_loss: 0.0, conf_loss: 0.5, cls_loss: 0.3, lr: 9.443e-04, size: 640, ETA: 4:10:01
2026-08-18 12:23:35 | INFO     | yolox.core.trainer:270 - epoch: 34/100, iter: 160/188, gpu mem: 1717Mb, mem: 12.7Gb, iter_time: 1.187s, data_time: 1.048s, total_loss: 1.5, iou_loss: 0.7, l1_loss: 0.0, conf_loss: 0.5, cls_loss: 0.3, lr: 9.432e-04, size: 640, ETA: 4:09:48
2026-08-18 12:23:47 | INFO     | yolox.core.trainer:270 - epoch: 34/100, iter: 170/188, gpu mem: 1717Mb, mem: 12.6Gb, iter_time: 1.204s, data_time: 1.066s, total_loss: 1.4, iou_loss: 0.7, l1_loss: 0.0, conf_loss: 0.4, cls_loss: 0.3, lr: 9.422e-04, size: 640, ETA: 4:09:36
2026-08-18 12:23:59 | INFO     | yolox.core.trainer:270 - epoch: 34/100, iter: 180/188, gpu mem: 1717Mb, mem: 12.7Gb, iter_time: 1.155s, data_time: 1.017s, total_loss: 1.6, iou_loss: 0.8, l1_loss: 0.0, conf_loss: 0.5, cls_loss: 0.3, lr: 9.412e-04, size: 640, ETA: 4:09:23
2026-08-18 12:24:08 | INFO     | yolox.core.trainer:402 - Save weights to <PROJECT_ROOT>\runs\benchmarks\micropcb_rpi_phash_component_bootstrap_v2_full_e100_b8_i640_w0_s42-43-44_p02facd21ef_dbea2fbaddc_cb773706267\yolox_s_seed43

  0%|          | 0/25 [00:00<?, ?it/s]
  4%|4         | 1/25 [00:00<00:07,  3.37it/s]
  8%|8         | 2/25 [00:00<00:06,  3.31it/s]
 12%|#2        | 3/25 [00:00<00:06,  3.29it/s]
 16%|#6        | 4/25 [00:01<00:06,  3.11it/s]
 20%|##        | 5/25 [00:01<00:06,  2.96it/s]
 24%|##4       | 6/25 [00:01<00:06,  2.90it/s]
 28%|##8       | 7/25 [00:02<00:06,  2.94it/s]
 32%|###2      | 8/25 [00:02<00:05,  2.99it/s]
 36%|###6      | 9/25 [00:02<00:05,  3.08it/s]
 40%|####      | 10/25 [00:03<00:04,  3.08it/s]
 44%|####4     | 11/25 [00:03<00:04,  3.13it/s]
 48%|####8     | 12/25 [00:03<00:04,  3.24it/s]
 52%|#####2    | 13/25 [00:04<00:03,  3.23it/s]
 56%|#####6    | 14/25 [00:04<00:03,  3.32it/s]
 60%|######    | 15/25 [00:04<00:03,  3.22it/s]
 64%|######4   | 16/25 [00:05<00:02,  3.09it/s]
 68%|######8   | 17/25 [00:05<00:02,  3.20it/s]
 72%|#######2  | 18/25 [00:05<00:02,  3.39it/s]
 76%|#######6  | 19/25 [00:05<00:01,  3.54it/s]
 80%|########  | 20/25 [00:06<00:01,  3.59it/s]
 84%|########4 | 21/25 [00:06<00:01,  3.67it/s]
 88%|########8 | 22/25 [00:06<00:00,  3.70it/s]
 92%|#########2| 23/25 [00:07<00:00,  3.53it/s]
 96%|#########6| 24/25 [00:07<00:00,  3.24it/s]
100%|##########| 25/25 [00:07<00:00,  3.96it/s]
100%|##########| 25/25 [00:07<00:00,  3.32it/s]
2026-08-18 12:24:16 | INFO     | mcu_data.yolox_metrics:78 - Evaluate with standard pycocotools COCOeval (no C++ JIT build).
2026-08-18 12:24:16 | INFO     | mcu_data.yolox_metrics:80 - Loading and preparing results...
2026-08-18 12:24:16 | INFO     | mcu_data.yolox_metrics:80 - DONE (t=0.00s)
2026-08-18 12:24:16 | INFO     | pycocotools.coco:367 - creating index...
2026-08-18 12:24:16 | INFO     | pycocotools.coco:367 - index created!
2026-08-18 12:24:16 | INFO     | mcu_data.yolox_metrics:82 - Running per image evaluation...
2026-08-18 12:24:16 | INFO     | mcu_data.yolox_metrics:82 - Evaluate annotation type *bbox*
2026-08-18 12:24:16 | INFO     | mcu_data.yolox_metrics:82 - DONE (t=0.06s).
2026-08-18 12:24:16 | INFO     | mcu_data.yolox_metrics:83 - Accumulating evaluation results...
2026-08-18 12:24:16 | INFO     | mcu_data.yolox_metrics:83 - DONE (t=0.01s).
2026-08-18 12:24:16 | INFO     | yolox.core.trainer:381 - 
Average forward time: 4.94 ms, Average NMS time: 0.93 ms, Average inference time: 5.86 ms
 Average Precision  (AP) @[ IoU=0.50:0.95 | area=   all | maxDets=100 ] = 0.857
 Average Precision  (AP) @[ IoU=0.50      | area=   all | maxDets=100 ] = 1.000
 Average Precision  (AP) @[ IoU=0.75      | area=   all | maxDets=100 ] = 1.000
 Average Precision  (AP) @[ IoU=0.50:0.95 | area= small | maxDets=100 ] = -1.000
 Average Precision  (AP) @[ IoU=0.50:0.95 | area=medium | maxDets=100 ] = -1.000
 Average Precision  (AP) @[ IoU=0.50:0.95 | area= large | maxDets=100 ] = 0.857
 Average Recall     (AR) @[ IoU=0.50:0.95 | area=   all | maxDets=  1 ] = 0.875
 Average Recall     (AR) @[ IoU=0.50:0.95 | area=   all | maxDets= 10 ] = 0.875
 Average Recall     (AR) @[ IoU=0.50:0.95 | area=   all | maxDets=100 ] = 0.875
 Average Recall     (AR) @[ IoU=0.50:0.95 | area= small | maxDets=100 ] = -1.000
 Average Recall     (AR) @[ IoU=0.50:0.95 | area=medium | maxDets=100 ] = -1.000
 Average Recall     (AR) @[ IoU=0.50:0.95 | area= large | maxDets=100 ] = 0.875
per class AP:
| class            | AP     |
|:-----------------|:-------|
| raspberry_pi_sbc | 85.741 |
per class AR:
| class            | AR     |
|:-----------------|:-------|
| raspberry_pi_sbc | 87.538 |

2026-08-18 12:24:16 | INFO     | yolox.core.trainer:402 - Save weights to <PROJECT_ROOT>\runs\benchmarks\micropcb_rpi_phash_component_bootstrap_v2_full_e100_b8_i640_w0_s42-43-44_p02facd21ef_dbea2fbaddc_cb773706267\yolox_s_seed43
[EPOCH 034/100] loss=1.45621 iou=0.76011 conf=0.43159 cls=0.26452 | AP50=1.00000 AP50-95=0.85741 AP75=1.00000 AR100=0.87538 | LR=0.00094037 VRAM_peak=1717.2 MiB
EPOCH_METRICS_JSON {"epoch": 34, "elapsed_s": 8028.438973900047, "epoch_seconds": 231.26675309997518, "iterations": 188, "train_total_loss": 1.4562115041499442, "train_iou_loss": 0.7601072601181396, "train_conf_loss": 0.4315856761754827, "train_cls_loss": 0.26451856769779897, "train_l1_loss": 0.0, "num_fg_mean": 8.399832381448219, "map50_95": 0.8574098026800376, "map50": 1.0, "ap75": 1.0, "ar100": 0.8753846153846153, "lr": 0.0009403662441538887, "lr_mean": 0.0009498844685777708, "gpu_peak_allocated_mib": 1717.24755859375, "gpu_peak_reserved_mib": 2234.0, "best_map50_95": 0.8574098026800376}
2026-08-18 12:24:17 | INFO     | yolox.core.trainer:218 - ---> start train epoch35
2026-08-18 12:24:29 | INFO     | yolox.core.trainer:270 - epoch: 35/100, iter: 10/188, gpu mem: 1717Mb, mem: 12.7Gb, iter_time: 1.232s, data_time: 1.093s, total_loss: 1.3, iou_loss: 0.6, l1_loss: 0.0, conf_loss: 0.4, cls_loss: 0.2, lr: 9.393e-04, size: 640, ETA: 4:09:01
2026-08-18 12:24:41 | INFO     | yolox.core.trainer:270 - epoch: 35/100, iter: 20/188, gpu mem: 1717Mb, mem: 12.7Gb, iter_time: 1.186s, data_time: 1.046s, total_loss: 1.5, iou_loss: 0.8, l1_loss: 0.0, conf_loss: 0.4, cls_loss: 0.3, lr: 9.383e-04, size: 640, ETA: 4:08:49
2026-08-18 12:24:53 | INFO     | yolox.core.trainer:270 - epoch: 35/100, iter: 30/188, gpu mem: 1717Mb, mem: 12.7Gb, iter_time: 1.173s, data_time: 1.033s, total_loss: 1.4, iou_loss: 0.8, l1_loss: 0.0, conf_loss: 0.4, cls_loss: 0.3, lr: 9.373e-04, size: 640, ETA: 4:08:36
2026-08-18 12:25:05 | INFO     | yolox.core.trainer:270 - epoch: 35/100, iter: 40/188, gpu mem: 1717Mb, mem: 12.7Gb, iter_time: 1.215s, data_time: 1.078s, total_loss: 1.0, iou_loss: 0.6, l1_loss: 0.0, conf_loss: 0.2, cls_loss: 0.2, lr: 9.363e-04, size: 640, ETA: 4:08:24
2026-08-18 12:25:17 | INFO     | yolox.core.trainer:270 - epoch: 35/100, iter: 50/188, gpu mem: 1717Mb, mem: 12.7Gb, iter_time: 1.173s, data_time: 1.034s, total_loss: 1.4, iou_loss: 0.8, l1_loss: 0.0, conf_loss: 0.4, cls_loss: 0.3, lr: 9.352e-04, size: 640, ETA: 4:08:12
2026-08-18 12:25:29 | INFO     | yolox.core.trainer:270 - epoch: 35/100, iter: 60/188, gpu mem: 1717Mb, mem: 12.6Gb, iter_time: 1.191s, data_time: 1.050s, total_loss: 1.0, iou_loss: 0.6, l1_loss: 0.0, conf_loss: 0.2, cls_loss: 0.2, lr: 9.342e-04, size: 640, ETA: 4:07:59
2026-08-18 12:25:40 | INFO     | yolox.core.trainer:270 - epoch: 35/100, iter: 70/188, gpu mem: 1717Mb, mem: 12.7Gb, iter_time: 1.181s, data_time: 1.043s, total_loss: 1.8, iou_loss: 0.9, l1_loss: 0.0, conf_loss: 0.5, cls_loss: 0.3, lr: 9.332e-04, size: 640, ETA: 4:07:47
2026-08-18 12:25:53 | INFO     | yolox.core.trainer:270 - epoch: 35/100, iter: 80/188, gpu mem: 1717Mb, mem: 12.8Gb, iter_time: 1.251s, data_time: 1.110s, total_loss: 1.3, iou_loss: 0.7, l1_loss: 0.0, conf_loss: 0.3, cls_loss: 0.3, lr: 9.321e-04, size: 640, ETA: 4:07:36
2026-08-18 12:26:06 | INFO     | yolox.core.trainer:270 - epoch: 35/100, iter: 90/188, gpu mem: 1717Mb, mem: 12.8Gb, iter_time: 1.252s, data_time: 1.112s, total_loss: 1.6, iou_loss: 0.8, l1_loss: 0.0, conf_loss: 0.5, cls_loss: 0.3, lr: 9.311e-04, size: 640, ETA: 4:07:24
2026-08-18 12:26:18 | INFO     | yolox.core.trainer:270 - epoch: 35/100, iter: 100/188, gpu mem: 1717Mb, mem: 12.9Gb, iter_time: 1.253s, data_time: 1.112s, total_loss: 1.7, iou_loss: 0.9, l1_loss: 0.0, conf_loss: 0.5, cls_loss: 0.3, lr: 9.301e-04, size: 640, ETA: 4:07:13
2026-08-18 12:26:31 | INFO     | yolox.core.trainer:270 - epoch: 35/100, iter: 110/188, gpu mem: 1717Mb, mem: 12.7Gb, iter_time: 1.249s, data_time: 1.108s, total_loss: 1.4, iou_loss: 0.8, l1_loss: 0.0, conf_loss: 0.4, cls_loss: 0.3, lr: 9.290e-04, size: 640, ETA: 4:07:02
2026-08-18 12:26:43 | INFO     | yolox.core.trainer:270 - epoch: 35/100, iter: 120/188, gpu mem: 1717Mb, mem: 12.7Gb, iter_time: 1.207s, data_time: 1.070s, total_loss: 1.2, iou_loss: 0.6, l1_loss: 0.0, conf_loss: 0.3, cls_loss: 0.2, lr: 9.280e-04, size: 640, ETA: 4:06:50
2026-08-18 12:26:55 | INFO     | yolox.core.trainer:270 - epoch: 35/100, iter: 130/188, gpu mem: 1717Mb, mem: 12.7Gb, iter_time: 1.187s, data_time: 1.047s, total_loss: 1.3, iou_loss: 0.8, l1_loss: 0.0, conf_loss: 0.3, cls_loss: 0.3, lr: 9.270e-04, size: 640, ETA: 4:06:38
2026-08-18 12:27:06 | INFO     | yolox.core.trainer:270 - epoch: 35/100, iter: 140/188, gpu mem: 1717Mb, mem: 12.7Gb, iter_time: 1.194s, data_time: 1.051s, total_loss: 1.3, iou_loss: 0.7, l1_loss: 0.0, conf_loss: 0.3, cls_loss: 0.3, lr: 9.259e-04, size: 640, ETA: 4:06:25
2026-08-18 12:27:18 | INFO     | yolox.core.trainer:270 - epoch: 35/100, iter: 150/188, gpu mem: 1717Mb, mem: 12.7Gb, iter_time: 1.178s, data_time: 1.039s, total_loss: 1.0, iou_loss: 0.6, l1_loss: 0.0, conf_loss: 0.2, cls_loss: 0.2, lr: 9.249e-04, size: 640, ETA: 4:06:13
2026-08-18 12:27:30 | INFO     | yolox.core.trainer:270 - epoch: 35/100, iter: 160/188, gpu mem: 1717Mb, mem: 12.6Gb, iter_time: 1.186s, data_time: 1.028s, total_loss: 1.8, iou_loss: 0.9, l1_loss: 0.0, conf_loss: 0.6, cls_loss: 0.3, lr: 9.238e-04, size: 640, ETA: 4:06:00
2026-08-18 12:27:42 | INFO     | yolox.core.trainer:270 - epoch: 35/100, iter: 170/188, gpu mem: 1717Mb, mem: 12.6Gb, iter_time: 1.138s, data_time: 0.999s, total_loss: 0.9, iou_loss: 0.5, l1_loss: 0.0, conf_loss: 0.2, cls_loss: 0.2, lr: 9.228e-04, size: 640, ETA: 4:05:47
2026-08-18 12:27:53 | INFO     | yolox.core.trainer:270 - epoch: 35/100, iter: 180/188, gpu mem: 1717Mb, mem: 12.6Gb, iter_time: 1.177s, data_time: 1.037s, total_loss: 1.0, iou_loss: 0.5, l1_loss: 0.0, conf_loss: 0.3, cls_loss: 0.2, lr: 9.217e-04, size: 640, ETA: 4:05:34
2026-08-18 12:28:03 | INFO     | yolox.core.trainer:402 - Save weights to <PROJECT_ROOT>\runs\benchmarks\micropcb_rpi_phash_component_bootstrap_v2_full_e100_b8_i640_w0_s42-43-44_p02facd21ef_dbea2fbaddc_cb773706267\yolox_s_seed43

  0%|          | 0/25 [00:00<?, ?it/s]
  4%|4         | 1/25 [00:00<00:06,  3.49it/s]
  8%|8         | 2/25 [00:00<00:06,  3.33it/s]
 12%|#2        | 3/25 [00:00<00:06,  3.48it/s]
 16%|#6        | 4/25 [00:01<00:06,  3.33it/s]
 20%|##        | 5/25 [00:01<00:06,  3.04it/s]
 24%|##4       | 6/25 [00:01<00:06,  2.93it/s]
 28%|##8       | 7/25 [00:02<00:06,  2.95it/s]
 32%|###2      | 8/25 [00:02<00:05,  3.07it/s]
 36%|###6      | 9/25 [00:02<00:05,  3.13it/s]
 40%|####      | 10/25 [00:03<00:04,  3.12it/s]
 44%|####4     | 11/25 [00:03<00:04,  3.20it/s]
 48%|####8     | 12/25 [00:03<00:04,  3.22it/s]
 52%|#####2    | 13/25 [00:04<00:03,  3.10it/s]
 56%|#####6    | 14/25 [00:04<00:03,  3.11it/s]
 60%|######    | 15/25 [00:04<00:03,  3.00it/s]
 64%|######4   | 16/25 [00:05<00:03,  2.91it/s]
 68%|######8   | 17/25 [00:05<00:02,  3.05it/s]
 72%|#######2  | 18/25 [00:05<00:02,  3.30it/s]
 76%|#######6  | 19/25 [00:05<00:01,  3.45it/s]
 80%|########  | 20/25 [00:06<00:01,  3.56it/s]
 84%|########4 | 21/25 [00:06<00:01,  3.70it/s]
 88%|########8 | 22/25 [00:06<00:00,  3.75it/s]
 92%|#########2| 23/25 [00:07<00:00,  3.55it/s]
 96%|#########6| 24/25 [00:07<00:00,  3.26it/s]
100%|##########| 25/25 [00:07<00:00,  4.00it/s]
100%|##########| 25/25 [00:07<00:00,  3.31it/s]
2026-08-18 12:28:10 | INFO     | mcu_data.yolox_metrics:78 - Evaluate with standard pycocotools COCOeval (no C++ JIT build).
2026-08-18 12:28:10 | INFO     | mcu_data.yolox_metrics:80 - Loading and preparing results...
2026-08-18 12:28:10 | INFO     | mcu_data.yolox_metrics:80 - DONE (t=0.00s)
2026-08-18 12:28:10 | INFO     | pycocotools.coco:367 - creating index...
2026-08-18 12:28:10 | INFO     | pycocotools.coco:367 - index created!
2026-08-18 12:28:10 | INFO     | mcu_data.yolox_metrics:82 - Running per image evaluation...
2026-08-18 12:28:10 | INFO     | mcu_data.yolox_metrics:82 - Evaluate annotation type *bbox*
2026-08-18 12:28:11 | INFO     | mcu_data.yolox_metrics:82 - DONE (t=0.04s).
2026-08-18 12:28:11 | INFO     | mcu_data.yolox_metrics:83 - Accumulating evaluation results...
2026-08-18 12:28:11 | INFO     | mcu_data.yolox_metrics:83 - DONE (t=0.01s).
2026-08-18 12:28:11 | INFO     | yolox.core.trainer:381 - 
Average forward time: 4.93 ms, Average NMS time: 0.95 ms, Average inference time: 5.89 ms
 Average Precision  (AP) @[ IoU=0.50:0.95 | area=   all | maxDets=100 ] = 0.806
 Average Precision  (AP) @[ IoU=0.50      | area=   all | maxDets=100 ] = 1.000
 Average Precision  (AP) @[ IoU=0.75      | area=   all | maxDets=100 ] = 1.000
 Average Precision  (AP) @[ IoU=0.50:0.95 | area= small | maxDets=100 ] = -1.000
 Average Precision  (AP) @[ IoU=0.50:0.95 | area=medium | maxDets=100 ] = -1.000
 Average Precision  (AP) @[ IoU=0.50:0.95 | area= large | maxDets=100 ] = 0.806
 Average Recall     (AR) @[ IoU=0.50:0.95 | area=   all | maxDets=  1 ] = 0.829
 Average Recall     (AR) @[ IoU=0.50:0.95 | area=   all | maxDets= 10 ] = 0.829
 Average Recall     (AR) @[ IoU=0.50:0.95 | area=   all | maxDets=100 ] = 0.829
 Average Recall     (AR) @[ IoU=0.50:0.95 | area= small | maxDets=100 ] = -1.000
 Average Recall     (AR) @[ IoU=0.50:0.95 | area=medium | maxDets=100 ] = -1.000
 Average Recall     (AR) @[ IoU=0.50:0.95 | area= large | maxDets=100 ] = 0.829
per class AP:
| class            | AP     |
|:-----------------|:-------|
| raspberry_pi_sbc | 80.552 |
per class AR:
| class            | AR     |
|:-----------------|:-------|
| raspberry_pi_sbc | 82.872 |

2026-08-18 12:28:11 | INFO     | yolox.core.trainer:402 - Save weights to <PROJECT_ROOT>\runs\benchmarks\micropcb_rpi_phash_component_bootstrap_v2_full_e100_b8_i640_w0_s42-43-44_p02facd21ef_dbea2fbaddc_cb773706267\yolox_s_seed43
[EPOCH 035/100] loss=1.42222 iou=0.74338 conf=0.41998 cls=0.25886 | AP50=1.00000 AP50-95=0.80552 AP75=1.00000 AR100=0.82872 | LR=0.00092091 VRAM_peak=1717.2 MiB
EPOCH_METRICS_JSON {"epoch": 35, "elapsed_s": 8262.988950100029, "epoch_seconds": 233.78345979994629, "iterations": 188, "train_total_loss": 1.4222173969796363, "train_iou_loss": 0.7433752412808702, "train_conf_loss": 0.41998303087150796, "train_cls_loss": 0.2588591195959994, "train_l1_loss": 0.0, "num_fg_mean": 8.444363033086544, "map50_95": 0.8055234999839003, "map50": 1.0, "ap75": 1.0, "ar100": 0.8287179487179488, "lr": 0.0009209071487423196, "lr_mean": 0.0009306161820757537, "gpu_peak_allocated_mib": 1717.24755859375, "gpu_peak_reserved_mib": 2234.0, "best_map50_95": 0.8574098026800376}
2026-08-18 12:28:11 | INFO     | yolox.core.trainer:218 - ---> start train epoch36
2026-08-18 12:28:24 | INFO     | yolox.core.trainer:270 - epoch: 36/100, iter: 10/188, gpu mem: 1717Mb, mem: 12.6Gb, iter_time: 1.204s, data_time: 1.065s, total_loss: 1.3, iou_loss: 0.7, l1_loss: 0.0, conf_loss: 0.3, cls_loss: 0.2, lr: 9.199e-04, size: 640, ETA: 4:05:12
2026-08-18 12:28:35 | INFO     | yolox.core.trainer:270 - epoch: 36/100, iter: 20/188, gpu mem: 1717Mb, mem: 12.6Gb, iter_time: 1.173s, data_time: 1.035s, total_loss: 1.5, iou_loss: 0.8, l1_loss: 0.0, conf_loss: 0.4, cls_loss: 0.3, lr: 9.188e-04, size: 640, ETA: 4:05:00
2026-08-18 12:28:47 | INFO     | yolox.core.trainer:270 - epoch: 36/100, iter: 30/188, gpu mem: 1717Mb, mem: 12.6Gb, iter_time: 1.202s, data_time: 1.064s, total_loss: 1.3, iou_loss: 0.7, l1_loss: 0.0, conf_loss: 0.4, cls_loss: 0.3, lr: 9.178e-04, size: 640, ETA: 4:04:48
2026-08-18 12:28:59 | INFO     | yolox.core.trainer:270 - epoch: 36/100, iter: 40/188, gpu mem: 1717Mb, mem: 12.6Gb, iter_time: 1.133s, data_time: 0.996s, total_loss: 2.1, iou_loss: 0.9, l1_loss: 0.0, conf_loss: 0.8, cls_loss: 0.3, lr: 9.167e-04, size: 640, ETA: 4:04:34
2026-08-18 12:29:11 | INFO     | yolox.core.trainer:270 - epoch: 36/100, iter: 50/188, gpu mem: 1717Mb, mem: 12.6Gb, iter_time: 1.220s, data_time: 1.084s, total_loss: 1.2, iou_loss: 0.6, l1_loss: 0.0, conf_loss: 0.4, cls_loss: 0.2, lr: 9.157e-04, size: 640, ETA: 4:04:23
2026-08-18 12:29:22 | INFO     | yolox.core.trainer:270 - epoch: 36/100, iter: 60/188, gpu mem: 1717Mb, mem: 12.6Gb, iter_time: 1.161s, data_time: 1.023s, total_loss: 1.4, iou_loss: 0.6, l1_loss: 0.0, conf_loss: 0.5, cls_loss: 0.2, lr: 9.146e-04, size: 640, ETA: 4:04:10
2026-08-18 12:29:35 | INFO     | yolox.core.trainer:270 - epoch: 36/100, iter: 70/188, gpu mem: 1717Mb, mem: 12.6Gb, iter_time: 1.233s, data_time: 1.094s, total_loss: 1.5, iou_loss: 0.7, l1_loss: 0.0, conf_loss: 0.5, cls_loss: 0.2, lr: 9.136e-04, size: 640, ETA: 4:03:58
2026-08-18 12:29:47 | INFO     | yolox.core.trainer:270 - epoch: 36/100, iter: 80/188, gpu mem: 1717Mb, mem: 12.6Gb, iter_time: 1.228s, data_time: 1.090s, total_loss: 1.2, iou_loss: 0.6, l1_loss: 0.0, conf_loss: 0.3, cls_loss: 0.2, lr: 9.125e-04, size: 640, ETA: 4:03:47
2026-08-18 12:29:59 | INFO     | yolox.core.trainer:270 - epoch: 36/100, iter: 90/188, gpu mem: 1717Mb, mem: 12.6Gb, iter_time: 1.197s, data_time: 1.056s, total_loss: 1.5, iou_loss: 0.7, l1_loss: 0.0, conf_loss: 0.5, cls_loss: 0.3, lr: 9.115e-04, size: 640, ETA: 4:03:34
2026-08-18 12:30:11 | INFO     | yolox.core.trainer:270 - epoch: 36/100, iter: 100/188, gpu mem: 1717Mb, mem: 12.5Gb, iter_time: 1.175s, data_time: 1.034s, total_loss: 0.8, iou_loss: 0.5, l1_loss: 0.0, conf_loss: 0.2, cls_loss: 0.2, lr: 9.104e-04, size: 640, ETA: 4:03:22
2026-08-18 12:30:23 | INFO     | yolox.core.trainer:270 - epoch: 36/100, iter: 110/188, gpu mem: 1717Mb, mem: 12.6Gb, iter_time: 1.190s, data_time: 1.048s, total_loss: 1.5, iou_loss: 0.7, l1_loss: 0.0, conf_loss: 0.6, cls_loss: 0.3, lr: 9.094e-04, size: 640, ETA: 4:03:09
2026-08-18 12:30:34 | INFO     | yolox.core.trainer:270 - epoch: 36/100, iter: 120/188, gpu mem: 1717Mb, mem: 12.5Gb, iter_time: 1.139s, data_time: 1.003s, total_loss: 1.0, iou_loss: 0.6, l1_loss: 0.0, conf_loss: 0.2, cls_loss: 0.2, lr: 9.083e-04, size: 640, ETA: 4:02:56
2026-08-18 12:30:46 | INFO     | yolox.core.trainer:270 - epoch: 36/100, iter: 130/188, gpu mem: 1717Mb, mem: 12.6Gb, iter_time: 1.153s, data_time: 1.011s, total_loss: 1.4, iou_loss: 0.7, l1_loss: 0.0, conf_loss: 0.5, cls_loss: 0.3, lr: 9.072e-04, size: 640, ETA: 4:02:43
2026-08-18 12:30:58 | INFO     | yolox.core.trainer:270 - epoch: 36/100, iter: 140/188, gpu mem: 1717Mb, mem: 12.6Gb, iter_time: 1.183s, data_time: 1.044s, total_loss: 1.0, iou_loss: 0.6, l1_loss: 0.0, conf_loss: 0.2, cls_loss: 0.2, lr: 9.062e-04, size: 640, ETA: 4:02:31
2026-08-18 12:31:09 | INFO     | yolox.core.trainer:270 - epoch: 36/100, iter: 150/188, gpu mem: 1717Mb, mem: 12.6Gb, iter_time: 1.154s, data_time: 1.016s, total_loss: 1.9, iou_loss: 0.8, l1_loss: 0.0, conf_loss: 0.7, cls_loss: 0.3, lr: 9.051e-04, size: 640, ETA: 4:02:18
2026-08-18 12:31:21 | INFO     | yolox.core.trainer:270 - epoch: 36/100, iter: 160/188, gpu mem: 1717Mb, mem: 12.6Gb, iter_time: 1.149s, data_time: 1.012s, total_loss: 1.8, iou_loss: 1.0, l1_loss: 0.0, conf_loss: 0.5, cls_loss: 0.3, lr: 9.041e-04, size: 640, ETA: 4:02:05
2026-08-18 12:31:32 | INFO     | yolox.core.trainer:270 - epoch: 36/100, iter: 170/188, gpu mem: 1717Mb, mem: 12.6Gb, iter_time: 1.189s, data_time: 1.048s, total_loss: 2.0, iou_loss: 1.1, l1_loss: 0.0, conf_loss: 0.5, cls_loss: 0.3, lr: 9.030e-04, size: 640, ETA: 4:01:53
2026-08-18 12:31:45 | INFO     | yolox.core.trainer:270 - epoch: 36/100, iter: 180/188, gpu mem: 1717Mb, mem: 12.6Gb, iter_time: 1.207s, data_time: 1.069s, total_loss: 2.5, iou_loss: 1.4, l1_loss: 0.0, conf_loss: 0.8, cls_loss: 0.4, lr: 9.019e-04, size: 640, ETA: 4:01:41
2026-08-18 12:31:54 | INFO     | yolox.core.trainer:402 - Save weights to <PROJECT_ROOT>\runs\benchmarks\micropcb_rpi_phash_component_bootstrap_v2_full_e100_b8_i640_w0_s42-43-44_p02facd21ef_dbea2fbaddc_cb773706267\yolox_s_seed43

  0%|          | 0/25 [00:00<?, ?it/s]
  4%|4         | 1/25 [00:00<00:07,  3.26it/s]
  8%|8         | 2/25 [00:00<00:06,  3.31it/s]
 12%|#2        | 3/25 [00:00<00:06,  3.27it/s]
 16%|#6        | 4/25 [00:01<00:06,  3.17it/s]
 20%|##        | 5/25 [00:01<00:06,  2.90it/s]
 24%|##4       | 6/25 [00:02<00:06,  2.85it/s]
 28%|##8       | 7/25 [00:02<00:06,  2.88it/s]
 32%|###2      | 8/25 [00:02<00:05,  2.96it/s]
 36%|###6      | 9/25 [00:02<00:05,  3.01it/s]
 40%|####      | 10/25 [00:03<00:04,  3.01it/s]
 44%|####4     | 11/25 [00:03<00:04,  3.09it/s]
 48%|####8     | 12/25 [00:03<00:04,  3.10it/s]
 52%|#####2    | 13/25 [00:04<00:04,  2.99it/s]
 56%|#####6    | 14/25 [00:04<00:03,  3.04it/s]
 60%|######    | 15/25 [00:04<00:03,  2.96it/s]
 64%|######4   | 16/25 [00:05<00:03,  2.82it/s]
 68%|######8   | 17/25 [00:05<00:02,  2.99it/s]
 72%|#######2  | 18/25 [00:05<00:02,  3.20it/s]
 76%|#######6  | 19/25 [00:06<00:01,  3.38it/s]
 80%|########  | 20/25 [00:06<00:01,  3.45it/s]
 84%|########4 | 21/25 [00:06<00:01,  3.71it/s]
 88%|########8 | 22/25 [00:06<00:00,  3.79it/s]
 92%|#########2| 23/25 [00:07<00:00,  3.65it/s]
 96%|#########6| 24/25 [00:07<00:00,  3.35it/s]
100%|##########| 25/25 [00:07<00:00,  4.08it/s]
100%|##########| 25/25 [00:07<00:00,  3.25it/s]
2026-08-18 12:32:02 | INFO     | mcu_data.yolox_metrics:78 - Evaluate with standard pycocotools COCOeval (no C++ JIT build).
2026-08-18 12:32:02 | INFO     | mcu_data.yolox_metrics:80 - Loading and preparing results...
2026-08-18 12:32:02 | INFO     | mcu_data.yolox_metrics:80 - DONE (t=0.00s)
2026-08-18 12:32:02 | INFO     | pycocotools.coco:367 - creating index...
2026-08-18 12:32:02 | INFO     | pycocotools.coco:367 - index created!
2026-08-18 12:32:02 | INFO     | mcu_data.yolox_metrics:82 - Running per image evaluation...
2026-08-18 12:32:02 | INFO     | mcu_data.yolox_metrics:82 - Evaluate annotation type *bbox*
2026-08-18 12:32:02 | INFO     | mcu_data.yolox_metrics:82 - DONE (t=0.05s).
2026-08-18 12:32:02 | INFO     | mcu_data.yolox_metrics:83 - Accumulating evaluation results...
2026-08-18 12:32:02 | INFO     | mcu_data.yolox_metrics:83 - DONE (t=0.01s).
2026-08-18 12:32:02 | INFO     | yolox.core.trainer:381 - 
Average forward time: 4.98 ms, Average NMS time: 0.91 ms, Average inference time: 5.89 ms
 Average Precision  (AP) @[ IoU=0.50:0.95 | area=   all | maxDets=100 ] = 0.790
 Average Precision  (AP) @[ IoU=0.50      | area=   all | maxDets=100 ] = 1.000
 Average Precision  (AP) @[ IoU=0.75      | area=   all | maxDets=100 ] = 1.000
 Average Precision  (AP) @[ IoU=0.50:0.95 | area= small | maxDets=100 ] = -1.000
 Average Precision  (AP) @[ IoU=0.50:0.95 | area=medium | maxDets=100 ] = -1.000
 Average Precision  (AP) @[ IoU=0.50:0.95 | area= large | maxDets=100 ] = 0.790
 Average Recall     (AR) @[ IoU=0.50:0.95 | area=   all | maxDets=  1 ] = 0.805
 Average Recall     (AR) @[ IoU=0.50:0.95 | area=   all | maxDets= 10 ] = 0.805
 Average Recall     (AR) @[ IoU=0.50:0.95 | area=   all | maxDets=100 ] = 0.805
 Average Recall     (AR) @[ IoU=0.50:0.95 | area= small | maxDets=100 ] = -1.000
 Average Recall     (AR) @[ IoU=0.50:0.95 | area=medium | maxDets=100 ] = -1.000
 Average Recall     (AR) @[ IoU=0.50:0.95 | area= large | maxDets=100 ] = 0.805
per class AP:
| class            | AP     |
|:-----------------|:-------|
| raspberry_pi_sbc | 79.042 |
per class AR:
| class            | AR     |
|:-----------------|:-------|
| raspberry_pi_sbc | 80.462 |

2026-08-18 12:32:02 | INFO     | yolox.core.trainer:402 - Save weights to <PROJECT_ROOT>\runs\benchmarks\micropcb_rpi_phash_component_bootstrap_v2_full_e100_b8_i640_w0_s42-43-44_p02facd21ef_dbea2fbaddc_cb773706267\yolox_s_seed43
[EPOCH 036/100] loss=1.43595 iou=0.74396 conf=0.43119 cls=0.26079 | AP50=1.00000 AP50-95=0.79042 AP75=1.00000 AR100=0.80462 | LR=0.00090109 VRAM_peak=1717.2 MiB
EPOCH_METRICS_JSON {"epoch": 36, "elapsed_s": 8494.579027800006, "epoch_seconds": 230.80617450003047, "iterations": 188, "train_total_loss": 1.4359503521564159, "train_iou_loss": 0.7439620892735238, "train_conf_loss": 0.43119453725979684, "train_cls_loss": 0.2607937231659889, "train_l1_loss": 0.0, "num_fg_mean": 8.485021852283355, "map50_95": 0.7904219652350898, "map50": 1.0, "ap75": 1.0, "ar100": 0.8046153846153846, "lr": 0.0009010865635001302, "lr_mean": 0.0009109731443714446, "gpu_peak_allocated_mib": 1717.24755859375, "gpu_peak_reserved_mib": 2234.0, "best_map50_95": 0.8574098026800376}
2026-08-18 12:32:03 | INFO     | yolox.core.trainer:218 - ---> start train epoch37
2026-08-18 12:32:15 | INFO     | yolox.core.trainer:270 - epoch: 37/100, iter: 10/188, gpu mem: 1717Mb, mem: 12.6Gb, iter_time: 1.237s, data_time: 1.100s, total_loss: 1.1, iou_loss: 0.5, l1_loss: 0.0, conf_loss: 0.4, cls_loss: 0.2, lr: 9.000e-04, size: 640, ETA: 4:01:19
2026-08-18 12:32:27 | INFO     | yolox.core.trainer:270 - epoch: 37/100, iter: 20/188, gpu mem: 1717Mb, mem: 12.5Gb, iter_time: 1.141s, data_time: 0.982s, total_loss: 1.2, iou_loss: 0.6, l1_loss: 0.0, conf_loss: 0.4, cls_loss: 0.2, lr: 8.990e-04, size: 640, ETA: 4:01:06
2026-08-18 12:32:38 | INFO     | yolox.core.trainer:270 - epoch: 37/100, iter: 30/188, gpu mem: 1717Mb, mem: 12.5Gb, iter_time: 1.104s, data_time: 0.966s, total_loss: 1.0, iou_loss: 0.6, l1_loss: 0.0, conf_loss: 0.3, cls_loss: 0.2, lr: 8.979e-04, size: 640, ETA: 4:00:52
2026-08-18 12:32:49 | INFO     | yolox.core.trainer:270 - epoch: 37/100, iter: 40/188, gpu mem: 1717Mb, mem: 12.5Gb, iter_time: 1.118s, data_time: 0.979s, total_loss: 1.0, iou_loss: 0.5, l1_loss: 0.0, conf_loss: 0.2, cls_loss: 0.2, lr: 8.968e-04, size: 640, ETA: 4:00:39
2026-08-18 12:33:00 | INFO     | yolox.core.trainer:270 - epoch: 37/100, iter: 50/188, gpu mem: 1717Mb, mem: 12.5Gb, iter_time: 1.099s, data_time: 0.964s, total_loss: 1.2, iou_loss: 0.7, l1_loss: 0.0, conf_loss: 0.2, cls_loss: 0.3, lr: 8.958e-04, size: 640, ETA: 4:00:25
2026-08-18 12:33:11 | INFO     | yolox.core.trainer:270 - epoch: 37/100, iter: 60/188, gpu mem: 1717Mb, mem: 12.5Gb, iter_time: 1.122s, data_time: 0.983s, total_loss: 1.6, iou_loss: 0.7, l1_loss: 0.0, conf_loss: 0.6, cls_loss: 0.3, lr: 8.947e-04, size: 640, ETA: 4:00:12
2026-08-18 12:33:23 | INFO     | yolox.core.trainer:270 - epoch: 37/100, iter: 70/188, gpu mem: 1717Mb, mem: 12.5Gb, iter_time: 1.120s, data_time: 0.984s, total_loss: 1.5, iou_loss: 0.8, l1_loss: 0.0, conf_loss: 0.4, cls_loss: 0.3, lr: 8.936e-04, size: 640, ETA: 3:59:58
2026-08-18 12:33:34 | INFO     | yolox.core.trainer:270 - epoch: 37/100, iter: 80/188, gpu mem: 1717Mb, mem: 12.5Gb, iter_time: 1.143s, data_time: 1.004s, total_loss: 1.6, iou_loss: 0.8, l1_loss: 0.0, conf_loss: 0.5, cls_loss: 0.3, lr: 8.925e-04, size: 640, ETA: 3:59:45
2026-08-18 12:33:45 | INFO     | yolox.core.trainer:270 - epoch: 37/100, iter: 90/188, gpu mem: 1717Mb, mem: 12.5Gb, iter_time: 1.150s, data_time: 1.011s, total_loss: 1.8, iou_loss: 1.0, l1_loss: 0.0, conf_loss: 0.4, cls_loss: 0.3, lr: 8.915e-04, size: 640, ETA: 3:59:32
2026-08-18 12:33:57 | INFO     | yolox.core.trainer:270 - epoch: 37/100, iter: 100/188, gpu mem: 1717Mb, mem: 12.5Gb, iter_time: 1.167s, data_time: 1.030s, total_loss: 1.6, iou_loss: 0.8, l1_loss: 0.0, conf_loss: 0.5, cls_loss: 0.3, lr: 8.904e-04, size: 640, ETA: 3:59:19
2026-08-18 12:34:09 | INFO     | yolox.core.trainer:270 - epoch: 37/100, iter: 110/188, gpu mem: 1717Mb, mem: 12.5Gb, iter_time: 1.189s, data_time: 1.050s, total_loss: 1.3, iou_loss: 0.7, l1_loss: 0.0, conf_loss: 0.3, cls_loss: 0.3, lr: 8.893e-04, size: 640, ETA: 3:59:07
2026-08-18 12:34:21 | INFO     | yolox.core.trainer:270 - epoch: 37/100, iter: 120/188, gpu mem: 1717Mb, mem: 12.5Gb, iter_time: 1.184s, data_time: 1.046s, total_loss: 1.1, iou_loss: 0.6, l1_loss: 0.0, conf_loss: 0.3, cls_loss: 0.2, lr: 8.883e-04, size: 640, ETA: 3:58:55
2026-08-18 12:34:33 | INFO     | yolox.core.trainer:270 - epoch: 37/100, iter: 130/188, gpu mem: 1717Mb, mem: 12.5Gb, iter_time: 1.203s, data_time: 1.066s, total_loss: 1.3, iou_loss: 0.7, l1_loss: 0.0, conf_loss: 0.3, cls_loss: 0.3, lr: 8.872e-04, size: 640, ETA: 3:58:43
2026-08-18 12:34:45 | INFO     | yolox.core.trainer:270 - epoch: 37/100, iter: 140/188, gpu mem: 1717Mb, mem: 12.5Gb, iter_time: 1.211s, data_time: 1.075s, total_loss: 1.5, iou_loss: 0.9, l1_loss: 0.0, conf_loss: 0.4, cls_loss: 0.3, lr: 8.861e-04, size: 640, ETA: 3:58:31
2026-08-18 12:34:57 | INFO     | yolox.core.trainer:270 - epoch: 37/100, iter: 150/188, gpu mem: 1717Mb, mem: 12.5Gb, iter_time: 1.190s, data_time: 1.054s, total_loss: 1.5, iou_loss: 0.8, l1_loss: 0.0, conf_loss: 0.4, cls_loss: 0.3, lr: 8.850e-04, size: 640, ETA: 3:58:18
2026-08-18 12:35:09 | INFO     | yolox.core.trainer:270 - epoch: 37/100, iter: 160/188, gpu mem: 1717Mb, mem: 12.5Gb, iter_time: 1.149s, data_time: 1.011s, total_loss: 1.4, iou_loss: 0.7, l1_loss: 0.0, conf_loss: 0.4, cls_loss: 0.2, lr: 8.840e-04, size: 640, ETA: 3:58:05
2026-08-18 12:35:20 | INFO     | yolox.core.trainer:270 - epoch: 37/100, iter: 170/188, gpu mem: 1717Mb, mem: 12.5Gb, iter_time: 1.142s, data_time: 1.005s, total_loss: 1.6, iou_loss: 0.8, l1_loss: 0.0, conf_loss: 0.5, cls_loss: 0.3, lr: 8.829e-04, size: 640, ETA: 3:57:52
2026-08-18 12:35:31 | INFO     | yolox.core.trainer:270 - epoch: 37/100, iter: 180/188, gpu mem: 1717Mb, mem: 12.5Gb, iter_time: 1.146s, data_time: 1.006s, total_loss: 1.5, iou_loss: 0.8, l1_loss: 0.0, conf_loss: 0.4, cls_loss: 0.3, lr: 8.818e-04, size: 640, ETA: 3:57:39
2026-08-18 12:35:41 | INFO     | yolox.core.trainer:402 - Save weights to <PROJECT_ROOT>\runs\benchmarks\micropcb_rpi_phash_component_bootstrap_v2_full_e100_b8_i640_w0_s42-43-44_p02facd21ef_dbea2fbaddc_cb773706267\yolox_s_seed43

  0%|          | 0/25 [00:00<?, ?it/s]
  4%|4         | 1/25 [00:00<00:07,  3.33it/s]
  8%|8         | 2/25 [00:00<00:07,  3.20it/s]
 12%|#2        | 3/25 [00:00<00:06,  3.25it/s]
 16%|#6        | 4/25 [00:01<00:06,  3.04it/s]
 20%|##        | 5/25 [00:01<00:07,  2.82it/s]
 24%|##4       | 6/25 [00:02<00:06,  2.78it/s]
 28%|##8       | 7/25 [00:02<00:06,  2.85it/s]
 32%|###2      | 8/25 [00:02<00:05,  2.93it/s]
 36%|###6      | 9/25 [00:03<00:05,  3.00it/s]
 40%|####      | 10/25 [00:03<00:04,  3.04it/s]
 44%|####4     | 11/25 [00:03<00:04,  3.10it/s]
 48%|####8     | 12/25 [00:03<00:04,  3.06it/s]
 52%|#####2    | 13/25 [00:04<00:04,  2.97it/s]
 56%|#####6    | 14/25 [00:04<00:03,  3.06it/s]
 60%|######    | 15/25 [00:05<00:03,  2.93it/s]
 64%|######4   | 16/25 [00:05<00:03,  2.83it/s]
 68%|######8   | 17/25 [00:05<00:02,  2.99it/s]
 72%|#######2  | 18/25 [00:05<00:02,  3.23it/s]
 76%|#######6  | 19/25 [00:06<00:01,  3.41it/s]
 80%|########  | 20/25 [00:06<00:01,  3.46it/s]
 84%|########4 | 21/25 [00:06<00:01,  3.64it/s]
 88%|########8 | 22/25 [00:06<00:00,  3.69it/s]
 92%|#########2| 23/25 [00:07<00:00,  3.51it/s]
 96%|#########6| 24/25 [00:07<00:00,  3.22it/s]
100%|##########| 25/25 [00:07<00:00,  3.92it/s]
100%|##########| 25/25 [00:07<00:00,  3.21it/s]
2026-08-18 12:35:49 | INFO     | mcu_data.yolox_metrics:78 - Evaluate with standard pycocotools COCOeval (no C++ JIT build).
2026-08-18 12:35:49 | INFO     | mcu_data.yolox_metrics:80 - Loading and preparing results...
2026-08-18 12:35:49 | INFO     | mcu_data.yolox_metrics:80 - DONE (t=0.00s)
2026-08-18 12:35:49 | INFO     | pycocotools.coco:367 - creating index...
2026-08-18 12:35:49 | INFO     | pycocotools.coco:367 - index created!
2026-08-18 12:35:49 | INFO     | mcu_data.yolox_metrics:82 - Running per image evaluation...
2026-08-18 12:35:49 | INFO     | mcu_data.yolox_metrics:82 - Evaluate annotation type *bbox*
2026-08-18 12:35:49 | INFO     | mcu_data.yolox_metrics:82 - DONE (t=0.09s).
2026-08-18 12:35:49 | INFO     | mcu_data.yolox_metrics:83 - Accumulating evaluation results...
2026-08-18 12:35:49 | INFO     | mcu_data.yolox_metrics:83 - DONE (t=0.02s).
2026-08-18 12:35:49 | INFO     | yolox.core.trainer:381 - 
Average forward time: 5.02 ms, Average NMS time: 0.90 ms, Average inference time: 5.92 ms
 Average Precision  (AP) @[ IoU=0.50:0.95 | area=   all | maxDets=100 ] = 0.780
 Average Precision  (AP) @[ IoU=0.50      | area=   all | maxDets=100 ] = 1.000
 Average Precision  (AP) @[ IoU=0.75      | area=   all | maxDets=100 ] = 1.000
 Average Precision  (AP) @[ IoU=0.50:0.95 | area= small | maxDets=100 ] = -1.000
 Average Precision  (AP) @[ IoU=0.50:0.95 | area=medium | maxDets=100 ] = -1.000
 Average Precision  (AP) @[ IoU=0.50:0.95 | area= large | maxDets=100 ] = 0.780
 Average Recall     (AR) @[ IoU=0.50:0.95 | area=   all | maxDets=  1 ] = 0.803
 Average Recall     (AR) @[ IoU=0.50:0.95 | area=   all | maxDets= 10 ] = 0.803
 Average Recall     (AR) @[ IoU=0.50:0.95 | area=   all | maxDets=100 ] = 0.803
 Average Recall     (AR) @[ IoU=0.50:0.95 | area= small | maxDets=100 ] = -1.000
 Average Recall     (AR) @[ IoU=0.50:0.95 | area=medium | maxDets=100 ] = -1.000
 Average Recall     (AR) @[ IoU=0.50:0.95 | area= large | maxDets=100 ] = 0.803
per class AP:
| class            | AP     |
|:-----------------|:-------|
| raspberry_pi_sbc | 77.969 |
per class AR:
| class            | AR     |
|:-----------------|:-------|
| raspberry_pi_sbc | 80.256 |

2026-08-18 12:35:49 | INFO     | yolox.core.trainer:402 - Save weights to <PROJECT_ROOT>\runs\benchmarks\micropcb_rpi_phash_component_bootstrap_v2_full_e100_b8_i640_w0_s42-43-44_p02facd21ef_dbea2fbaddc_cb773706267\yolox_s_seed43
[EPOCH 037/100] loss=1.42143 iou=0.74226 conf=0.42037 cls=0.25879 | AP50=1.00000 AP50-95=0.77969 AP75=1.00000 AR100=0.80256 | LR=0.00088093 VRAM_peak=1717.2 MiB
EPOCH_METRICS_JSON {"epoch": 37, "elapsed_s": 8721.265344999963, "epoch_seconds": 225.9120760000078, "iterations": 188, "train_total_loss": 1.4214293271937268, "train_iou_loss": 0.7422607984948666, "train_conf_loss": 0.42037480570217395, "train_cls_loss": 0.2587937249782238, "train_l1_loss": 0.0, "num_fg_mean": 8.440515292462443, "map50_95": 0.7796856075020133, "map50": 1.0, "ap75": 1.0, "ar100": 0.8025641025641026, "lr": 0.0008809315609626218, "lr_mean": 0.0008909821854915639, "gpu_peak_allocated_mib": 1717.24755859375, "gpu_peak_reserved_mib": 2234.0, "best_map50_95": 0.8574098026800376}
2026-08-18 12:35:50 | INFO     | yolox.core.trainer:218 - ---> start train epoch38
2026-08-18 12:36:01 | INFO     | yolox.core.trainer:270 - epoch: 38/100, iter: 10/188, gpu mem: 1717Mb, mem: 12.6Gb, iter_time: 1.167s, data_time: 1.024s, total_loss: 1.3, iou_loss: 0.7, l1_loss: 0.0, conf_loss: 0.3, cls_loss: 0.2, lr: 8.799e-04, size: 640, ETA: 3:57:17
2026-08-18 12:36:14 | INFO     | yolox.core.trainer:270 - epoch: 38/100, iter: 20/188, gpu mem: 1717Mb, mem: 12.8Gb, iter_time: 1.229s, data_time: 1.090s, total_loss: 1.3, iou_loss: 0.8, l1_loss: 0.0, conf_loss: 0.3, cls_loss: 0.3, lr: 8.788e-04, size: 640, ETA: 3:57:05
2026-08-18 12:36:25 | INFO     | yolox.core.trainer:270 - epoch: 38/100, iter: 30/188, gpu mem: 1717Mb, mem: 12.8Gb, iter_time: 1.170s, data_time: 1.031s, total_loss: 1.1, iou_loss: 0.6, l1_loss: 0.0, conf_loss: 0.3, cls_loss: 0.2, lr: 8.777e-04, size: 640, ETA: 3:56:52
2026-08-18 12:36:37 | INFO     | yolox.core.trainer:270 - epoch: 38/100, iter: 40/188, gpu mem: 1717Mb, mem: 12.7Gb, iter_time: 1.179s, data_time: 1.040s, total_loss: 1.2, iou_loss: 0.6, l1_loss: 0.0, conf_loss: 0.4, cls_loss: 0.2, lr: 8.766e-04, size: 640, ETA: 3:56:40
2026-08-18 12:36:49 | INFO     | yolox.core.trainer:270 - epoch: 38/100, iter: 50/188, gpu mem: 1717Mb, mem: 12.7Gb, iter_time: 1.191s, data_time: 1.052s, total_loss: 1.7, iou_loss: 0.9, l1_loss: 0.0, conf_loss: 0.5, cls_loss: 0.3, lr: 8.755e-04, size: 640, ETA: 3:56:28
2026-08-18 12:37:01 | INFO     | yolox.core.trainer:270 - epoch: 38/100, iter: 60/188, gpu mem: 1717Mb, mem: 12.7Gb, iter_time: 1.166s, data_time: 1.028s, total_loss: 1.5, iou_loss: 0.8, l1_loss: 0.0, conf_loss: 0.4, cls_loss: 0.3, lr: 8.744e-04, size: 640, ETA: 3:56:15
2026-08-18 12:37:13 | INFO     | yolox.core.trainer:270 - epoch: 38/100, iter: 70/188, gpu mem: 1717Mb, mem: 12.7Gb, iter_time: 1.202s, data_time: 1.061s, total_loss: 1.3, iou_loss: 0.7, l1_loss: 0.0, conf_loss: 0.3, cls_loss: 0.3, lr: 8.733e-04, size: 640, ETA: 3:56:03
2026-08-18 12:37:25 | INFO     | yolox.core.trainer:270 - epoch: 38/100, iter: 80/188, gpu mem: 1717Mb, mem: 12.7Gb, iter_time: 1.238s, data_time: 1.100s, total_loss: 1.7, iou_loss: 0.8, l1_loss: 0.0, conf_loss: 0.6, cls_loss: 0.3, lr: 8.723e-04, size: 640, ETA: 3:55:52
2026-08-18 12:37:37 | INFO     | yolox.core.trainer:270 - epoch: 38/100, iter: 90/188, gpu mem: 1717Mb, mem: 12.7Gb, iter_time: 1.215s, data_time: 1.077s, total_loss: 1.1, iou_loss: 0.6, l1_loss: 0.0, conf_loss: 0.2, cls_loss: 0.2, lr: 8.712e-04, size: 640, ETA: 3:55:40
2026-08-18 12:37:49 | INFO     | yolox.core.trainer:270 - epoch: 38/100, iter: 100/188, gpu mem: 1717Mb, mem: 12.7Gb, iter_time: 1.180s, data_time: 1.041s, total_loss: 1.1, iou_loss: 0.5, l1_loss: 0.0, conf_loss: 0.3, cls_loss: 0.2, lr: 8.701e-04, size: 640, ETA: 3:55:27
2026-08-18 12:38:01 | INFO     | yolox.core.trainer:270 - epoch: 38/100, iter: 110/188, gpu mem: 1717Mb, mem: 12.7Gb, iter_time: 1.160s, data_time: 1.023s, total_loss: 2.1, iou_loss: 0.8, l1_loss: 0.0, conf_loss: 1.0, cls_loss: 0.3, lr: 8.690e-04, size: 640, ETA: 3:55:15
2026-08-18 12:38:12 | INFO     | yolox.core.trainer:270 - epoch: 38/100, iter: 120/188, gpu mem: 1717Mb, mem: 12.7Gb, iter_time: 1.154s, data_time: 1.014s, total_loss: 1.6, iou_loss: 0.8, l1_loss: 0.0, conf_loss: 0.5, cls_loss: 0.2, lr: 8.679e-04, size: 640, ETA: 3:55:02
2026-08-18 12:38:24 | INFO     | yolox.core.trainer:270 - epoch: 38/100, iter: 130/188, gpu mem: 1717Mb, mem: 12.7Gb, iter_time: 1.188s, data_time: 1.051s, total_loss: 1.3, iou_loss: 0.6, l1_loss: 0.0, conf_loss: 0.5, cls_loss: 0.2, lr: 8.668e-04, size: 640, ETA: 3:54:49
2026-08-18 12:38:36 | INFO     | yolox.core.trainer:270 - epoch: 38/100, iter: 140/188, gpu mem: 1717Mb, mem: 12.7Gb, iter_time: 1.217s, data_time: 1.078s, total_loss: 1.4, iou_loss: 0.7, l1_loss: 0.0, conf_loss: 0.4, cls_loss: 0.3, lr: 8.657e-04, size: 640, ETA: 3:54:38
2026-08-18 12:38:48 | INFO     | yolox.core.trainer:270 - epoch: 38/100, iter: 150/188, gpu mem: 1717Mb, mem: 12.7Gb, iter_time: 1.123s, data_time: 0.986s, total_loss: 0.9, iou_loss: 0.5, l1_loss: 0.0, conf_loss: 0.3, cls_loss: 0.2, lr: 8.646e-04, size: 640, ETA: 3:54:24
2026-08-18 12:38:59 | INFO     | yolox.core.trainer:270 - epoch: 38/100, iter: 160/188, gpu mem: 1717Mb, mem: 12.7Gb, iter_time: 1.155s, data_time: 1.017s, total_loss: 1.2, iou_loss: 0.7, l1_loss: 0.0, conf_loss: 0.3, cls_loss: 0.2, lr: 8.635e-04, size: 640, ETA: 3:54:11
2026-08-18 12:39:11 | INFO     | yolox.core.trainer:270 - epoch: 38/100, iter: 170/188, gpu mem: 1717Mb, mem: 12.7Gb, iter_time: 1.169s, data_time: 1.030s, total_loss: 1.4, iou_loss: 0.7, l1_loss: 0.0, conf_loss: 0.4, cls_loss: 0.2, lr: 8.624e-04, size: 640, ETA: 3:53:59
2026-08-18 12:39:23 | INFO     | yolox.core.trainer:270 - epoch: 38/100, iter: 180/188, gpu mem: 1717Mb, mem: 12.7Gb, iter_time: 1.174s, data_time: 1.036s, total_loss: 1.7, iou_loss: 0.9, l1_loss: 0.0, conf_loss: 0.5, cls_loss: 0.3, lr: 8.613e-04, size: 640, ETA: 3:53:46
2026-08-18 12:39:32 | INFO     | yolox.core.trainer:402 - Save weights to <PROJECT_ROOT>\runs\benchmarks\micropcb_rpi_phash_component_bootstrap_v2_full_e100_b8_i640_w0_s42-43-44_p02facd21ef_dbea2fbaddc_cb773706267\yolox_s_seed43

  0%|          | 0/25 [00:00<?, ?it/s]
  4%|4         | 1/25 [00:00<00:07,  3.26it/s]
  8%|8         | 2/25 [00:00<00:06,  3.34it/s]
 12%|#2        | 3/25 [00:00<00:06,  3.46it/s]
 16%|#6        | 4/25 [00:01<00:06,  3.34it/s]
 20%|##        | 5/25 [00:01<00:06,  3.04it/s]
 24%|##4       | 6/25 [00:01<00:06,  3.03it/s]
 28%|##8       | 7/25 [00:02<00:05,  3.06it/s]
 32%|###2      | 8/25 [00:02<00:05,  3.13it/s]
 36%|###6      | 9/25 [00:02<00:05,  3.16it/s]
 40%|####      | 10/25 [00:03<00:04,  3.19it/s]
 44%|####4     | 11/25 [00:03<00:04,  3.22it/s]
 48%|####8     | 12/25 [00:03<00:04,  3.14it/s]
 52%|#####2    | 13/25 [00:04<00:03,  3.06it/s]
 56%|#####6    | 14/25 [00:04<00:03,  3.14it/s]
 60%|######    | 15/25 [00:04<00:03,  3.02it/s]
 64%|######4   | 16/25 [00:05<00:03,  2.89it/s]
 68%|######8   | 17/25 [00:05<00:02,  3.07it/s]
 72%|#######2  | 18/25 [00:05<00:02,  3.25it/s]
 76%|#######6  | 19/25 [00:05<00:01,  3.40it/s]
 80%|########  | 20/25 [00:06<00:01,  3.48it/s]
 84%|########4 | 21/25 [00:06<00:01,  3.60it/s]
 88%|########8 | 22/25 [00:06<00:00,  3.65it/s]
 92%|#########2| 23/25 [00:07<00:00,  3.48it/s]
 96%|#########6| 24/25 [00:07<00:00,  3.30it/s]
100%|##########| 25/25 [00:07<00:00,  4.06it/s]
100%|##########| 25/25 [00:07<00:00,  3.31it/s]
2026-08-18 12:39:39 | INFO     | mcu_data.yolox_metrics:78 - Evaluate with standard pycocotools COCOeval (no C++ JIT build).
2026-08-18 12:39:39 | INFO     | mcu_data.yolox_metrics:80 - Loading and preparing results...
2026-08-18 12:39:39 | INFO     | mcu_data.yolox_metrics:80 - DONE (t=0.00s)
2026-08-18 12:39:39 | INFO     | pycocotools.coco:367 - creating index...
2026-08-18 12:39:39 | INFO     | pycocotools.coco:367 - index created!
2026-08-18 12:39:39 | INFO     | mcu_data.yolox_metrics:82 - Running per image evaluation...
2026-08-18 12:39:39 | INFO     | mcu_data.yolox_metrics:82 - Evaluate annotation type *bbox*
2026-08-18 12:39:39 | INFO     | mcu_data.yolox_metrics:82 - DONE (t=0.07s).
2026-08-18 12:39:39 | INFO     | mcu_data.yolox_metrics:83 - Accumulating evaluation results...
2026-08-18 12:39:39 | INFO     | mcu_data.yolox_metrics:83 - DONE (t=0.01s).
2026-08-18 12:39:39 | INFO     | yolox.core.trainer:381 - 
Average forward time: 4.99 ms, Average NMS time: 0.97 ms, Average inference time: 5.95 ms
 Average Precision  (AP) @[ IoU=0.50:0.95 | area=   all | maxDets=100 ] = 0.739
 Average Precision  (AP) @[ IoU=0.50      | area=   all | maxDets=100 ] = 1.000
 Average Precision  (AP) @[ IoU=0.75      | area=   all | maxDets=100 ] = 1.000
 Average Precision  (AP) @[ IoU=0.50:0.95 | area= small | maxDets=100 ] = -1.000
 Average Precision  (AP) @[ IoU=0.50:0.95 | area=medium | maxDets=100 ] = -1.000
 Average Precision  (AP) @[ IoU=0.50:0.95 | area= large | maxDets=100 ] = 0.739
 Average Recall     (AR) @[ IoU=0.50:0.95 | area=   all | maxDets=  1 ] = 0.751
 Average Recall     (AR) @[ IoU=0.50:0.95 | area=   all | maxDets= 10 ] = 0.751
 Average Recall     (AR) @[ IoU=0.50:0.95 | area=   all | maxDets=100 ] = 0.751
 Average Recall     (AR) @[ IoU=0.50:0.95 | area= small | maxDets=100 ] = -1.000
 Average Recall     (AR) @[ IoU=0.50:0.95 | area=medium | maxDets=100 ] = -1.000
 Average Recall     (AR) @[ IoU=0.50:0.95 | area= large | maxDets=100 ] = 0.751
per class AP:
| class            | AP     |
|:-----------------|:-------|
| raspberry_pi_sbc | 73.859 |
per class AR:
| class            | AR     |
|:-----------------|:-------|
| raspberry_pi_sbc | 75.128 |

2026-08-18 12:39:39 | INFO     | yolox.core.trainer:402 - Save weights to <PROJECT_ROOT>\runs\benchmarks\micropcb_rpi_phash_component_bootstrap_v2_full_e100_b8_i640_w0_s42-43-44_p02facd21ef_dbea2fbaddc_cb773706267\yolox_s_seed43
[EPOCH 038/100] loss=1.41533 iou=0.73946 conf=0.41727 cls=0.25860 | AP50=1.00000 AP50-95=0.73859 AP75=1.00000 AR100=0.75128 | LR=0.00086047 VRAM_peak=1717.2 MiB
EPOCH_METRICS_JSON {"epoch": 38, "elapsed_s": 8951.78930569999, "epoch_seconds": 229.72925199999008, "iterations": 188, "train_total_loss": 1.4153332282254036, "train_iou_loss": 0.739457238703332, "train_conf_loss": 0.41727412373144573, "train_cls_loss": 0.2586018680892092, "train_l1_loss": 0.0, "num_fg_mean": 8.485764929052113, "map50_95": 0.7385911251238901, "map50": 1.0, "ap75": 1.0, "ar100": 0.7512820512820513, "lr": 0.0008604696704388949, "lr_mean": 0.0008706706106813068, "gpu_peak_allocated_mib": 1717.24755859375, "gpu_peak_reserved_mib": 2234.0, "best_map50_95": 0.8574098026800376}
2026-08-18 12:39:40 | INFO     | yolox.core.trainer:218 - ---> start train epoch39
2026-08-18 12:39:53 | INFO     | yolox.core.trainer:270 - epoch: 39/100, iter: 10/188, gpu mem: 1717Mb, mem: 12.7Gb, iter_time: 1.223s, data_time: 1.084s, total_loss: 1.0, iou_loss: 0.6, l1_loss: 0.0, conf_loss: 0.2, cls_loss: 0.2, lr: 8.594e-04, size: 640, ETA: 3:53:24
2026-08-18 12:40:04 | INFO     | yolox.core.trainer:270 - epoch: 39/100, iter: 20/188, gpu mem: 1717Mb, mem: 12.7Gb, iter_time: 1.147s, data_time: 1.008s, total_loss: 1.3, iou_loss: 0.6, l1_loss: 0.0, conf_loss: 0.5, cls_loss: 0.2, lr: 8.583e-04, size: 640, ETA: 3:53:11
2026-08-18 12:40:16 | INFO     | yolox.core.trainer:270 - epoch: 39/100, iter: 30/188, gpu mem: 1717Mb, mem: 12.6Gb, iter_time: 1.199s, data_time: 1.060s, total_loss: 1.5, iou_loss: 0.7, l1_loss: 0.0, conf_loss: 0.5, cls_loss: 0.2, lr: 8.572e-04, size: 640, ETA: 3:52:59
2026-08-18 12:40:28 | INFO     | yolox.core.trainer:270 - epoch: 39/100, iter: 40/188, gpu mem: 1717Mb, mem: 12.6Gb, iter_time: 1.166s, data_time: 1.028s, total_loss: 1.1, iou_loss: 0.7, l1_loss: 0.0, conf_loss: 0.2, cls_loss: 0.2, lr: 8.561e-04, size: 640, ETA: 3:52:46
2026-08-18 12:40:40 | INFO     | yolox.core.trainer:270 - epoch: 39/100, iter: 50/188, gpu mem: 1717Mb, mem: 12.6Gb, iter_time: 1.177s, data_time: 1.040s, total_loss: 1.1, iou_loss: 0.6, l1_loss: 0.0, conf_loss: 0.3, cls_loss: 0.2, lr: 8.550e-04, size: 640, ETA: 3:52:34
2026-08-18 12:40:51 | INFO     | yolox.core.trainer:270 - epoch: 39/100, iter: 60/188, gpu mem: 1717Mb, mem: 12.6Gb, iter_time: 1.169s, data_time: 1.034s, total_loss: 1.0, iou_loss: 0.6, l1_loss: 0.0, conf_loss: 0.2, cls_loss: 0.2, lr: 8.539e-04, size: 640, ETA: 3:52:21
2026-08-18 12:41:03 | INFO     | yolox.core.trainer:270 - epoch: 39/100, iter: 70/188, gpu mem: 1717Mb, mem: 12.7Gb, iter_time: 1.203s, data_time: 1.062s, total_loss: 1.2, iou_loss: 0.6, l1_loss: 0.0, conf_loss: 0.4, cls_loss: 0.2, lr: 8.528e-04, size: 640, ETA: 3:52:09
2026-08-18 12:41:15 | INFO     | yolox.core.trainer:270 - epoch: 39/100, iter: 80/188, gpu mem: 1717Mb, mem: 12.7Gb, iter_time: 1.124s, data_time: 0.985s, total_loss: 1.8, iou_loss: 1.0, l1_loss: 0.0, conf_loss: 0.5, cls_loss: 0.3, lr: 8.517e-04, size: 640, ETA: 3:51:56
2026-08-18 12:41:27 | INFO     | yolox.core.trainer:270 - epoch: 39/100, iter: 90/188, gpu mem: 1717Mb, mem: 12.7Gb, iter_time: 1.215s, data_time: 1.074s, total_loss: 1.4, iou_loss: 0.7, l1_loss: 0.0, conf_loss: 0.4, cls_loss: 0.2, lr: 8.506e-04, size: 640, ETA: 3:51:44
2026-08-18 12:41:39 | INFO     | yolox.core.trainer:270 - epoch: 39/100, iter: 100/188, gpu mem: 1717Mb, mem: 12.6Gb, iter_time: 1.183s, data_time: 1.044s, total_loss: 1.3, iou_loss: 0.7, l1_loss: 0.0, conf_loss: 0.4, cls_loss: 0.2, lr: 8.495e-04, size: 640, ETA: 3:51:32
2026-08-18 12:41:51 | INFO     | yolox.core.trainer:270 - epoch: 39/100, iter: 110/188, gpu mem: 1717Mb, mem: 12.6Gb, iter_time: 1.200s, data_time: 1.064s, total_loss: 1.2, iou_loss: 0.7, l1_loss: 0.0, conf_loss: 0.2, cls_loss: 0.3, lr: 8.484e-04, size: 640, ETA: 3:51:20
2026-08-18 12:42:03 | INFO     | yolox.core.trainer:270 - epoch: 39/100, iter: 120/188, gpu mem: 1717Mb, mem: 12.7Gb, iter_time: 1.209s, data_time: 1.070s, total_loss: 1.1, iou_loss: 0.6, l1_loss: 0.0, conf_loss: 0.3, cls_loss: 0.2, lr: 8.473e-04, size: 640, ETA: 3:51:08
2026-08-18 12:42:14 | INFO     | yolox.core.trainer:270 - epoch: 39/100, iter: 130/188, gpu mem: 1717Mb, mem: 12.7Gb, iter_time: 1.131s, data_time: 0.994s, total_loss: 1.0, iou_loss: 0.6, l1_loss: 0.0, conf_loss: 0.3, cls_loss: 0.2, lr: 8.462e-04, size: 640, ETA: 3:50:55
2026-08-18 12:42:25 | INFO     | yolox.core.trainer:270 - epoch: 39/100, iter: 140/188, gpu mem: 1717Mb, mem: 12.7Gb, iter_time: 1.135s, data_time: 0.993s, total_loss: 1.2, iou_loss: 0.6, l1_loss: 0.0, conf_loss: 0.3, cls_loss: 0.2, lr: 8.450e-04, size: 640, ETA: 3:50:42
2026-08-18 12:42:37 | INFO     | yolox.core.trainer:270 - epoch: 39/100, iter: 150/188, gpu mem: 1717Mb, mem: 12.7Gb, iter_time: 1.151s, data_time: 1.012s, total_loss: 2.0, iou_loss: 1.0, l1_loss: 0.0, conf_loss: 0.6, cls_loss: 0.3, lr: 8.439e-04, size: 640, ETA: 3:50:29
2026-08-18 12:42:49 | INFO     | yolox.core.trainer:270 - epoch: 39/100, iter: 160/188, gpu mem: 1717Mb, mem: 12.7Gb, iter_time: 1.224s, data_time: 1.086s, total_loss: 2.0, iou_loss: 1.1, l1_loss: 0.0, conf_loss: 0.6, cls_loss: 0.3, lr: 8.428e-04, size: 640, ETA: 3:50:17
2026-08-18 12:43:01 | INFO     | yolox.core.trainer:270 - epoch: 39/100, iter: 170/188, gpu mem: 1717Mb, mem: 12.6Gb, iter_time: 1.237s, data_time: 1.096s, total_loss: 1.1, iou_loss: 0.5, l1_loss: 0.0, conf_loss: 0.3, cls_loss: 0.2, lr: 8.417e-04, size: 640, ETA: 3:50:06
2026-08-18 12:43:13 | INFO     | yolox.core.trainer:270 - epoch: 39/100, iter: 180/188, gpu mem: 1717Mb, mem: 12.6Gb, iter_time: 1.139s, data_time: 0.999s, total_loss: 1.0, iou_loss: 0.6, l1_loss: 0.0, conf_loss: 0.2, cls_loss: 0.2, lr: 8.406e-04, size: 640, ETA: 3:49:53
2026-08-18 12:43:22 | INFO     | yolox.core.trainer:402 - Save weights to <PROJECT_ROOT>\runs\benchmarks\micropcb_rpi_phash_component_bootstrap_v2_full_e100_b8_i640_w0_s42-43-44_p02facd21ef_dbea2fbaddc_cb773706267\yolox_s_seed43

  0%|          | 0/25 [00:00<?, ?it/s]
  4%|4         | 1/25 [00:00<00:06,  3.46it/s]
  8%|8         | 2/25 [00:00<00:06,  3.45it/s]
 12%|#2        | 3/25 [00:00<00:06,  3.45it/s]
 16%|#6        | 4/25 [00:01<00:06,  3.28it/s]
 20%|##        | 5/25 [00:01<00:06,  3.07it/s]
 24%|##4       | 6/25 [00:01<00:06,  3.03it/s]
 28%|##8       | 7/25 [00:02<00:05,  3.18it/s]
 32%|###2      | 8/25 [00:02<00:05,  3.25it/s]
 36%|###6      | 9/25 [00:02<00:04,  3.27it/s]
 40%|####      | 10/25 [00:03<00:04,  3.24it/s]
 44%|####4     | 11/25 [00:03<00:04,  3.31it/s]
 48%|####8     | 12/25 [00:03<00:03,  3.27it/s]
 52%|#####2    | 13/25 [00:04<00:03,  3.09it/s]
 56%|#####6    | 14/25 [00:04<00:03,  3.14it/s]
 60%|######    | 15/25 [00:04<00:03,  3.00it/s]
 64%|######4   | 16/25 [00:05<00:03,  2.87it/s]
 68%|######8   | 17/25 [00:05<00:02,  3.01it/s]
 72%|#######2  | 18/25 [00:05<00:02,  3.20it/s]
 76%|#######6  | 19/25 [00:05<00:01,  3.38it/s]
 80%|########  | 20/25 [00:06<00:01,  3.48it/s]
 84%|########4 | 21/25 [00:06<00:01,  3.67it/s]
 88%|########8 | 22/25 [00:06<00:00,  3.72it/s]
 92%|#########2| 23/25 [00:07<00:00,  3.51it/s]
 96%|#########6| 24/25 [00:07<00:00,  3.28it/s]
100%|##########| 25/25 [00:07<00:00,  3.98it/s]
100%|##########| 25/25 [00:07<00:00,  3.33it/s]
2026-08-18 12:43:29 | INFO     | mcu_data.yolox_metrics:78 - Evaluate with standard pycocotools COCOeval (no C++ JIT build).
2026-08-18 12:43:29 | INFO     | mcu_data.yolox_metrics:80 - Loading and preparing results...
2026-08-18 12:43:29 | INFO     | mcu_data.yolox_metrics:80 - DONE (t=0.00s)
2026-08-18 12:43:29 | INFO     | pycocotools.coco:367 - creating index...
2026-08-18 12:43:29 | INFO     | pycocotools.coco:367 - index created!
2026-08-18 12:43:29 | INFO     | mcu_data.yolox_metrics:82 - Running per image evaluation...
2026-08-18 12:43:29 | INFO     | mcu_data.yolox_metrics:82 - Evaluate annotation type *bbox*
2026-08-18 12:43:29 | INFO     | mcu_data.yolox_metrics:82 - DONE (t=0.06s).
2026-08-18 12:43:29 | INFO     | mcu_data.yolox_metrics:83 - Accumulating evaluation results...
2026-08-18 12:43:30 | INFO     | mcu_data.yolox_metrics:83 - DONE (t=0.02s).
2026-08-18 12:43:30 | INFO     | yolox.core.trainer:381 - 
Average forward time: 4.91 ms, Average NMS time: 0.90 ms, Average inference time: 5.82 ms
 Average Precision  (AP) @[ IoU=0.50:0.95 | area=   all | maxDets=100 ] = 0.793
 Average Precision  (AP) @[ IoU=0.50      | area=   all | maxDets=100 ] = 1.000
 Average Precision  (AP) @[ IoU=0.75      | area=   all | maxDets=100 ] = 1.000
 Average Precision  (AP) @[ IoU=0.50:0.95 | area= small | maxDets=100 ] = -1.000
 Average Precision  (AP) @[ IoU=0.50:0.95 | area=medium | maxDets=100 ] = -1.000
 Average Precision  (AP) @[ IoU=0.50:0.95 | area= large | maxDets=100 ] = 0.793
 Average Recall     (AR) @[ IoU=0.50:0.95 | area=   all | maxDets=  1 ] = 0.807
 Average Recall     (AR) @[ IoU=0.50:0.95 | area=   all | maxDets= 10 ] = 0.807
 Average Recall     (AR) @[ IoU=0.50:0.95 | area=   all | maxDets=100 ] = 0.807
 Average Recall     (AR) @[ IoU=0.50:0.95 | area= small | maxDets=100 ] = -1.000
 Average Recall     (AR) @[ IoU=0.50:0.95 | area=medium | maxDets=100 ] = -1.000
 Average Recall     (AR) @[ IoU=0.50:0.95 | area= large | maxDets=100 ] = 0.807
per class AP:
| class            | AP     |
|:-----------------|:-------|
| raspberry_pi_sbc | 79.265 |
per class AR:
| class            | AR     |
|:-----------------|:-------|
| raspberry_pi_sbc | 80.667 |

2026-08-18 12:43:30 | INFO     | yolox.core.trainer:402 - Save weights to <PROJECT_ROOT>\runs\benchmarks\micropcb_rpi_phash_component_bootstrap_v2_full_e100_b8_i640_w0_s42-43-44_p02facd21ef_dbea2fbaddc_cb773706267\yolox_s_seed43
[EPOCH 039/100] loss=1.41029 iou=0.73293 conf=0.42070 cls=0.25667 | AP50=1.00000 AP50-95=0.79265 AP75=1.00000 AR100=0.80667 | LR=0.00083973 VRAM_peak=1717.2 MiB
EPOCH_METRICS_JSON {"epoch": 39, "elapsed_s": 9181.956135099987, "epoch_seconds": 229.25535130000208, "iterations": 188, "train_total_loss": 1.4102949151333342, "train_iou_loss": 0.7329258376613577, "train_conf_loss": 0.42069877533519523, "train_cls_loss": 0.25667030229530435, "train_l1_loss": 0.0, "num_fg_mean": 8.4883842549303, "map50_95": 0.7926470676725497, "map50": 1.0, "ap75": 1.0, "ar100": 0.8066666666666666, "lr": 0.000839728840410125, "lr_mean": 0.0008500661631086681, "gpu_peak_allocated_mib": 1717.24755859375, "gpu_peak_reserved_mib": 2234.0, "best_map50_95": 0.8574098026800376}
2026-08-18 12:43:30 | INFO     | yolox.core.trainer:218 - ---> start train epoch40
2026-08-18 12:43:42 | INFO     | yolox.core.trainer:270 - epoch: 40/100, iter: 10/188, gpu mem: 1717Mb, mem: 12.7Gb, iter_time: 1.144s, data_time: 1.004s, total_loss: 1.9, iou_loss: 1.0, l1_loss: 0.0, conf_loss: 0.7, cls_loss: 0.3, lr: 8.386e-04, size: 640, ETA: 3:49:29
2026-08-18 12:43:53 | INFO     | yolox.core.trainer:270 - epoch: 40/100, iter: 20/188, gpu mem: 1717Mb, mem: 12.6Gb, iter_time: 1.155s, data_time: 1.016s, total_loss: 1.3, iou_loss: 0.6, l1_loss: 0.0, conf_loss: 0.5, cls_loss: 0.2, lr: 8.375e-04, size: 640, ETA: 3:49:16
2026-08-18 12:44:06 | INFO     | yolox.core.trainer:270 - epoch: 40/100, iter: 30/188, gpu mem: 1717Mb, mem: 12.6Gb, iter_time: 1.216s, data_time: 1.078s, total_loss: 1.3, iou_loss: 0.7, l1_loss: 0.0, conf_loss: 0.4, cls_loss: 0.2, lr: 8.364e-04, size: 640, ETA: 3:49:04
2026-08-18 12:44:18 | INFO     | yolox.core.trainer:270 - epoch: 40/100, iter: 40/188, gpu mem: 1717Mb, mem: 12.6Gb, iter_time: 1.197s, data_time: 1.059s, total_loss: 0.9, iou_loss: 0.5, l1_loss: 0.0, conf_loss: 0.2, cls_loss: 0.2, lr: 8.353e-04, size: 640, ETA: 3:48:52
2026-08-18 12:44:30 | INFO     | yolox.core.trainer:270 - epoch: 40/100, iter: 50/188, gpu mem: 1717Mb, mem: 12.6Gb, iter_time: 1.254s, data_time: 1.113s, total_loss: 1.1, iou_loss: 0.6, l1_loss: 0.0, conf_loss: 0.2, cls_loss: 0.2, lr: 8.342e-04, size: 640, ETA: 3:48:41
2026-08-18 12:44:41 | INFO     | yolox.core.trainer:270 - epoch: 40/100, iter: 60/188, gpu mem: 1717Mb, mem: 12.6Gb, iter_time: 1.124s, data_time: 0.987s, total_loss: 1.0, iou_loss: 0.6, l1_loss: 0.0, conf_loss: 0.2, cls_loss: 0.2, lr: 8.331e-04, size: 640, ETA: 3:48:28
2026-08-18 12:44:53 | INFO     | yolox.core.trainer:270 - epoch: 40/100, iter: 70/188, gpu mem: 1717Mb, mem: 12.6Gb, iter_time: 1.165s, data_time: 1.026s, total_loss: 1.7, iou_loss: 0.8, l1_loss: 0.0, conf_loss: 0.6, cls_loss: 0.3, lr: 8.319e-04, size: 640, ETA: 3:48:15
2026-08-18 12:45:05 | INFO     | yolox.core.trainer:270 - epoch: 40/100, iter: 80/188, gpu mem: 1717Mb, mem: 12.6Gb, iter_time: 1.222s, data_time: 1.081s, total_loss: 1.5, iou_loss: 0.7, l1_loss: 0.0, conf_loss: 0.6, cls_loss: 0.2, lr: 8.308e-04, size: 640, ETA: 3:48:03
2026-08-18 12:45:17 | INFO     | yolox.core.trainer:270 - epoch: 40/100, iter: 90/188, gpu mem: 1717Mb, mem: 12.6Gb, iter_time: 1.177s, data_time: 1.038s, total_loss: 1.1, iou_loss: 0.6, l1_loss: 0.0, conf_loss: 0.3, cls_loss: 0.2, lr: 8.297e-04, size: 640, ETA: 3:47:51
2026-08-18 12:45:29 | INFO     | yolox.core.trainer:270 - epoch: 40/100, iter: 100/188, gpu mem: 1717Mb, mem: 12.6Gb, iter_time: 1.193s, data_time: 1.055s, total_loss: 1.4, iou_loss: 0.7, l1_loss: 0.0, conf_loss: 0.4, cls_loss: 0.3, lr: 8.286e-04, size: 640, ETA: 3:47:39
2026-08-18 12:45:41 | INFO     | yolox.core.trainer:270 - epoch: 40/100, iter: 110/188, gpu mem: 1717Mb, mem: 12.6Gb, iter_time: 1.231s, data_time: 1.091s, total_loss: 1.3, iou_loss: 0.8, l1_loss: 0.0, conf_loss: 0.3, cls_loss: 0.3, lr: 8.275e-04, size: 640, ETA: 3:47:27
2026-08-18 12:45:53 | INFO     | yolox.core.trainer:270 - epoch: 40/100, iter: 120/188, gpu mem: 1717Mb, mem: 12.6Gb, iter_time: 1.159s, data_time: 1.021s, total_loss: 1.2, iou_loss: 0.6, l1_loss: 0.0, conf_loss: 0.3, cls_loss: 0.2, lr: 8.264e-04, size: 640, ETA: 3:47:15
2026-08-18 12:46:05 | INFO     | yolox.core.trainer:270 - epoch: 40/100, iter: 130/188, gpu mem: 1717Mb, mem: 12.6Gb, iter_time: 1.166s, data_time: 1.029s, total_loss: 1.1, iou_loss: 0.7, l1_loss: 0.0, conf_loss: 0.2, cls_loss: 0.2, lr: 8.252e-04, size: 640, ETA: 3:47:02
2026-08-18 12:46:17 | INFO     | yolox.core.trainer:270 - epoch: 40/100, iter: 140/188, gpu mem: 1717Mb, mem: 12.6Gb, iter_time: 1.209s, data_time: 1.064s, total_loss: 1.0, iou_loss: 0.6, l1_loss: 0.0, conf_loss: 0.1, cls_loss: 0.2, lr: 8.241e-04, size: 640, ETA: 3:46:50
2026-08-18 12:46:29 | INFO     | yolox.core.trainer:270 - epoch: 40/100, iter: 150/188, gpu mem: 1717Mb, mem: 12.6Gb, iter_time: 1.221s, data_time: 1.086s, total_loss: 0.9, iou_loss: 0.5, l1_loss: 0.0, conf_loss: 0.2, cls_loss: 0.2, lr: 8.230e-04, size: 640, ETA: 3:46:39
2026-08-18 12:46:40 | INFO     | yolox.core.trainer:270 - epoch: 40/100, iter: 160/188, gpu mem: 1717Mb, mem: 12.6Gb, iter_time: 1.130s, data_time: 0.973s, total_loss: 2.2, iou_loss: 1.1, l1_loss: 0.0, conf_loss: 0.7, cls_loss: 0.3, lr: 8.219e-04, size: 640, ETA: 3:46:25
2026-08-18 12:46:52 | INFO     | yolox.core.trainer:270 - epoch: 40/100, iter: 170/188, gpu mem: 1717Mb, mem: 12.6Gb, iter_time: 1.128s, data_time: 0.992s, total_loss: 1.2, iou_loss: 0.6, l1_loss: 0.0, conf_loss: 0.4, cls_loss: 0.2, lr: 8.208e-04, size: 640, ETA: 3:46:12
2026-08-18 12:47:03 | INFO     | yolox.core.trainer:270 - epoch: 40/100, iter: 180/188, gpu mem: 1717Mb, mem: 12.6Gb, iter_time: 1.147s, data_time: 1.008s, total_loss: 1.7, iou_loss: 1.0, l1_loss: 0.0, conf_loss: 0.4, cls_loss: 0.3, lr: 8.196e-04, size: 640, ETA: 3:46:00
2026-08-18 12:47:12 | INFO     | yolox.core.trainer:402 - Save weights to <PROJECT_ROOT>\runs\benchmarks\micropcb_rpi_phash_component_bootstrap_v2_full_e100_b8_i640_w0_s42-43-44_p02facd21ef_dbea2fbaddc_cb773706267\yolox_s_seed43

  0%|          | 0/25 [00:00<?, ?it/s]
  4%|4         | 1/25 [00:00<00:07,  3.32it/s]
  8%|8         | 2/25 [00:00<00:06,  3.33it/s]
 12%|#2        | 3/25 [00:00<00:06,  3.31it/s]
 16%|#6        | 4/25 [00:01<00:06,  3.22it/s]
 20%|##        | 5/25 [00:01<00:06,  2.97it/s]
 24%|##4       | 6/25 [00:01<00:06,  2.88it/s]
 28%|##8       | 7/25 [00:02<00:06,  2.91it/s]
 32%|###2      | 8/25 [00:02<00:05,  3.01it/s]
 36%|###6      | 9/25 [00:02<00:05,  3.14it/s]
 40%|####      | 10/25 [00:03<00:04,  3.16it/s]
 44%|####4     | 11/25 [00:03<00:04,  3.22it/s]
 48%|####8     | 12/25 [00:03<00:04,  3.13it/s]
 52%|#####2    | 13/25 [00:04<00:03,  3.04it/s]
 56%|#####6    | 14/25 [00:04<00:03,  3.07it/s]
 60%|######    | 15/25 [00:04<00:03,  2.97it/s]
 64%|######4   | 16/25 [00:05<00:03,  2.82it/s]
 68%|######8   | 17/25 [00:05<00:02,  3.02it/s]
 72%|#######2  | 18/25 [00:05<00:02,  3.21it/s]
 76%|#######6  | 19/25 [00:06<00:01,  3.35it/s]
 80%|########  | 20/25 [00:06<00:01,  3.47it/s]
 84%|########4 | 21/25 [00:06<00:01,  3.67it/s]
 88%|########8 | 22/25 [00:06<00:00,  3.79it/s]
 92%|#########2| 23/25 [00:07<00:00,  3.57it/s]
 96%|#########6| 24/25 [00:07<00:00,  3.24it/s]
100%|##########| 25/25 [00:07<00:00,  3.98it/s]
100%|##########| 25/25 [00:07<00:00,  3.27it/s]
2026-08-18 12:47:20 | INFO     | mcu_data.yolox_metrics:78 - Evaluate with standard pycocotools COCOeval (no C++ JIT build).
2026-08-18 12:47:20 | INFO     | mcu_data.yolox_metrics:80 - Loading and preparing results...
2026-08-18 12:47:20 | INFO     | mcu_data.yolox_metrics:80 - DONE (t=0.00s)
2026-08-18 12:47:20 | INFO     | pycocotools.coco:367 - creating index...
2026-08-18 12:47:20 | INFO     | pycocotools.coco:367 - index created!
2026-08-18 12:47:20 | INFO     | mcu_data.yolox_metrics:82 - Running per image evaluation...
2026-08-18 12:47:20 | INFO     | mcu_data.yolox_metrics:82 - Evaluate annotation type *bbox*
2026-08-18 12:47:20 | INFO     | mcu_data.yolox_metrics:82 - DONE (t=0.06s).
2026-08-18 12:47:20 | INFO     | mcu_data.yolox_metrics:83 - Accumulating evaluation results...
2026-08-18 12:47:20 | INFO     | mcu_data.yolox_metrics:83 - DONE (t=0.01s).
2026-08-18 12:47:20 | INFO     | yolox.core.trainer:381 - 
Average forward time: 4.92 ms, Average NMS time: 0.96 ms, Average inference time: 5.88 ms
 Average Precision  (AP) @[ IoU=0.50:0.95 | area=   all | maxDets=100 ] = 0.784
 Average Precision  (AP) @[ IoU=0.50      | area=   all | maxDets=100 ] = 1.000
 Average Precision  (AP) @[ IoU=0.75      | area=   all | maxDets=100 ] = 1.000
 Average Precision  (AP) @[ IoU=0.50:0.95 | area= small | maxDets=100 ] = -1.000
 Average Precision  (AP) @[ IoU=0.50:0.95 | area=medium | maxDets=100 ] = -1.000
 Average Precision  (AP) @[ IoU=0.50:0.95 | area= large | maxDets=100 ] = 0.784
 Average Recall     (AR) @[ IoU=0.50:0.95 | area=   all | maxDets=  1 ] = 0.803
 Average Recall     (AR) @[ IoU=0.50:0.95 | area=   all | maxDets= 10 ] = 0.803
 Average Recall     (AR) @[ IoU=0.50:0.95 | area=   all | maxDets=100 ] = 0.803
 Average Recall     (AR) @[ IoU=0.50:0.95 | area= small | maxDets=100 ] = -1.000
 Average Recall     (AR) @[ IoU=0.50:0.95 | area=medium | maxDets=100 ] = -1.000
 Average Recall     (AR) @[ IoU=0.50:0.95 | area= large | maxDets=100 ] = 0.803
per class AP:
| class            | AP     |
|:-----------------|:-------|
| raspberry_pi_sbc | 78.406 |
per class AR:
| class            | AR     |
|:-----------------|:-------|
| raspberry_pi_sbc | 80.308 |

2026-08-18 12:47:20 | INFO     | yolox.core.trainer:402 - Save weights to <PROJECT_ROOT>\runs\benchmarks\micropcb_rpi_phash_component_bootstrap_v2_full_e100_b8_i640_w0_s42-43-44_p02facd21ef_dbea2fbaddc_cb773706267\yolox_s_seed43
[EPOCH 040/100] loss=1.37802 iou=0.71996 conf=0.40551 cls=0.25255 | AP50=1.00000 AP50-95=0.78406 AP75=1.00000 AR100=0.80308 | LR=0.00081874 VRAM_peak=1717.2 MiB
EPOCH_METRICS_JSON {"epoch": 40, "elapsed_s": 9412.715855799965, "epoch_seconds": 229.97034210001584, "iterations": 188, "train_total_loss": 1.3780195830350226, "train_iou_loss": 0.7199589140871738, "train_conf_loss": 0.40551422243105606, "train_cls_loss": 0.2525464458034394, "train_l1_loss": 0.0, "num_fg_mean": 8.458161473184871, "map50_95": 0.7840627574011152, "map50": 1.0, "ap75": 1.0, "ar100": 0.803076923076923, "lr": 0.0008187374003552992, "lr_mean": 0.000829196985970602, "gpu_peak_allocated_mib": 1717.24755859375, "gpu_peak_reserved_mib": 2234.0, "best_map50_95": 0.8574098026800376}
2026-08-18 12:47:21 | INFO     | yolox.core.trainer:218 - ---> start train epoch41
2026-08-18 12:47:34 | INFO     | yolox.core.trainer:270 - epoch: 41/100, iter: 10/188, gpu mem: 1717Mb, mem: 12.6Gb, iter_time: 1.234s, data_time: 1.097s, total_loss: 1.4, iou_loss: 0.7, l1_loss: 0.0, conf_loss: 0.4, cls_loss: 0.3, lr: 8.176e-04, size: 640, ETA: 3:45:38
2026-08-18 12:47:46 | INFO     | yolox.core.trainer:270 - epoch: 41/100, iter: 20/188, gpu mem: 1717Mb, mem: 12.7Gb, iter_time: 1.220s, data_time: 1.082s, total_loss: 1.3, iou_loss: 0.6, l1_loss: 0.0, conf_loss: 0.4, cls_loss: 0.2, lr: 8.165e-04, size: 640, ETA: 3:45:26
2026-08-18 12:47:57 | INFO     | yolox.core.trainer:270 - epoch: 41/100, iter: 30/188, gpu mem: 1717Mb, mem: 12.6Gb, iter_time: 1.151s, data_time: 1.013s, total_loss: 1.0, iou_loss: 0.6, l1_loss: 0.0, conf_loss: 0.3, cls_loss: 0.2, lr: 8.154e-04, size: 640, ETA: 3:45:13
2026-08-18 12:48:09 | INFO     | yolox.core.trainer:270 - epoch: 41/100, iter: 40/188, gpu mem: 1717Mb, mem: 12.6Gb, iter_time: 1.189s, data_time: 1.049s, total_loss: 1.5, iou_loss: 0.7, l1_loss: 0.0, conf_loss: 0.5, cls_loss: 0.2, lr: 8.142e-04, size: 640, ETA: 3:45:01
2026-08-18 12:48:21 | INFO     | yolox.core.trainer:270 - epoch: 41/100, iter: 50/188, gpu mem: 1717Mb, mem: 12.6Gb, iter_time: 1.208s, data_time: 1.066s, total_loss: 1.8, iou_loss: 0.9, l1_loss: 0.0, conf_loss: 0.6, cls_loss: 0.3, lr: 8.131e-04, size: 640, ETA: 3:44:49
2026-08-18 12:48:34 | INFO     | yolox.core.trainer:270 - epoch: 41/100, iter: 60/188, gpu mem: 1717Mb, mem: 12.6Gb, iter_time: 1.227s, data_time: 1.091s, total_loss: 1.0, iou_loss: 0.6, l1_loss: 0.0, conf_loss: 0.2, cls_loss: 0.2, lr: 8.120e-04, size: 640, ETA: 3:44:38
2026-08-18 12:48:45 | INFO     | yolox.core.trainer:270 - epoch: 41/100, iter: 70/188, gpu mem: 1717Mb, mem: 12.6Gb, iter_time: 1.143s, data_time: 1.003s, total_loss: 1.5, iou_loss: 0.8, l1_loss: 0.0, conf_loss: 0.5, cls_loss: 0.3, lr: 8.109e-04, size: 640, ETA: 3:44:25
2026-08-18 12:48:57 | INFO     | yolox.core.trainer:270 - epoch: 41/100, iter: 80/188, gpu mem: 1717Mb, mem: 12.6Gb, iter_time: 1.167s, data_time: 1.027s, total_loss: 1.6, iou_loss: 0.8, l1_loss: 0.0, conf_loss: 0.5, cls_loss: 0.3, lr: 8.097e-04, size: 640, ETA: 3:44:12
2026-08-18 12:49:09 | INFO     | yolox.core.trainer:270 - epoch: 41/100, iter: 90/188, gpu mem: 1717Mb, mem: 12.6Gb, iter_time: 1.183s, data_time: 1.048s, total_loss: 1.3, iou_loss: 0.6, l1_loss: 0.0, conf_loss: 0.5, cls_loss: 0.2, lr: 8.086e-04, size: 640, ETA: 3:44:00
2026-08-18 12:49:20 | INFO     | yolox.core.trainer:270 - epoch: 41/100, iter: 100/188, gpu mem: 1717Mb, mem: 12.6Gb, iter_time: 1.174s, data_time: 1.034s, total_loss: 1.7, iou_loss: 0.9, l1_loss: 0.0, conf_loss: 0.5, cls_loss: 0.3, lr: 8.075e-04, size: 640, ETA: 3:43:48
2026-08-18 12:49:31 | INFO     | yolox.core.trainer:270 - epoch: 41/100, iter: 110/188, gpu mem: 1717Mb, mem: 12.6Gb, iter_time: 1.097s, data_time: 0.960s, total_loss: 1.2, iou_loss: 0.7, l1_loss: 0.0, conf_loss: 0.3, cls_loss: 0.2, lr: 8.064e-04, size: 640, ETA: 3:43:34
2026-08-18 12:49:43 | INFO     | yolox.core.trainer:270 - epoch: 41/100, iter: 120/188, gpu mem: 1717Mb, mem: 12.6Gb, iter_time: 1.189s, data_time: 1.053s, total_loss: 0.8, iou_loss: 0.4, l1_loss: 0.0, conf_loss: 0.2, cls_loss: 0.2, lr: 8.052e-04, size: 640, ETA: 3:43:22
2026-08-18 12:49:55 | INFO     | yolox.core.trainer:270 - epoch: 41/100, iter: 130/188, gpu mem: 1717Mb, mem: 12.6Gb, iter_time: 1.186s, data_time: 1.048s, total_loss: 1.5, iou_loss: 0.8, l1_loss: 0.0, conf_loss: 0.5, cls_loss: 0.2, lr: 8.041e-04, size: 640, ETA: 3:43:10
2026-08-18 12:50:06 | INFO     | yolox.core.trainer:270 - epoch: 41/100, iter: 140/188, gpu mem: 1717Mb, mem: 12.6Gb, iter_time: 1.122s, data_time: 0.985s, total_loss: 1.4, iou_loss: 0.7, l1_loss: 0.0, conf_loss: 0.5, cls_loss: 0.2, lr: 8.030e-04, size: 640, ETA: 3:42:57
2026-08-18 12:50:18 | INFO     | yolox.core.trainer:270 - epoch: 41/100, iter: 150/188, gpu mem: 1717Mb, mem: 12.6Gb, iter_time: 1.164s, data_time: 1.027s, total_loss: 1.3, iou_loss: 0.7, l1_loss: 0.0, conf_loss: 0.4, cls_loss: 0.2, lr: 8.018e-04, size: 640, ETA: 3:42:44
2026-08-18 12:50:30 | INFO     | yolox.core.trainer:270 - epoch: 41/100, iter: 160/188, gpu mem: 1717Mb, mem: 12.6Gb, iter_time: 1.182s, data_time: 1.042s, total_loss: 1.0, iou_loss: 0.6, l1_loss: 0.0, conf_loss: 0.1, cls_loss: 0.2, lr: 8.007e-04, size: 640, ETA: 3:42:32
2026-08-18 12:50:42 | INFO     | yolox.core.trainer:270 - epoch: 41/100, iter: 170/188, gpu mem: 1717Mb, mem: 12.6Gb, iter_time: 1.211s, data_time: 1.072s, total_loss: 1.2, iou_loss: 0.6, l1_loss: 0.0, conf_loss: 0.4, cls_loss: 0.2, lr: 7.996e-04, size: 640, ETA: 3:42:20
2026-08-18 12:50:54 | INFO     | yolox.core.trainer:270 - epoch: 41/100, iter: 180/188, gpu mem: 1717Mb, mem: 12.6Gb, iter_time: 1.191s, data_time: 1.050s, total_loss: 1.3, iou_loss: 0.7, l1_loss: 0.0, conf_loss: 0.3, cls_loss: 0.3, lr: 7.984e-04, size: 640, ETA: 3:42:08
2026-08-18 12:51:04 | INFO     | yolox.core.trainer:402 - Save weights to <PROJECT_ROOT>\runs\benchmarks\micropcb_rpi_phash_component_bootstrap_v2_full_e100_b8_i640_w0_s42-43-44_p02facd21ef_dbea2fbaddc_cb773706267\yolox_s_seed43

  0%|          | 0/25 [00:00<?, ?it/s]
  4%|4         | 1/25 [00:00<00:07,  3.15it/s]
  8%|8         | 2/25 [00:00<00:07,  3.17it/s]
 12%|#2        | 3/25 [00:00<00:06,  3.23it/s]
 16%|#6        | 4/25 [00:01<00:06,  3.08it/s]
 20%|##        | 5/25 [00:01<00:07,  2.85it/s]
 24%|##4       | 6/25 [00:02<00:06,  2.76it/s]
 28%|##8       | 7/25 [00:02<00:06,  2.84it/s]
 32%|###2      | 8/25 [00:02<00:05,  2.95it/s]
 36%|###6      | 9/25 [00:03<00:05,  3.02it/s]
 40%|####      | 10/25 [00:03<00:04,  3.01it/s]
 44%|####4     | 11/25 [00:03<00:04,  3.09it/s]
 48%|####8     | 12/25 [00:03<00:04,  3.07it/s]
 52%|#####2    | 13/25 [00:04<00:04,  2.99it/s]
 56%|#####6    | 14/25 [00:04<00:03,  3.08it/s]
 60%|######    | 15/25 [00:04<00:03,  2.99it/s]
 64%|######4   | 16/25 [00:05<00:03,  2.87it/s]
 68%|######8   | 17/25 [00:05<00:02,  3.04it/s]
 72%|#######2  | 18/25 [00:05<00:02,  3.27it/s]
 76%|#######6  | 19/25 [00:06<00:01,  3.46it/s]
 80%|########  | 20/25 [00:06<00:01,  3.58it/s]
 84%|########4 | 21/25 [00:06<00:01,  3.76it/s]
 88%|########8 | 22/25 [00:06<00:00,  3.75it/s]
 92%|#########2| 23/25 [00:07<00:00,  3.55it/s]
 96%|#########6| 24/25 [00:07<00:00,  3.23it/s]
100%|##########| 25/25 [00:07<00:00,  3.93it/s]
100%|##########| 25/25 [00:07<00:00,  3.23it/s]
2026-08-18 12:51:12 | INFO     | mcu_data.yolox_metrics:78 - Evaluate with standard pycocotools COCOeval (no C++ JIT build).
2026-08-18 12:51:12 | INFO     | mcu_data.yolox_metrics:80 - Loading and preparing results...
2026-08-18 12:51:12 | INFO     | mcu_data.yolox_metrics:80 - DONE (t=0.00s)
2026-08-18 12:51:12 | INFO     | pycocotools.coco:367 - creating index...
2026-08-18 12:51:12 | INFO     | pycocotools.coco:367 - index created!
2026-08-18 12:51:12 | INFO     | mcu_data.yolox_metrics:82 - Running per image evaluation...
2026-08-18 12:51:12 | INFO     | mcu_data.yolox_metrics:82 - Evaluate annotation type *bbox*
2026-08-18 12:51:12 | INFO     | mcu_data.yolox_metrics:82 - DONE (t=0.06s).
2026-08-18 12:51:12 | INFO     | mcu_data.yolox_metrics:83 - Accumulating evaluation results...
2026-08-18 12:51:12 | INFO     | mcu_data.yolox_metrics:83 - DONE (t=0.01s).
2026-08-18 12:51:12 | INFO     | yolox.core.trainer:381 - 
Average forward time: 5.05 ms, Average NMS time: 0.90 ms, Average inference time: 5.95 ms
 Average Precision  (AP) @[ IoU=0.50:0.95 | area=   all | maxDets=100 ] = 0.772
 Average Precision  (AP) @[ IoU=0.50      | area=   all | maxDets=100 ] = 1.000
 Average Precision  (AP) @[ IoU=0.75      | area=   all | maxDets=100 ] = 1.000
 Average Precision  (AP) @[ IoU=0.50:0.95 | area= small | maxDets=100 ] = -1.000
 Average Precision  (AP) @[ IoU=0.50:0.95 | area=medium | maxDets=100 ] = -1.000
 Average Precision  (AP) @[ IoU=0.50:0.95 | area= large | maxDets=100 ] = 0.772
 Average Recall     (AR) @[ IoU=0.50:0.95 | area=   all | maxDets=  1 ] = 0.794
 Average Recall     (AR) @[ IoU=0.50:0.95 | area=   all | maxDets= 10 ] = 0.794
 Average Recall     (AR) @[ IoU=0.50:0.95 | area=   all | maxDets=100 ] = 0.794
 Average Recall     (AR) @[ IoU=0.50:0.95 | area= small | maxDets=100 ] = -1.000
 Average Recall     (AR) @[ IoU=0.50:0.95 | area=medium | maxDets=100 ] = -1.000
 Average Recall     (AR) @[ IoU=0.50:0.95 | area= large | maxDets=100 ] = 0.794
per class AP:
| class            | AP     |
|:-----------------|:-------|
| raspberry_pi_sbc | 77.241 |
per class AR:
| class            | AR     |
|:-----------------|:-------|
| raspberry_pi_sbc | 79.436 |

2026-08-18 12:51:12 | INFO     | yolox.core.trainer:402 - Save weights to <PROJECT_ROOT>\runs\benchmarks\micropcb_rpi_phash_component_bootstrap_v2_full_e100_b8_i640_w0_s42-43-44_p02facd21ef_dbea2fbaddc_cb773706267\yolox_s_seed43
[EPOCH 041/100] loss=1.35973 iou=0.71304 conf=0.39651 cls=0.25018 | AP50=1.00000 AP50-95=0.77241 AP75=1.00000 AR100=0.79436 | LR=0.00079752 VRAM_peak=1717.2 MiB
EPOCH_METRICS_JSON {"epoch": 41, "elapsed_s": 9644.125188900041, "epoch_seconds": 230.6020712000318, "iterations": 188, "train_total_loss": 1.3597325533628464, "train_iou_loss": 0.7130369296733369, "train_conf_loss": 0.39651085475974895, "train_cls_loss": 0.250184769009022, "train_l1_loss": 0.0, "num_fg_mean": 8.430438587772148, "map50_95": 0.7724091443319876, "map50": 1.0, "ap75": 1.0, "ar100": 0.7943589743589744, "lr": 0.0007975240220565549, "lr_mean": 0.0008080915840528096, "gpu_peak_allocated_mib": 1717.24560546875, "gpu_peak_reserved_mib": 2234.0, "best_map50_95": 0.8574098026800376}
2026-08-18 12:51:13 | INFO     | yolox.core.trainer:218 - ---> start train epoch42
2026-08-18 12:51:25 | INFO     | yolox.core.trainer:270 - epoch: 42/100, iter: 10/188, gpu mem: 1717Mb, mem: 12.7Gb, iter_time: 1.216s, data_time: 1.076s, total_loss: 1.6, iou_loss: 0.9, l1_loss: 0.0, conf_loss: 0.5, cls_loss: 0.3, lr: 7.964e-04, size: 640, ETA: 3:41:47
2026-08-18 12:51:36 | INFO     | yolox.core.trainer:270 - epoch: 42/100, iter: 20/188, gpu mem: 1717Mb, mem: 12.7Gb, iter_time: 1.155s, data_time: 1.017s, total_loss: 1.5, iou_loss: 0.8, l1_loss: 0.0, conf_loss: 0.5, cls_loss: 0.3, lr: 7.953e-04, size: 640, ETA: 3:41:34
2026-08-18 12:51:48 | INFO     | yolox.core.trainer:270 - epoch: 42/100, iter: 30/188, gpu mem: 1717Mb, mem: 12.7Gb, iter_time: 1.169s, data_time: 1.032s, total_loss: 1.6, iou_loss: 0.8, l1_loss: 0.0, conf_loss: 0.5, cls_loss: 0.3, lr: 7.941e-04, size: 640, ETA: 3:41:22
2026-08-18 12:52:00 | INFO     | yolox.core.trainer:270 - epoch: 42/100, iter: 40/188, gpu mem: 1717Mb, mem: 12.6Gb, iter_time: 1.195s, data_time: 1.051s, total_loss: 1.6, iou_loss: 0.8, l1_loss: 0.0, conf_loss: 0.5, cls_loss: 0.3, lr: 7.930e-04, size: 640, ETA: 3:41:10
2026-08-18 12:52:12 | INFO     | yolox.core.trainer:270 - epoch: 42/100, iter: 50/188, gpu mem: 1717Mb, mem: 12.6Gb, iter_time: 1.213s, data_time: 1.074s, total_loss: 1.2, iou_loss: 0.6, l1_loss: 0.0, conf_loss: 0.4, cls_loss: 0.2, lr: 7.918e-04, size: 640, ETA: 3:40:58
2026-08-18 12:52:24 | INFO     | yolox.core.trainer:270 - epoch: 42/100, iter: 60/188, gpu mem: 1717Mb, mem: 12.6Gb, iter_time: 1.186s, data_time: 1.048s, total_loss: 1.4, iou_loss: 0.7, l1_loss: 0.0, conf_loss: 0.4, cls_loss: 0.3, lr: 7.907e-04, size: 640, ETA: 3:40:46
2026-08-18 12:52:36 | INFO     | yolox.core.trainer:270 - epoch: 42/100, iter: 70/188, gpu mem: 1717Mb, mem: 12.6Gb, iter_time: 1.200s, data_time: 1.062s, total_loss: 1.4, iou_loss: 0.8, l1_loss: 0.0, conf_loss: 0.3, cls_loss: 0.3, lr: 7.896e-04, size: 640, ETA: 3:40:33
2026-08-18 12:52:48 | INFO     | yolox.core.trainer:270 - epoch: 42/100, iter: 80/188, gpu mem: 1717Mb, mem: 12.6Gb, iter_time: 1.216s, data_time: 1.080s, total_loss: 1.5, iou_loss: 0.9, l1_loss: 0.0, conf_loss: 0.4, cls_loss: 0.3, lr: 7.884e-04, size: 640, ETA: 3:40:22
2026-08-18 12:53:01 | INFO     | yolox.core.trainer:270 - epoch: 42/100, iter: 90/188, gpu mem: 1717Mb, mem: 12.6Gb, iter_time: 1.230s, data_time: 1.091s, total_loss: 1.5, iou_loss: 0.6, l1_loss: 0.0, conf_loss: 0.6, cls_loss: 0.2, lr: 7.873e-04, size: 640, ETA: 3:40:10
2026-08-18 12:53:12 | INFO     | yolox.core.trainer:270 - epoch: 42/100, iter: 100/188, gpu mem: 1717Mb, mem: 12.6Gb, iter_time: 1.158s, data_time: 1.018s, total_loss: 1.2, iou_loss: 0.5, l1_loss: 0.0, conf_loss: 0.4, cls_loss: 0.2, lr: 7.862e-04, size: 640, ETA: 3:39:57
2026-08-18 12:53:24 | INFO     | yolox.core.trainer:270 - epoch: 42/100, iter: 110/188, gpu mem: 1717Mb, mem: 12.6Gb, iter_time: 1.191s, data_time: 1.049s, total_loss: 1.2, iou_loss: 0.7, l1_loss: 0.0, conf_loss: 0.3, cls_loss: 0.3, lr: 7.850e-04, size: 640, ETA: 3:39:45
2026-08-18 12:53:36 | INFO     | yolox.core.trainer:270 - epoch: 42/100, iter: 120/188, gpu mem: 1717Mb, mem: 12.6Gb, iter_time: 1.151s, data_time: 1.009s, total_loss: 1.4, iou_loss: 0.7, l1_loss: 0.0, conf_loss: 0.5, cls_loss: 0.3, lr: 7.839e-04, size: 640, ETA: 3:39:33
2026-08-18 12:53:48 | INFO     | yolox.core.trainer:270 - epoch: 42/100, iter: 130/188, gpu mem: 1717Mb, mem: 12.6Gb, iter_time: 1.189s, data_time: 1.052s, total_loss: 1.7, iou_loss: 1.0, l1_loss: 0.0, conf_loss: 0.5, cls_loss: 0.3, lr: 7.827e-04, size: 640, ETA: 3:39:20
2026-08-18 12:54:00 | INFO     | yolox.core.trainer:270 - epoch: 42/100, iter: 140/188, gpu mem: 1717Mb, mem: 12.6Gb, iter_time: 1.235s, data_time: 1.097s, total_loss: 1.8, iou_loss: 0.9, l1_loss: 0.0, conf_loss: 0.6, cls_loss: 0.3, lr: 7.816e-04, size: 640, ETA: 3:39:09
2026-08-18 12:54:12 | INFO     | yolox.core.trainer:270 - epoch: 42/100, iter: 150/188, gpu mem: 1717Mb, mem: 12.6Gb, iter_time: 1.230s, data_time: 1.094s, total_loss: 1.6, iou_loss: 0.9, l1_loss: 0.0, conf_loss: 0.5, cls_loss: 0.3, lr: 7.805e-04, size: 640, ETA: 3:38:57
2026-08-18 12:54:24 | INFO     | yolox.core.trainer:270 - epoch: 42/100, iter: 160/188, gpu mem: 1717Mb, mem: 12.6Gb, iter_time: 1.156s, data_time: 1.017s, total_loss: 1.1, iou_loss: 0.5, l1_loss: 0.0, conf_loss: 0.4, cls_loss: 0.2, lr: 7.793e-04, size: 640, ETA: 3:38:45
2026-08-18 12:54:35 | INFO     | yolox.core.trainer:270 - epoch: 42/100, iter: 170/188, gpu mem: 1717Mb, mem: 12.6Gb, iter_time: 1.156s, data_time: 1.018s, total_loss: 1.1, iou_loss: 0.6, l1_loss: 0.0, conf_loss: 0.2, cls_loss: 0.2, lr: 7.782e-04, size: 640, ETA: 3:38:32
2026-08-18 12:54:47 | INFO     | yolox.core.trainer:270 - epoch: 42/100, iter: 180/188, gpu mem: 1717Mb, mem: 12.6Gb, iter_time: 1.143s, data_time: 1.005s, total_loss: 1.2, iou_loss: 0.7, l1_loss: 0.0, conf_loss: 0.3, cls_loss: 0.2, lr: 7.770e-04, size: 640, ETA: 3:38:19
2026-08-18 12:54:56 | INFO     | yolox.core.trainer:402 - Save weights to <PROJECT_ROOT>\runs\benchmarks\micropcb_rpi_phash_component_bootstrap_v2_full_e100_b8_i640_w0_s42-43-44_p02facd21ef_dbea2fbaddc_cb773706267\yolox_s_seed43

  0%|          | 0/25 [00:00<?, ?it/s]
  4%|4         | 1/25 [00:00<00:07,  3.24it/s]
  8%|8         | 2/25 [00:00<00:07,  3.18it/s]
 12%|#2        | 3/25 [00:00<00:06,  3.26it/s]
 16%|#6        | 4/25 [00:01<00:06,  3.17it/s]
 20%|##        | 5/25 [00:01<00:06,  2.86it/s]
 24%|##4       | 6/25 [00:02<00:06,  2.80it/s]
 28%|##8       | 7/25 [00:02<00:06,  2.87it/s]
 32%|###2      | 8/25 [00:02<00:05,  2.95it/s]
 36%|###6      | 9/25 [00:02<00:05,  3.06it/s]
 40%|####      | 10/25 [00:03<00:04,  3.08it/s]
 44%|####4     | 11/25 [00:03<00:04,  3.13it/s]
 48%|####8     | 12/25 [00:03<00:04,  3.12it/s]
 52%|#####2    | 13/25 [00:04<00:03,  3.03it/s]
 56%|#####6    | 14/25 [00:04<00:03,  3.09it/s]
 60%|######    | 15/25 [00:04<00:03,  2.93it/s]
 64%|######4   | 16/25 [00:05<00:03,  2.82it/s]
 68%|######8   | 17/25 [00:05<00:02,  2.98it/s]
 72%|#######2  | 18/25 [00:05<00:02,  3.17it/s]
 76%|#######6  | 19/25 [00:06<00:01,  3.41it/s]
 80%|########  | 20/25 [00:06<00:01,  3.46it/s]
 84%|########4 | 21/25 [00:06<00:01,  3.64it/s]
 88%|########8 | 22/25 [00:06<00:00,  3.69it/s]
 92%|#########2| 23/25 [00:07<00:00,  3.52it/s]
 96%|#########6| 24/25 [00:07<00:00,  3.25it/s]
100%|##########| 25/25 [00:07<00:00,  4.00it/s]
100%|##########| 25/25 [00:07<00:00,  3.23it/s]
2026-08-18 12:55:04 | INFO     | mcu_data.yolox_metrics:78 - Evaluate with standard pycocotools COCOeval (no C++ JIT build).
2026-08-18 12:55:04 | INFO     | mcu_data.yolox_metrics:80 - Loading and preparing results...
2026-08-18 12:55:04 | INFO     | mcu_data.yolox_metrics:80 - DONE (t=0.00s)
2026-08-18 12:55:04 | INFO     | pycocotools.coco:367 - creating index...
2026-08-18 12:55:04 | INFO     | pycocotools.coco:367 - index created!
2026-08-18 12:55:04 | INFO     | mcu_data.yolox_metrics:82 - Running per image evaluation...
2026-08-18 12:55:04 | INFO     | mcu_data.yolox_metrics:82 - Evaluate annotation type *bbox*
2026-08-18 12:55:04 | INFO     | mcu_data.yolox_metrics:82 - DONE (t=0.06s).
2026-08-18 12:55:04 | INFO     | mcu_data.yolox_metrics:83 - Accumulating evaluation results...
2026-08-18 12:55:04 | INFO     | mcu_data.yolox_metrics:83 - DONE (t=0.01s).
2026-08-18 12:55:04 | INFO     | yolox.core.trainer:381 - 
Average forward time: 4.98 ms, Average NMS time: 0.96 ms, Average inference time: 5.94 ms
 Average Precision  (AP) @[ IoU=0.50:0.95 | area=   all | maxDets=100 ] = 0.791
 Average Precision  (AP) @[ IoU=0.50      | area=   all | maxDets=100 ] = 1.000
 Average Precision  (AP) @[ IoU=0.75      | area=   all | maxDets=100 ] = 1.000
 Average Precision  (AP) @[ IoU=0.50:0.95 | area= small | maxDets=100 ] = -1.000
 Average Precision  (AP) @[ IoU=0.50:0.95 | area=medium | maxDets=100 ] = -1.000
 Average Precision  (AP) @[ IoU=0.50:0.95 | area= large | maxDets=100 ] = 0.791
 Average Recall     (AR) @[ IoU=0.50:0.95 | area=   all | maxDets=  1 ] = 0.823
 Average Recall     (AR) @[ IoU=0.50:0.95 | area=   all | maxDets= 10 ] = 0.823
 Average Recall     (AR) @[ IoU=0.50:0.95 | area=   all | maxDets=100 ] = 0.823
 Average Recall     (AR) @[ IoU=0.50:0.95 | area= small | maxDets=100 ] = -1.000
 Average Recall     (AR) @[ IoU=0.50:0.95 | area=medium | maxDets=100 ] = -1.000
 Average Recall     (AR) @[ IoU=0.50:0.95 | area= large | maxDets=100 ] = 0.823
per class AP:
| class            | AP     |
|:-----------------|:-------|
| raspberry_pi_sbc | 79.120 |
per class AR:
| class            | AR     |
|:-----------------|:-------|
| raspberry_pi_sbc | 82.256 |

2026-08-18 12:55:04 | INFO     | yolox.core.trainer:402 - Save weights to <PROJECT_ROOT>\runs\benchmarks\micropcb_rpi_phash_component_bootstrap_v2_full_e100_b8_i640_w0_s42-43-44_p02facd21ef_dbea2fbaddc_cb773706267\yolox_s_seed43
[EPOCH 042/100] loss=1.34508 iou=0.70353 conf=0.39151 cls=0.25004 | AP50=1.00000 AP50-95=0.79120 AP75=1.00000 AR100=0.82256 | LR=0.00077612 VRAM_peak=1717.2 MiB
EPOCH_METRICS_JSON {"epoch": 42, "elapsed_s": 9876.329287800007, "epoch_seconds": 231.25872909999453, "iterations": 188, "train_total_loss": 1.3450821156197406, "train_iou_loss": 0.7035295983895342, "train_conf_loss": 0.3915146972112199, "train_cls_loss": 0.2500378220005238, "train_l1_loss": 0.0, "num_fg_mean": 8.568609778675759, "map50_95": 0.7912040979237501, "map50": 1.0, "ap75": 1.0, "ar100": 0.8225641025641026, "lr": 0.000776117680436975, "lr_mean": 0.0007867787847956249, "gpu_peak_allocated_mib": 1717.24560546875, "gpu_peak_reserved_mib": 2234.0, "best_map50_95": 0.8574098026800376}
2026-08-18 12:55:05 | INFO     | yolox.core.trainer:218 - ---> start train epoch43
2026-08-18 12:55:16 | INFO     | yolox.core.trainer:270 - epoch: 43/100, iter: 10/188, gpu mem: 1717Mb, mem: 12.7Gb, iter_time: 1.168s, data_time: 1.030s, total_loss: 1.0, iou_loss: 0.5, l1_loss: 0.0, conf_loss: 0.3, cls_loss: 0.2, lr: 7.750e-04, size: 640, ETA: 3:37:56
2026-08-18 12:55:28 | INFO     | yolox.core.trainer:270 - epoch: 43/100, iter: 20/188, gpu mem: 1717Mb, mem: 12.7Gb, iter_time: 1.181s, data_time: 1.040s, total_loss: 1.1, iou_loss: 0.6, l1_loss: 0.0, conf_loss: 0.3, cls_loss: 0.2, lr: 7.738e-04, size: 640, ETA: 3:37:44
2026-08-18 12:55:40 | INFO     | yolox.core.trainer:270 - epoch: 43/100, iter: 30/188, gpu mem: 1717Mb, mem: 12.7Gb, iter_time: 1.185s, data_time: 1.048s, total_loss: 1.2, iou_loss: 0.6, l1_loss: 0.0, conf_loss: 0.4, cls_loss: 0.2, lr: 7.727e-04, size: 640, ETA: 3:37:32
2026-08-18 12:55:52 | INFO     | yolox.core.trainer:270 - epoch: 43/100, iter: 40/188, gpu mem: 1717Mb, mem: 12.6Gb, iter_time: 1.188s, data_time: 1.050s, total_loss: 1.8, iou_loss: 0.8, l1_loss: 0.0, conf_loss: 0.7, cls_loss: 0.3, lr: 7.715e-04, size: 640, ETA: 3:37:20
2026-08-18 12:56:04 | INFO     | yolox.core.trainer:270 - epoch: 43/100, iter: 50/188, gpu mem: 1717Mb, mem: 12.7Gb, iter_time: 1.157s, data_time: 1.018s, total_loss: 1.0, iou_loss: 0.5, l1_loss: 0.0, conf_loss: 0.4, cls_loss: 0.2, lr: 7.704e-04, size: 640, ETA: 3:37:07
2026-08-18 12:56:16 | INFO     | yolox.core.trainer:270 - epoch: 43/100, iter: 60/188, gpu mem: 1717Mb, mem: 12.6Gb, iter_time: 1.228s, data_time: 1.090s, total_loss: 1.1, iou_loss: 0.5, l1_loss: 0.0, conf_loss: 0.4, cls_loss: 0.2, lr: 7.693e-04, size: 640, ETA: 3:36:56
2026-08-18 12:56:28 | INFO     | yolox.core.trainer:270 - epoch: 43/100, iter: 70/188, gpu mem: 1717Mb, mem: 12.7Gb, iter_time: 1.217s, data_time: 1.077s, total_loss: 1.4, iou_loss: 0.7, l1_loss: 0.0, conf_loss: 0.4, cls_loss: 0.3, lr: 7.681e-04, size: 640, ETA: 3:36:44
2026-08-18 12:56:40 | INFO     | yolox.core.trainer:270 - epoch: 43/100, iter: 80/188, gpu mem: 1717Mb, mem: 12.6Gb, iter_time: 1.144s, data_time: 1.005s, total_loss: 1.5, iou_loss: 0.8, l1_loss: 0.0, conf_loss: 0.5, cls_loss: 0.2, lr: 7.670e-04, size: 640, ETA: 3:36:31
2026-08-18 12:56:52 | INFO     | yolox.core.trainer:270 - epoch: 43/100, iter: 90/188, gpu mem: 1717Mb, mem: 12.6Gb, iter_time: 1.211s, data_time: 1.069s, total_loss: 1.4, iou_loss: 0.8, l1_loss: 0.0, conf_loss: 0.3, cls_loss: 0.3, lr: 7.658e-04, size: 640, ETA: 3:36:19
2026-08-18 12:57:04 | INFO     | yolox.core.trainer:270 - epoch: 43/100, iter: 100/188, gpu mem: 1717Mb, mem: 12.6Gb, iter_time: 1.239s, data_time: 1.100s, total_loss: 1.2, iou_loss: 0.6, l1_loss: 0.0, conf_loss: 0.3, cls_loss: 0.2, lr: 7.647e-04, size: 640, ETA: 3:36:08
2026-08-18 12:57:15 | INFO     | yolox.core.trainer:270 - epoch: 43/100, iter: 110/188, gpu mem: 1717Mb, mem: 12.6Gb, iter_time: 1.133s, data_time: 0.992s, total_loss: 1.4, iou_loss: 0.6, l1_loss: 0.0, conf_loss: 0.5, cls_loss: 0.2, lr: 7.635e-04, size: 640, ETA: 3:35:55
2026-08-18 12:57:27 | INFO     | yolox.core.trainer:270 - epoch: 43/100, iter: 120/188, gpu mem: 1717Mb, mem: 12.6Gb, iter_time: 1.195s, data_time: 1.057s, total_loss: 1.5, iou_loss: 0.8, l1_loss: 0.0, conf_loss: 0.4, cls_loss: 0.3, lr: 7.624e-04, size: 640, ETA: 3:35:43
2026-08-18 12:57:40 | INFO     | yolox.core.trainer:270 - epoch: 43/100, iter: 130/188, gpu mem: 1717Mb, mem: 12.6Gb, iter_time: 1.260s, data_time: 1.122s, total_loss: 1.3, iou_loss: 0.7, l1_loss: 0.0, conf_loss: 0.3, cls_loss: 0.2, lr: 7.612e-04, size: 640, ETA: 3:35:32
2026-08-18 12:57:52 | INFO     | yolox.core.trainer:270 - epoch: 43/100, iter: 140/188, gpu mem: 1717Mb, mem: 12.6Gb, iter_time: 1.227s, data_time: 1.089s, total_loss: 1.1, iou_loss: 0.5, l1_loss: 0.0, conf_loss: 0.3, cls_loss: 0.2, lr: 7.601e-04, size: 640, ETA: 3:35:20
2026-08-18 12:58:04 | INFO     | yolox.core.trainer:270 - epoch: 43/100, iter: 150/188, gpu mem: 1717Mb, mem: 12.7Gb, iter_time: 1.161s, data_time: 1.022s, total_loss: 1.6, iou_loss: 0.7, l1_loss: 0.0, conf_loss: 0.7, cls_loss: 0.2, lr: 7.589e-04, size: 640, ETA: 3:35:07
2026-08-18 12:58:15 | INFO     | yolox.core.trainer:270 - epoch: 43/100, iter: 160/188, gpu mem: 1717Mb, mem: 12.6Gb, iter_time: 1.117s, data_time: 0.980s, total_loss: 1.3, iou_loss: 0.7, l1_loss: 0.0, conf_loss: 0.4, cls_loss: 0.3, lr: 7.578e-04, size: 640, ETA: 3:34:54
2026-08-18 12:58:26 | INFO     | yolox.core.trainer:270 - epoch: 43/100, iter: 170/188, gpu mem: 1717Mb, mem: 12.6Gb, iter_time: 1.116s, data_time: 0.977s, total_loss: 1.4, iou_loss: 0.7, l1_loss: 0.0, conf_loss: 0.4, cls_loss: 0.3, lr: 7.566e-04, size: 640, ETA: 3:34:41
2026-08-18 12:58:38 | INFO     | yolox.core.trainer:270 - epoch: 43/100, iter: 180/188, gpu mem: 1717Mb, mem: 12.6Gb, iter_time: 1.142s, data_time: 1.003s, total_loss: 1.3, iou_loss: 0.8, l1_loss: 0.0, conf_loss: 0.2, cls_loss: 0.3, lr: 7.555e-04, size: 640, ETA: 3:34:28
2026-08-18 12:58:46 | INFO     | yolox.core.trainer:402 - Save weights to <PROJECT_ROOT>\runs\benchmarks\micropcb_rpi_phash_component_bootstrap_v2_full_e100_b8_i640_w0_s42-43-44_p02facd21ef_dbea2fbaddc_cb773706267\yolox_s_seed43

  0%|          | 0/25 [00:00<?, ?it/s]
  4%|4         | 1/25 [00:00<00:07,  3.42it/s]
  8%|8         | 2/25 [00:00<00:06,  3.47it/s]
 12%|#2        | 3/25 [00:00<00:06,  3.52it/s]
 16%|#6        | 4/25 [00:01<00:06,  3.30it/s]
 20%|##        | 5/25 [00:01<00:06,  3.09it/s]
 24%|##4       | 6/25 [00:01<00:06,  3.05it/s]
 28%|##8       | 7/25 [00:02<00:05,  3.10it/s]
 32%|###2      | 8/25 [00:02<00:05,  3.28it/s]
 36%|###6      | 9/25 [00:02<00:04,  3.39it/s]
 40%|####      | 10/25 [00:03<00:04,  3.31it/s]
 44%|####4     | 11/25 [00:03<00:04,  3.36it/s]
 48%|####8     | 12/25 [00:03<00:03,  3.29it/s]
 52%|#####2    | 13/25 [00:04<00:03,  3.17it/s]
 56%|#####6    | 14/25 [00:04<00:03,  3.21it/s]
 60%|######    | 15/25 [00:04<00:03,  3.09it/s]
 64%|######4   | 16/25 [00:05<00:03,  2.97it/s]
 68%|######8   | 17/25 [00:05<00:02,  3.11it/s]
 72%|#######2  | 18/25 [00:05<00:02,  3.32it/s]
 76%|#######6  | 19/25 [00:05<00:01,  3.48it/s]
 80%|########  | 20/25 [00:06<00:01,  3.56it/s]
 84%|########4 | 21/25 [00:06<00:01,  3.73it/s]
 88%|########8 | 22/25 [00:06<00:00,  3.78it/s]
 92%|#########2| 23/25 [00:06<00:00,  3.55it/s]
 96%|#########6| 24/25 [00:07<00:00,  3.26it/s]
100%|##########| 25/25 [00:07<00:00,  4.07it/s]
100%|##########| 25/25 [00:07<00:00,  3.39it/s]
2026-08-18 12:58:54 | INFO     | mcu_data.yolox_metrics:78 - Evaluate with standard pycocotools COCOeval (no C++ JIT build).
2026-08-18 12:58:54 | INFO     | mcu_data.yolox_metrics:80 - Loading and preparing results...
2026-08-18 12:58:54 | INFO     | mcu_data.yolox_metrics:80 - DONE (t=0.00s)
2026-08-18 12:58:54 | INFO     | pycocotools.coco:367 - creating index...
2026-08-18 12:58:54 | INFO     | pycocotools.coco:367 - index created!
2026-08-18 12:58:54 | INFO     | mcu_data.yolox_metrics:82 - Running per image evaluation...
2026-08-18 12:58:54 | INFO     | mcu_data.yolox_metrics:82 - Evaluate annotation type *bbox*
2026-08-18 12:58:54 | INFO     | mcu_data.yolox_metrics:82 - DONE (t=0.07s).
2026-08-18 12:58:54 | INFO     | mcu_data.yolox_metrics:83 - Accumulating evaluation results...
2026-08-18 12:58:54 | INFO     | mcu_data.yolox_metrics:83 - DONE (t=0.01s).
2026-08-18 12:58:54 | INFO     | yolox.core.trainer:381 - 
Average forward time: 4.98 ms, Average NMS time: 0.89 ms, Average inference time: 5.87 ms
 Average Precision  (AP) @[ IoU=0.50:0.95 | area=   all | maxDets=100 ] = 0.794
 Average Precision  (AP) @[ IoU=0.50      | area=   all | maxDets=100 ] = 1.000
 Average Precision  (AP) @[ IoU=0.75      | area=   all | maxDets=100 ] = 1.000
 Average Precision  (AP) @[ IoU=0.50:0.95 | area= small | maxDets=100 ] = -1.000
 Average Precision  (AP) @[ IoU=0.50:0.95 | area=medium | maxDets=100 ] = -1.000
 Average Precision  (AP) @[ IoU=0.50:0.95 | area= large | maxDets=100 ] = 0.794
 Average Recall     (AR) @[ IoU=0.50:0.95 | area=   all | maxDets=  1 ] = 0.816
 Average Recall     (AR) @[ IoU=0.50:0.95 | area=   all | maxDets= 10 ] = 0.816
 Average Recall     (AR) @[ IoU=0.50:0.95 | area=   all | maxDets=100 ] = 0.816
 Average Recall     (AR) @[ IoU=0.50:0.95 | area= small | maxDets=100 ] = -1.000
 Average Recall     (AR) @[ IoU=0.50:0.95 | area=medium | maxDets=100 ] = -1.000
 Average Recall     (AR) @[ IoU=0.50:0.95 | area= large | maxDets=100 ] = 0.816
per class AP:
| class            | AP     |
|:-----------------|:-------|
| raspberry_pi_sbc | 79.394 |
per class AR:
| class            | AR     |
|:-----------------|:-------|
| raspberry_pi_sbc | 81.590 |

2026-08-18 12:58:54 | INFO     | yolox.core.trainer:402 - Save weights to <PROJECT_ROOT>\runs\benchmarks\micropcb_rpi_phash_component_bootstrap_v2_full_e100_b8_i640_w0_s42-43-44_p02facd21ef_dbea2fbaddc_cb773706267\yolox_s_seed43
[EPOCH 043/100] loss=1.34343 iou=0.70334 conf=0.39384 cls=0.24624 | AP50=1.00000 AP50-95=0.79394 AP75=1.00000 AR100=0.81590 | LR=0.00075455 VRAM_peak=1717.2 MiB
EPOCH_METRICS_JSON {"epoch": 43, "elapsed_s": 10106.524719599984, "epoch_seconds": 229.47084790002555, "iterations": 188, "train_total_loss": 1.3434255002660955, "train_iou_loss": 0.703339804360207, "train_conf_loss": 0.3938449658057157, "train_cls_loss": 0.2462407282375275, "train_l1_loss": 0.0, "num_fg_mean": 8.432511037943232, "map50_95": 0.7939438156177756, "map50": 1.0, "ap75": 1.0, "ar100": 0.815897435897436, "lr": 0.0007545476139843271, "lr_mean": 0.0007652876989191997, "gpu_peak_allocated_mib": 1717.24755859375, "gpu_peak_reserved_mib": 2234.0, "best_map50_95": 0.8574098026800376}
2026-08-18 12:58:55 | INFO     | yolox.core.trainer:218 - ---> start train epoch44
2026-08-18 12:59:07 | INFO     | yolox.core.trainer:270 - epoch: 44/100, iter: 10/188, gpu mem: 1717Mb, mem: 12.6Gb, iter_time: 1.192s, data_time: 1.055s, total_loss: 1.2, iou_loss: 0.7, l1_loss: 0.0, conf_loss: 0.3, cls_loss: 0.2, lr: 7.534e-04, size: 640, ETA: 3:34:06
2026-08-18 12:59:18 | INFO     | yolox.core.trainer:270 - epoch: 44/100, iter: 20/188, gpu mem: 1717Mb, mem: 12.7Gb, iter_time: 1.125s, data_time: 0.985s, total_loss: 1.0, iou_loss: 0.6, l1_loss: 0.0, conf_loss: 0.3, cls_loss: 0.2, lr: 7.522e-04, size: 640, ETA: 3:33:53
2026-08-18 12:59:30 | INFO     | yolox.core.trainer:270 - epoch: 44/100, iter: 30/188, gpu mem: 1717Mb, mem: 12.6Gb, iter_time: 1.212s, data_time: 1.073s, total_loss: 1.8, iou_loss: 1.0, l1_loss: 0.0, conf_loss: 0.4, cls_loss: 0.3, lr: 7.511e-04, size: 640, ETA: 3:33:41
2026-08-18 12:59:43 | INFO     | yolox.core.trainer:270 - epoch: 44/100, iter: 40/188, gpu mem: 1717Mb, mem: 12.6Gb, iter_time: 1.230s, data_time: 1.091s, total_loss: 1.4, iou_loss: 0.7, l1_loss: 0.0, conf_loss: 0.4, cls_loss: 0.3, lr: 7.499e-04, size: 640, ETA: 3:33:29
2026-08-18 12:59:55 | INFO     | yolox.core.trainer:270 - epoch: 44/100, iter: 50/188, gpu mem: 1717Mb, mem: 12.6Gb, iter_time: 1.250s, data_time: 1.112s, total_loss: 1.4, iou_loss: 0.6, l1_loss: 0.0, conf_loss: 0.5, cls_loss: 0.2, lr: 7.488e-04, size: 640, ETA: 3:33:18
2026-08-18 13:00:08 | INFO     | yolox.core.trainer:270 - epoch: 44/100, iter: 60/188, gpu mem: 1717Mb, mem: 12.6Gb, iter_time: 1.224s, data_time: 1.085s, total_loss: 1.3, iou_loss: 0.7, l1_loss: 0.0, conf_loss: 0.3, cls_loss: 0.2, lr: 7.476e-04, size: 640, ETA: 3:33:06
2026-08-18 13:00:20 | INFO     | yolox.core.trainer:270 - epoch: 44/100, iter: 70/188, gpu mem: 1717Mb, mem: 12.6Gb, iter_time: 1.244s, data_time: 1.108s, total_loss: 0.9, iou_loss: 0.5, l1_loss: 0.0, conf_loss: 0.2, cls_loss: 0.2, lr: 7.465e-04, size: 640, ETA: 3:32:55
2026-08-18 13:00:31 | INFO     | yolox.core.trainer:270 - epoch: 44/100, iter: 80/188, gpu mem: 1717Mb, mem: 12.6Gb, iter_time: 1.141s, data_time: 1.001s, total_loss: 1.6, iou_loss: 0.8, l1_loss: 0.0, conf_loss: 0.6, cls_loss: 0.2, lr: 7.453e-04, size: 640, ETA: 3:32:42
2026-08-18 13:00:43 | INFO     | yolox.core.trainer:270 - epoch: 44/100, iter: 90/188, gpu mem: 1717Mb, mem: 12.6Gb, iter_time: 1.177s, data_time: 1.040s, total_loss: 1.5, iou_loss: 0.7, l1_loss: 0.0, conf_loss: 0.6, cls_loss: 0.2, lr: 7.442e-04, size: 640, ETA: 3:32:30
2026-08-18 13:00:55 | INFO     | yolox.core.trainer:270 - epoch: 44/100, iter: 100/188, gpu mem: 1717Mb, mem: 12.6Gb, iter_time: 1.198s, data_time: 1.059s, total_loss: 1.1, iou_loss: 0.5, l1_loss: 0.0, conf_loss: 0.3, cls_loss: 0.2, lr: 7.430e-04, size: 640, ETA: 3:32:18
2026-08-18 13:01:08 | INFO     | yolox.core.trainer:270 - epoch: 44/100, iter: 110/188, gpu mem: 1717Mb, mem: 12.4Gb, iter_time: 1.238s, data_time: 1.098s, total_loss: 1.0, iou_loss: 0.5, l1_loss: 0.0, conf_loss: 0.2, cls_loss: 0.2, lr: 7.419e-04, size: 640, ETA: 3:32:06
2026-08-18 13:01:19 | INFO     | yolox.core.trainer:270 - epoch: 44/100, iter: 120/188, gpu mem: 1717Mb, mem: 12.4Gb, iter_time: 1.104s, data_time: 0.965s, total_loss: 1.4, iou_loss: 0.8, l1_loss: 0.0, conf_loss: 0.4, cls_loss: 0.3, lr: 7.407e-04, size: 640, ETA: 3:31:53
2026-08-18 13:01:30 | INFO     | yolox.core.trainer:270 - epoch: 44/100, iter: 130/188, gpu mem: 1717Mb, mem: 12.6Gb, iter_time: 1.147s, data_time: 1.003s, total_loss: 1.0, iou_loss: 0.6, l1_loss: 0.0, conf_loss: 0.2, cls_loss: 0.2, lr: 7.396e-04, size: 640, ETA: 3:31:40
2026-08-18 13:01:42 | INFO     | yolox.core.trainer:270 - epoch: 44/100, iter: 140/188, gpu mem: 1717Mb, mem: 12.6Gb, iter_time: 1.218s, data_time: 1.077s, total_loss: 1.6, iou_loss: 0.8, l1_loss: 0.0, conf_loss: 0.5, cls_loss: 0.3, lr: 7.384e-04, size: 640, ETA: 3:31:29
2026-08-18 13:01:54 | INFO     | yolox.core.trainer:270 - epoch: 44/100, iter: 150/188, gpu mem: 1717Mb, mem: 12.6Gb, iter_time: 1.196s, data_time: 1.058s, total_loss: 1.3, iou_loss: 0.7, l1_loss: 0.0, conf_loss: 0.4, cls_loss: 0.2, lr: 7.372e-04, size: 640, ETA: 3:31:16
2026-08-18 13:02:06 | INFO     | yolox.core.trainer:270 - epoch: 44/100, iter: 160/188, gpu mem: 1717Mb, mem: 12.5Gb, iter_time: 1.126s, data_time: 0.987s, total_loss: 1.5, iou_loss: 0.9, l1_loss: 0.0, conf_loss: 0.3, cls_loss: 0.3, lr: 7.361e-04, size: 640, ETA: 3:31:04
2026-08-18 13:02:18 | INFO     | yolox.core.trainer:270 - epoch: 44/100, iter: 170/188, gpu mem: 1717Mb, mem: 12.5Gb, iter_time: 1.203s, data_time: 1.064s, total_loss: 0.9, iou_loss: 0.5, l1_loss: 0.0, conf_loss: 0.2, cls_loss: 0.2, lr: 7.349e-04, size: 640, ETA: 3:30:52
2026-08-18 13:02:28 | INFO     | yolox.core.trainer:270 - epoch: 44/100, iter: 180/188, gpu mem: 1717Mb, mem: 12.5Gb, iter_time: 1.056s, data_time: 0.913s, total_loss: 1.4, iou_loss: 0.7, l1_loss: 0.0, conf_loss: 0.4, cls_loss: 0.2, lr: 7.338e-04, size: 640, ETA: 3:30:38
2026-08-18 13:02:35 | INFO     | yolox.core.trainer:402 - Save weights to <PROJECT_ROOT>\runs\benchmarks\micropcb_rpi_phash_component_bootstrap_v2_full_e100_b8_i640_w0_s42-43-44_p02facd21ef_dbea2fbaddc_cb773706267\yolox_s_seed43

  0%|          | 0/25 [00:00<?, ?it/s]
  4%|4         | 1/25 [00:00<00:06,  3.99it/s]
  8%|8         | 2/25 [00:00<00:06,  3.76it/s]
 12%|#2        | 3/25 [00:00<00:05,  3.70it/s]
 16%|#6        | 4/25 [00:01<00:06,  3.33it/s]
 20%|##        | 5/25 [00:01<00:06,  3.00it/s]
 24%|##4       | 6/25 [00:01<00:06,  2.85it/s]
 28%|##8       | 7/25 [00:02<00:06,  2.79it/s]
 32%|###2      | 8/25 [00:02<00:05,  2.85it/s]
 36%|###6      | 9/25 [00:02<00:05,  2.97it/s]
 40%|####      | 10/25 [00:03<00:05,  2.94it/s]
 44%|####4     | 11/25 [00:03<00:04,  3.01it/s]
 48%|####8     | 12/25 [00:03<00:04,  3.05it/s]
 52%|#####2    | 13/25 [00:04<00:03,  3.01it/s]
 56%|#####6    | 14/25 [00:04<00:03,  3.05it/s]
 60%|######    | 15/25 [00:04<00:03,  2.96it/s]
 64%|######4   | 16/25 [00:05<00:03,  2.86it/s]
 68%|######8   | 17/25 [00:05<00:02,  3.02it/s]
 72%|#######2  | 18/25 [00:05<00:02,  3.31it/s]
 76%|#######6  | 19/25 [00:06<00:01,  3.53it/s]
 80%|########  | 20/25 [00:06<00:01,  3.81it/s]
 84%|########4 | 21/25 [00:06<00:01,  3.95it/s]
 88%|########8 | 22/25 [00:06<00:00,  4.00it/s]
 92%|#########2| 23/25 [00:07<00:00,  3.74it/s]
 96%|#########6| 24/25 [00:07<00:00,  3.43it/s]
100%|##########| 25/25 [00:07<00:00,  4.23it/s]
100%|##########| 25/25 [00:07<00:00,  3.32it/s]
2026-08-18 13:02:43 | INFO     | mcu_data.yolox_metrics:78 - Evaluate with standard pycocotools COCOeval (no C++ JIT build).
2026-08-18 13:02:43 | INFO     | mcu_data.yolox_metrics:80 - Loading and preparing results...
2026-08-18 13:02:43 | INFO     | mcu_data.yolox_metrics:80 - DONE (t=0.00s)
2026-08-18 13:02:43 | INFO     | pycocotools.coco:367 - creating index...
2026-08-18 13:02:43 | INFO     | pycocotools.coco:367 - index created!
2026-08-18 13:02:43 | INFO     | mcu_data.yolox_metrics:82 - Running per image evaluation...
2026-08-18 13:02:43 | INFO     | mcu_data.yolox_metrics:82 - Evaluate annotation type *bbox*
2026-08-18 13:02:43 | INFO     | mcu_data.yolox_metrics:82 - DONE (t=0.05s).
2026-08-18 13:02:43 | INFO     | mcu_data.yolox_metrics:83 - Accumulating evaluation results...
2026-08-18 13:02:43 | INFO     | mcu_data.yolox_metrics:83 - DONE (t=0.01s).
2026-08-18 13:02:43 | INFO     | yolox.core.trainer:381 - 
Average forward time: 5.24 ms, Average NMS time: 0.85 ms, Average inference time: 6.09 ms
 Average Precision  (AP) @[ IoU=0.50:0.95 | area=   all | maxDets=100 ] = 0.822
 Average Precision  (AP) @[ IoU=0.50      | area=   all | maxDets=100 ] = 1.000
 Average Precision  (AP) @[ IoU=0.75      | area=   all | maxDets=100 ] = 1.000
 Average Precision  (AP) @[ IoU=0.50:0.95 | area= small | maxDets=100 ] = -1.000
 Average Precision  (AP) @[ IoU=0.50:0.95 | area=medium | maxDets=100 ] = -1.000
 Average Precision  (AP) @[ IoU=0.50:0.95 | area= large | maxDets=100 ] = 0.822
 Average Recall     (AR) @[ IoU=0.50:0.95 | area=   all | maxDets=  1 ] = 0.844
 Average Recall     (AR) @[ IoU=0.50:0.95 | area=   all | maxDets= 10 ] = 0.844
 Average Recall     (AR) @[ IoU=0.50:0.95 | area=   all | maxDets=100 ] = 0.844
 Average Recall     (AR) @[ IoU=0.50:0.95 | area= small | maxDets=100 ] = -1.000
 Average Recall     (AR) @[ IoU=0.50:0.95 | area=medium | maxDets=100 ] = -1.000
 Average Recall     (AR) @[ IoU=0.50:0.95 | area= large | maxDets=100 ] = 0.844
per class AP:
| class            | AP     |
|:-----------------|:-------|
| raspberry_pi_sbc | 82.205 |
per class AR:
| class            | AR     |
|:-----------------|:-------|
| raspberry_pi_sbc | 84.410 |

2026-08-18 13:02:43 | INFO     | yolox.core.trainer:402 - Save weights to <PROJECT_ROOT>\runs\benchmarks\micropcb_rpi_phash_component_bootstrap_v2_full_e100_b8_i640_w0_s42-43-44_p02facd21ef_dbea2fbaddc_cb773706267\yolox_s_seed43
[EPOCH 044/100] loss=1.31246 iou=0.69093 conf=0.37617 cls=0.24535 | AP50=1.00000 AP50-95=0.82205 AP75=1.00000 AR100=0.84410 | LR=0.00073284 VRAM_peak=1717.2 MiB
EPOCH_METRICS_JSON {"epoch": 44, "elapsed_s": 10335.276953099994, "epoch_seconds": 227.84399849991314, "iterations": 188, "train_total_loss": 1.3124576635817264, "train_iou_loss": 0.6909317661156046, "train_conf_loss": 0.3761732448288735, "train_cls_loss": 0.24535265453952423, "train_l1_loss": 0.0, "num_fg_mean": 8.493068640701766, "map50_95": 0.8220480368079977, "map50": 1.0, "ap75": 1.0, "ar100": 0.8441025641025641, "lr": 0.0007328432848148082, "lr_mean": 0.0007436476806617659, "gpu_peak_allocated_mib": 1717.24755859375, "gpu_peak_reserved_mib": 2234.0, "best_map50_95": 0.8574098026800376}
2026-08-18 13:02:43 | INFO     | yolox.core.trainer:218 - ---> start train epoch45
2026-08-18 13:02:54 | INFO     | yolox.core.trainer:270 - epoch: 45/100, iter: 10/188, gpu mem: 1717Mb, mem: 13.0Gb, iter_time: 1.101s, data_time: 0.958s, total_loss: 1.4, iou_loss: 0.8, l1_loss: 0.0, conf_loss: 0.4, cls_loss: 0.3, lr: 7.317e-04, size: 640, ETA: 3:30:12
2026-08-18 13:03:06 | INFO     | yolox.core.trainer:270 - epoch: 45/100, iter: 20/188, gpu mem: 1717Mb, mem: 12.8Gb, iter_time: 1.145s, data_time: 1.006s, total_loss: 1.1, iou_loss: 0.6, l1_loss: 0.0, conf_loss: 0.3, cls_loss: 0.2, lr: 7.305e-04, size: 640, ETA: 3:29:59
2026-08-18 13:03:17 | INFO     | yolox.core.trainer:270 - epoch: 45/100, iter: 30/188, gpu mem: 1717Mb, mem: 12.7Gb, iter_time: 1.125s, data_time: 0.986s, total_loss: 2.0, iou_loss: 1.1, l1_loss: 0.0, conf_loss: 0.6, cls_loss: 0.3, lr: 7.294e-04, size: 640, ETA: 3:29:46
2026-08-18 13:03:29 | INFO     | yolox.core.trainer:270 - epoch: 45/100, iter: 40/188, gpu mem: 1717Mb, mem: 12.7Gb, iter_time: 1.147s, data_time: 1.007s, total_loss: 1.6, iou_loss: 0.8, l1_loss: 0.0, conf_loss: 0.5, cls_loss: 0.3, lr: 7.282e-04, size: 640, ETA: 3:29:33
2026-08-18 13:03:40 | INFO     | yolox.core.trainer:270 - epoch: 45/100, iter: 50/188, gpu mem: 1717Mb, mem: 12.7Gb, iter_time: 1.168s, data_time: 1.029s, total_loss: 1.3, iou_loss: 0.7, l1_loss: 0.0, conf_loss: 0.4, cls_loss: 0.2, lr: 7.271e-04, size: 640, ETA: 3:29:21
2026-08-18 13:03:52 | INFO     | yolox.core.trainer:270 - epoch: 45/100, iter: 60/188, gpu mem: 1717Mb, mem: 12.7Gb, iter_time: 1.211s, data_time: 1.069s, total_loss: 1.3, iou_loss: 0.6, l1_loss: 0.0, conf_loss: 0.4, cls_loss: 0.2, lr: 7.259e-04, size: 640, ETA: 3:29:09
2026-08-18 13:04:04 | INFO     | yolox.core.trainer:270 - epoch: 45/100, iter: 70/188, gpu mem: 1717Mb, mem: 12.7Gb, iter_time: 1.152s, data_time: 1.013s, total_loss: 1.2, iou_loss: 0.6, l1_loss: 0.0, conf_loss: 0.3, cls_loss: 0.2, lr: 7.247e-04, size: 640, ETA: 3:28:57
2026-08-18 13:04:16 | INFO     | yolox.core.trainer:270 - epoch: 45/100, iter: 80/188, gpu mem: 1717Mb, mem: 12.7Gb, iter_time: 1.231s, data_time: 1.090s, total_loss: 1.0, iou_loss: 0.6, l1_loss: 0.0, conf_loss: 0.2, cls_loss: 0.2, lr: 7.236e-04, size: 640, ETA: 3:28:45
2026-08-18 13:04:28 | INFO     | yolox.core.trainer:270 - epoch: 45/100, iter: 90/188, gpu mem: 1717Mb, mem: 12.7Gb, iter_time: 1.210s, data_time: 1.070s, total_loss: 1.5, iou_loss: 0.8, l1_loss: 0.0, conf_loss: 0.5, cls_loss: 0.2, lr: 7.224e-04, size: 640, ETA: 3:28:33
2026-08-18 13:04:40 | INFO     | yolox.core.trainer:270 - epoch: 45/100, iter: 100/188, gpu mem: 1717Mb, mem: 12.8Gb, iter_time: 1.200s, data_time: 1.058s, total_loss: 1.0, iou_loss: 0.5, l1_loss: 0.0, conf_loss: 0.4, cls_loss: 0.2, lr: 7.213e-04, size: 640, ETA: 3:28:21
2026-08-18 13:04:52 | INFO     | yolox.core.trainer:270 - epoch: 45/100, iter: 110/188, gpu mem: 1717Mb, mem: 12.8Gb, iter_time: 1.131s, data_time: 0.988s, total_loss: 0.9, iou_loss: 0.4, l1_loss: 0.0, conf_loss: 0.3, cls_loss: 0.2, lr: 7.201e-04, size: 640, ETA: 3:28:08
2026-08-18 13:05:04 | INFO     | yolox.core.trainer:270 - epoch: 45/100, iter: 120/188, gpu mem: 1717Mb, mem: 12.8Gb, iter_time: 1.223s, data_time: 1.084s, total_loss: 1.5, iou_loss: 0.8, l1_loss: 0.0, conf_loss: 0.5, cls_loss: 0.3, lr: 7.189e-04, size: 640, ETA: 3:27:57
2026-08-18 13:05:16 | INFO     | yolox.core.trainer:270 - epoch: 45/100, iter: 130/188, gpu mem: 1717Mb, mem: 12.8Gb, iter_time: 1.214s, data_time: 1.075s, total_loss: 1.1, iou_loss: 0.6, l1_loss: 0.0, conf_loss: 0.3, cls_loss: 0.2, lr: 7.178e-04, size: 640, ETA: 3:27:45
2026-08-18 13:05:27 | INFO     | yolox.core.trainer:270 - epoch: 45/100, iter: 140/188, gpu mem: 1717Mb, mem: 12.8Gb, iter_time: 1.114s, data_time: 0.976s, total_loss: 1.3, iou_loss: 0.7, l1_loss: 0.0, conf_loss: 0.4, cls_loss: 0.2, lr: 7.166e-04, size: 640, ETA: 3:27:32
2026-08-18 13:05:39 | INFO     | yolox.core.trainer:270 - epoch: 45/100, iter: 150/188, gpu mem: 1717Mb, mem: 12.8Gb, iter_time: 1.166s, data_time: 1.024s, total_loss: 1.7, iou_loss: 0.9, l1_loss: 0.0, conf_loss: 0.5, cls_loss: 0.3, lr: 7.154e-04, size: 640, ETA: 3:27:19
2026-08-18 13:05:51 | INFO     | yolox.core.trainer:270 - epoch: 45/100, iter: 160/188, gpu mem: 1717Mb, mem: 12.7Gb, iter_time: 1.193s, data_time: 1.055s, total_loss: 1.4, iou_loss: 0.6, l1_loss: 0.0, conf_loss: 0.5, cls_loss: 0.2, lr: 7.143e-04, size: 640, ETA: 3:27:07
2026-08-18 13:06:04 | INFO     | yolox.core.trainer:270 - epoch: 45/100, iter: 170/188, gpu mem: 1717Mb, mem: 13.1Gb, iter_time: 1.312s, data_time: 1.170s, total_loss: 1.3, iou_loss: 0.6, l1_loss: 0.0, conf_loss: 0.4, cls_loss: 0.2, lr: 7.131e-04, size: 640, ETA: 3:26:57
2026-08-18 13:06:17 | INFO     | yolox.core.trainer:270 - epoch: 45/100, iter: 180/188, gpu mem: 1717Mb, mem: 13.0Gb, iter_time: 1.325s, data_time: 1.184s, total_loss: 1.0, iou_loss: 0.4, l1_loss: 0.0, conf_loss: 0.4, cls_loss: 0.2, lr: 7.120e-04, size: 640, ETA: 3:26:46
2026-08-18 13:06:28 | INFO     | yolox.core.trainer:402 - Save weights to <PROJECT_ROOT>\runs\benchmarks\micropcb_rpi_phash_component_bootstrap_v2_full_e100_b8_i640_w0_s42-43-44_p02facd21ef_dbea2fbaddc_cb773706267\yolox_s_seed43

  0%|          | 0/25 [00:00<?, ?it/s]
  4%|4         | 1/25 [00:00<00:07,  3.20it/s]
  8%|8         | 2/25 [00:00<00:07,  3.12it/s]
 12%|#2        | 3/25 [00:00<00:07,  3.12it/s]
 16%|#6        | 4/25 [00:01<00:06,  3.07it/s]
 20%|##        | 5/25 [00:01<00:06,  2.92it/s]
 24%|##4       | 6/25 [00:02<00:06,  2.91it/s]
 28%|##8       | 7/25 [00:02<00:06,  2.99it/s]
 32%|###2      | 8/25 [00:02<00:05,  3.09it/s]
 36%|###6      | 9/25 [00:02<00:05,  3.17it/s]
 40%|####      | 10/25 [00:03<00:04,  3.14it/s]
 44%|####4     | 11/25 [00:03<00:04,  3.21it/s]
 48%|####8     | 12/25 [00:03<00:04,  3.16it/s]
 52%|#####2    | 13/25 [00:04<00:03,  3.02it/s]
 56%|#####6    | 14/25 [00:04<00:03,  3.06it/s]
 60%|######    | 15/25 [00:04<00:03,  2.94it/s]
 64%|######4   | 16/25 [00:05<00:03,  2.82it/s]
 68%|######8   | 17/25 [00:05<00:02,  2.96it/s]
 72%|#######2  | 18/25 [00:05<00:02,  3.14it/s]
 76%|#######6  | 19/25 [00:06<00:01,  3.30it/s]
 80%|########  | 20/25 [00:06<00:01,  3.38it/s]
 84%|########4 | 21/25 [00:06<00:01,  3.54it/s]
 88%|########8 | 22/25 [00:06<00:00,  3.58it/s]
 92%|#########2| 23/25 [00:07<00:00,  3.37it/s]
 96%|#########6| 24/25 [00:07<00:00,  3.11it/s]
100%|##########| 25/25 [00:07<00:00,  3.82it/s]
100%|##########| 25/25 [00:07<00:00,  3.21it/s]
2026-08-18 13:06:36 | INFO     | mcu_data.yolox_metrics:78 - Evaluate with standard pycocotools COCOeval (no C++ JIT build).
2026-08-18 13:06:36 | INFO     | mcu_data.yolox_metrics:80 - Loading and preparing results...
2026-08-18 13:06:36 | INFO     | mcu_data.yolox_metrics:80 - DONE (t=0.00s)
2026-08-18 13:06:36 | INFO     | pycocotools.coco:367 - creating index...
2026-08-18 13:06:36 | INFO     | pycocotools.coco:367 - index created!
2026-08-18 13:06:36 | INFO     | mcu_data.yolox_metrics:82 - Running per image evaluation...
2026-08-18 13:06:36 | INFO     | mcu_data.yolox_metrics:82 - Evaluate annotation type *bbox*
2026-08-18 13:06:36 | INFO     | mcu_data.yolox_metrics:82 - DONE (t=0.25s).
2026-08-18 13:06:36 | INFO     | mcu_data.yolox_metrics:83 - Accumulating evaluation results...
2026-08-18 13:06:36 | INFO     | mcu_data.yolox_metrics:83 - DONE (t=0.02s).
2026-08-18 13:06:36 | INFO     | yolox.core.trainer:381 - 
Average forward time: 5.08 ms, Average NMS time: 0.95 ms, Average inference time: 6.03 ms
 Average Precision  (AP) @[ IoU=0.50:0.95 | area=   all | maxDets=100 ] = 0.782
 Average Precision  (AP) @[ IoU=0.50      | area=   all | maxDets=100 ] = 1.000
 Average Precision  (AP) @[ IoU=0.75      | area=   all | maxDets=100 ] = 1.000
 Average Precision  (AP) @[ IoU=0.50:0.95 | area= small | maxDets=100 ] = -1.000
 Average Precision  (AP) @[ IoU=0.50:0.95 | area=medium | maxDets=100 ] = -1.000
 Average Precision  (AP) @[ IoU=0.50:0.95 | area= large | maxDets=100 ] = 0.782
 Average Recall     (AR) @[ IoU=0.50:0.95 | area=   all | maxDets=  1 ] = 0.807
 Average Recall     (AR) @[ IoU=0.50:0.95 | area=   all | maxDets= 10 ] = 0.807
 Average Recall     (AR) @[ IoU=0.50:0.95 | area=   all | maxDets=100 ] = 0.807
 Average Recall     (AR) @[ IoU=0.50:0.95 | area= small | maxDets=100 ] = -1.000
 Average Recall     (AR) @[ IoU=0.50:0.95 | area=medium | maxDets=100 ] = -1.000
 Average Recall     (AR) @[ IoU=0.50:0.95 | area= large | maxDets=100 ] = 0.807
per class AP:
| class            | AP     |
|:-----------------|:-------|
| raspberry_pi_sbc | 78.185 |
per class AR:
| class            | AR     |
|:-----------------|:-------|
| raspberry_pi_sbc | 80.718 |

2026-08-18 13:06:36 | INFO     | yolox.core.trainer:402 - Save weights to <PROJECT_ROOT>\runs\benchmarks\micropcb_rpi_phash_component_bootstrap_v2_full_e100_b8_i640_w0_s42-43-44_p02facd21ef_dbea2fbaddc_cb773706267\yolox_s_seed43
[EPOCH 045/100] loss=1.31795 iou=0.68696 conf=0.38753 cls=0.24345 | AP50=1.00000 AP50-95=0.78185 AP75=1.00000 AR100=0.80718 | LR=0.00071103 VRAM_peak=1717.2 MiB
EPOCH_METRICS_JSON {"epoch": 45, "elapsed_s": 10568.806642599986, "epoch_seconds": 233.02553430001717, "iterations": 188, "train_total_loss": 1.3179456322117056, "train_iou_loss": 0.686961958858561, "train_conf_loss": 0.3875323176542495, "train_cls_loss": 0.2434513601375387, "train_l1_loss": 0.0, "num_fg_mean": 8.52377552641175, "map50_95": 0.7818452239241511, "map50": 1.0, "ap75": 1.0, "ar100": 0.8071794871794872, "lr": 0.0007110343384313356, "lr_mean": 0.0007218882876852688, "gpu_peak_allocated_mib": 1717.24755859375, "gpu_peak_reserved_mib": 2234.0, "best_map50_95": 0.8574098026800376}
2026-08-18 13:06:37 | INFO     | yolox.core.trainer:218 - ---> start train epoch46
2026-08-18 13:06:51 | INFO     | yolox.core.trainer:270 - epoch: 46/100, iter: 10/188, gpu mem: 1717Mb, mem: 13.0Gb, iter_time: 1.354s, data_time: 1.207s, total_loss: 1.2, iou_loss: 0.7, l1_loss: 0.0, conf_loss: 0.3, cls_loss: 0.2, lr: 7.099e-04, size: 640, ETA: 3:26:28
2026-08-18 13:07:04 | INFO     | yolox.core.trainer:270 - epoch: 46/100, iter: 20/188, gpu mem: 1717Mb, mem: 12.9Gb, iter_time: 1.324s, data_time: 1.183s, total_loss: 1.0, iou_loss: 0.6, l1_loss: 0.0, conf_loss: 0.2, cls_loss: 0.2, lr: 7.087e-04, size: 640, ETA: 3:26:18
2026-08-18 13:07:17 | INFO     | yolox.core.trainer:270 - epoch: 46/100, iter: 30/188, gpu mem: 1717Mb, mem: 12.9Gb, iter_time: 1.314s, data_time: 1.172s, total_loss: 1.0, iou_loss: 0.5, l1_loss: 0.0, conf_loss: 0.2, cls_loss: 0.2, lr: 7.075e-04, size: 640, ETA: 3:26:07
2026-08-18 13:07:31 | INFO     | yolox.core.trainer:270 - epoch: 46/100, iter: 40/188, gpu mem: 1717Mb, mem: 12.9Gb, iter_time: 1.326s, data_time: 1.184s, total_loss: 0.9, iou_loss: 0.5, l1_loss: 0.0, conf_loss: 0.2, cls_loss: 0.2, lr: 7.064e-04, size: 640, ETA: 3:25:57
2026-08-18 13:07:44 | INFO     | yolox.core.trainer:270 - epoch: 46/100, iter: 50/188, gpu mem: 1717Mb, mem: 12.8Gb, iter_time: 1.301s, data_time: 1.155s, total_loss: 1.5, iou_loss: 0.7, l1_loss: 0.0, conf_loss: 0.6, cls_loss: 0.2, lr: 7.052e-04, size: 640, ETA: 3:25:46
2026-08-18 13:07:57 | INFO     | yolox.core.trainer:270 - epoch: 46/100, iter: 60/188, gpu mem: 1717Mb, mem: 12.9Gb, iter_time: 1.318s, data_time: 1.177s, total_loss: 1.5, iou_loss: 0.7, l1_loss: 0.0, conf_loss: 0.6, cls_loss: 0.3, lr: 7.041e-04, size: 640, ETA: 3:25:35
2026-08-18 13:08:10 | INFO     | yolox.core.trainer:270 - epoch: 46/100, iter: 70/188, gpu mem: 1717Mb, mem: 12.8Gb, iter_time: 1.274s, data_time: 1.136s, total_loss: 1.1, iou_loss: 0.6, l1_loss: 0.0, conf_loss: 0.3, cls_loss: 0.2, lr: 7.029e-04, size: 640, ETA: 3:25:24
2026-08-18 13:08:24 | INFO     | yolox.core.trainer:270 - epoch: 46/100, iter: 80/188, gpu mem: 1717Mb, mem: 12.8Gb, iter_time: 1.460s, data_time: 1.320s, total_loss: 1.0, iou_loss: 0.6, l1_loss: 0.0, conf_loss: 0.2, cls_loss: 0.2, lr: 7.017e-04, size: 640, ETA: 3:25:15
2026-08-18 13:08:37 | INFO     | yolox.core.trainer:270 - epoch: 46/100, iter: 90/188, gpu mem: 1717Mb, mem: 12.7Gb, iter_time: 1.276s, data_time: 1.135s, total_loss: 1.2, iou_loss: 0.6, l1_loss: 0.0, conf_loss: 0.3, cls_loss: 0.2, lr: 7.006e-04, size: 640, ETA: 3:25:04
2026-08-18 13:08:48 | INFO     | yolox.core.trainer:270 - epoch: 46/100, iter: 100/188, gpu mem: 1717Mb, mem: 12.7Gb, iter_time: 1.144s, data_time: 1.003s, total_loss: 1.2, iou_loss: 0.6, l1_loss: 0.0, conf_loss: 0.3, cls_loss: 0.2, lr: 6.994e-04, size: 640, ETA: 3:24:51
2026-08-18 13:09:00 | INFO     | yolox.core.trainer:270 - epoch: 46/100, iter: 110/188, gpu mem: 1717Mb, mem: 12.7Gb, iter_time: 1.177s, data_time: 1.040s, total_loss: 1.3, iou_loss: 0.6, l1_loss: 0.0, conf_loss: 0.5, cls_loss: 0.2, lr: 6.982e-04, size: 640, ETA: 3:24:39
2026-08-18 13:09:12 | INFO     | yolox.core.trainer:270 - epoch: 46/100, iter: 120/188, gpu mem: 1717Mb, mem: 12.7Gb, iter_time: 1.170s, data_time: 1.032s, total_loss: 0.9, iou_loss: 0.5, l1_loss: 0.0, conf_loss: 0.2, cls_loss: 0.2, lr: 6.971e-04, size: 640, ETA: 3:24:27
2026-08-18 13:09:23 | INFO     | yolox.core.trainer:270 - epoch: 46/100, iter: 130/188, gpu mem: 1717Mb, mem: 12.8Gb, iter_time: 1.157s, data_time: 1.019s, total_loss: 0.8, iou_loss: 0.5, l1_loss: 0.0, conf_loss: 0.2, cls_loss: 0.2, lr: 6.959e-04, size: 640, ETA: 3:24:14
2026-08-18 13:09:35 | INFO     | yolox.core.trainer:270 - epoch: 46/100, iter: 140/188, gpu mem: 1717Mb, mem: 12.8Gb, iter_time: 1.178s, data_time: 1.039s, total_loss: 1.0, iou_loss: 0.6, l1_loss: 0.0, conf_loss: 0.3, cls_loss: 0.2, lr: 6.947e-04, size: 640, ETA: 3:24:02
2026-08-18 13:09:47 | INFO     | yolox.core.trainer:270 - epoch: 46/100, iter: 150/188, gpu mem: 1717Mb, mem: 12.8Gb, iter_time: 1.194s, data_time: 1.057s, total_loss: 0.9, iou_loss: 0.5, l1_loss: 0.0, conf_loss: 0.2, cls_loss: 0.2, lr: 6.936e-04, size: 640, ETA: 3:23:50
2026-08-18 13:09:58 | INFO     | yolox.core.trainer:270 - epoch: 46/100, iter: 160/188, gpu mem: 1717Mb, mem: 12.7Gb, iter_time: 1.130s, data_time: 0.994s, total_loss: 1.2, iou_loss: 0.6, l1_loss: 0.0, conf_loss: 0.3, cls_loss: 0.2, lr: 6.924e-04, size: 640, ETA: 3:23:37
2026-08-18 13:10:10 | INFO     | yolox.core.trainer:270 - epoch: 46/100, iter: 170/188, gpu mem: 1717Mb, mem: 12.7Gb, iter_time: 1.193s, data_time: 1.052s, total_loss: 1.0, iou_loss: 0.6, l1_loss: 0.0, conf_loss: 0.2, cls_loss: 0.2, lr: 6.912e-04, size: 640, ETA: 3:23:25
2026-08-18 13:10:22 | INFO     | yolox.core.trainer:270 - epoch: 46/100, iter: 180/188, gpu mem: 1717Mb, mem: 12.7Gb, iter_time: 1.188s, data_time: 1.048s, total_loss: 1.1, iou_loss: 0.7, l1_loss: 0.0, conf_loss: 0.2, cls_loss: 0.2, lr: 6.901e-04, size: 640, ETA: 3:23:13
2026-08-18 13:10:32 | INFO     | yolox.core.trainer:402 - Save weights to <PROJECT_ROOT>\runs\benchmarks\micropcb_rpi_phash_component_bootstrap_v2_full_e100_b8_i640_w0_s42-43-44_p02facd21ef_dbea2fbaddc_cb773706267\yolox_s_seed43

  0%|          | 0/25 [00:00<?, ?it/s]
  4%|4         | 1/25 [00:00<00:07,  3.20it/s]
  8%|8         | 2/25 [00:00<00:07,  3.09it/s]
 12%|#2        | 3/25 [00:00<00:06,  3.16it/s]
 16%|#6        | 4/25 [00:01<00:06,  3.01it/s]
 20%|##        | 5/25 [00:01<00:07,  2.79it/s]
 24%|##4       | 6/25 [00:02<00:06,  2.73it/s]
 28%|##8       | 7/25 [00:02<00:06,  2.79it/s]
 32%|###2      | 8/25 [00:02<00:05,  2.87it/s]
 36%|###6      | 9/25 [00:03<00:05,  2.97it/s]
 40%|####      | 10/25 [00:03<00:05,  3.00it/s]
 44%|####4     | 11/25 [00:03<00:04,  3.06it/s]
 48%|####8     | 12/25 [00:04<00:04,  3.05it/s]
 52%|#####2    | 13/25 [00:04<00:04,  2.96it/s]
 56%|#####6    | 14/25 [00:04<00:03,  2.97it/s]
 60%|######    | 15/25 [00:05<00:03,  2.86it/s]
 64%|######4   | 16/25 [00:05<00:03,  2.77it/s]
 68%|######8   | 17/25 [00:05<00:02,  2.92it/s]
 72%|#######2  | 18/25 [00:06<00:02,  3.13it/s]
 76%|#######6  | 19/25 [00:06<00:01,  3.23it/s]
 80%|########  | 20/25 [00:06<00:01,  3.32it/s]
 84%|########4 | 21/25 [00:06<00:01,  3.47it/s]
 88%|########8 | 22/25 [00:07<00:00,  3.52it/s]
 92%|#########2| 23/25 [00:07<00:00,  3.36it/s]
 96%|#########6| 24/25 [00:07<00:00,  3.11it/s]
100%|##########| 25/25 [00:07<00:00,  3.82it/s]
100%|##########| 25/25 [00:07<00:00,  3.13it/s]
2026-08-18 13:10:40 | INFO     | mcu_data.yolox_metrics:78 - Evaluate with standard pycocotools COCOeval (no C++ JIT build).
2026-08-18 13:10:40 | INFO     | mcu_data.yolox_metrics:80 - Loading and preparing results...
2026-08-18 13:10:40 | INFO     | mcu_data.yolox_metrics:80 - DONE (t=0.00s)
2026-08-18 13:10:40 | INFO     | pycocotools.coco:367 - creating index...
2026-08-18 13:10:40 | INFO     | pycocotools.coco:367 - index created!
2026-08-18 13:10:40 | INFO     | mcu_data.yolox_metrics:82 - Running per image evaluation...
2026-08-18 13:10:40 | INFO     | mcu_data.yolox_metrics:82 - Evaluate annotation type *bbox*
2026-08-18 13:10:40 | INFO     | mcu_data.yolox_metrics:82 - DONE (t=0.07s).
2026-08-18 13:10:40 | INFO     | mcu_data.yolox_metrics:83 - Accumulating evaluation results...
2026-08-18 13:10:40 | INFO     | mcu_data.yolox_metrics:83 - DONE (t=0.02s).
2026-08-18 13:10:40 | INFO     | yolox.core.trainer:381 - 
Average forward time: 4.97 ms, Average NMS time: 0.96 ms, Average inference time: 5.92 ms
 Average Precision  (AP) @[ IoU=0.50:0.95 | area=   all | maxDets=100 ] = 0.810
 Average Precision  (AP) @[ IoU=0.50      | area=   all | maxDets=100 ] = 1.000
 Average Precision  (AP) @[ IoU=0.75      | area=   all | maxDets=100 ] = 1.000
 Average Precision  (AP) @[ IoU=0.50:0.95 | area= small | maxDets=100 ] = -1.000
 Average Precision  (AP) @[ IoU=0.50:0.95 | area=medium | maxDets=100 ] = -1.000
 Average Precision  (AP) @[ IoU=0.50:0.95 | area= large | maxDets=100 ] = 0.810
 Average Recall     (AR) @[ IoU=0.50:0.95 | area=   all | maxDets=  1 ] = 0.836
 Average Recall     (AR) @[ IoU=0.50:0.95 | area=   all | maxDets= 10 ] = 0.836
 Average Recall     (AR) @[ IoU=0.50:0.95 | area=   all | maxDets=100 ] = 0.836
 Average Recall     (AR) @[ IoU=0.50:0.95 | area= small | maxDets=100 ] = -1.000
 Average Recall     (AR) @[ IoU=0.50:0.95 | area=medium | maxDets=100 ] = -1.000
 Average Recall     (AR) @[ IoU=0.50:0.95 | area= large | maxDets=100 ] = 0.836
per class AP:
| class            | AP     |
|:-----------------|:-------|
| raspberry_pi_sbc | 81.029 |
per class AR:
| class            | AR     |
|:-----------------|:-------|
| raspberry_pi_sbc | 83.590 |

2026-08-18 13:10:40 | INFO     | yolox.core.trainer:402 - Save weights to <PROJECT_ROOT>\runs\benchmarks\micropcb_rpi_phash_component_bootstrap_v2_full_e100_b8_i640_w0_s42-43-44_p02facd21ef_dbea2fbaddc_cb773706267\yolox_s_seed43
[EPOCH 046/100] loss=1.29704 iou=0.67192 conf=0.38554 cls=0.23957 | AP50=1.00000 AP50-95=0.81029 AP75=1.00000 AR100=0.83590 | LR=0.00068915 VRAM_peak=1717.2 MiB
EPOCH_METRICS_JSON {"epoch": 46, "elapsed_s": 10812.662240199978, "epoch_seconds": 242.98659579991363, "iterations": 188, "train_total_loss": 1.2970365276362033, "train_iou_loss": 0.6719229814219982, "train_conf_loss": 0.38554341797815994, "train_cls_loss": 0.23957012863235272, "train_l1_loss": 0.0, "num_fg_mean": 8.532932049098351, "map50_95": 0.8102850602585515, "map50": 1.0, "ap75": 1.0, "ar100": 0.8358974358974359, "lr": 0.0006891505632313571, "lr_mean": 0.0007000392407031633, "gpu_peak_allocated_mib": 1717.24755859375, "gpu_peak_reserved_mib": 2234.0, "best_map50_95": 0.8574098026800376}
2026-08-18 13:10:41 | INFO     | yolox.core.trainer:218 - ---> start train epoch47
2026-08-18 13:10:53 | INFO     | yolox.core.trainer:270 - epoch: 47/100, iter: 10/188, gpu mem: 1717Mb, mem: 12.8Gb, iter_time: 1.156s, data_time: 1.015s, total_loss: 1.2, iou_loss: 0.7, l1_loss: 0.0, conf_loss: 0.3, cls_loss: 0.2, lr: 6.880e-04, size: 640, ETA: 3:22:51
2026-08-18 13:11:04 | INFO     | yolox.core.trainer:270 - epoch: 47/100, iter: 20/188, gpu mem: 1717Mb, mem: 12.8Gb, iter_time: 1.160s, data_time: 1.021s, total_loss: 1.3, iou_loss: 0.7, l1_loss: 0.0, conf_loss: 0.3, cls_loss: 0.2, lr: 6.868e-04, size: 640, ETA: 3:22:38
2026-08-18 13:11:16 | INFO     | yolox.core.trainer:270 - epoch: 47/100, iter: 30/188, gpu mem: 1717Mb, mem: 12.7Gb, iter_time: 1.219s, data_time: 1.080s, total_loss: 1.2, iou_loss: 0.6, l1_loss: 0.0, conf_loss: 0.4, cls_loss: 0.2, lr: 6.857e-04, size: 640, ETA: 3:22:26
2026-08-18 13:11:28 | INFO     | yolox.core.trainer:270 - epoch: 47/100, iter: 40/188, gpu mem: 1717Mb, mem: 12.7Gb, iter_time: 1.165s, data_time: 1.028s, total_loss: 1.1, iou_loss: 0.6, l1_loss: 0.0, conf_loss: 0.2, cls_loss: 0.2, lr: 6.845e-04, size: 640, ETA: 3:22:14
2026-08-18 13:11:40 | INFO     | yolox.core.trainer:270 - epoch: 47/100, iter: 50/188, gpu mem: 1717Mb, mem: 12.7Gb, iter_time: 1.211s, data_time: 1.073s, total_loss: 1.4, iou_loss: 0.8, l1_loss: 0.0, conf_loss: 0.4, cls_loss: 0.3, lr: 6.833e-04, size: 640, ETA: 3:22:02
2026-08-18 13:11:51 | INFO     | yolox.core.trainer:270 - epoch: 47/100, iter: 60/188, gpu mem: 1717Mb, mem: 12.7Gb, iter_time: 1.102s, data_time: 0.965s, total_loss: 0.8, iou_loss: 0.5, l1_loss: 0.0, conf_loss: 0.2, cls_loss: 0.2, lr: 6.822e-04, size: 640, ETA: 3:21:49
2026-08-18 13:12:03 | INFO     | yolox.core.trainer:270 - epoch: 47/100, iter: 70/188, gpu mem: 1717Mb, mem: 12.7Gb, iter_time: 1.161s, data_time: 1.023s, total_loss: 1.2, iou_loss: 0.7, l1_loss: 0.0, conf_loss: 0.3, cls_loss: 0.2, lr: 6.810e-04, size: 640, ETA: 3:21:37
2026-08-18 13:12:15 | INFO     | yolox.core.trainer:270 - epoch: 47/100, iter: 80/188, gpu mem: 1717Mb, mem: 12.7Gb, iter_time: 1.250s, data_time: 1.111s, total_loss: 1.2, iou_loss: 0.7, l1_loss: 0.0, conf_loss: 0.3, cls_loss: 0.3, lr: 6.798e-04, size: 640, ETA: 3:21:25
2026-08-18 13:12:27 | INFO     | yolox.core.trainer:270 - epoch: 47/100, iter: 90/188, gpu mem: 1717Mb, mem: 12.7Gb, iter_time: 1.163s, data_time: 1.022s, total_loss: 1.1, iou_loss: 0.6, l1_loss: 0.0, conf_loss: 0.3, cls_loss: 0.2, lr: 6.787e-04, size: 640, ETA: 3:21:13
2026-08-18 13:12:39 | INFO     | yolox.core.trainer:270 - epoch: 47/100, iter: 100/188, gpu mem: 1717Mb, mem: 12.7Gb, iter_time: 1.205s, data_time: 1.062s, total_loss: 0.9, iou_loss: 0.5, l1_loss: 0.0, conf_loss: 0.2, cls_loss: 0.2, lr: 6.775e-04, size: 640, ETA: 3:21:01
2026-08-18 13:12:51 | INFO     | yolox.core.trainer:270 - epoch: 47/100, iter: 110/188, gpu mem: 1717Mb, mem: 12.7Gb, iter_time: 1.203s, data_time: 1.062s, total_loss: 1.1, iou_loss: 0.6, l1_loss: 0.0, conf_loss: 0.2, cls_loss: 0.2, lr: 6.763e-04, size: 640, ETA: 3:20:49
2026-08-18 13:13:03 | INFO     | yolox.core.trainer:270 - epoch: 47/100, iter: 120/188, gpu mem: 1717Mb, mem: 12.7Gb, iter_time: 1.149s, data_time: 1.011s, total_loss: 1.0, iou_loss: 0.5, l1_loss: 0.0, conf_loss: 0.2, cls_loss: 0.2, lr: 6.752e-04, size: 640, ETA: 3:20:36
2026-08-18 13:13:14 | INFO     | yolox.core.trainer:270 - epoch: 47/100, iter: 130/188, gpu mem: 1717Mb, mem: 12.5Gb, iter_time: 1.171s, data_time: 1.032s, total_loss: 1.2, iou_loss: 0.6, l1_loss: 0.0, conf_loss: 0.3, cls_loss: 0.2, lr: 6.740e-04, size: 640, ETA: 3:20:24
2026-08-18 13:13:25 | INFO     | yolox.core.trainer:270 - epoch: 47/100, iter: 140/188, gpu mem: 1717Mb, mem: 12.5Gb, iter_time: 1.084s, data_time: 0.946s, total_loss: 1.5, iou_loss: 0.7, l1_loss: 0.0, conf_loss: 0.5, cls_loss: 0.3, lr: 6.728e-04, size: 640, ETA: 3:20:11
2026-08-18 13:13:37 | INFO     | yolox.core.trainer:270 - epoch: 47/100, iter: 150/188, gpu mem: 1717Mb, mem: 12.5Gb, iter_time: 1.149s, data_time: 0.991s, total_loss: 1.4, iou_loss: 0.7, l1_loss: 0.0, conf_loss: 0.5, cls_loss: 0.2, lr: 6.717e-04, size: 640, ETA: 3:19:58
2026-08-18 13:13:48 | INFO     | yolox.core.trainer:270 - epoch: 47/100, iter: 160/188, gpu mem: 1717Mb, mem: 12.5Gb, iter_time: 1.120s, data_time: 0.981s, total_loss: 1.4, iou_loss: 0.8, l1_loss: 0.0, conf_loss: 0.3, cls_loss: 0.3, lr: 6.705e-04, size: 640, ETA: 3:19:45
2026-08-18 13:13:59 | INFO     | yolox.core.trainer:270 - epoch: 47/100, iter: 170/188, gpu mem: 1717Mb, mem: 12.5Gb, iter_time: 1.120s, data_time: 0.983s, total_loss: 1.2, iou_loss: 0.7, l1_loss: 0.0, conf_loss: 0.3, cls_loss: 0.2, lr: 6.693e-04, size: 640, ETA: 3:19:32
2026-08-18 13:14:10 | INFO     | yolox.core.trainer:270 - epoch: 47/100, iter: 180/188, gpu mem: 1717Mb, mem: 12.5Gb, iter_time: 1.103s, data_time: 0.962s, total_loss: 0.9, iou_loss: 0.5, l1_loss: 0.0, conf_loss: 0.2, cls_loss: 0.2, lr: 6.682e-04, size: 640, ETA: 3:19:19
2026-08-18 13:14:19 | INFO     | yolox.core.trainer:402 - Save weights to <PROJECT_ROOT>\runs\benchmarks\micropcb_rpi_phash_component_bootstrap_v2_full_e100_b8_i640_w0_s42-43-44_p02facd21ef_dbea2fbaddc_cb773706267\yolox_s_seed43

  0%|          | 0/25 [00:00<?, ?it/s]
  4%|4         | 1/25 [00:00<00:06,  3.48it/s]
  8%|8         | 2/25 [00:00<00:06,  3.32it/s]
 12%|#2        | 3/25 [00:00<00:06,  3.40it/s]
 16%|#6        | 4/25 [00:01<00:06,  3.23it/s]
 20%|##        | 5/25 [00:01<00:06,  3.00it/s]
 24%|##4       | 6/25 [00:01<00:06,  2.90it/s]
 28%|##8       | 7/25 [00:02<00:06,  2.97it/s]
 32%|###2      | 8/25 [00:02<00:05,  3.05it/s]
 36%|###6      | 9/25 [00:02<00:05,  3.13it/s]
 40%|####      | 10/25 [00:03<00:04,  3.10it/s]
 44%|####4     | 11/25 [00:03<00:04,  3.15it/s]
 48%|####8     | 12/25 [00:03<00:04,  3.14it/s]
 52%|#####2    | 13/25 [00:04<00:03,  3.02it/s]
 56%|#####6    | 14/25 [00:04<00:03,  3.07it/s]
 60%|######    | 15/25 [00:04<00:03,  3.01it/s]
 64%|######4   | 16/25 [00:05<00:03,  2.88it/s]
 68%|######8   | 17/25 [00:05<00:02,  3.01it/s]
 72%|#######2  | 18/25 [00:05<00:02,  3.21it/s]
 76%|#######6  | 19/25 [00:06<00:01,  3.34it/s]
 80%|########  | 20/25 [00:06<00:01,  3.41it/s]
 84%|########4 | 21/25 [00:06<00:01,  3.58it/s]
 88%|########8 | 22/25 [00:06<00:00,  3.59it/s]
 92%|#########2| 23/25 [00:07<00:00,  3.42it/s]
 96%|#########6| 24/25 [00:07<00:00,  3.18it/s]
100%|##########| 25/25 [00:07<00:00,  3.87it/s]
100%|##########| 25/25 [00:07<00:00,  3.25it/s]
2026-08-18 13:14:27 | INFO     | mcu_data.yolox_metrics:78 - Evaluate with standard pycocotools COCOeval (no C++ JIT build).
2026-08-18 13:14:27 | INFO     | mcu_data.yolox_metrics:80 - Loading and preparing results...
2026-08-18 13:14:27 | INFO     | mcu_data.yolox_metrics:80 - DONE (t=0.00s)
2026-08-18 13:14:27 | INFO     | pycocotools.coco:367 - creating index...
2026-08-18 13:14:27 | INFO     | pycocotools.coco:367 - index created!
2026-08-18 13:14:27 | INFO     | mcu_data.yolox_metrics:82 - Running per image evaluation...
2026-08-18 13:14:27 | INFO     | mcu_data.yolox_metrics:82 - Evaluate annotation type *bbox*
2026-08-18 13:14:27 | INFO     | mcu_data.yolox_metrics:82 - DONE (t=0.05s).
2026-08-18 13:14:27 | INFO     | mcu_data.yolox_metrics:83 - Accumulating evaluation results...
2026-08-18 13:14:27 | INFO     | mcu_data.yolox_metrics:83 - DONE (t=0.01s).
2026-08-18 13:14:27 | INFO     | yolox.core.trainer:381 - 
Average forward time: 4.98 ms, Average NMS time: 0.90 ms, Average inference time: 5.88 ms
 Average Precision  (AP) @[ IoU=0.50:0.95 | area=   all | maxDets=100 ] = 0.789
 Average Precision  (AP) @[ IoU=0.50      | area=   all | maxDets=100 ] = 1.000
 Average Precision  (AP) @[ IoU=0.75      | area=   all | maxDets=100 ] = 1.000
 Average Precision  (AP) @[ IoU=0.50:0.95 | area= small | maxDets=100 ] = -1.000
 Average Precision  (AP) @[ IoU=0.50:0.95 | area=medium | maxDets=100 ] = -1.000
 Average Precision  (AP) @[ IoU=0.50:0.95 | area= large | maxDets=100 ] = 0.789
 Average Recall     (AR) @[ IoU=0.50:0.95 | area=   all | maxDets=  1 ] = 0.816
 Average Recall     (AR) @[ IoU=0.50:0.95 | area=   all | maxDets= 10 ] = 0.816
 Average Recall     (AR) @[ IoU=0.50:0.95 | area=   all | maxDets=100 ] = 0.816
 Average Recall     (AR) @[ IoU=0.50:0.95 | area= small | maxDets=100 ] = -1.000
 Average Recall     (AR) @[ IoU=0.50:0.95 | area=medium | maxDets=100 ] = -1.000
 Average Recall     (AR) @[ IoU=0.50:0.95 | area= large | maxDets=100 ] = 0.816
per class AP:
| class            | AP     |
|:-----------------|:-------|
| raspberry_pi_sbc | 78.937 |
per class AR:
| class            | AR     |
|:-----------------|:-------|
| raspberry_pi_sbc | 81.590 |

2026-08-18 13:14:27 | INFO     | yolox.core.trainer:402 - Save weights to <PROJECT_ROOT>\runs\benchmarks\micropcb_rpi_phash_component_bootstrap_v2_full_e100_b8_i640_w0_s42-43-44_p02facd21ef_dbea2fbaddc_cb773706267\yolox_s_seed43
[EPOCH 047/100] loss=1.30498 iou=0.67911 conf=0.38536 cls=0.24051 | AP50=1.00000 AP50-95=0.78937 AP75=1.00000 AR100=0.81590 | LR=0.00066722 VRAM_peak=1717.2 MiB
EPOCH_METRICS_JSON {"epoch": 47, "elapsed_s": 11039.399476299994, "epoch_seconds": 226.07106889993884, "iterations": 188, "train_total_loss": 1.3049845286506288, "train_iou_loss": 0.6791115626692772, "train_conf_loss": 0.3853616773923661, "train_cls_loss": 0.24051129429581317, "train_l1_loss": 0.0, "num_fg_mean": 8.518746911953494, "map50_95": 0.789370493345488, "map50": 1.0, "ap75": 1.0, "ar100": 0.815897435897436, "lr": 0.0006672218498194834, "lr_mean": 0.0006781303828854928, "gpu_peak_allocated_mib": 1717.24755859375, "gpu_peak_reserved_mib": 2234.0, "best_map50_95": 0.8574098026800376}
2026-08-18 13:14:28 | INFO     | yolox.core.trainer:218 - ---> start train epoch48
2026-08-18 13:14:39 | INFO     | yolox.core.trainer:270 - epoch: 48/100, iter: 10/188, gpu mem: 1717Mb, mem: 12.6Gb, iter_time: 1.130s, data_time: 0.988s, total_loss: 1.9, iou_loss: 0.9, l1_loss: 0.0, conf_loss: 0.7, cls_loss: 0.3, lr: 6.661e-04, size: 640, ETA: 3:18:56
2026-08-18 13:14:51 | INFO     | yolox.core.trainer:270 - epoch: 48/100, iter: 20/188, gpu mem: 1717Mb, mem: 12.6Gb, iter_time: 1.167s, data_time: 1.029s, total_loss: 1.5, iou_loss: 0.7, l1_loss: 0.0, conf_loss: 0.6, cls_loss: 0.2, lr: 6.649e-04, size: 640, ETA: 3:18:44
2026-08-18 13:15:03 | INFO     | yolox.core.trainer:270 - epoch: 48/100, iter: 30/188, gpu mem: 1717Mb, mem: 12.6Gb, iter_time: 1.172s, data_time: 1.034s, total_loss: 1.2, iou_loss: 0.6, l1_loss: 0.0, conf_loss: 0.3, cls_loss: 0.2, lr: 6.637e-04, size: 640, ETA: 3:18:31
2026-08-18 13:15:15 | INFO     | yolox.core.trainer:270 - epoch: 48/100, iter: 40/188, gpu mem: 1717Mb, mem: 12.5Gb, iter_time: 1.222s, data_time: 1.081s, total_loss: 1.5, iou_loss: 0.8, l1_loss: 0.0, conf_loss: 0.4, cls_loss: 0.3, lr: 6.626e-04, size: 640, ETA: 3:18:20
2026-08-18 13:15:26 | INFO     | yolox.core.trainer:270 - epoch: 48/100, iter: 50/188, gpu mem: 1717Mb, mem: 12.5Gb, iter_time: 1.145s, data_time: 1.005s, total_loss: 1.4, iou_loss: 0.7, l1_loss: 0.0, conf_loss: 0.4, cls_loss: 0.3, lr: 6.614e-04, size: 640, ETA: 3:18:07
2026-08-18 13:15:38 | INFO     | yolox.core.trainer:270 - epoch: 48/100, iter: 60/188, gpu mem: 1717Mb, mem: 12.5Gb, iter_time: 1.150s, data_time: 1.011s, total_loss: 1.3, iou_loss: 0.7, l1_loss: 0.0, conf_loss: 0.4, cls_loss: 0.2, lr: 6.602e-04, size: 640, ETA: 3:17:55
2026-08-18 13:15:49 | INFO     | yolox.core.trainer:270 - epoch: 48/100, iter: 70/188, gpu mem: 1717Mb, mem: 12.5Gb, iter_time: 1.174s, data_time: 1.034s, total_loss: 1.4, iou_loss: 0.7, l1_loss: 0.0, conf_loss: 0.5, cls_loss: 0.2, lr: 6.591e-04, size: 640, ETA: 3:17:42
2026-08-18 13:16:01 | INFO     | yolox.core.trainer:270 - epoch: 48/100, iter: 80/188, gpu mem: 1717Mb, mem: 12.6Gb, iter_time: 1.194s, data_time: 1.054s, total_loss: 1.2, iou_loss: 0.6, l1_loss: 0.0, conf_loss: 0.3, cls_loss: 0.2, lr: 6.579e-04, size: 640, ETA: 3:17:30
2026-08-18 13:16:13 | INFO     | yolox.core.trainer:270 - epoch: 48/100, iter: 90/188, gpu mem: 1717Mb, mem: 12.6Gb, iter_time: 1.140s, data_time: 1.000s, total_loss: 1.0, iou_loss: 0.6, l1_loss: 0.0, conf_loss: 0.2, cls_loss: 0.2, lr: 6.567e-04, size: 640, ETA: 3:17:18
2026-08-18 13:16:24 | INFO     | yolox.core.trainer:270 - epoch: 48/100, iter: 100/188, gpu mem: 1717Mb, mem: 12.5Gb, iter_time: 1.099s, data_time: 0.960s, total_loss: 1.5, iou_loss: 0.9, l1_loss: 0.0, conf_loss: 0.3, cls_loss: 0.3, lr: 6.555e-04, size: 640, ETA: 3:17:05
2026-08-18 13:16:35 | INFO     | yolox.core.trainer:270 - epoch: 48/100, iter: 110/188, gpu mem: 1717Mb, mem: 12.4Gb, iter_time: 1.125s, data_time: 0.985s, total_loss: 1.3, iou_loss: 0.7, l1_loss: 0.0, conf_loss: 0.4, cls_loss: 0.3, lr: 6.544e-04, size: 640, ETA: 3:16:52
2026-08-18 13:16:46 | INFO     | yolox.core.trainer:270 - epoch: 48/100, iter: 120/188, gpu mem: 1717Mb, mem: 12.4Gb, iter_time: 1.091s, data_time: 0.953s, total_loss: 1.5, iou_loss: 0.8, l1_loss: 0.0, conf_loss: 0.5, cls_loss: 0.3, lr: 6.532e-04, size: 640, ETA: 3:16:39
2026-08-18 13:16:57 | INFO     | yolox.core.trainer:270 - epoch: 48/100, iter: 130/188, gpu mem: 1717Mb, mem: 12.5Gb, iter_time: 1.120s, data_time: 0.978s, total_loss: 1.4, iou_loss: 0.8, l1_loss: 0.0, conf_loss: 0.3, cls_loss: 0.3, lr: 6.520e-04, size: 640, ETA: 3:16:26
2026-08-18 13:17:08 | INFO     | yolox.core.trainer:270 - epoch: 48/100, iter: 140/188, gpu mem: 1717Mb, mem: 12.5Gb, iter_time: 1.100s, data_time: 0.961s, total_loss: 1.6, iou_loss: 0.7, l1_loss: 0.0, conf_loss: 0.6, cls_loss: 0.3, lr: 6.509e-04, size: 640, ETA: 3:16:13
2026-08-18 13:17:19 | INFO     | yolox.core.trainer:270 - epoch: 48/100, iter: 150/188, gpu mem: 1717Mb, mem: 12.5Gb, iter_time: 1.092s, data_time: 0.955s, total_loss: 1.4, iou_loss: 0.7, l1_loss: 0.0, conf_loss: 0.4, cls_loss: 0.3, lr: 6.497e-04, size: 640, ETA: 3:15:59
2026-08-18 13:17:30 | INFO     | yolox.core.trainer:270 - epoch: 48/100, iter: 160/188, gpu mem: 1717Mb, mem: 12.5Gb, iter_time: 1.126s, data_time: 0.986s, total_loss: 1.1, iou_loss: 0.6, l1_loss: 0.0, conf_loss: 0.3, cls_loss: 0.2, lr: 6.485e-04, size: 640, ETA: 3:15:47
2026-08-18 13:17:42 | INFO     | yolox.core.trainer:270 - epoch: 48/100, iter: 170/188, gpu mem: 1717Mb, mem: 12.4Gb, iter_time: 1.128s, data_time: 0.990s, total_loss: 1.6, iou_loss: 0.9, l1_loss: 0.0, conf_loss: 0.5, cls_loss: 0.3, lr: 6.474e-04, size: 640, ETA: 3:15:34
2026-08-18 13:17:53 | INFO     | yolox.core.trainer:270 - epoch: 48/100, iter: 180/188, gpu mem: 1717Mb, mem: 12.5Gb, iter_time: 1.106s, data_time: 0.963s, total_loss: 1.4, iou_loss: 0.8, l1_loss: 0.0, conf_loss: 0.4, cls_loss: 0.3, lr: 6.462e-04, size: 640, ETA: 3:15:21
2026-08-18 13:18:02 | INFO     | yolox.core.trainer:402 - Save weights to <PROJECT_ROOT>\runs\benchmarks\micropcb_rpi_phash_component_bootstrap_v2_full_e100_b8_i640_w0_s42-43-44_p02facd21ef_dbea2fbaddc_cb773706267\yolox_s_seed43

  0%|          | 0/25 [00:00<?, ?it/s]
  4%|4         | 1/25 [00:00<00:06,  3.57it/s]
  8%|8         | 2/25 [00:00<00:06,  3.39it/s]
 12%|#2        | 3/25 [00:00<00:06,  3.37it/s]
 16%|#6        | 4/25 [00:01<00:06,  3.18it/s]
 20%|##        | 5/25 [00:01<00:06,  2.94it/s]
 24%|##4       | 6/25 [00:01<00:06,  2.91it/s]
 28%|##8       | 7/25 [00:02<00:06,  2.99it/s]
 32%|###2      | 8/25 [00:02<00:05,  3.11it/s]
 36%|###6      | 9/25 [00:02<00:04,  3.24it/s]
 40%|####      | 10/25 [00:03<00:04,  3.25it/s]
 44%|####4     | 11/25 [00:03<00:04,  3.31it/s]
 48%|####8     | 12/25 [00:03<00:03,  3.30it/s]
 52%|#####2    | 13/25 [00:04<00:03,  3.20it/s]
 56%|#####6    | 14/25 [00:04<00:03,  3.24it/s]
 60%|######    | 15/25 [00:04<00:03,  3.13it/s]
 64%|######4   | 16/25 [00:05<00:02,  3.03it/s]
 68%|######8   | 17/25 [00:05<00:02,  3.21it/s]
 72%|#######2  | 18/25 [00:05<00:02,  3.43it/s]
 76%|#######6  | 19/25 [00:05<00:01,  3.61it/s]
 80%|########  | 20/25 [00:06<00:01,  3.72it/s]
 84%|########4 | 21/25 [00:06<00:01,  3.91it/s]
 88%|########8 | 22/25 [00:06<00:00,  3.94it/s]
 92%|#########2| 23/25 [00:06<00:00,  3.74it/s]
 96%|#########6| 24/25 [00:07<00:00,  3.45it/s]
100%|##########| 25/25 [00:07<00:00,  4.21it/s]
100%|##########| 25/25 [00:07<00:00,  3.41it/s]
2026-08-18 13:18:10 | INFO     | mcu_data.yolox_metrics:78 - Evaluate with standard pycocotools COCOeval (no C++ JIT build).
2026-08-18 13:18:10 | INFO     | mcu_data.yolox_metrics:80 - Loading and preparing results...
2026-08-18 13:18:10 | INFO     | mcu_data.yolox_metrics:80 - DONE (t=0.00s)
2026-08-18 13:18:10 | INFO     | pycocotools.coco:367 - creating index...
2026-08-18 13:18:10 | INFO     | pycocotools.coco:367 - index created!
2026-08-18 13:18:10 | INFO     | mcu_data.yolox_metrics:82 - Running per image evaluation...
2026-08-18 13:18:10 | INFO     | mcu_data.yolox_metrics:82 - Evaluate annotation type *bbox*
2026-08-18 13:18:10 | INFO     | mcu_data.yolox_metrics:82 - DONE (t=0.05s).
2026-08-18 13:18:10 | INFO     | mcu_data.yolox_metrics:83 - Accumulating evaluation results...
2026-08-18 13:18:10 | INFO     | mcu_data.yolox_metrics:83 - DONE (t=0.01s).
2026-08-18 13:18:10 | INFO     | yolox.core.trainer:381 - 
Average forward time: 5.02 ms, Average NMS time: 0.94 ms, Average inference time: 5.96 ms
 Average Precision  (AP) @[ IoU=0.50:0.95 | area=   all | maxDets=100 ] = 0.824
 Average Precision  (AP) @[ IoU=0.50      | area=   all | maxDets=100 ] = 1.000
 Average Precision  (AP) @[ IoU=0.75      | area=   all | maxDets=100 ] = 1.000
 Average Precision  (AP) @[ IoU=0.50:0.95 | area= small | maxDets=100 ] = -1.000
 Average Precision  (AP) @[ IoU=0.50:0.95 | area=medium | maxDets=100 ] = -1.000
 Average Precision  (AP) @[ IoU=0.50:0.95 | area= large | maxDets=100 ] = 0.824
 Average Recall     (AR) @[ IoU=0.50:0.95 | area=   all | maxDets=  1 ] = 0.844
 Average Recall     (AR) @[ IoU=0.50:0.95 | area=   all | maxDets= 10 ] = 0.844
 Average Recall     (AR) @[ IoU=0.50:0.95 | area=   all | maxDets=100 ] = 0.844
 Average Recall     (AR) @[ IoU=0.50:0.95 | area= small | maxDets=100 ] = -1.000
 Average Recall     (AR) @[ IoU=0.50:0.95 | area=medium | maxDets=100 ] = -1.000
 Average Recall     (AR) @[ IoU=0.50:0.95 | area= large | maxDets=100 ] = 0.844
per class AP:
| class            | AP     |
|:-----------------|:-------|
| raspberry_pi_sbc | 82.369 |
per class AR:
| class            | AR     |
|:-----------------|:-------|
| raspberry_pi_sbc | 84.359 |

2026-08-18 13:18:10 | INFO     | yolox.core.trainer:402 - Save weights to <PROJECT_ROOT>\runs\benchmarks\micropcb_rpi_phash_component_bootstrap_v2_full_e100_b8_i640_w0_s42-43-44_p02facd21ef_dbea2fbaddc_cb773706267\yolox_s_seed43
[EPOCH 048/100] loss=1.28194 iou=0.66987 conf=0.37255 cls=0.23952 | AP50=1.00000 AP50-95=0.82369 AP75=1.00000 AR100=0.84359 | LR=0.00064528 VRAM_peak=1717.2 MiB
EPOCH_METRICS_JSON {"epoch": 48, "elapsed_s": 11262.228124200017, "epoch_seconds": 222.13940350001212, "iterations": 188, "train_total_loss": 1.281943605618274, "train_iou_loss": 0.6698666197505403, "train_conf_loss": 0.37255293313176074, "train_cls_loss": 0.2395240549552948, "train_l1_loss": 0.0, "num_fg_mean": 8.529092388482978, "map50_95": 0.8236926417655779, "map50": 1.0, "ap75": 1.0, "ar100": 0.8435897435897436, "lr": 0.0006452781501805167, "lr_mean": 0.0006561916390967048, "gpu_peak_allocated_mib": 1717.24755859375, "gpu_peak_reserved_mib": 2234.0, "best_map50_95": 0.8574098026800376}
2026-08-18 13:18:11 | INFO     | yolox.core.trainer:218 - ---> start train epoch49
2026-08-18 13:18:22 | INFO     | yolox.core.trainer:270 - epoch: 49/100, iter: 10/188, gpu mem: 1717Mb, mem: 12.6Gb, iter_time: 1.120s, data_time: 0.982s, total_loss: 1.0, iou_loss: 0.5, l1_loss: 0.0, conf_loss: 0.3, cls_loss: 0.2, lr: 6.441e-04, size: 640, ETA: 3:14:58
2026-08-18 13:18:33 | INFO     | yolox.core.trainer:270 - epoch: 49/100, iter: 20/188, gpu mem: 1717Mb, mem: 12.5Gb, iter_time: 1.117s, data_time: 0.979s, total_loss: 2.0, iou_loss: 1.1, l1_loss: 0.0, conf_loss: 0.5, cls_loss: 0.3, lr: 6.429e-04, size: 640, ETA: 3:14:46
2026-08-18 13:18:45 | INFO     | yolox.core.trainer:270 - epoch: 49/100, iter: 30/188, gpu mem: 1717Mb, mem: 12.5Gb, iter_time: 1.164s, data_time: 1.008s, total_loss: 1.2, iou_loss: 0.7, l1_loss: 0.0, conf_loss: 0.2, cls_loss: 0.2, lr: 6.418e-04, size: 640, ETA: 3:14:33
2026-08-18 13:18:56 | INFO     | yolox.core.trainer:270 - epoch: 49/100, iter: 40/188, gpu mem: 1717Mb, mem: 12.5Gb, iter_time: 1.128s, data_time: 0.990s, total_loss: 1.6, iou_loss: 0.9, l1_loss: 0.0, conf_loss: 0.3, cls_loss: 0.3, lr: 6.406e-04, size: 640, ETA: 3:14:21
2026-08-18 13:19:07 | INFO     | yolox.core.trainer:270 - epoch: 49/100, iter: 50/188, gpu mem: 1717Mb, mem: 12.5Gb, iter_time: 1.133s, data_time: 0.994s, total_loss: 1.1, iou_loss: 0.6, l1_loss: 0.0, conf_loss: 0.3, cls_loss: 0.2, lr: 6.394e-04, size: 640, ETA: 3:14:08
2026-08-18 13:19:19 | INFO     | yolox.core.trainer:270 - epoch: 49/100, iter: 60/188, gpu mem: 1717Mb, mem: 12.5Gb, iter_time: 1.149s, data_time: 1.011s, total_loss: 0.9, iou_loss: 0.4, l1_loss: 0.0, conf_loss: 0.3, cls_loss: 0.2, lr: 6.383e-04, size: 640, ETA: 3:13:55
2026-08-18 13:19:30 | INFO     | yolox.core.trainer:270 - epoch: 49/100, iter: 70/188, gpu mem: 1717Mb, mem: 12.5Gb, iter_time: 1.118s, data_time: 0.981s, total_loss: 1.7, iou_loss: 0.8, l1_loss: 0.0, conf_loss: 0.6, cls_loss: 0.3, lr: 6.371e-04, size: 640, ETA: 3:13:43
2026-08-18 13:19:41 | INFO     | yolox.core.trainer:270 - epoch: 49/100, iter: 80/188, gpu mem: 1717Mb, mem: 12.5Gb, iter_time: 1.100s, data_time: 0.960s, total_loss: 1.4, iou_loss: 0.8, l1_loss: 0.0, conf_loss: 0.3, cls_loss: 0.3, lr: 6.359e-04, size: 640, ETA: 3:13:30
2026-08-18 13:19:52 | INFO     | yolox.core.trainer:270 - epoch: 49/100, iter: 90/188, gpu mem: 1717Mb, mem: 12.4Gb, iter_time: 1.099s, data_time: 0.961s, total_loss: 1.4, iou_loss: 0.6, l1_loss: 0.0, conf_loss: 0.5, cls_loss: 0.2, lr: 6.348e-04, size: 640, ETA: 3:13:17
2026-08-18 13:20:03 | INFO     | yolox.core.trainer:270 - epoch: 49/100, iter: 100/188, gpu mem: 1717Mb, mem: 12.4Gb, iter_time: 1.122s, data_time: 0.982s, total_loss: 0.9, iou_loss: 0.5, l1_loss: 0.0, conf_loss: 0.2, cls_loss: 0.2, lr: 6.336e-04, size: 640, ETA: 3:13:04
2026-08-18 13:20:14 | INFO     | yolox.core.trainer:270 - epoch: 49/100, iter: 110/188, gpu mem: 1717Mb, mem: 12.5Gb, iter_time: 1.111s, data_time: 0.973s, total_loss: 1.0, iou_loss: 0.6, l1_loss: 0.0, conf_loss: 0.2, cls_loss: 0.2, lr: 6.324e-04, size: 640, ETA: 3:12:51
2026-08-18 13:20:26 | INFO     | yolox.core.trainer:270 - epoch: 49/100, iter: 120/188, gpu mem: 1717Mb, mem: 12.5Gb, iter_time: 1.119s, data_time: 0.982s, total_loss: 1.4, iou_loss: 0.6, l1_loss: 0.0, conf_loss: 0.5, cls_loss: 0.2, lr: 6.313e-04, size: 640, ETA: 3:12:38
2026-08-18 13:20:37 | INFO     | yolox.core.trainer:270 - epoch: 49/100, iter: 130/188, gpu mem: 1717Mb, mem: 12.5Gb, iter_time: 1.136s, data_time: 0.997s, total_loss: 1.2, iou_loss: 0.7, l1_loss: 0.0, conf_loss: 0.3, cls_loss: 0.2, lr: 6.301e-04, size: 640, ETA: 3:12:25
2026-08-18 13:20:48 | INFO     | yolox.core.trainer:270 - epoch: 49/100, iter: 140/188, gpu mem: 1717Mb, mem: 12.5Gb, iter_time: 1.126s, data_time: 0.986s, total_loss: 1.3, iou_loss: 0.7, l1_loss: 0.0, conf_loss: 0.4, cls_loss: 0.2, lr: 6.289e-04, size: 640, ETA: 3:12:13
2026-08-18 13:21:00 | INFO     | yolox.core.trainer:270 - epoch: 49/100, iter: 150/188, gpu mem: 1717Mb, mem: 12.5Gb, iter_time: 1.151s, data_time: 1.012s, total_loss: 1.3, iou_loss: 0.6, l1_loss: 0.0, conf_loss: 0.6, cls_loss: 0.2, lr: 6.278e-04, size: 640, ETA: 3:12:00
2026-08-18 13:21:12 | INFO     | yolox.core.trainer:270 - epoch: 49/100, iter: 160/188, gpu mem: 1717Mb, mem: 12.5Gb, iter_time: 1.179s, data_time: 1.041s, total_loss: 1.6, iou_loss: 0.8, l1_loss: 0.0, conf_loss: 0.5, cls_loss: 0.3, lr: 6.266e-04, size: 640, ETA: 3:11:48
2026-08-18 13:21:23 | INFO     | yolox.core.trainer:270 - epoch: 49/100, iter: 170/188, gpu mem: 1717Mb, mem: 12.5Gb, iter_time: 1.189s, data_time: 1.047s, total_loss: 1.0, iou_loss: 0.5, l1_loss: 0.0, conf_loss: 0.3, cls_loss: 0.2, lr: 6.254e-04, size: 640, ETA: 3:11:36
2026-08-18 13:21:35 | INFO     | yolox.core.trainer:270 - epoch: 49/100, iter: 180/188, gpu mem: 1717Mb, mem: 12.5Gb, iter_time: 1.165s, data_time: 1.022s, total_loss: 1.3, iou_loss: 0.7, l1_loss: 0.0, conf_loss: 0.4, cls_loss: 0.2, lr: 6.243e-04, size: 640, ETA: 3:11:24
2026-08-18 13:21:44 | INFO     | yolox.core.trainer:402 - Save weights to <PROJECT_ROOT>\runs\benchmarks\micropcb_rpi_phash_component_bootstrap_v2_full_e100_b8_i640_w0_s42-43-44_p02facd21ef_dbea2fbaddc_cb773706267\yolox_s_seed43

  0%|          | 0/25 [00:00<?, ?it/s]
  4%|4         | 1/25 [00:00<00:06,  3.53it/s]
  8%|8         | 2/25 [00:00<00:06,  3.46it/s]
 12%|#2        | 3/25 [00:00<00:06,  3.46it/s]
 16%|#6        | 4/25 [00:01<00:06,  3.30it/s]
 20%|##        | 5/25 [00:01<00:06,  3.09it/s]
 24%|##4       | 6/25 [00:01<00:06,  3.02it/s]
 28%|##8       | 7/25 [00:02<00:05,  3.09it/s]
 32%|###2      | 8/25 [00:02<00:05,  3.21it/s]
 36%|###6      | 9/25 [00:02<00:04,  3.32it/s]
 40%|####      | 10/25 [00:03<00:04,  3.32it/s]
 44%|####4     | 11/25 [00:03<00:04,  3.45it/s]
 48%|####8     | 12/25 [00:03<00:03,  3.42it/s]
 52%|#####2    | 13/25 [00:03<00:03,  3.30it/s]
 56%|#####6    | 14/25 [00:04<00:03,  3.35it/s]
 60%|######    | 15/25 [00:04<00:03,  3.24it/s]
 64%|######4   | 16/25 [00:04<00:02,  3.12it/s]
 68%|######8   | 17/25 [00:05<00:02,  3.29it/s]
 72%|#######2  | 18/25 [00:05<00:01,  3.53it/s]
 76%|#######6  | 19/25 [00:05<00:01,  3.70it/s]
 80%|########  | 20/25 [00:05<00:01,  3.79it/s]
 84%|########4 | 21/25 [00:06<00:01,  3.98it/s]
 88%|########8 | 22/25 [00:06<00:00,  4.00it/s]
 92%|#########2| 23/25 [00:06<00:00,  3.79it/s]
 96%|#########6| 24/25 [00:07<00:00,  3.52it/s]
100%|##########| 25/25 [00:07<00:00,  4.26it/s]
100%|##########| 25/25 [00:07<00:00,  3.50it/s]
2026-08-18 13:21:52 | INFO     | mcu_data.yolox_metrics:78 - Evaluate with standard pycocotools COCOeval (no C++ JIT build).
2026-08-18 13:21:52 | INFO     | mcu_data.yolox_metrics:80 - Loading and preparing results...
2026-08-18 13:21:52 | INFO     | mcu_data.yolox_metrics:80 - DONE (t=0.00s)
2026-08-18 13:21:52 | INFO     | pycocotools.coco:367 - creating index...
2026-08-18 13:21:52 | INFO     | pycocotools.coco:367 - index created!
2026-08-18 13:21:52 | INFO     | mcu_data.yolox_metrics:82 - Running per image evaluation...
2026-08-18 13:21:52 | INFO     | mcu_data.yolox_metrics:82 - Evaluate annotation type *bbox*
2026-08-18 13:21:52 | INFO     | mcu_data.yolox_metrics:82 - DONE (t=0.04s).
2026-08-18 13:21:52 | INFO     | mcu_data.yolox_metrics:83 - Accumulating evaluation results...
2026-08-18 13:21:52 | INFO     | mcu_data.yolox_metrics:83 - DONE (t=0.02s).
2026-08-18 13:21:52 | INFO     | yolox.core.trainer:381 - 
Average forward time: 4.95 ms, Average NMS time: 0.89 ms, Average inference time: 5.84 ms
 Average Precision  (AP) @[ IoU=0.50:0.95 | area=   all | maxDets=100 ] = 0.805
 Average Precision  (AP) @[ IoU=0.50      | area=   all | maxDets=100 ] = 1.000
 Average Precision  (AP) @[ IoU=0.75      | area=   all | maxDets=100 ] = 1.000
 Average Precision  (AP) @[ IoU=0.50:0.95 | area= small | maxDets=100 ] = -1.000
 Average Precision  (AP) @[ IoU=0.50:0.95 | area=medium | maxDets=100 ] = -1.000
 Average Precision  (AP) @[ IoU=0.50:0.95 | area= large | maxDets=100 ] = 0.805
 Average Recall     (AR) @[ IoU=0.50:0.95 | area=   all | maxDets=  1 ] = 0.829
 Average Recall     (AR) @[ IoU=0.50:0.95 | area=   all | maxDets= 10 ] = 0.829
 Average Recall     (AR) @[ IoU=0.50:0.95 | area=   all | maxDets=100 ] = 0.829
 Average Recall     (AR) @[ IoU=0.50:0.95 | area= small | maxDets=100 ] = -1.000
 Average Recall     (AR) @[ IoU=0.50:0.95 | area=medium | maxDets=100 ] = -1.000
 Average Recall     (AR) @[ IoU=0.50:0.95 | area= large | maxDets=100 ] = 0.829
per class AP:
| class            | AP     |
|:-----------------|:-------|
| raspberry_pi_sbc | 80.469 |
per class AR:
| class            | AR     |
|:-----------------|:-------|
| raspberry_pi_sbc | 82.872 |

2026-08-18 13:21:52 | INFO     | yolox.core.trainer:402 - Save weights to <PROJECT_ROOT>\runs\benchmarks\micropcb_rpi_phash_component_bootstrap_v2_full_e100_b8_i640_w0_s42-43-44_p02facd21ef_dbea2fbaddc_cb773706267\yolox_s_seed43
[EPOCH 049/100] loss=1.26568 iou=0.66391 conf=0.36585 cls=0.23592 | AP50=1.00000 AP50-95=0.80469 AP75=1.00000 AR100=0.82872 | LR=0.00062335 VRAM_peak=1717.2 MiB
EPOCH_METRICS_JSON {"epoch": 49, "elapsed_s": 11484.218948299997, "epoch_seconds": 221.2815411000047, "iterations": 188, "train_total_loss": 1.265681671652388, "train_iou_loss": 0.6639093003691511, "train_conf_loss": 0.365852882372255, "train_cls_loss": 0.23591949180402655, "train_l1_loss": 0.0, "num_fg_mean": 8.491337154283599, "map50_95": 0.8046888374920422, "map50": 1.0, "ap75": 1.0, "ar100": 0.8287179487179488, "lr": 0.0006233494367686428, "lr_mean": 0.000634252975021891, "gpu_peak_allocated_mib": 1717.24755859375, "gpu_peak_reserved_mib": 2234.0, "best_map50_95": 0.8574098026800376}
2026-08-18 13:21:53 | INFO     | yolox.core.trainer:218 - ---> start train epoch50
2026-08-18 13:22:04 | INFO     | yolox.core.trainer:270 - epoch: 50/100, iter: 10/188, gpu mem: 1717Mb, mem: 12.6Gb, iter_time: 1.108s, data_time: 0.969s, total_loss: 1.5, iou_loss: 0.7, l1_loss: 0.0, conf_loss: 0.6, cls_loss: 0.2, lr: 6.222e-04, size: 640, ETA: 3:11:01
2026-08-18 13:22:15 | INFO     | yolox.core.trainer:270 - epoch: 50/100, iter: 20/188, gpu mem: 1717Mb, mem: 12.5Gb, iter_time: 1.137s, data_time: 1.000s, total_loss: 1.2, iou_loss: 0.5, l1_loss: 0.0, conf_loss: 0.4, cls_loss: 0.2, lr: 6.210e-04, size: 640, ETA: 3:10:48
2026-08-18 13:22:26 | INFO     | yolox.core.trainer:270 - epoch: 50/100, iter: 30/188, gpu mem: 1717Mb, mem: 12.5Gb, iter_time: 1.114s, data_time: 0.976s, total_loss: 1.1, iou_loss: 0.5, l1_loss: 0.0, conf_loss: 0.4, cls_loss: 0.2, lr: 6.199e-04, size: 640, ETA: 3:10:36
2026-08-18 13:22:38 | INFO     | yolox.core.trainer:270 - epoch: 50/100, iter: 40/188, gpu mem: 1717Mb, mem: 12.5Gb, iter_time: 1.133s, data_time: 0.995s, total_loss: 1.3, iou_loss: 0.7, l1_loss: 0.0, conf_loss: 0.4, cls_loss: 0.2, lr: 6.187e-04, size: 640, ETA: 3:10:23
2026-08-18 13:22:49 | INFO     | yolox.core.trainer:270 - epoch: 50/100, iter: 50/188, gpu mem: 1717Mb, mem: 12.5Gb, iter_time: 1.148s, data_time: 1.010s, total_loss: 1.2, iou_loss: 0.6, l1_loss: 0.0, conf_loss: 0.4, cls_loss: 0.2, lr: 6.175e-04, size: 640, ETA: 3:10:11
2026-08-18 13:23:01 | INFO     | yolox.core.trainer:270 - epoch: 50/100, iter: 60/188, gpu mem: 1717Mb, mem: 12.5Gb, iter_time: 1.172s, data_time: 1.030s, total_loss: 1.4, iou_loss: 0.8, l1_loss: 0.0, conf_loss: 0.4, cls_loss: 0.3, lr: 6.164e-04, size: 640, ETA: 3:09:58
2026-08-18 13:23:12 | INFO     | yolox.core.trainer:270 - epoch: 50/100, iter: 70/188, gpu mem: 1717Mb, mem: 12.5Gb, iter_time: 1.118s, data_time: 0.980s, total_loss: 1.2, iou_loss: 0.7, l1_loss: 0.0, conf_loss: 0.3, cls_loss: 0.2, lr: 6.152e-04, size: 640, ETA: 3:09:46
2026-08-18 13:23:23 | INFO     | yolox.core.trainer:270 - epoch: 50/100, iter: 80/188, gpu mem: 1717Mb, mem: 12.5Gb, iter_time: 1.138s, data_time: 0.995s, total_loss: 0.8, iou_loss: 0.4, l1_loss: 0.0, conf_loss: 0.1, cls_loss: 0.2, lr: 6.140e-04, size: 640, ETA: 3:09:33
2026-08-18 13:23:35 | INFO     | yolox.core.trainer:270 - epoch: 50/100, iter: 90/188, gpu mem: 1717Mb, mem: 12.5Gb, iter_time: 1.174s, data_time: 1.034s, total_loss: 1.5, iou_loss: 0.8, l1_loss: 0.0, conf_loss: 0.5, cls_loss: 0.3, lr: 6.129e-04, size: 640, ETA: 3:09:21
2026-08-18 13:23:47 | INFO     | yolox.core.trainer:270 - epoch: 50/100, iter: 100/188, gpu mem: 1717Mb, mem: 12.5Gb, iter_time: 1.206s, data_time: 1.064s, total_loss: 1.1, iou_loss: 0.6, l1_loss: 0.0, conf_loss: 0.3, cls_loss: 0.2, lr: 6.117e-04, size: 640, ETA: 3:09:09
2026-08-18 13:23:59 | INFO     | yolox.core.trainer:270 - epoch: 50/100, iter: 110/188, gpu mem: 1717Mb, mem: 12.5Gb, iter_time: 1.213s, data_time: 1.074s, total_loss: 1.1, iou_loss: 0.6, l1_loss: 0.0, conf_loss: 0.3, cls_loss: 0.2, lr: 6.105e-04, size: 640, ETA: 3:08:57
2026-08-18 13:24:11 | INFO     | yolox.core.trainer:270 - epoch: 50/100, iter: 120/188, gpu mem: 1717Mb, mem: 12.5Gb, iter_time: 1.156s, data_time: 1.016s, total_loss: 1.1, iou_loss: 0.5, l1_loss: 0.0, conf_loss: 0.3, cls_loss: 0.2, lr: 6.094e-04, size: 640, ETA: 3:08:45
2026-08-18 13:24:22 | INFO     | yolox.core.trainer:270 - epoch: 50/100, iter: 130/188, gpu mem: 1717Mb, mem: 12.5Gb, iter_time: 1.108s, data_time: 0.968s, total_loss: 1.6, iou_loss: 0.8, l1_loss: 0.0, conf_loss: 0.5, cls_loss: 0.3, lr: 6.082e-04, size: 640, ETA: 3:08:32
2026-08-18 13:24:33 | INFO     | yolox.core.trainer:270 - epoch: 50/100, iter: 140/188, gpu mem: 1717Mb, mem: 12.5Gb, iter_time: 1.109s, data_time: 0.967s, total_loss: 1.3, iou_loss: 0.7, l1_loss: 0.0, conf_loss: 0.3, cls_loss: 0.2, lr: 6.070e-04, size: 640, ETA: 3:08:19
2026-08-18 13:24:44 | INFO     | yolox.core.trainer:270 - epoch: 50/100, iter: 150/188, gpu mem: 1717Mb, mem: 12.5Gb, iter_time: 1.126s, data_time: 0.987s, total_loss: 1.3, iou_loss: 0.6, l1_loss: 0.0, conf_loss: 0.5, cls_loss: 0.2, lr: 6.059e-04, size: 640, ETA: 3:08:06
2026-08-18 13:24:55 | INFO     | yolox.core.trainer:270 - epoch: 50/100, iter: 160/188, gpu mem: 1717Mb, mem: 12.5Gb, iter_time: 1.111s, data_time: 0.974s, total_loss: 1.0, iou_loss: 0.6, l1_loss: 0.0, conf_loss: 0.2, cls_loss: 0.2, lr: 6.047e-04, size: 640, ETA: 3:07:54
2026-08-18 13:25:07 | INFO     | yolox.core.trainer:270 - epoch: 50/100, iter: 170/188, gpu mem: 1717Mb, mem: 12.5Gb, iter_time: 1.124s, data_time: 0.983s, total_loss: 1.1, iou_loss: 0.5, l1_loss: 0.0, conf_loss: 0.3, cls_loss: 0.2, lr: 6.036e-04, size: 640, ETA: 3:07:41
2026-08-18 13:25:18 | INFO     | yolox.core.trainer:270 - epoch: 50/100, iter: 180/188, gpu mem: 1717Mb, mem: 12.5Gb, iter_time: 1.121s, data_time: 0.982s, total_loss: 1.5, iou_loss: 0.8, l1_loss: 0.0, conf_loss: 0.4, cls_loss: 0.3, lr: 6.024e-04, size: 640, ETA: 3:07:28
2026-08-18 13:25:27 | INFO     | yolox.core.trainer:402 - Save weights to <PROJECT_ROOT>\runs\benchmarks\micropcb_rpi_phash_component_bootstrap_v2_full_e100_b8_i640_w0_s42-43-44_p02facd21ef_dbea2fbaddc_cb773706267\yolox_s_seed43

  0%|          | 0/25 [00:00<?, ?it/s]
  4%|4         | 1/25 [00:00<00:06,  3.58it/s]
  8%|8         | 2/25 [00:00<00:06,  3.39it/s]
 12%|#2        | 3/25 [00:00<00:06,  3.40it/s]
 16%|#6        | 4/25 [00:01<00:06,  3.23it/s]
 20%|##        | 5/25 [00:01<00:06,  3.03it/s]
 24%|##4       | 6/25 [00:01<00:06,  2.92it/s]
 28%|##8       | 7/25 [00:02<00:06,  2.98it/s]
 32%|###2      | 8/25 [00:02<00:05,  3.09it/s]
 36%|###6      | 9/25 [00:02<00:05,  3.18it/s]
 40%|####      | 10/25 [00:03<00:04,  3.21it/s]
 44%|####4     | 11/25 [00:03<00:04,  3.29it/s]
 48%|####8     | 12/25 [00:03<00:03,  3.28it/s]
 52%|#####2    | 13/25 [00:04<00:03,  3.19it/s]
 56%|#####6    | 14/25 [00:04<00:03,  3.25it/s]
 60%|######    | 15/25 [00:04<00:03,  3.15it/s]
 64%|######4   | 16/25 [00:05<00:02,  3.03it/s]
 68%|######8   | 17/25 [00:05<00:02,  3.22it/s]
 72%|#######2  | 18/25 [00:05<00:02,  3.44it/s]
 76%|#######6  | 19/25 [00:05<00:01,  3.61it/s]
 80%|########  | 20/25 [00:06<00:01,  3.74it/s]
 84%|########4 | 21/25 [00:06<00:01,  3.95it/s]
 88%|########8 | 22/25 [00:06<00:00,  3.98it/s]
 92%|#########2| 23/25 [00:06<00:00,  3.75it/s]
 96%|#########6| 24/25 [00:07<00:00,  3.44it/s]
100%|##########| 25/25 [00:07<00:00,  4.21it/s]
100%|##########| 25/25 [00:07<00:00,  3.42it/s]
2026-08-18 13:25:35 | INFO     | mcu_data.yolox_metrics:78 - Evaluate with standard pycocotools COCOeval (no C++ JIT build).
2026-08-18 13:25:35 | INFO     | mcu_data.yolox_metrics:80 - Loading and preparing results...
2026-08-18 13:25:35 | INFO     | mcu_data.yolox_metrics:80 - DONE (t=0.00s)
2026-08-18 13:25:35 | INFO     | pycocotools.coco:367 - creating index...
2026-08-18 13:25:35 | INFO     | pycocotools.coco:367 - index created!
2026-08-18 13:25:35 | INFO     | mcu_data.yolox_metrics:82 - Running per image evaluation...
2026-08-18 13:25:35 | INFO     | mcu_data.yolox_metrics:82 - Evaluate annotation type *bbox*
2026-08-18 13:25:35 | INFO     | mcu_data.yolox_metrics:82 - DONE (t=0.04s).
2026-08-18 13:25:35 | INFO     | mcu_data.yolox_metrics:83 - Accumulating evaluation results...
2026-08-18 13:25:35 | INFO     | mcu_data.yolox_metrics:83 - DONE (t=0.02s).
2026-08-18 13:25:35 | INFO     | yolox.core.trainer:381 - 
Average forward time: 4.99 ms, Average NMS time: 0.91 ms, Average inference time: 5.90 ms
 Average Precision  (AP) @[ IoU=0.50:0.95 | area=   all | maxDets=100 ] = 0.798
 Average Precision  (AP) @[ IoU=0.50      | area=   all | maxDets=100 ] = 1.000
 Average Precision  (AP) @[ IoU=0.75      | area=   all | maxDets=100 ] = 1.000
 Average Precision  (AP) @[ IoU=0.50:0.95 | area= small | maxDets=100 ] = -1.000
 Average Precision  (AP) @[ IoU=0.50:0.95 | area=medium | maxDets=100 ] = -1.000
 Average Precision  (AP) @[ IoU=0.50:0.95 | area= large | maxDets=100 ] = 0.798
 Average Recall     (AR) @[ IoU=0.50:0.95 | area=   all | maxDets=  1 ] = 0.815
 Average Recall     (AR) @[ IoU=0.50:0.95 | area=   all | maxDets= 10 ] = 0.815
 Average Recall     (AR) @[ IoU=0.50:0.95 | area=   all | maxDets=100 ] = 0.815
 Average Recall     (AR) @[ IoU=0.50:0.95 | area= small | maxDets=100 ] = -1.000
 Average Recall     (AR) @[ IoU=0.50:0.95 | area=medium | maxDets=100 ] = -1.000
 Average Recall     (AR) @[ IoU=0.50:0.95 | area= large | maxDets=100 ] = 0.815
per class AP:
| class            | AP     |
|:-----------------|:-------|
| raspberry_pi_sbc | 79.839 |
per class AR:
| class            | AR     |
|:-----------------|:-------|
| raspberry_pi_sbc | 81.487 |

2026-08-18 13:25:35 | INFO     | yolox.core.trainer:402 - Save weights to <PROJECT_ROOT>\runs\benchmarks\micropcb_rpi_phash_component_bootstrap_v2_full_e100_b8_i640_w0_s42-43-44_p02facd21ef_dbea2fbaddc_cb773706267\yolox_s_seed43
[EPOCH 050/100] loss=1.21862 iou=0.63604 conf=0.35263 cls=0.22995 | AP50=1.00000 AP50-95=0.79839 AP75=1.00000 AR100=0.81487 | LR=0.00060147 VRAM_peak=1717.2 MiB
EPOCH_METRICS_JSON {"epoch": 50, "elapsed_s": 11707.075275000068, "epoch_seconds": 222.15415129996836, "iterations": 188, "train_total_loss": 1.2186187943245501, "train_iou_loss": 0.6360427199843082, "train_conf_loss": 0.3526300304034289, "train_cls_loss": 0.2299460456409353, "train_l1_loss": 0.0, "num_fg_mean": 8.553794885782745, "map50_95": 0.7983885825037672, "map50": 1.0, "ap75": 1.0, "ar100": 0.814871794871795, "lr": 0.0006014656615686642, "lr_mean": 0.0006123443562372621, "gpu_peak_allocated_mib": 1717.24560546875, "gpu_peak_reserved_mib": 2234.0, "best_map50_95": 0.8574098026800376}
2026-08-18 13:25:35 | INFO     | yolox.core.trainer:218 - ---> start train epoch51
2026-08-18 13:25:47 | INFO     | yolox.core.trainer:270 - epoch: 51/100, iter: 10/188, gpu mem: 1717Mb, mem: 12.5Gb, iter_time: 1.132s, data_time: 0.975s, total_loss: 1.1, iou_loss: 0.6, l1_loss: 0.0, conf_loss: 0.3, cls_loss: 0.2, lr: 6.003e-04, size: 640, ETA: 3:07:06
2026-08-18 13:25:58 | INFO     | yolox.core.trainer:270 - epoch: 51/100, iter: 20/188, gpu mem: 1717Mb, mem: 12.5Gb, iter_time: 1.149s, data_time: 1.010s, total_loss: 1.7, iou_loss: 0.8, l1_loss: 0.0, conf_loss: 0.6, cls_loss: 0.3, lr: 5.991e-04, size: 640, ETA: 3:06:53
2026-08-18 13:26:10 | INFO     | yolox.core.trainer:270 - epoch: 51/100, iter: 30/188, gpu mem: 1717Mb, mem: 12.5Gb, iter_time: 1.145s, data_time: 1.008s, total_loss: 1.2, iou_loss: 0.6, l1_loss: 0.0, conf_loss: 0.3, cls_loss: 0.2, lr: 5.980e-04, size: 640, ETA: 3:06:41
2026-08-18 13:26:21 | INFO     | yolox.core.trainer:270 - epoch: 51/100, iter: 40/188, gpu mem: 1717Mb, mem: 12.5Gb, iter_time: 1.169s, data_time: 1.033s, total_loss: 1.0, iou_loss: 0.6, l1_loss: 0.0, conf_loss: 0.2, cls_loss: 0.2, lr: 5.968e-04, size: 640, ETA: 3:06:29
2026-08-18 13:26:33 | INFO     | yolox.core.trainer:270 - epoch: 51/100, iter: 50/188, gpu mem: 1717Mb, mem: 12.5Gb, iter_time: 1.153s, data_time: 1.008s, total_loss: 1.1, iou_loss: 0.6, l1_loss: 0.0, conf_loss: 0.3, cls_loss: 0.2, lr: 5.957e-04, size: 640, ETA: 3:06:16
2026-08-18 13:26:43 | INFO     | yolox.core.trainer:270 - epoch: 51/100, iter: 60/188, gpu mem: 1717Mb, mem: 12.5Gb, iter_time: 1.018s, data_time: 0.872s, total_loss: 1.4, iou_loss: 0.7, l1_loss: 0.0, conf_loss: 0.4, cls_loss: 0.2, lr: 5.945e-04, size: 640, ETA: 3:06:02
2026-08-18 13:26:54 | INFO     | yolox.core.trainer:270 - epoch: 51/100, iter: 70/188, gpu mem: 1717Mb, mem: 12.8Gb, iter_time: 1.115s, data_time: 0.973s, total_loss: 1.6, iou_loss: 0.8, l1_loss: 0.0, conf_loss: 0.5, cls_loss: 0.3, lr: 5.933e-04, size: 640, ETA: 3:05:50
2026-08-18 13:27:04 | INFO     | yolox.core.trainer:270 - epoch: 51/100, iter: 80/188, gpu mem: 1717Mb, mem: 12.7Gb, iter_time: 0.948s, data_time: 0.802s, total_loss: 1.3, iou_loss: 0.7, l1_loss: 0.0, conf_loss: 0.4, cls_loss: 0.2, lr: 5.922e-04, size: 640, ETA: 3:05:35
2026-08-18 13:27:13 | INFO     | yolox.core.trainer:270 - epoch: 51/100, iter: 90/188, gpu mem: 1717Mb, mem: 12.9Gb, iter_time: 0.923s, data_time: 0.779s, total_loss: 1.3, iou_loss: 0.7, l1_loss: 0.0, conf_loss: 0.4, cls_loss: 0.2, lr: 5.910e-04, size: 640, ETA: 3:05:21
2026-08-18 13:27:23 | INFO     | yolox.core.trainer:270 - epoch: 51/100, iter: 100/188, gpu mem: 1717Mb, mem: 12.8Gb, iter_time: 0.959s, data_time: 0.813s, total_loss: 1.2, iou_loss: 0.5, l1_loss: 0.0, conf_loss: 0.4, cls_loss: 0.2, lr: 5.899e-04, size: 640, ETA: 3:05:07
2026-08-18 13:27:32 | INFO     | yolox.core.trainer:270 - epoch: 51/100, iter: 110/188, gpu mem: 1717Mb, mem: 12.8Gb, iter_time: 0.925s, data_time: 0.780s, total_loss: 0.9, iou_loss: 0.5, l1_loss: 0.0, conf_loss: 0.2, cls_loss: 0.2, lr: 5.887e-04, size: 640, ETA: 3:04:52
2026-08-18 13:27:42 | INFO     | yolox.core.trainer:270 - epoch: 51/100, iter: 120/188, gpu mem: 1717Mb, mem: 12.8Gb, iter_time: 0.965s, data_time: 0.820s, total_loss: 0.8, iou_loss: 0.4, l1_loss: 0.0, conf_loss: 0.2, cls_loss: 0.2, lr: 5.875e-04, size: 640, ETA: 3:04:38
2026-08-18 13:27:52 | INFO     | yolox.core.trainer:270 - epoch: 51/100, iter: 130/188, gpu mem: 1717Mb, mem: 12.7Gb, iter_time: 0.998s, data_time: 0.853s, total_loss: 1.5, iou_loss: 0.6, l1_loss: 0.0, conf_loss: 0.6, cls_loss: 0.2, lr: 5.864e-04, size: 640, ETA: 3:04:24
2026-08-18 13:28:01 | INFO     | yolox.core.trainer:270 - epoch: 51/100, iter: 140/188, gpu mem: 1717Mb, mem: 12.8Gb, iter_time: 0.963s, data_time: 0.818s, total_loss: 1.5, iou_loss: 0.8, l1_loss: 0.0, conf_loss: 0.4, cls_loss: 0.3, lr: 5.852e-04, size: 640, ETA: 3:04:10
2026-08-18 13:28:11 | INFO     | yolox.core.trainer:270 - epoch: 51/100, iter: 150/188, gpu mem: 1717Mb, mem: 12.8Gb, iter_time: 0.966s, data_time: 0.819s, total_loss: 1.0, iou_loss: 0.5, l1_loss: 0.0, conf_loss: 0.3, cls_loss: 0.2, lr: 5.841e-04, size: 640, ETA: 3:03:56
2026-08-18 13:28:20 | INFO     | yolox.core.trainer:270 - epoch: 51/100, iter: 160/188, gpu mem: 1717Mb, mem: 12.8Gb, iter_time: 0.902s, data_time: 0.755s, total_loss: 1.9, iou_loss: 1.1, l1_loss: 0.0, conf_loss: 0.5, cls_loss: 0.3, lr: 5.829e-04, size: 640, ETA: 3:03:41
2026-08-18 13:28:29 | INFO     | yolox.core.trainer:270 - epoch: 51/100, iter: 170/188, gpu mem: 1717Mb, mem: 12.9Gb, iter_time: 0.928s, data_time: 0.775s, total_loss: 1.6, iou_loss: 0.8, l1_loss: 0.0, conf_loss: 0.5, cls_loss: 0.3, lr: 5.817e-04, size: 640, ETA: 3:03:26
2026-08-18 13:28:38 | INFO     | yolox.core.trainer:270 - epoch: 51/100, iter: 180/188, gpu mem: 1717Mb, mem: 12.9Gb, iter_time: 0.921s, data_time: 0.777s, total_loss: 1.1, iou_loss: 0.6, l1_loss: 0.0, conf_loss: 0.3, cls_loss: 0.2, lr: 5.806e-04, size: 640, ETA: 3:03:12
2026-08-18 13:28:46 | INFO     | yolox.core.trainer:402 - Save weights to <PROJECT_ROOT>\runs\benchmarks\micropcb_rpi_phash_component_bootstrap_v2_full_e100_b8_i640_w0_s42-43-44_p02facd21ef_dbea2fbaddc_cb773706267\yolox_s_seed43

  0%|          | 0/25 [00:00<?, ?it/s]
  4%|4         | 1/25 [00:00<00:06,  3.49it/s]
  8%|8         | 2/25 [00:00<00:06,  3.45it/s]
 12%|#2        | 3/25 [00:00<00:06,  3.42it/s]
 16%|#6        | 4/25 [00:01<00:06,  3.30it/s]
 20%|##        | 5/25 [00:01<00:06,  3.12it/s]
 24%|##4       | 6/25 [00:01<00:06,  3.06it/s]
 28%|##8       | 7/25 [00:02<00:05,  3.12it/s]
 32%|###2      | 8/25 [00:02<00:05,  3.21it/s]
 36%|###6      | 9/25 [00:02<00:04,  3.32it/s]
 40%|####      | 10/25 [00:03<00:04,  3.35it/s]
 44%|####4     | 11/25 [00:03<00:04,  3.37it/s]
 48%|####8     | 12/25 [00:03<00:03,  3.35it/s]
 52%|#####2    | 13/25 [00:03<00:03,  3.30it/s]
 56%|#####6    | 14/25 [00:04<00:03,  3.37it/s]
 60%|######    | 15/25 [00:04<00:03,  3.25it/s]
 64%|######4   | 16/25 [00:04<00:02,  3.17it/s]
 68%|######8   | 17/25 [00:05<00:02,  3.31it/s]
 72%|#######2  | 18/25 [00:05<00:02,  3.48it/s]
 76%|#######6  | 19/25 [00:05<00:01,  3.62it/s]
 80%|########  | 20/25 [00:05<00:01,  3.69it/s]
 84%|########4 | 21/25 [00:06<00:01,  3.85it/s]
 88%|########8 | 22/25 [00:06<00:00,  3.92it/s]
 92%|#########2| 23/25 [00:06<00:00,  3.72it/s]
 96%|#########6| 24/25 [00:07<00:00,  3.51it/s]
100%|##########| 25/25 [00:07<00:00,  4.30it/s]
100%|##########| 25/25 [00:07<00:00,  3.49it/s]
2026-08-18 13:28:53 | INFO     | mcu_data.yolox_metrics:78 - Evaluate with standard pycocotools COCOeval (no C++ JIT build).
2026-08-18 13:28:53 | INFO     | mcu_data.yolox_metrics:80 - Loading and preparing results...
2026-08-18 13:28:53 | INFO     | mcu_data.yolox_metrics:80 - DONE (t=0.00s)
2026-08-18 13:28:53 | INFO     | pycocotools.coco:367 - creating index...
2026-08-18 13:28:53 | INFO     | pycocotools.coco:367 - index created!
2026-08-18 13:28:53 | INFO     | mcu_data.yolox_metrics:82 - Running per image evaluation...
2026-08-18 13:28:53 | INFO     | mcu_data.yolox_metrics:82 - Evaluate annotation type *bbox*
2026-08-18 13:28:53 | INFO     | mcu_data.yolox_metrics:82 - DONE (t=0.05s).
2026-08-18 13:28:53 | INFO     | mcu_data.yolox_metrics:83 - Accumulating evaluation results...
2026-08-18 13:28:53 | INFO     | mcu_data.yolox_metrics:83 - DONE (t=0.01s).
2026-08-18 13:28:53 | INFO     | yolox.core.trainer:381 - 
Average forward time: 5.64 ms, Average NMS time: 0.91 ms, Average inference time: 6.55 ms
 Average Precision  (AP) @[ IoU=0.50:0.95 | area=   all | maxDets=100 ] = 0.812
 Average Precision  (AP) @[ IoU=0.50      | area=   all | maxDets=100 ] = 1.000
 Average Precision  (AP) @[ IoU=0.75      | area=   all | maxDets=100 ] = 1.000
 Average Precision  (AP) @[ IoU=0.50:0.95 | area= small | maxDets=100 ] = -1.000
 Average Precision  (AP) @[ IoU=0.50:0.95 | area=medium | maxDets=100 ] = -1.000
 Average Precision  (AP) @[ IoU=0.50:0.95 | area= large | maxDets=100 ] = 0.812
 Average Recall     (AR) @[ IoU=0.50:0.95 | area=   all | maxDets=  1 ] = 0.836
 Average Recall     (AR) @[ IoU=0.50:0.95 | area=   all | maxDets= 10 ] = 0.836
 Average Recall     (AR) @[ IoU=0.50:0.95 | area=   all | maxDets=100 ] = 0.836
 Average Recall     (AR) @[ IoU=0.50:0.95 | area= small | maxDets=100 ] = -1.000
 Average Recall     (AR) @[ IoU=0.50:0.95 | area=medium | maxDets=100 ] = -1.000
 Average Recall     (AR) @[ IoU=0.50:0.95 | area= large | maxDets=100 ] = 0.836
per class AP:
| class            | AP     |
|:-----------------|:-------|
| raspberry_pi_sbc | 81.180 |
per class AR:
| class            | AR     |
|:-----------------|:-------|
| raspberry_pi_sbc | 83.641 |

2026-08-18 13:28:53 | INFO     | yolox.core.trainer:402 - Save weights to <PROJECT_ROOT>\runs\benchmarks\micropcb_rpi_phash_component_bootstrap_v2_full_e100_b8_i640_w0_s42-43-44_p02facd21ef_dbea2fbaddc_cb773706267\yolox_s_seed43
[EPOCH 051/100] loss=1.26034 iou=0.65725 conf=0.36879 cls=0.23430 | AP50=1.00000 AP50-95=0.81180 AP75=1.00000 AR100=0.83641 | LR=0.00057966 VRAM_peak=1717.2 MiB
EPOCH_METRICS_JSON {"epoch": 51, "elapsed_s": 11905.662247700035, "epoch_seconds": 197.89550089999102, "iterations": 188, "train_total_loss": 1.2603360579368916, "train_iou_loss": 0.6572517448283256, "train_conf_loss": 0.3687889642141601, "train_cls_loss": 0.23429535091557402, "train_l1_loss": 0.0, "num_fg_mean": 8.505998772676001, "map50_95": 0.8118034167957513, "map50": 1.0, "ap75": 1.0, "ar100": 0.8364102564102565, "lr": 0.0005796567151851917, "lr_mean": 0.0005904957072807768, "gpu_peak_allocated_mib": 1717.24755859375, "gpu_peak_reserved_mib": 2234.0, "best_map50_95": 0.8574098026800376}
2026-08-18 13:28:54 | INFO     | yolox.core.trainer:218 - ---> start train epoch52
2026-08-18 13:29:04 | INFO     | yolox.core.trainer:270 - epoch: 52/100, iter: 10/188, gpu mem: 1717Mb, mem: 13.0Gb, iter_time: 0.967s, data_time: 0.819s, total_loss: 1.1, iou_loss: 0.5, l1_loss: 0.0, conf_loss: 0.4, cls_loss: 0.2, lr: 5.785e-04, size: 640, ETA: 3:02:46
2026-08-18 13:29:13 | INFO     | yolox.core.trainer:270 - epoch: 52/100, iter: 20/188, gpu mem: 1717Mb, mem: 13.0Gb, iter_time: 0.984s, data_time: 0.836s, total_loss: 1.1, iou_loss: 0.5, l1_loss: 0.0, conf_loss: 0.3, cls_loss: 0.2, lr: 5.773e-04, size: 640, ETA: 3:02:32
2026-08-18 13:29:23 | INFO     | yolox.core.trainer:270 - epoch: 52/100, iter: 30/188, gpu mem: 1717Mb, mem: 13.1Gb, iter_time: 0.967s, data_time: 0.819s, total_loss: 0.7, iou_loss: 0.4, l1_loss: 0.0, conf_loss: 0.2, cls_loss: 0.2, lr: 5.762e-04, size: 640, ETA: 3:02:18
2026-08-18 13:29:33 | INFO     | yolox.core.trainer:270 - epoch: 52/100, iter: 40/188, gpu mem: 1717Mb, mem: 13.0Gb, iter_time: 0.966s, data_time: 0.821s, total_loss: 0.9, iou_loss: 0.5, l1_loss: 0.0, conf_loss: 0.2, cls_loss: 0.2, lr: 5.750e-04, size: 640, ETA: 3:02:04
2026-08-18 13:29:42 | INFO     | yolox.core.trainer:270 - epoch: 52/100, iter: 50/188, gpu mem: 1717Mb, mem: 13.0Gb, iter_time: 0.944s, data_time: 0.801s, total_loss: 0.9, iou_loss: 0.5, l1_loss: 0.0, conf_loss: 0.2, cls_loss: 0.2, lr: 5.739e-04, size: 640, ETA: 3:01:50
2026-08-18 13:29:52 | INFO     | yolox.core.trainer:270 - epoch: 52/100, iter: 60/188, gpu mem: 1717Mb, mem: 13.0Gb, iter_time: 0.935s, data_time: 0.789s, total_loss: 1.3, iou_loss: 0.8, l1_loss: 0.0, conf_loss: 0.2, cls_loss: 0.3, lr: 5.727e-04, size: 640, ETA: 3:01:36
2026-08-18 13:30:01 | INFO     | yolox.core.trainer:270 - epoch: 52/100, iter: 70/188, gpu mem: 1717Mb, mem: 13.0Gb, iter_time: 0.938s, data_time: 0.795s, total_loss: 1.3, iou_loss: 0.7, l1_loss: 0.0, conf_loss: 0.4, cls_loss: 0.2, lr: 5.716e-04, size: 640, ETA: 3:01:21
2026-08-18 13:30:11 | INFO     | yolox.core.trainer:270 - epoch: 52/100, iter: 80/188, gpu mem: 1717Mb, mem: 13.0Gb, iter_time: 0.984s, data_time: 0.839s, total_loss: 1.2, iou_loss: 0.6, l1_loss: 0.0, conf_loss: 0.4, cls_loss: 0.2, lr: 5.704e-04, size: 640, ETA: 3:01:07
2026-08-18 13:30:20 | INFO     | yolox.core.trainer:270 - epoch: 52/100, iter: 90/188, gpu mem: 1717Mb, mem: 13.0Gb, iter_time: 0.933s, data_time: 0.788s, total_loss: 1.1, iou_loss: 0.6, l1_loss: 0.0, conf_loss: 0.2, cls_loss: 0.2, lr: 5.693e-04, size: 640, ETA: 3:00:53
2026-08-18 13:30:30 | INFO     | yolox.core.trainer:270 - epoch: 52/100, iter: 100/188, gpu mem: 1717Mb, mem: 12.9Gb, iter_time: 0.962s, data_time: 0.814s, total_loss: 1.4, iou_loss: 0.6, l1_loss: 0.0, conf_loss: 0.6, cls_loss: 0.2, lr: 5.681e-04, size: 640, ETA: 3:00:39
2026-08-18 13:30:40 | INFO     | yolox.core.trainer:270 - epoch: 52/100, iter: 110/188, gpu mem: 1717Mb, mem: 13.1Gb, iter_time: 0.983s, data_time: 0.836s, total_loss: 1.2, iou_loss: 0.6, l1_loss: 0.0, conf_loss: 0.3, cls_loss: 0.2, lr: 5.669e-04, size: 640, ETA: 3:00:25
2026-08-18 13:30:49 | INFO     | yolox.core.trainer:270 - epoch: 52/100, iter: 120/188, gpu mem: 1717Mb, mem: 13.2Gb, iter_time: 0.961s, data_time: 0.818s, total_loss: 1.0, iou_loss: 0.5, l1_loss: 0.0, conf_loss: 0.3, cls_loss: 0.2, lr: 5.658e-04, size: 640, ETA: 3:00:11
2026-08-18 13:30:58 | INFO     | yolox.core.trainer:270 - epoch: 52/100, iter: 130/188, gpu mem: 1717Mb, mem: 13.1Gb, iter_time: 0.921s, data_time: 0.772s, total_loss: 1.0, iou_loss: 0.6, l1_loss: 0.0, conf_loss: 0.2, cls_loss: 0.2, lr: 5.646e-04, size: 640, ETA: 2:59:57
2026-08-18 13:31:08 | INFO     | yolox.core.trainer:270 - epoch: 52/100, iter: 140/188, gpu mem: 1717Mb, mem: 13.0Gb, iter_time: 0.963s, data_time: 0.814s, total_loss: 1.4, iou_loss: 0.8, l1_loss: 0.0, conf_loss: 0.3, cls_loss: 0.3, lr: 5.635e-04, size: 640, ETA: 2:59:43
2026-08-18 13:31:17 | INFO     | yolox.core.trainer:270 - epoch: 52/100, iter: 150/188, gpu mem: 1717Mb, mem: 13.1Gb, iter_time: 0.936s, data_time: 0.790s, total_loss: 1.3, iou_loss: 0.7, l1_loss: 0.0, conf_loss: 0.4, cls_loss: 0.2, lr: 5.623e-04, size: 640, ETA: 2:59:29
2026-08-18 13:31:27 | INFO     | yolox.core.trainer:270 - epoch: 52/100, iter: 160/188, gpu mem: 1717Mb, mem: 13.0Gb, iter_time: 0.935s, data_time: 0.788s, total_loss: 1.1, iou_loss: 0.6, l1_loss: 0.0, conf_loss: 0.4, cls_loss: 0.2, lr: 5.612e-04, size: 640, ETA: 2:59:14
2026-08-18 13:31:36 | INFO     | yolox.core.trainer:270 - epoch: 52/100, iter: 170/188, gpu mem: 1717Mb, mem: 13.0Gb, iter_time: 0.915s, data_time: 0.768s, total_loss: 1.1, iou_loss: 0.6, l1_loss: 0.0, conf_loss: 0.3, cls_loss: 0.2, lr: 5.600e-04, size: 640, ETA: 2:59:00
2026-08-18 13:31:45 | INFO     | yolox.core.trainer:270 - epoch: 52/100, iter: 180/188, gpu mem: 1717Mb, mem: 13.0Gb, iter_time: 0.934s, data_time: 0.784s, total_loss: 1.2, iou_loss: 0.5, l1_loss: 0.0, conf_loss: 0.5, cls_loss: 0.2, lr: 5.589e-04, size: 640, ETA: 2:58:46
2026-08-18 13:31:53 | INFO     | yolox.core.trainer:402 - Save weights to <PROJECT_ROOT>\runs\benchmarks\micropcb_rpi_phash_component_bootstrap_v2_full_e100_b8_i640_w0_s42-43-44_p02facd21ef_dbea2fbaddc_cb773706267\yolox_s_seed43

  0%|          | 0/25 [00:00<?, ?it/s]
  4%|4         | 1/25 [00:00<00:06,  3.62it/s]
  8%|8         | 2/25 [00:00<00:06,  3.45it/s]
 12%|#2        | 3/25 [00:00<00:06,  3.47it/s]
 16%|#6        | 4/25 [00:01<00:06,  3.28it/s]
 20%|##        | 5/25 [00:01<00:06,  3.11it/s]
 24%|##4       | 6/25 [00:01<00:06,  3.07it/s]
 28%|##8       | 7/25 [00:02<00:06,  3.00it/s]
 32%|###2      | 8/25 [00:02<00:05,  3.12it/s]
 36%|###6      | 9/25 [00:02<00:04,  3.25it/s]
 40%|####      | 10/25 [00:03<00:04,  3.27it/s]
 44%|####4     | 11/25 [00:03<00:04,  3.34it/s]
 48%|####8     | 12/25 [00:03<00:03,  3.36it/s]
 52%|#####2    | 13/25 [00:03<00:03,  3.30it/s]
 56%|#####6    | 14/25 [00:04<00:03,  3.36it/s]
 60%|######    | 15/25 [00:04<00:03,  3.29it/s]
 64%|######4   | 16/25 [00:04<00:02,  3.21it/s]
 68%|######8   | 17/25 [00:05<00:02,  3.36it/s]
 72%|#######2  | 18/25 [00:05<00:01,  3.57it/s]
 76%|#######6  | 19/25 [00:05<00:01,  3.73it/s]
 80%|########  | 20/25 [00:05<00:01,  3.80it/s]
 84%|########4 | 21/25 [00:06<00:01,  3.93it/s]
 88%|########8 | 22/25 [00:06<00:00,  4.01it/s]
 92%|#########2| 23/25 [00:06<00:00,  3.87it/s]
 96%|#########6| 24/25 [00:06<00:00,  3.62it/s]
100%|##########| 25/25 [00:07<00:00,  4.41it/s]
100%|##########| 25/25 [00:07<00:00,  3.52it/s]
2026-08-18 13:32:01 | INFO     | mcu_data.yolox_metrics:78 - Evaluate with standard pycocotools COCOeval (no C++ JIT build).
2026-08-18 13:32:01 | INFO     | mcu_data.yolox_metrics:80 - Loading and preparing results...
2026-08-18 13:32:01 | INFO     | mcu_data.yolox_metrics:80 - DONE (t=0.00s)
2026-08-18 13:32:01 | INFO     | pycocotools.coco:367 - creating index...
2026-08-18 13:32:01 | INFO     | pycocotools.coco:367 - index created!
2026-08-18 13:32:01 | INFO     | mcu_data.yolox_metrics:82 - Running per image evaluation...
2026-08-18 13:32:01 | INFO     | mcu_data.yolox_metrics:82 - Evaluate annotation type *bbox*
2026-08-18 13:32:01 | INFO     | mcu_data.yolox_metrics:82 - DONE (t=0.05s).
2026-08-18 13:32:01 | INFO     | mcu_data.yolox_metrics:83 - Accumulating evaluation results...
2026-08-18 13:32:01 | INFO     | mcu_data.yolox_metrics:83 - DONE (t=0.01s).
2026-08-18 13:32:01 | INFO     | yolox.core.trainer:381 - 
Average forward time: 5.43 ms, Average NMS time: 0.90 ms, Average inference time: 6.33 ms
 Average Precision  (AP) @[ IoU=0.50:0.95 | area=   all | maxDets=100 ] = 0.817
 Average Precision  (AP) @[ IoU=0.50      | area=   all | maxDets=100 ] = 1.000
 Average Precision  (AP) @[ IoU=0.75      | area=   all | maxDets=100 ] = 1.000
 Average Precision  (AP) @[ IoU=0.50:0.95 | area= small | maxDets=100 ] = -1.000
 Average Precision  (AP) @[ IoU=0.50:0.95 | area=medium | maxDets=100 ] = -1.000
 Average Precision  (AP) @[ IoU=0.50:0.95 | area= large | maxDets=100 ] = 0.817
 Average Recall     (AR) @[ IoU=0.50:0.95 | area=   all | maxDets=  1 ] = 0.836
 Average Recall     (AR) @[ IoU=0.50:0.95 | area=   all | maxDets= 10 ] = 0.836
 Average Recall     (AR) @[ IoU=0.50:0.95 | area=   all | maxDets=100 ] = 0.836
 Average Recall     (AR) @[ IoU=0.50:0.95 | area= small | maxDets=100 ] = -1.000
 Average Recall     (AR) @[ IoU=0.50:0.95 | area=medium | maxDets=100 ] = -1.000
 Average Recall     (AR) @[ IoU=0.50:0.95 | area= large | maxDets=100 ] = 0.836
per class AP:
| class            | AP     |
|:-----------------|:-------|
| raspberry_pi_sbc | 81.677 |
per class AR:
| class            | AR     |
|:-----------------|:-------|
| raspberry_pi_sbc | 83.590 |

2026-08-18 13:32:01 | INFO     | yolox.core.trainer:402 - Save weights to <PROJECT_ROOT>\runs\benchmarks\micropcb_rpi_phash_component_bootstrap_v2_full_e100_b8_i640_w0_s42-43-44_p02facd21ef_dbea2fbaddc_cb773706267\yolox_s_seed43
[EPOCH 052/100] loss=1.20421 iou=0.63217 conf=0.34276 cls=0.22928 | AP50=1.00000 AP50-95=0.81677 AP75=1.00000 AR100=0.83590 | LR=0.00055795 VRAM_peak=1717.2 MiB
EPOCH_METRICS_JSON {"epoch": 52, "elapsed_s": 12093.192787799984, "epoch_seconds": 187.01498919993173, "iterations": 188, "train_total_loss": 1.2042093207227422, "train_iou_loss": 0.6321722378439092, "train_conf_loss": 0.34276031457046247, "train_cls_loss": 0.22927677227144547, "train_l1_loss": 0.0, "num_fg_mean": 8.556699940185961, "map50_95": 0.8167746694566922, "map50": 1.0, "ap75": 1.0, "ar100": 0.8358974358974359, "lr": 0.0005579523860156728, "lr_mean": 0.0005687368707788226, "gpu_peak_allocated_mib": 1717.24755859375, "gpu_peak_reserved_mib": 2234.0, "best_map50_95": 0.8574098026800376}
2026-08-18 13:32:02 | INFO     | yolox.core.trainer:218 - ---> start train epoch53
2026-08-18 13:32:11 | INFO     | yolox.core.trainer:270 - epoch: 53/100, iter: 10/188, gpu mem: 1717Mb, mem: 13.2Gb, iter_time: 0.985s, data_time: 0.841s, total_loss: 1.2, iou_loss: 0.6, l1_loss: 0.0, conf_loss: 0.3, cls_loss: 0.2, lr: 5.568e-04, size: 640, ETA: 2:58:21
2026-08-18 13:32:21 | INFO     | yolox.core.trainer:270 - epoch: 53/100, iter: 20/188, gpu mem: 1717Mb, mem: 13.3Gb, iter_time: 0.968s, data_time: 0.823s, total_loss: 0.9, iou_loss: 0.5, l1_loss: 0.0, conf_loss: 0.3, cls_loss: 0.2, lr: 5.557e-04, size: 640, ETA: 2:58:07
2026-08-18 13:32:31 | INFO     | yolox.core.trainer:270 - epoch: 53/100, iter: 30/188, gpu mem: 1717Mb, mem: 13.2Gb, iter_time: 0.982s, data_time: 0.836s, total_loss: 1.0, iou_loss: 0.5, l1_loss: 0.0, conf_loss: 0.3, cls_loss: 0.2, lr: 5.545e-04, size: 640, ETA: 2:57:54
2026-08-18 13:32:41 | INFO     | yolox.core.trainer:270 - epoch: 53/100, iter: 40/188, gpu mem: 1717Mb, mem: 13.2Gb, iter_time: 0.973s, data_time: 0.825s, total_loss: 1.0, iou_loss: 0.6, l1_loss: 0.0, conf_loss: 0.1, cls_loss: 0.2, lr: 5.534e-04, size: 640, ETA: 2:57:40
2026-08-18 13:32:50 | INFO     | yolox.core.trainer:270 - epoch: 53/100, iter: 50/188, gpu mem: 1717Mb, mem: 13.1Gb, iter_time: 0.949s, data_time: 0.802s, total_loss: 1.1, iou_loss: 0.6, l1_loss: 0.0, conf_loss: 0.3, cls_loss: 0.2, lr: 5.522e-04, size: 640, ETA: 2:57:26
2026-08-18 13:33:00 | INFO     | yolox.core.trainer:270 - epoch: 53/100, iter: 60/188, gpu mem: 1717Mb, mem: 13.0Gb, iter_time: 0.940s, data_time: 0.798s, total_loss: 1.8, iou_loss: 1.1, l1_loss: 0.0, conf_loss: 0.4, cls_loss: 0.3, lr: 5.511e-04, size: 640, ETA: 2:57:12
2026-08-18 13:33:09 | INFO     | yolox.core.trainer:270 - epoch: 53/100, iter: 70/188, gpu mem: 1717Mb, mem: 13.0Gb, iter_time: 0.991s, data_time: 0.847s, total_loss: 1.5, iou_loss: 0.7, l1_loss: 0.0, conf_loss: 0.6, cls_loss: 0.2, lr: 5.499e-04, size: 640, ETA: 2:56:58
2026-08-18 13:33:19 | INFO     | yolox.core.trainer:270 - epoch: 53/100, iter: 80/188, gpu mem: 1717Mb, mem: 13.0Gb, iter_time: 0.962s, data_time: 0.819s, total_loss: 1.1, iou_loss: 0.6, l1_loss: 0.0, conf_loss: 0.3, cls_loss: 0.2, lr: 5.488e-04, size: 640, ETA: 2:56:44
2026-08-18 13:33:29 | INFO     | yolox.core.trainer:270 - epoch: 53/100, iter: 90/188, gpu mem: 1717Mb, mem: 13.0Gb, iter_time: 1.010s, data_time: 0.865s, total_loss: 1.3, iou_loss: 0.7, l1_loss: 0.0, conf_loss: 0.3, cls_loss: 0.2, lr: 5.476e-04, size: 640, ETA: 2:56:31
2026-08-18 13:33:39 | INFO     | yolox.core.trainer:270 - epoch: 53/100, iter: 100/188, gpu mem: 1717Mb, mem: 13.1Gb, iter_time: 1.024s, data_time: 0.877s, total_loss: 1.0, iou_loss: 0.5, l1_loss: 0.0, conf_loss: 0.2, cls_loss: 0.2, lr: 5.465e-04, size: 640, ETA: 2:56:17
2026-08-18 13:33:49 | INFO     | yolox.core.trainer:270 - epoch: 53/100, iter: 110/188, gpu mem: 1717Mb, mem: 13.2Gb, iter_time: 0.980s, data_time: 0.837s, total_loss: 1.4, iou_loss: 0.7, l1_loss: 0.0, conf_loss: 0.3, cls_loss: 0.3, lr: 5.453e-04, size: 640, ETA: 2:56:04
2026-08-18 13:33:58 | INFO     | yolox.core.trainer:270 - epoch: 53/100, iter: 120/188, gpu mem: 1717Mb, mem: 13.1Gb, iter_time: 0.900s, data_time: 0.757s, total_loss: 1.3, iou_loss: 0.6, l1_loss: 0.0, conf_loss: 0.5, cls_loss: 0.2, lr: 5.442e-04, size: 640, ETA: 2:55:49
2026-08-18 13:34:08 | INFO     | yolox.core.trainer:270 - epoch: 53/100, iter: 130/188, gpu mem: 1717Mb, mem: 13.2Gb, iter_time: 0.919s, data_time: 0.775s, total_loss: 1.3, iou_loss: 0.7, l1_loss: 0.0, conf_loss: 0.3, cls_loss: 0.3, lr: 5.430e-04, size: 640, ETA: 2:55:35
2026-08-18 13:34:17 | INFO     | yolox.core.trainer:270 - epoch: 53/100, iter: 140/188, gpu mem: 1717Mb, mem: 13.2Gb, iter_time: 0.972s, data_time: 0.828s, total_loss: 1.2, iou_loss: 0.6, l1_loss: 0.0, conf_loss: 0.3, cls_loss: 0.2, lr: 5.419e-04, size: 640, ETA: 2:55:21
2026-08-18 13:34:27 | INFO     | yolox.core.trainer:270 - epoch: 53/100, iter: 150/188, gpu mem: 1717Mb, mem: 13.2Gb, iter_time: 0.951s, data_time: 0.806s, total_loss: 1.2, iou_loss: 0.7, l1_loss: 0.0, conf_loss: 0.3, cls_loss: 0.2, lr: 5.407e-04, size: 640, ETA: 2:55:07
2026-08-18 13:34:37 | INFO     | yolox.core.trainer:270 - epoch: 53/100, iter: 160/188, gpu mem: 1717Mb, mem: 13.2Gb, iter_time: 1.011s, data_time: 0.867s, total_loss: 1.1, iou_loss: 0.6, l1_loss: 0.0, conf_loss: 0.2, cls_loss: 0.2, lr: 5.396e-04, size: 640, ETA: 2:54:54
2026-08-18 13:34:46 | INFO     | yolox.core.trainer:270 - epoch: 53/100, iter: 170/188, gpu mem: 1717Mb, mem: 13.2Gb, iter_time: 0.928s, data_time: 0.785s, total_loss: 1.1, iou_loss: 0.6, l1_loss: 0.0, conf_loss: 0.3, cls_loss: 0.2, lr: 5.384e-04, size: 640, ETA: 2:54:40
2026-08-18 13:34:56 | INFO     | yolox.core.trainer:270 - epoch: 53/100, iter: 180/188, gpu mem: 1717Mb, mem: 13.1Gb, iter_time: 0.934s, data_time: 0.791s, total_loss: 1.0, iou_loss: 0.5, l1_loss: 0.0, conf_loss: 0.2, cls_loss: 0.2, lr: 5.373e-04, size: 640, ETA: 2:54:26
2026-08-18 13:35:03 | INFO     | yolox.core.trainer:402 - Save weights to <PROJECT_ROOT>\runs\benchmarks\micropcb_rpi_phash_component_bootstrap_v2_full_e100_b8_i640_w0_s42-43-44_p02facd21ef_dbea2fbaddc_cb773706267\yolox_s_seed43

  0%|          | 0/25 [00:00<?, ?it/s]
  4%|4         | 1/25 [00:00<00:06,  3.79it/s]
  8%|8         | 2/25 [00:00<00:06,  3.56it/s]
 12%|#2        | 3/25 [00:00<00:06,  3.58it/s]
 16%|#6        | 4/25 [00:01<00:06,  3.43it/s]
 20%|##        | 5/25 [00:01<00:06,  3.17it/s]
 24%|##4       | 6/25 [00:01<00:06,  3.11it/s]
 28%|##8       | 7/25 [00:02<00:05,  3.20it/s]
 32%|###2      | 8/25 [00:02<00:05,  3.27it/s]
 36%|###6      | 9/25 [00:02<00:04,  3.35it/s]
 40%|####      | 10/25 [00:02<00:04,  3.36it/s]
 44%|####4     | 11/25 [00:03<00:04,  3.41it/s]
 48%|####8     | 12/25 [00:03<00:03,  3.42it/s]
 52%|#####2    | 13/25 [00:03<00:03,  3.35it/s]
 56%|#####6    | 14/25 [00:04<00:03,  3.39it/s]
 60%|######    | 15/25 [00:04<00:03,  3.31it/s]
 64%|######4   | 16/25 [00:04<00:02,  3.21it/s]
 68%|######8   | 17/25 [00:05<00:02,  3.38it/s]
 72%|#######2  | 18/25 [00:05<00:01,  3.57it/s]
 76%|#######6  | 19/25 [00:05<00:01,  3.70it/s]
 80%|########  | 20/25 [00:05<00:01,  3.80it/s]
 84%|########4 | 21/25 [00:06<00:01,  3.95it/s]
 88%|########8 | 22/25 [00:06<00:00,  3.97it/s]
 92%|#########2| 23/25 [00:06<00:00,  3.78it/s]
 96%|#########6| 24/25 [00:06<00:00,  3.57it/s]
100%|##########| 25/25 [00:07<00:00,  4.30it/s]
100%|##########| 25/25 [00:07<00:00,  3.56it/s]
2026-08-18 13:35:10 | INFO     | mcu_data.yolox_metrics:78 - Evaluate with standard pycocotools COCOeval (no C++ JIT build).
2026-08-18 13:35:10 | INFO     | mcu_data.yolox_metrics:80 - Loading and preparing results...
2026-08-18 13:35:10 | INFO     | mcu_data.yolox_metrics:80 - DONE (t=0.00s)
2026-08-18 13:35:10 | INFO     | pycocotools.coco:367 - creating index...
2026-08-18 13:35:10 | INFO     | pycocotools.coco:367 - index created!
2026-08-18 13:35:10 | INFO     | mcu_data.yolox_metrics:82 - Running per image evaluation...
2026-08-18 13:35:10 | INFO     | mcu_data.yolox_metrics:82 - Evaluate annotation type *bbox*
2026-08-18 13:35:10 | INFO     | mcu_data.yolox_metrics:82 - DONE (t=0.04s).
2026-08-18 13:35:10 | INFO     | mcu_data.yolox_metrics:83 - Accumulating evaluation results...
2026-08-18 13:35:10 | INFO     | mcu_data.yolox_metrics:83 - DONE (t=0.01s).
2026-08-18 13:35:10 | INFO     | yolox.core.trainer:381 - 
Average forward time: 5.43 ms, Average NMS time: 0.89 ms, Average inference time: 6.31 ms
 Average Precision  (AP) @[ IoU=0.50:0.95 | area=   all | maxDets=100 ] = 0.815
 Average Precision  (AP) @[ IoU=0.50      | area=   all | maxDets=100 ] = 1.000
 Average Precision  (AP) @[ IoU=0.75      | area=   all | maxDets=100 ] = 1.000
 Average Precision  (AP) @[ IoU=0.50:0.95 | area= small | maxDets=100 ] = -1.000
 Average Precision  (AP) @[ IoU=0.50:0.95 | area=medium | maxDets=100 ] = -1.000
 Average Precision  (AP) @[ IoU=0.50:0.95 | area= large | maxDets=100 ] = 0.815
 Average Recall     (AR) @[ IoU=0.50:0.95 | area=   all | maxDets=  1 ] = 0.835
 Average Recall     (AR) @[ IoU=0.50:0.95 | area=   all | maxDets= 10 ] = 0.835
 Average Recall     (AR) @[ IoU=0.50:0.95 | area=   all | maxDets=100 ] = 0.835
 Average Recall     (AR) @[ IoU=0.50:0.95 | area= small | maxDets=100 ] = -1.000
 Average Recall     (AR) @[ IoU=0.50:0.95 | area=medium | maxDets=100 ] = -1.000
 Average Recall     (AR) @[ IoU=0.50:0.95 | area= large | maxDets=100 ] = 0.835
per class AP:
| class            | AP     |
|:-----------------|:-------|
| raspberry_pi_sbc | 81.500 |
per class AR:
| class            | AR     |
|:-----------------|:-------|
| raspberry_pi_sbc | 83.487 |

2026-08-18 13:35:10 | INFO     | yolox.core.trainer:402 - Save weights to <PROJECT_ROOT>\runs\benchmarks\micropcb_rpi_phash_component_bootstrap_v2_full_e100_b8_i640_w0_s42-43-44_p02facd21ef_dbea2fbaddc_cb773706267\yolox_s_seed43
[EPOCH 053/100] loss=1.20972 iou=0.63023 conf=0.35323 cls=0.22626 | AP50=1.00000 AP50-95=0.81500 AP75=1.00000 AR100=0.83487 | LR=0.00053638 VRAM_peak=1717.2 MiB
EPOCH_METRICS_JSON {"epoch": 53, "elapsed_s": 12282.90277080005, "epoch_seconds": 189.03973930003121, "iterations": 188, "train_total_loss": 1.2097205028254936, "train_iou_loss": 0.630232425921775, "train_conf_loss": 0.3532313765125706, "train_cls_loss": 0.22625669424838207, "train_l1_loss": 0.0, "num_fg_mean": 8.496890220998207, "map50_95": 0.815000254008349, "map50": 1.0, "ap75": 1.0, "ar100": 0.834871794871795, "lr": 0.0005363823195630253, "lr_mean": 0.0005470975666847752, "gpu_peak_allocated_mib": 1717.24755859375, "gpu_peak_reserved_mib": 2234.0, "best_map50_95": 0.8574098026800376}
2026-08-18 13:35:11 | INFO     | yolox.core.trainer:218 - ---> start train epoch54
2026-08-18 13:35:21 | INFO     | yolox.core.trainer:270 - epoch: 54/100, iter: 10/188, gpu mem: 1717Mb, mem: 13.2Gb, iter_time: 0.972s, data_time: 0.825s, total_loss: 1.7, iou_loss: 0.8, l1_loss: 0.0, conf_loss: 0.6, cls_loss: 0.3, lr: 5.352e-04, size: 640, ETA: 2:54:01
2026-08-18 13:35:30 | INFO     | yolox.core.trainer:270 - epoch: 54/100, iter: 20/188, gpu mem: 1717Mb, mem: 13.1Gb, iter_time: 0.945s, data_time: 0.803s, total_loss: 1.4, iou_loss: 0.7, l1_loss: 0.0, conf_loss: 0.5, cls_loss: 0.3, lr: 5.341e-04, size: 640, ETA: 2:53:47
2026-08-18 13:35:40 | INFO     | yolox.core.trainer:270 - epoch: 54/100, iter: 30/188, gpu mem: 1717Mb, mem: 13.1Gb, iter_time: 0.994s, data_time: 0.853s, total_loss: 1.0, iou_loss: 0.5, l1_loss: 0.0, conf_loss: 0.3, cls_loss: 0.2, lr: 5.330e-04, size: 640, ETA: 2:53:34
2026-08-18 13:35:50 | INFO     | yolox.core.trainer:270 - epoch: 54/100, iter: 40/188, gpu mem: 1717Mb, mem: 13.1Gb, iter_time: 0.967s, data_time: 0.824s, total_loss: 1.6, iou_loss: 0.9, l1_loss: 0.0, conf_loss: 0.4, cls_loss: 0.3, lr: 5.318e-04, size: 640, ETA: 2:53:20
2026-08-18 13:36:00 | INFO     | yolox.core.trainer:270 - epoch: 54/100, iter: 50/188, gpu mem: 1717Mb, mem: 13.0Gb, iter_time: 0.997s, data_time: 0.853s, total_loss: 0.8, iou_loss: 0.4, l1_loss: 0.0, conf_loss: 0.2, cls_loss: 0.2, lr: 5.307e-04, size: 640, ETA: 2:53:06
2026-08-18 13:36:10 | INFO     | yolox.core.trainer:270 - epoch: 54/100, iter: 60/188, gpu mem: 1717Mb, mem: 13.1Gb, iter_time: 0.976s, data_time: 0.836s, total_loss: 1.2, iou_loss: 0.5, l1_loss: 0.0, conf_loss: 0.5, cls_loss: 0.2, lr: 5.295e-04, size: 640, ETA: 2:52:53
2026-08-18 13:36:19 | INFO     | yolox.core.trainer:270 - epoch: 54/100, iter: 70/188, gpu mem: 1717Mb, mem: 13.0Gb, iter_time: 0.925s, data_time: 0.782s, total_loss: 1.4, iou_loss: 0.8, l1_loss: 0.0, conf_loss: 0.4, cls_loss: 0.3, lr: 5.284e-04, size: 640, ETA: 2:52:39
2026-08-18 13:36:29 | INFO     | yolox.core.trainer:270 - epoch: 54/100, iter: 80/188, gpu mem: 1717Mb, mem: 13.0Gb, iter_time: 0.966s, data_time: 0.824s, total_loss: 0.8, iou_loss: 0.4, l1_loss: 0.0, conf_loss: 0.1, cls_loss: 0.2, lr: 5.273e-04, size: 640, ETA: 2:52:25
2026-08-18 13:36:39 | INFO     | yolox.core.trainer:270 - epoch: 54/100, iter: 90/188, gpu mem: 1717Mb, mem: 13.0Gb, iter_time: 0.996s, data_time: 0.853s, total_loss: 0.7, iou_loss: 0.4, l1_loss: 0.0, conf_loss: 0.2, cls_loss: 0.2, lr: 5.261e-04, size: 640, ETA: 2:52:12
2026-08-18 13:36:49 | INFO     | yolox.core.trainer:270 - epoch: 54/100, iter: 100/188, gpu mem: 1717Mb, mem: 13.0Gb, iter_time: 0.998s, data_time: 0.857s, total_loss: 1.1, iou_loss: 0.6, l1_loss: 0.0, conf_loss: 0.3, cls_loss: 0.2, lr: 5.250e-04, size: 640, ETA: 2:51:58
2026-08-18 13:36:58 | INFO     | yolox.core.trainer:270 - epoch: 54/100, iter: 110/188, gpu mem: 1717Mb, mem: 13.0Gb, iter_time: 0.959s, data_time: 0.802s, total_loss: 1.2, iou_loss: 0.7, l1_loss: 0.0, conf_loss: 0.2, cls_loss: 0.2, lr: 5.238e-04, size: 640, ETA: 2:51:44
2026-08-18 13:37:09 | INFO     | yolox.core.trainer:270 - epoch: 54/100, iter: 120/188, gpu mem: 1717Mb, mem: 13.5Gb, iter_time: 1.043s, data_time: 0.893s, total_loss: 1.1, iou_loss: 0.6, l1_loss: 0.0, conf_loss: 0.3, cls_loss: 0.2, lr: 5.227e-04, size: 640, ETA: 2:51:31
2026-08-18 13:37:19 | INFO     | yolox.core.trainer:270 - epoch: 54/100, iter: 130/188, gpu mem: 1717Mb, mem: 13.2Gb, iter_time: 1.035s, data_time: 0.891s, total_loss: 1.3, iou_loss: 0.7, l1_loss: 0.0, conf_loss: 0.4, cls_loss: 0.2, lr: 5.216e-04, size: 640, ETA: 2:51:18
2026-08-18 13:37:29 | INFO     | yolox.core.trainer:270 - epoch: 54/100, iter: 140/188, gpu mem: 1717Mb, mem: 13.2Gb, iter_time: 0.980s, data_time: 0.840s, total_loss: 1.2, iou_loss: 0.7, l1_loss: 0.0, conf_loss: 0.3, cls_loss: 0.2, lr: 5.204e-04, size: 640, ETA: 2:51:05
2026-08-18 13:37:38 | INFO     | yolox.core.trainer:270 - epoch: 54/100, iter: 150/188, gpu mem: 1717Mb, mem: 13.1Gb, iter_time: 0.959s, data_time: 0.817s, total_loss: 1.3, iou_loss: 0.7, l1_loss: 0.0, conf_loss: 0.4, cls_loss: 0.2, lr: 5.193e-04, size: 640, ETA: 2:50:51
2026-08-18 13:37:48 | INFO     | yolox.core.trainer:270 - epoch: 54/100, iter: 160/188, gpu mem: 1717Mb, mem: 13.1Gb, iter_time: 0.959s, data_time: 0.819s, total_loss: 1.1, iou_loss: 0.6, l1_loss: 0.0, conf_loss: 0.2, cls_loss: 0.2, lr: 5.182e-04, size: 640, ETA: 2:50:37
2026-08-18 13:37:58 | INFO     | yolox.core.trainer:270 - epoch: 54/100, iter: 170/188, gpu mem: 1717Mb, mem: 13.1Gb, iter_time: 0.991s, data_time: 0.845s, total_loss: 1.6, iou_loss: 0.9, l1_loss: 0.0, conf_loss: 0.5, cls_loss: 0.3, lr: 5.170e-04, size: 640, ETA: 2:50:24
2026-08-18 13:38:08 | INFO     | yolox.core.trainer:270 - epoch: 54/100, iter: 180/188, gpu mem: 1717Mb, mem: 13.1Gb, iter_time: 0.984s, data_time: 0.837s, total_loss: 1.0, iou_loss: 0.6, l1_loss: 0.0, conf_loss: 0.2, cls_loss: 0.2, lr: 5.159e-04, size: 640, ETA: 2:50:11
2026-08-18 13:38:16 | INFO     | yolox.core.trainer:402 - Save weights to <PROJECT_ROOT>\runs\benchmarks\micropcb_rpi_phash_component_bootstrap_v2_full_e100_b8_i640_w0_s42-43-44_p02facd21ef_dbea2fbaddc_cb773706267\yolox_s_seed43

  0%|          | 0/25 [00:00<?, ?it/s]
  4%|4         | 1/25 [00:00<00:06,  3.63it/s]
  8%|8         | 2/25 [00:00<00:06,  3.47it/s]
 12%|#2        | 3/25 [00:00<00:06,  3.47it/s]
 16%|#6        | 4/25 [00:01<00:06,  3.32it/s]
 20%|##        | 5/25 [00:01<00:06,  3.18it/s]
 24%|##4       | 6/25 [00:01<00:06,  3.15it/s]
 28%|##8       | 7/25 [00:02<00:05,  3.16it/s]
 32%|###2      | 8/25 [00:02<00:05,  3.25it/s]
 36%|###6      | 9/25 [00:02<00:04,  3.34it/s]
 40%|####      | 10/25 [00:03<00:04,  3.34it/s]
 44%|####4     | 11/25 [00:03<00:04,  3.39it/s]
 48%|####8     | 12/25 [00:03<00:03,  3.33it/s]
 52%|#####2    | 13/25 [00:03<00:03,  3.27it/s]
 56%|#####6    | 14/25 [00:04<00:03,  3.34it/s]
 60%|######    | 15/25 [00:04<00:03,  3.29it/s]
 64%|######4   | 16/25 [00:04<00:02,  3.21it/s]
 68%|######8   | 17/25 [00:05<00:02,  3.37it/s]
 72%|#######2  | 18/25 [00:05<00:01,  3.54it/s]
 76%|#######6  | 19/25 [00:05<00:01,  3.67it/s]
 80%|########  | 20/25 [00:05<00:01,  3.76it/s]
 84%|########4 | 21/25 [00:06<00:01,  3.89it/s]
 88%|########8 | 22/25 [00:06<00:00,  3.96it/s]
 92%|#########2| 23/25 [00:06<00:00,  3.79it/s]
 96%|#########6| 24/25 [00:06<00:00,  3.59it/s]
100%|##########| 25/25 [00:07<00:00,  4.37it/s]
100%|##########| 25/25 [00:07<00:00,  3.53it/s]
2026-08-18 13:38:23 | INFO     | mcu_data.yolox_metrics:78 - Evaluate with standard pycocotools COCOeval (no C++ JIT build).
2026-08-18 13:38:23 | INFO     | mcu_data.yolox_metrics:80 - Loading and preparing results...
2026-08-18 13:38:23 | INFO     | mcu_data.yolox_metrics:80 - DONE (t=0.00s)
2026-08-18 13:38:23 | INFO     | pycocotools.coco:367 - creating index...
2026-08-18 13:38:23 | INFO     | pycocotools.coco:367 - index created!
2026-08-18 13:38:23 | INFO     | mcu_data.yolox_metrics:82 - Running per image evaluation...
2026-08-18 13:38:23 | INFO     | mcu_data.yolox_metrics:82 - Evaluate annotation type *bbox*
2026-08-18 13:38:23 | INFO     | mcu_data.yolox_metrics:82 - DONE (t=0.04s).
2026-08-18 13:38:23 | INFO     | mcu_data.yolox_metrics:83 - Accumulating evaluation results...
2026-08-18 13:38:23 | INFO     | mcu_data.yolox_metrics:83 - DONE (t=0.01s).
2026-08-18 13:38:23 | INFO     | yolox.core.trainer:381 - 
Average forward time: 5.49 ms, Average NMS time: 0.84 ms, Average inference time: 6.34 ms
 Average Precision  (AP) @[ IoU=0.50:0.95 | area=   all | maxDets=100 ] = 0.799
 Average Precision  (AP) @[ IoU=0.50      | area=   all | maxDets=100 ] = 1.000
 Average Precision  (AP) @[ IoU=0.75      | area=   all | maxDets=100 ] = 1.000
 Average Precision  (AP) @[ IoU=0.50:0.95 | area= small | maxDets=100 ] = -1.000
 Average Precision  (AP) @[ IoU=0.50:0.95 | area=medium | maxDets=100 ] = -1.000
 Average Precision  (AP) @[ IoU=0.50:0.95 | area= large | maxDets=100 ] = 0.799
 Average Recall     (AR) @[ IoU=0.50:0.95 | area=   all | maxDets=  1 ] = 0.822
 Average Recall     (AR) @[ IoU=0.50:0.95 | area=   all | maxDets= 10 ] = 0.822
 Average Recall     (AR) @[ IoU=0.50:0.95 | area=   all | maxDets=100 ] = 0.822
 Average Recall     (AR) @[ IoU=0.50:0.95 | area= small | maxDets=100 ] = -1.000
 Average Recall     (AR) @[ IoU=0.50:0.95 | area=medium | maxDets=100 ] = -1.000
 Average Recall     (AR) @[ IoU=0.50:0.95 | area= large | maxDets=100 ] = 0.822
per class AP:
| class            | AP     |
|:-----------------|:-------|
| raspberry_pi_sbc | 79.883 |
per class AR:
| class            | AR     |
|:-----------------|:-------|
| raspberry_pi_sbc | 82.154 |

2026-08-18 13:38:23 | INFO     | yolox.core.trainer:402 - Save weights to <PROJECT_ROOT>\runs\benchmarks\micropcb_rpi_phash_component_bootstrap_v2_full_e100_b8_i640_w0_s42-43-44_p02facd21ef_dbea2fbaddc_cb773706267\yolox_s_seed43
[EPOCH 054/100] loss=1.18286 iou=0.62572 conf=0.33069 cls=0.22645 | AP50=1.00000 AP50-95=0.79883 AP75=1.00000 AR100=0.82154 | LR=0.00051498 VRAM_peak=1717.2 MiB
EPOCH_METRICS_JSON {"epoch": 54, "elapsed_s": 12475.254230399965, "epoch_seconds": 191.82412890007254, "iterations": 188, "train_total_loss": 1.1828566646956382, "train_iou_loss": 0.6257159113883972, "train_conf_loss": 0.3306891650674825, "train_cls_loss": 0.2264515852674525, "train_l1_loss": 0.0, "num_fg_mean": 8.555585752062168, "map50_95": 0.7988298582163423, "map50": 1.0, "ap75": 1.0, "ar100": 0.8215384615384617, "lr": 0.0005149759779434452, "lr_mean": 0.0005256073516851225, "gpu_peak_allocated_mib": 1717.24755859375, "gpu_peak_reserved_mib": 2234.0, "best_map50_95": 0.8574098026800376}
2026-08-18 13:38:23 | INFO     | yolox.core.trainer:218 - ---> start train epoch55
2026-08-18 13:38:33 | INFO     | yolox.core.trainer:270 - epoch: 55/100, iter: 10/188, gpu mem: 1717Mb, mem: 13.2Gb, iter_time: 0.972s, data_time: 0.826s, total_loss: 1.2, iou_loss: 0.6, l1_loss: 0.0, conf_loss: 0.4, cls_loss: 0.2, lr: 5.138e-04, size: 640, ETA: 2:49:46
2026-08-18 13:38:43 | INFO     | yolox.core.trainer:270 - epoch: 55/100, iter: 20/188, gpu mem: 1717Mb, mem: 13.3Gb, iter_time: 1.016s, data_time: 0.874s, total_loss: 1.1, iou_loss: 0.6, l1_loss: 0.0, conf_loss: 0.4, cls_loss: 0.2, lr: 5.127e-04, size: 640, ETA: 2:49:33
2026-08-18 13:38:54 | INFO     | yolox.core.trainer:270 - epoch: 55/100, iter: 30/188, gpu mem: 1717Mb, mem: 13.3Gb, iter_time: 1.015s, data_time: 0.869s, total_loss: 1.4, iou_loss: 0.7, l1_loss: 0.0, conf_loss: 0.4, cls_loss: 0.3, lr: 5.116e-04, size: 640, ETA: 2:49:20
2026-08-18 13:39:03 | INFO     | yolox.core.trainer:270 - epoch: 55/100, iter: 40/188, gpu mem: 1717Mb, mem: 13.3Gb, iter_time: 0.968s, data_time: 0.824s, total_loss: 0.9, iou_loss: 0.5, l1_loss: 0.0, conf_loss: 0.2, cls_loss: 0.2, lr: 5.104e-04, size: 640, ETA: 2:49:06
2026-08-18 13:39:13 | INFO     | yolox.core.trainer:270 - epoch: 55/100, iter: 50/188, gpu mem: 1717Mb, mem: 13.2Gb, iter_time: 0.926s, data_time: 0.782s, total_loss: 1.1, iou_loss: 0.6, l1_loss: 0.0, conf_loss: 0.4, cls_loss: 0.2, lr: 5.093e-04, size: 640, ETA: 2:48:52
2026-08-18 13:39:22 | INFO     | yolox.core.trainer:270 - epoch: 55/100, iter: 60/188, gpu mem: 1717Mb, mem: 13.2Gb, iter_time: 0.972s, data_time: 0.830s, total_loss: 1.3, iou_loss: 0.7, l1_loss: 0.0, conf_loss: 0.3, cls_loss: 0.3, lr: 5.082e-04, size: 640, ETA: 2:48:39
2026-08-18 13:39:32 | INFO     | yolox.core.trainer:270 - epoch: 55/100, iter: 70/188, gpu mem: 1717Mb, mem: 13.2Gb, iter_time: 1.014s, data_time: 0.867s, total_loss: 1.0, iou_loss: 0.6, l1_loss: 0.0, conf_loss: 0.2, cls_loss: 0.2, lr: 5.071e-04, size: 640, ETA: 2:48:26
2026-08-18 13:39:42 | INFO     | yolox.core.trainer:270 - epoch: 55/100, iter: 80/188, gpu mem: 1717Mb, mem: 13.3Gb, iter_time: 0.994s, data_time: 0.849s, total_loss: 1.3, iou_loss: 0.6, l1_loss: 0.0, conf_loss: 0.5, cls_loss: 0.2, lr: 5.059e-04, size: 640, ETA: 2:48:12
2026-08-18 13:39:52 | INFO     | yolox.core.trainer:270 - epoch: 55/100, iter: 90/188, gpu mem: 1717Mb, mem: 13.3Gb, iter_time: 0.998s, data_time: 0.854s, total_loss: 1.0, iou_loss: 0.6, l1_loss: 0.0, conf_loss: 0.2, cls_loss: 0.2, lr: 5.048e-04, size: 640, ETA: 2:47:59
2026-08-18 13:40:02 | INFO     | yolox.core.trainer:270 - epoch: 55/100, iter: 100/188, gpu mem: 1717Mb, mem: 13.2Gb, iter_time: 0.995s, data_time: 0.852s, total_loss: 1.0, iou_loss: 0.4, l1_loss: 0.0, conf_loss: 0.4, cls_loss: 0.2, lr: 5.037e-04, size: 640, ETA: 2:47:46
2026-08-18 13:40:12 | INFO     | yolox.core.trainer:270 - epoch: 55/100, iter: 110/188, gpu mem: 1717Mb, mem: 13.3Gb, iter_time: 1.000s, data_time: 0.856s, total_loss: 1.5, iou_loss: 0.7, l1_loss: 0.0, conf_loss: 0.5, cls_loss: 0.3, lr: 5.025e-04, size: 640, ETA: 2:47:32
2026-08-18 13:40:22 | INFO     | yolox.core.trainer:270 - epoch: 55/100, iter: 120/188, gpu mem: 1717Mb, mem: 13.2Gb, iter_time: 0.963s, data_time: 0.819s, total_loss: 1.0, iou_loss: 0.5, l1_loss: 0.0, conf_loss: 0.3, cls_loss: 0.2, lr: 5.014e-04, size: 640, ETA: 2:47:19
2026-08-18 13:40:32 | INFO     | yolox.core.trainer:270 - epoch: 55/100, iter: 130/188, gpu mem: 1717Mb, mem: 13.2Gb, iter_time: 0.984s, data_time: 0.843s, total_loss: 1.2, iou_loss: 0.7, l1_loss: 0.0, conf_loss: 0.3, cls_loss: 0.2, lr: 5.003e-04, size: 640, ETA: 2:47:06
2026-08-18 13:40:42 | INFO     | yolox.core.trainer:270 - epoch: 55/100, iter: 140/188, gpu mem: 1717Mb, mem: 13.2Gb, iter_time: 1.015s, data_time: 0.873s, total_loss: 1.4, iou_loss: 0.7, l1_loss: 0.0, conf_loss: 0.5, cls_loss: 0.2, lr: 4.992e-04, size: 640, ETA: 2:46:52
2026-08-18 13:40:52 | INFO     | yolox.core.trainer:270 - epoch: 55/100, iter: 150/188, gpu mem: 1717Mb, mem: 13.2Gb, iter_time: 0.987s, data_time: 0.845s, total_loss: 1.4, iou_loss: 0.7, l1_loss: 0.0, conf_loss: 0.5, cls_loss: 0.2, lr: 4.980e-04, size: 640, ETA: 2:46:39
2026-08-18 13:41:02 | INFO     | yolox.core.trainer:270 - epoch: 55/100, iter: 160/188, gpu mem: 1717Mb, mem: 13.3Gb, iter_time: 0.982s, data_time: 0.838s, total_loss: 1.2, iou_loss: 0.7, l1_loss: 0.0, conf_loss: 0.3, cls_loss: 0.2, lr: 4.969e-04, size: 640, ETA: 2:46:26
2026-08-18 13:41:11 | INFO     | yolox.core.trainer:270 - epoch: 55/100, iter: 170/188, gpu mem: 1717Mb, mem: 13.3Gb, iter_time: 0.938s, data_time: 0.791s, total_loss: 0.8, iou_loss: 0.5, l1_loss: 0.0, conf_loss: 0.1, cls_loss: 0.2, lr: 4.958e-04, size: 640, ETA: 2:46:12
2026-08-18 13:41:21 | INFO     | yolox.core.trainer:270 - epoch: 55/100, iter: 180/188, gpu mem: 1717Mb, mem: 13.3Gb, iter_time: 0.993s, data_time: 0.849s, total_loss: 1.2, iou_loss: 0.7, l1_loss: 0.0, conf_loss: 0.4, cls_loss: 0.2, lr: 4.947e-04, size: 640, ETA: 2:45:59
2026-08-18 13:41:29 | INFO     | yolox.core.trainer:402 - Save weights to <PROJECT_ROOT>\runs\benchmarks\micropcb_rpi_phash_component_bootstrap_v2_full_e100_b8_i640_w0_s42-43-44_p02facd21ef_dbea2fbaddc_cb773706267\yolox_s_seed43

  0%|          | 0/25 [00:00<?, ?it/s]
  4%|4         | 1/25 [00:00<00:06,  3.74it/s]
  8%|8         | 2/25 [00:00<00:06,  3.56it/s]
 12%|#2        | 3/25 [00:00<00:06,  3.54it/s]
 16%|#6        | 4/25 [00:01<00:06,  3.37it/s]
 20%|##        | 5/25 [00:01<00:06,  3.17it/s]
 24%|##4       | 6/25 [00:01<00:06,  3.11it/s]
 28%|##8       | 7/25 [00:02<00:05,  3.20it/s]
 32%|###2      | 8/25 [00:02<00:05,  3.29it/s]
 36%|###6      | 9/25 [00:02<00:04,  3.39it/s]
 40%|####      | 10/25 [00:02<00:04,  3.37it/s]
 44%|####4     | 11/25 [00:03<00:04,  3.43it/s]
 48%|####8     | 12/25 [00:03<00:03,  3.42it/s]
 52%|#####2    | 13/25 [00:03<00:03,  3.28it/s]
 56%|#####6    | 14/25 [00:04<00:03,  3.33it/s]
 60%|######    | 15/25 [00:04<00:03,  3.23it/s]
 64%|######4   | 16/25 [00:04<00:02,  3.15it/s]
 68%|######8   | 17/25 [00:05<00:02,  3.39it/s]
 72%|#######2  | 18/25 [00:05<00:01,  3.67it/s]
 76%|#######6  | 19/25 [00:05<00:01,  3.89it/s]
 80%|########  | 20/25 [00:05<00:01,  4.01it/s]
 84%|########4 | 21/25 [00:05<00:00,  4.21it/s]
 88%|########8 | 22/25 [00:06<00:00,  4.29it/s]
 92%|#########2| 23/25 [00:06<00:00,  4.10it/s]
 96%|#########6| 24/25 [00:06<00:00,  3.78it/s]
100%|##########| 25/25 [00:06<00:00,  4.63it/s]
100%|##########| 25/25 [00:06<00:00,  3.63it/s]
2026-08-18 13:41:36 | INFO     | mcu_data.yolox_metrics:78 - Evaluate with standard pycocotools COCOeval (no C++ JIT build).
2026-08-18 13:41:36 | INFO     | mcu_data.yolox_metrics:80 - Loading and preparing results...
2026-08-18 13:41:36 | INFO     | mcu_data.yolox_metrics:80 - DONE (t=0.00s)
2026-08-18 13:41:36 | INFO     | pycocotools.coco:367 - creating index...
2026-08-18 13:41:36 | INFO     | pycocotools.coco:367 - index created!
2026-08-18 13:41:36 | INFO     | mcu_data.yolox_metrics:82 - Running per image evaluation...
2026-08-18 13:41:36 | INFO     | mcu_data.yolox_metrics:82 - Evaluate annotation type *bbox*
2026-08-18 13:41:36 | INFO     | mcu_data.yolox_metrics:82 - DONE (t=0.04s).
2026-08-18 13:41:36 | INFO     | mcu_data.yolox_metrics:83 - Accumulating evaluation results...
2026-08-18 13:41:36 | INFO     | mcu_data.yolox_metrics:83 - DONE (t=0.01s).
2026-08-18 13:41:36 | INFO     | yolox.core.trainer:381 - 
Average forward time: 5.41 ms, Average NMS time: 0.87 ms, Average inference time: 6.29 ms
 Average Precision  (AP) @[ IoU=0.50:0.95 | area=   all | maxDets=100 ] = 0.791
 Average Precision  (AP) @[ IoU=0.50      | area=   all | maxDets=100 ] = 1.000
 Average Precision  (AP) @[ IoU=0.75      | area=   all | maxDets=100 ] = 1.000
 Average Precision  (AP) @[ IoU=0.50:0.95 | area= small | maxDets=100 ] = -1.000
 Average Precision  (AP) @[ IoU=0.50:0.95 | area=medium | maxDets=100 ] = -1.000
 Average Precision  (AP) @[ IoU=0.50:0.95 | area= large | maxDets=100 ] = 0.791
 Average Recall     (AR) @[ IoU=0.50:0.95 | area=   all | maxDets=  1 ] = 0.809
 Average Recall     (AR) @[ IoU=0.50:0.95 | area=   all | maxDets= 10 ] = 0.809
 Average Recall     (AR) @[ IoU=0.50:0.95 | area=   all | maxDets=100 ] = 0.809
 Average Recall     (AR) @[ IoU=0.50:0.95 | area= small | maxDets=100 ] = -1.000
 Average Recall     (AR) @[ IoU=0.50:0.95 | area=medium | maxDets=100 ] = -1.000
 Average Recall     (AR) @[ IoU=0.50:0.95 | area= large | maxDets=100 ] = 0.809
per class AP:
| class            | AP     |
|:-----------------|:-------|
| raspberry_pi_sbc | 79.063 |
per class AR:
| class            | AR     |
|:-----------------|:-------|
| raspberry_pi_sbc | 80.923 |

2026-08-18 13:41:36 | INFO     | yolox.core.trainer:402 - Save weights to <PROJECT_ROOT>\runs\benchmarks\micropcb_rpi_phash_component_bootstrap_v2_full_e100_b8_i640_w0_s42-43-44_p02facd21ef_dbea2fbaddc_cb773706267\yolox_s_seed43
[EPOCH 055/100] loss=1.18448 iou=0.61726 conf=0.34490 cls=0.22232 | AP50=1.00000 AP50-95=0.79063 AP75=1.00000 AR100=0.80923 | LR=0.00049376 VRAM_peak=1717.2 MiB
EPOCH_METRICS_JSON {"epoch": 55, "elapsed_s": 12668.598686599988, "epoch_seconds": 192.80043939989991, "iterations": 188, "train_total_loss": 1.184480257173802, "train_iou_loss": 0.6172639668938962, "train_conf_loss": 0.3448983364679078, "train_cls_loss": 0.22231795179082992, "train_l1_loss": 0.0, "num_fg_mean": 8.519839183960979, "map50_95": 0.7906289846472201, "map50": 1.0, "ap75": 1.0, "ar100": 0.8092307692307692, "lr": 0.0004937625996447009, "lr_mean": 0.0005042955788285803, "gpu_peak_allocated_mib": 1717.24755859375, "gpu_peak_reserved_mib": 2234.0, "best_map50_95": 0.8574098026800376}
2026-08-18 13:41:37 | INFO     | yolox.core.trainer:218 - ---> start train epoch56
2026-08-18 13:41:46 | INFO     | yolox.core.trainer:270 - epoch: 56/100, iter: 10/188, gpu mem: 1717Mb, mem: 13.3Gb, iter_time: 0.955s, data_time: 0.793s, total_loss: 1.2, iou_loss: 0.5, l1_loss: 0.0, conf_loss: 0.4, cls_loss: 0.2, lr: 4.926e-04, size: 640, ETA: 2:45:35
2026-08-18 13:41:56 | INFO     | yolox.core.trainer:270 - epoch: 56/100, iter: 20/188, gpu mem: 1717Mb, mem: 13.2Gb, iter_time: 1.001s, data_time: 0.860s, total_loss: 1.1, iou_loss: 0.6, l1_loss: 0.0, conf_loss: 0.3, cls_loss: 0.2, lr: 4.915e-04, size: 640, ETA: 2:45:21
2026-08-18 13:42:06 | INFO     | yolox.core.trainer:270 - epoch: 56/100, iter: 30/188, gpu mem: 1717Mb, mem: 13.2Gb, iter_time: 0.958s, data_time: 0.814s, total_loss: 1.1, iou_loss: 0.6, l1_loss: 0.0, conf_loss: 0.2, cls_loss: 0.2, lr: 4.904e-04, size: 640, ETA: 2:45:08
2026-08-18 13:42:16 | INFO     | yolox.core.trainer:270 - epoch: 56/100, iter: 40/188, gpu mem: 1717Mb, mem: 13.2Gb, iter_time: 0.995s, data_time: 0.850s, total_loss: 1.3, iou_loss: 0.7, l1_loss: 0.0, conf_loss: 0.3, cls_loss: 0.2, lr: 4.893e-04, size: 640, ETA: 2:44:55
2026-08-18 13:42:26 | INFO     | yolox.core.trainer:270 - epoch: 56/100, iter: 50/188, gpu mem: 1717Mb, mem: 13.2Gb, iter_time: 0.987s, data_time: 0.841s, total_loss: 1.0, iou_loss: 0.6, l1_loss: 0.0, conf_loss: 0.2, cls_loss: 0.2, lr: 4.882e-04, size: 640, ETA: 2:44:41
2026-08-18 13:42:36 | INFO     | yolox.core.trainer:270 - epoch: 56/100, iter: 60/188, gpu mem: 1717Mb, mem: 13.2Gb, iter_time: 0.994s, data_time: 0.848s, total_loss: 1.1, iou_loss: 0.6, l1_loss: 0.0, conf_loss: 0.3, cls_loss: 0.2, lr: 4.870e-04, size: 640, ETA: 2:44:28
2026-08-18 13:42:46 | INFO     | yolox.core.trainer:270 - epoch: 56/100, iter: 70/188, gpu mem: 1717Mb, mem: 13.3Gb, iter_time: 1.000s, data_time: 0.858s, total_loss: 0.9, iou_loss: 0.4, l1_loss: 0.0, conf_loss: 0.3, cls_loss: 0.2, lr: 4.859e-04, size: 640, ETA: 2:44:15
2026-08-18 13:42:56 | INFO     | yolox.core.trainer:270 - epoch: 56/100, iter: 80/188, gpu mem: 1717Mb, mem: 13.4Gb, iter_time: 1.012s, data_time: 0.867s, total_loss: 1.2, iou_loss: 0.7, l1_loss: 0.0, conf_loss: 0.3, cls_loss: 0.2, lr: 4.848e-04, size: 640, ETA: 2:44:02
2026-08-18 13:43:06 | INFO     | yolox.core.trainer:270 - epoch: 56/100, iter: 90/188, gpu mem: 1717Mb, mem: 13.5Gb, iter_time: 1.008s, data_time: 0.857s, total_loss: 1.1, iou_loss: 0.5, l1_loss: 0.0, conf_loss: 0.4, cls_loss: 0.2, lr: 4.837e-04, size: 640, ETA: 2:43:49
2026-08-18 13:43:16 | INFO     | yolox.core.trainer:270 - epoch: 56/100, iter: 100/188, gpu mem: 1717Mb, mem: 13.4Gb, iter_time: 0.950s, data_time: 0.807s, total_loss: 1.1, iou_loss: 0.5, l1_loss: 0.0, conf_loss: 0.4, cls_loss: 0.2, lr: 4.826e-04, size: 640, ETA: 2:43:35
2026-08-18 13:43:25 | INFO     | yolox.core.trainer:270 - epoch: 56/100, iter: 110/188, gpu mem: 1717Mb, mem: 13.5Gb, iter_time: 0.968s, data_time: 0.825s, total_loss: 1.1, iou_loss: 0.6, l1_loss: 0.0, conf_loss: 0.3, cls_loss: 0.2, lr: 4.815e-04, size: 640, ETA: 2:43:22
2026-08-18 13:43:36 | INFO     | yolox.core.trainer:270 - epoch: 56/100, iter: 120/188, gpu mem: 1717Mb, mem: 13.5Gb, iter_time: 1.040s, data_time: 0.888s, total_loss: 2.2, iou_loss: 0.9, l1_loss: 0.0, conf_loss: 1.0, cls_loss: 0.3, lr: 4.803e-04, size: 640, ETA: 2:43:09
2026-08-18 13:43:45 | INFO     | yolox.core.trainer:270 - epoch: 56/100, iter: 130/188, gpu mem: 1717Mb, mem: 13.3Gb, iter_time: 0.950s, data_time: 0.805s, total_loss: 1.7, iou_loss: 0.9, l1_loss: 0.0, conf_loss: 0.5, cls_loss: 0.3, lr: 4.792e-04, size: 640, ETA: 2:42:56
2026-08-18 13:43:54 | INFO     | yolox.core.trainer:270 - epoch: 56/100, iter: 140/188, gpu mem: 1717Mb, mem: 13.4Gb, iter_time: 0.932s, data_time: 0.786s, total_loss: 1.1, iou_loss: 0.6, l1_loss: 0.0, conf_loss: 0.3, cls_loss: 0.2, lr: 4.781e-04, size: 640, ETA: 2:42:42
2026-08-18 13:44:04 | INFO     | yolox.core.trainer:270 - epoch: 56/100, iter: 150/188, gpu mem: 1717Mb, mem: 13.4Gb, iter_time: 0.978s, data_time: 0.829s, total_loss: 1.2, iou_loss: 0.7, l1_loss: 0.0, conf_loss: 0.3, cls_loss: 0.2, lr: 4.770e-04, size: 640, ETA: 2:42:29
2026-08-18 13:44:14 | INFO     | yolox.core.trainer:270 - epoch: 56/100, iter: 160/188, gpu mem: 1717Mb, mem: 13.2Gb, iter_time: 0.950s, data_time: 0.800s, total_loss: 1.1, iou_loss: 0.5, l1_loss: 0.0, conf_loss: 0.4, cls_loss: 0.2, lr: 4.759e-04, size: 640, ETA: 2:42:15
2026-08-18 13:44:24 | INFO     | yolox.core.trainer:270 - epoch: 56/100, iter: 170/188, gpu mem: 1717Mb, mem: 13.2Gb, iter_time: 1.006s, data_time: 0.864s, total_loss: 1.6, iou_loss: 0.7, l1_loss: 0.0, conf_loss: 0.6, cls_loss: 0.3, lr: 4.748e-04, size: 640, ETA: 2:42:02
2026-08-18 13:44:33 | INFO     | yolox.core.trainer:270 - epoch: 56/100, iter: 180/188, gpu mem: 1717Mb, mem: 13.1Gb, iter_time: 0.930s, data_time: 0.788s, total_loss: 0.9, iou_loss: 0.4, l1_loss: 0.0, conf_loss: 0.3, cls_loss: 0.2, lr: 4.737e-04, size: 640, ETA: 2:41:49
2026-08-18 13:44:41 | INFO     | yolox.core.trainer:402 - Save weights to <PROJECT_ROOT>\runs\benchmarks\micropcb_rpi_phash_component_bootstrap_v2_full_e100_b8_i640_w0_s42-43-44_p02facd21ef_dbea2fbaddc_cb773706267\yolox_s_seed43

  0%|          | 0/25 [00:00<?, ?it/s]
  4%|4         | 1/25 [00:00<00:06,  3.71it/s]
  8%|8         | 2/25 [00:00<00:06,  3.77it/s]
 12%|#2        | 3/25 [00:00<00:05,  3.80it/s]
 16%|#6        | 4/25 [00:01<00:05,  3.67it/s]
 20%|##        | 5/25 [00:01<00:05,  3.39it/s]
 24%|##4       | 6/25 [00:01<00:05,  3.27it/s]
 28%|##8       | 7/25 [00:02<00:05,  3.30it/s]
 32%|###2      | 8/25 [00:02<00:05,  3.34it/s]
 36%|###6      | 9/25 [00:02<00:04,  3.43it/s]
 40%|####      | 10/25 [00:02<00:04,  3.41it/s]
 44%|####4     | 11/25 [00:03<00:04,  3.47it/s]
 48%|####8     | 12/25 [00:03<00:03,  3.44it/s]
 52%|#####2    | 13/25 [00:03<00:03,  3.33it/s]
 56%|#####6    | 14/25 [00:04<00:03,  3.37it/s]
 60%|######    | 15/25 [00:04<00:03,  3.26it/s]
 64%|######4   | 16/25 [00:04<00:02,  3.15it/s]
 68%|######8   | 17/25 [00:05<00:02,  3.30it/s]
 72%|#######2  | 18/25 [00:05<00:02,  3.47it/s]
 76%|#######6  | 19/25 [00:05<00:01,  3.61it/s]
 80%|########  | 20/25 [00:05<00:01,  3.68it/s]
 84%|########4 | 21/25 [00:06<00:01,  3.89it/s]
 88%|########8 | 22/25 [00:06<00:00,  3.91it/s]
 92%|#########2| 23/25 [00:06<00:00,  3.77it/s]
 96%|#########6| 24/25 [00:06<00:00,  3.50it/s]
100%|##########| 25/25 [00:07<00:00,  4.26it/s]
100%|##########| 25/25 [00:07<00:00,  3.57it/s]
2026-08-18 13:44:48 | INFO     | mcu_data.yolox_metrics:78 - Evaluate with standard pycocotools COCOeval (no C++ JIT build).
2026-08-18 13:44:48 | INFO     | mcu_data.yolox_metrics:80 - Loading and preparing results...
2026-08-18 13:44:48 | INFO     | mcu_data.yolox_metrics:80 - DONE (t=0.00s)
2026-08-18 13:44:48 | INFO     | pycocotools.coco:367 - creating index...
2026-08-18 13:44:48 | INFO     | pycocotools.coco:367 - index created!
2026-08-18 13:44:48 | INFO     | mcu_data.yolox_metrics:82 - Running per image evaluation...
2026-08-18 13:44:48 | INFO     | mcu_data.yolox_metrics:82 - Evaluate annotation type *bbox*
2026-08-18 13:44:48 | INFO     | mcu_data.yolox_metrics:82 - DONE (t=0.04s).
2026-08-18 13:44:48 | INFO     | mcu_data.yolox_metrics:83 - Accumulating evaluation results...
2026-08-18 13:44:48 | INFO     | mcu_data.yolox_metrics:83 - DONE (t=0.01s).
2026-08-18 13:44:48 | INFO     | yolox.core.trainer:381 - 
Average forward time: 5.51 ms, Average NMS time: 0.88 ms, Average inference time: 6.39 ms
 Average Precision  (AP) @[ IoU=0.50:0.95 | area=   all | maxDets=100 ] = 0.801
 Average Precision  (AP) @[ IoU=0.50      | area=   all | maxDets=100 ] = 1.000
 Average Precision  (AP) @[ IoU=0.75      | area=   all | maxDets=100 ] = 1.000
 Average Precision  (AP) @[ IoU=0.50:0.95 | area= small | maxDets=100 ] = -1.000
 Average Precision  (AP) @[ IoU=0.50:0.95 | area=medium | maxDets=100 ] = -1.000
 Average Precision  (AP) @[ IoU=0.50:0.95 | area= large | maxDets=100 ] = 0.801
 Average Recall     (AR) @[ IoU=0.50:0.95 | area=   all | maxDets=  1 ] = 0.822
 Average Recall     (AR) @[ IoU=0.50:0.95 | area=   all | maxDets= 10 ] = 0.822
 Average Recall     (AR) @[ IoU=0.50:0.95 | area=   all | maxDets=100 ] = 0.822
 Average Recall     (AR) @[ IoU=0.50:0.95 | area= small | maxDets=100 ] = -1.000
 Average Recall     (AR) @[ IoU=0.50:0.95 | area=medium | maxDets=100 ] = -1.000
 Average Recall     (AR) @[ IoU=0.50:0.95 | area= large | maxDets=100 ] = 0.822
per class AP:
| class            | AP     |
|:-----------------|:-------|
| raspberry_pi_sbc | 80.064 |
per class AR:
| class            | AR     |
|:-----------------|:-------|
| raspberry_pi_sbc | 82.154 |

2026-08-18 13:44:48 | INFO     | yolox.core.trainer:402 - Save weights to <PROJECT_ROOT>\runs\benchmarks\micropcb_rpi_phash_component_bootstrap_v2_full_e100_b8_i640_w0_s42-43-44_p02facd21ef_dbea2fbaddc_cb773706267\yolox_s_seed43
[EPOCH 056/100] loss=1.15759 iou=0.60808 conf=0.32796 cls=0.22155 | AP50=1.00000 AP50-95=0.80064 AP75=1.00000 AR100=0.82154 | LR=0.00047277 VRAM_peak=1717.2 MiB
EPOCH_METRICS_JSON {"epoch": 56, "elapsed_s": 12860.688839600072, "epoch_seconds": 191.5612196000293, "iterations": 188, "train_total_loss": 1.157590703444278, "train_iou_loss": 0.608075590051235, "train_conf_loss": 0.32796371474545055, "train_cls_loss": 0.22155139278224173, "train_l1_loss": 0.0, "num_fg_mean": 8.611380771542514, "map50_95": 0.8006355593231891, "map50": 1.0, "ap75": 1.0, "ar100": 0.8215384615384617, "lr": 0.000472771159589875, "lr_mean": 0.00048319135743336156, "gpu_peak_allocated_mib": 1717.24755859375, "gpu_peak_reserved_mib": 2234.0, "best_map50_95": 0.8574098026800376}
2026-08-18 13:44:49 | INFO     | yolox.core.trainer:218 - ---> start train epoch57
2026-08-18 13:44:59 | INFO     | yolox.core.trainer:270 - epoch: 57/100, iter: 10/188, gpu mem: 1717Mb, mem: 13.2Gb, iter_time: 0.988s, data_time: 0.842s, total_loss: 1.0, iou_loss: 0.5, l1_loss: 0.0, conf_loss: 0.3, cls_loss: 0.2, lr: 4.717e-04, size: 640, ETA: 2:41:25
2026-08-18 13:45:09 | INFO     | yolox.core.trainer:270 - epoch: 57/100, iter: 20/188, gpu mem: 1717Mb, mem: 13.2Gb, iter_time: 1.025s, data_time: 0.879s, total_loss: 0.9, iou_loss: 0.4, l1_loss: 0.0, conf_loss: 0.3, cls_loss: 0.2, lr: 4.706e-04, size: 640, ETA: 2:41:12
2026-08-18 13:45:19 | INFO     | yolox.core.trainer:270 - epoch: 57/100, iter: 30/188, gpu mem: 1717Mb, mem: 12.9Gb, iter_time: 1.037s, data_time: 0.890s, total_loss: 1.0, iou_loss: 0.6, l1_loss: 0.0, conf_loss: 0.3, cls_loss: 0.2, lr: 4.694e-04, size: 640, ETA: 2:40:59
2026-08-18 13:45:29 | INFO     | yolox.core.trainer:270 - epoch: 57/100, iter: 40/188, gpu mem: 1717Mb, mem: 12.9Gb, iter_time: 0.968s, data_time: 0.824s, total_loss: 1.2, iou_loss: 0.4, l1_loss: 0.0, conf_loss: 0.7, cls_loss: 0.2, lr: 4.683e-04, size: 640, ETA: 2:40:46
2026-08-18 13:45:39 | INFO     | yolox.core.trainer:270 - epoch: 57/100, iter: 50/188, gpu mem: 1717Mb, mem: 12.9Gb, iter_time: 0.996s, data_time: 0.848s, total_loss: 1.0, iou_loss: 0.5, l1_loss: 0.0, conf_loss: 0.3, cls_loss: 0.2, lr: 4.672e-04, size: 640, ETA: 2:40:33
2026-08-18 13:45:49 | INFO     | yolox.core.trainer:270 - epoch: 57/100, iter: 60/188, gpu mem: 1717Mb, mem: 12.9Gb, iter_time: 1.032s, data_time: 0.886s, total_loss: 1.0, iou_loss: 0.6, l1_loss: 0.0, conf_loss: 0.2, cls_loss: 0.2, lr: 4.661e-04, size: 640, ETA: 2:40:20
2026-08-18 13:46:00 | INFO     | yolox.core.trainer:270 - epoch: 57/100, iter: 70/188, gpu mem: 1717Mb, mem: 12.9Gb, iter_time: 1.028s, data_time: 0.878s, total_loss: 1.2, iou_loss: 0.7, l1_loss: 0.0, conf_loss: 0.2, cls_loss: 0.3, lr: 4.650e-04, size: 640, ETA: 2:40:07
2026-08-18 13:46:10 | INFO     | yolox.core.trainer:270 - epoch: 57/100, iter: 80/188, gpu mem: 1717Mb, mem: 12.9Gb, iter_time: 1.032s, data_time: 0.885s, total_loss: 0.9, iou_loss: 0.5, l1_loss: 0.0, conf_loss: 0.2, cls_loss: 0.2, lr: 4.639e-04, size: 640, ETA: 2:39:54
2026-08-18 13:46:20 | INFO     | yolox.core.trainer:270 - epoch: 57/100, iter: 90/188, gpu mem: 1717Mb, mem: 12.9Gb, iter_time: 1.011s, data_time: 0.867s, total_loss: 0.9, iou_loss: 0.5, l1_loss: 0.0, conf_loss: 0.2, cls_loss: 0.2, lr: 4.628e-04, size: 640, ETA: 2:39:42
2026-08-18 13:46:30 | INFO     | yolox.core.trainer:270 - epoch: 57/100, iter: 100/188, gpu mem: 1717Mb, mem: 12.9Gb, iter_time: 0.980s, data_time: 0.835s, total_loss: 1.2, iou_loss: 0.6, l1_loss: 0.0, conf_loss: 0.4, cls_loss: 0.2, lr: 4.617e-04, size: 640, ETA: 2:39:28
2026-08-18 13:46:40 | INFO     | yolox.core.trainer:270 - epoch: 57/100, iter: 110/188, gpu mem: 1717Mb, mem: 12.9Gb, iter_time: 0.949s, data_time: 0.804s, total_loss: 1.0, iou_loss: 0.5, l1_loss: 0.0, conf_loss: 0.2, cls_loss: 0.2, lr: 4.606e-04, size: 640, ETA: 2:39:15
2026-08-18 13:46:49 | INFO     | yolox.core.trainer:270 - epoch: 57/100, iter: 120/188, gpu mem: 1717Mb, mem: 12.9Gb, iter_time: 0.932s, data_time: 0.788s, total_loss: 1.1, iou_loss: 0.5, l1_loss: 0.0, conf_loss: 0.3, cls_loss: 0.2, lr: 4.595e-04, size: 640, ETA: 2:39:01
2026-08-18 13:46:58 | INFO     | yolox.core.trainer:270 - epoch: 57/100, iter: 130/188, gpu mem: 1717Mb, mem: 12.9Gb, iter_time: 0.909s, data_time: 0.762s, total_loss: 0.8, iou_loss: 0.4, l1_loss: 0.0, conf_loss: 0.2, cls_loss: 0.2, lr: 4.584e-04, size: 640, ETA: 2:38:48
2026-08-18 13:47:08 | INFO     | yolox.core.trainer:270 - epoch: 57/100, iter: 140/188, gpu mem: 1717Mb, mem: 12.9Gb, iter_time: 0.987s, data_time: 0.838s, total_loss: 1.4, iou_loss: 0.7, l1_loss: 0.0, conf_loss: 0.5, cls_loss: 0.3, lr: 4.573e-04, size: 640, ETA: 2:38:35
2026-08-18 13:47:17 | INFO     | yolox.core.trainer:270 - epoch: 57/100, iter: 150/188, gpu mem: 1717Mb, mem: 12.9Gb, iter_time: 0.952s, data_time: 0.807s, total_loss: 1.0, iou_loss: 0.5, l1_loss: 0.0, conf_loss: 0.2, cls_loss: 0.2, lr: 4.562e-04, size: 640, ETA: 2:38:21
2026-08-18 13:47:27 | INFO     | yolox.core.trainer:270 - epoch: 57/100, iter: 160/188, gpu mem: 1717Mb, mem: 12.9Gb, iter_time: 0.983s, data_time: 0.838s, total_loss: 1.0, iou_loss: 0.5, l1_loss: 0.0, conf_loss: 0.3, cls_loss: 0.2, lr: 4.551e-04, size: 640, ETA: 2:38:08
2026-08-18 13:47:37 | INFO     | yolox.core.trainer:270 - epoch: 57/100, iter: 170/188, gpu mem: 1717Mb, mem: 12.9Gb, iter_time: 1.005s, data_time: 0.858s, total_loss: 1.2, iou_loss: 0.7, l1_loss: 0.0, conf_loss: 0.3, cls_loss: 0.3, lr: 4.540e-04, size: 640, ETA: 2:37:55
2026-08-18 13:47:46 | INFO     | yolox.core.trainer:270 - epoch: 57/100, iter: 180/188, gpu mem: 1717Mb, mem: 12.9Gb, iter_time: 0.891s, data_time: 0.747s, total_loss: 1.2, iou_loss: 0.7, l1_loss: 0.0, conf_loss: 0.3, cls_loss: 0.2, lr: 4.529e-04, size: 640, ETA: 2:37:41
2026-08-18 13:47:54 | INFO     | yolox.core.trainer:402 - Save weights to <PROJECT_ROOT>\runs\benchmarks\micropcb_rpi_phash_component_bootstrap_v2_full_e100_b8_i640_w0_s42-43-44_p02facd21ef_dbea2fbaddc_cb773706267\yolox_s_seed43

  0%|          | 0/25 [00:00<?, ?it/s]
  4%|4         | 1/25 [00:00<00:06,  3.75it/s]
  8%|8         | 2/25 [00:00<00:06,  3.55it/s]
 12%|#2        | 3/25 [00:00<00:06,  3.46it/s]
 16%|#6        | 4/25 [00:01<00:06,  3.29it/s]
 20%|##        | 5/25 [00:01<00:06,  3.09it/s]
 24%|##4       | 6/25 [00:01<00:06,  3.07it/s]
 28%|##8       | 7/25 [00:02<00:05,  3.26it/s]
 32%|###2      | 8/25 [00:02<00:04,  3.44it/s]
 36%|###6      | 9/25 [00:02<00:04,  3.55it/s]
 40%|####      | 10/25 [00:02<00:04,  3.57it/s]
 44%|####4     | 11/25 [00:03<00:03,  3.63it/s]
 48%|####8     | 12/25 [00:03<00:03,  3.62it/s]
 52%|#####2    | 13/25 [00:03<00:03,  3.49it/s]
 56%|#####6    | 14/25 [00:04<00:03,  3.54it/s]
 60%|######    | 15/25 [00:04<00:02,  3.40it/s]
 64%|######4   | 16/25 [00:04<00:02,  3.24it/s]
 68%|######8   | 17/25 [00:04<00:02,  3.36it/s]
 72%|#######2  | 18/25 [00:05<00:01,  3.56it/s]
 76%|#######6  | 19/25 [00:05<00:01,  3.67it/s]
 80%|########  | 20/25 [00:05<00:01,  3.76it/s]
 84%|########4 | 21/25 [00:05<00:01,  3.91it/s]
 88%|########8 | 22/25 [00:06<00:00,  3.95it/s]
 92%|#########2| 23/25 [00:06<00:00,  3.76it/s]
 96%|#########6| 24/25 [00:06<00:00,  3.51it/s]
100%|##########| 25/25 [00:06<00:00,  4.26it/s]
100%|##########| 25/25 [00:06<00:00,  3.59it/s]
2026-08-18 13:48:01 | INFO     | mcu_data.yolox_metrics:78 - Evaluate with standard pycocotools COCOeval (no C++ JIT build).
2026-08-18 13:48:01 | INFO     | mcu_data.yolox_metrics:80 - Loading and preparing results...
2026-08-18 13:48:01 | INFO     | mcu_data.yolox_metrics:80 - DONE (t=0.00s)
2026-08-18 13:48:01 | INFO     | pycocotools.coco:367 - creating index...
2026-08-18 13:48:01 | INFO     | pycocotools.coco:367 - index created!
2026-08-18 13:48:01 | INFO     | mcu_data.yolox_metrics:82 - Running per image evaluation...
2026-08-18 13:48:01 | INFO     | mcu_data.yolox_metrics:82 - Evaluate annotation type *bbox*
2026-08-18 13:48:01 | INFO     | mcu_data.yolox_metrics:82 - DONE (t=0.05s).
2026-08-18 13:48:01 | INFO     | mcu_data.yolox_metrics:83 - Accumulating evaluation results...
2026-08-18 13:48:01 | INFO     | mcu_data.yolox_metrics:83 - DONE (t=0.01s).
2026-08-18 13:48:01 | INFO     | yolox.core.trainer:381 - 
Average forward time: 5.53 ms, Average NMS time: 0.88 ms, Average inference time: 6.40 ms
 Average Precision  (AP) @[ IoU=0.50:0.95 | area=   all | maxDets=100 ] = 0.818
 Average Precision  (AP) @[ IoU=0.50      | area=   all | maxDets=100 ] = 1.000
 Average Precision  (AP) @[ IoU=0.75      | area=   all | maxDets=100 ] = 1.000
 Average Precision  (AP) @[ IoU=0.50:0.95 | area= small | maxDets=100 ] = -1.000
 Average Precision  (AP) @[ IoU=0.50:0.95 | area=medium | maxDets=100 ] = -1.000
 Average Precision  (AP) @[ IoU=0.50:0.95 | area= large | maxDets=100 ] = 0.818
 Average Recall     (AR) @[ IoU=0.50:0.95 | area=   all | maxDets=  1 ] = 0.838
 Average Recall     (AR) @[ IoU=0.50:0.95 | area=   all | maxDets= 10 ] = 0.838
 Average Recall     (AR) @[ IoU=0.50:0.95 | area=   all | maxDets=100 ] = 0.838
 Average Recall     (AR) @[ IoU=0.50:0.95 | area= small | maxDets=100 ] = -1.000
 Average Recall     (AR) @[ IoU=0.50:0.95 | area=medium | maxDets=100 ] = -1.000
 Average Recall     (AR) @[ IoU=0.50:0.95 | area= large | maxDets=100 ] = 0.838
per class AP:
| class            | AP     |
|:-----------------|:-------|
| raspberry_pi_sbc | 81.838 |
per class AR:
| class            | AR     |
|:-----------------|:-------|
| raspberry_pi_sbc | 83.846 |

2026-08-18 13:48:01 | INFO     | yolox.core.trainer:402 - Save weights to <PROJECT_ROOT>\runs\benchmarks\micropcb_rpi_phash_component_bootstrap_v2_full_e100_b8_i640_w0_s42-43-44_p02facd21ef_dbea2fbaddc_cb773706267\yolox_s_seed43
[EPOCH 057/100] loss=1.17445 iou=0.62018 conf=0.32934 cls=0.22494 | AP50=1.00000 AP50-95=0.81838 AP75=1.00000 AR100=0.83846 | LR=0.00045203 VRAM_peak=1717.2 MiB
EPOCH_METRICS_JSON {"epoch": 57, "elapsed_s": 13053.40389680001, "epoch_seconds": 192.14806189993396, "iterations": 188, "train_total_loss": 1.1744494108443564, "train_iou_loss": 0.6201752734945175, "train_conf_loss": 0.32933837797572, "train_cls_loss": 0.22493575505436736, "train_l1_loss": 0.0, "num_fg_mean": 8.57429910556187, "map50_95": 0.8183774637196747, "map50": 1.0, "ap75": 1.0, "ar100": 0.8384615384615385, "lr": 0.00045203032956110526, "lr_mean": 0.00046232351332734916, "gpu_peak_allocated_mib": 1717.24560546875, "gpu_peak_reserved_mib": 2234.0, "best_map50_95": 0.8574098026800376}
2026-08-18 13:48:02 | INFO     | yolox.core.trainer:218 - ---> start train epoch58
2026-08-18 13:48:11 | INFO     | yolox.core.trainer:270 - epoch: 58/100, iter: 10/188, gpu mem: 1717Mb, mem: 13.0Gb, iter_time: 0.951s, data_time: 0.806s, total_loss: 1.3, iou_loss: 0.8, l1_loss: 0.0, conf_loss: 0.2, cls_loss: 0.3, lr: 4.509e-04, size: 640, ETA: 2:37:17
2026-08-18 13:48:21 | INFO     | yolox.core.trainer:270 - epoch: 58/100, iter: 20/188, gpu mem: 1717Mb, mem: 12.9Gb, iter_time: 0.987s, data_time: 0.844s, total_loss: 0.9, iou_loss: 0.5, l1_loss: 0.0, conf_loss: 0.2, cls_loss: 0.2, lr: 4.498e-04, size: 640, ETA: 2:37:04
2026-08-18 13:48:31 | INFO     | yolox.core.trainer:270 - epoch: 58/100, iter: 30/188, gpu mem: 1717Mb, mem: 12.9Gb, iter_time: 0.941s, data_time: 0.800s, total_loss: 1.0, iou_loss: 0.6, l1_loss: 0.0, conf_loss: 0.2, cls_loss: 0.2, lr: 4.487e-04, size: 640, ETA: 2:36:51
2026-08-18 13:48:40 | INFO     | yolox.core.trainer:270 - epoch: 58/100, iter: 40/188, gpu mem: 1717Mb, mem: 12.9Gb, iter_time: 0.968s, data_time: 0.823s, total_loss: 1.1, iou_loss: 0.5, l1_loss: 0.0, conf_loss: 0.4, cls_loss: 0.2, lr: 4.477e-04, size: 640, ETA: 2:36:38
2026-08-18 13:48:50 | INFO     | yolox.core.trainer:270 - epoch: 58/100, iter: 50/188, gpu mem: 1717Mb, mem: 12.9Gb, iter_time: 0.994s, data_time: 0.849s, total_loss: 0.7, iou_loss: 0.3, l1_loss: 0.0, conf_loss: 0.2, cls_loss: 0.1, lr: 4.466e-04, size: 640, ETA: 2:36:25
2026-08-18 13:49:00 | INFO     | yolox.core.trainer:270 - epoch: 58/100, iter: 60/188, gpu mem: 1717Mb, mem: 12.9Gb, iter_time: 0.941s, data_time: 0.796s, total_loss: 0.9, iou_loss: 0.4, l1_loss: 0.0, conf_loss: 0.4, cls_loss: 0.2, lr: 4.455e-04, size: 640, ETA: 2:36:11
2026-08-18 13:49:09 | INFO     | yolox.core.trainer:270 - epoch: 58/100, iter: 70/188, gpu mem: 1717Mb, mem: 12.9Gb, iter_time: 0.967s, data_time: 0.824s, total_loss: 1.1, iou_loss: 0.5, l1_loss: 0.0, conf_loss: 0.4, cls_loss: 0.2, lr: 4.444e-04, size: 640, ETA: 2:35:58
2026-08-18 13:49:19 | INFO     | yolox.core.trainer:270 - epoch: 58/100, iter: 80/188, gpu mem: 1717Mb, mem: 13.0Gb, iter_time: 1.004s, data_time: 0.857s, total_loss: 0.7, iou_loss: 0.4, l1_loss: 0.0, conf_loss: 0.2, cls_loss: 0.2, lr: 4.433e-04, size: 640, ETA: 2:35:45
2026-08-18 13:49:29 | INFO     | yolox.core.trainer:270 - epoch: 58/100, iter: 90/188, gpu mem: 1717Mb, mem: 13.0Gb, iter_time: 0.946s, data_time: 0.803s, total_loss: 1.4, iou_loss: 0.7, l1_loss: 0.0, conf_loss: 0.4, cls_loss: 0.3, lr: 4.422e-04, size: 640, ETA: 2:35:32
2026-08-18 13:49:38 | INFO     | yolox.core.trainer:270 - epoch: 58/100, iter: 100/188, gpu mem: 1717Mb, mem: 13.0Gb, iter_time: 0.939s, data_time: 0.796s, total_loss: 1.1, iou_loss: 0.5, l1_loss: 0.0, conf_loss: 0.3, cls_loss: 0.2, lr: 4.411e-04, size: 640, ETA: 2:35:19
2026-08-18 13:49:48 | INFO     | yolox.core.trainer:270 - epoch: 58/100, iter: 110/188, gpu mem: 1717Mb, mem: 12.9Gb, iter_time: 0.990s, data_time: 0.847s, total_loss: 1.1, iou_loss: 0.6, l1_loss: 0.0, conf_loss: 0.2, cls_loss: 0.2, lr: 4.400e-04, size: 640, ETA: 2:35:06
2026-08-18 13:49:58 | INFO     | yolox.core.trainer:270 - epoch: 58/100, iter: 120/188, gpu mem: 1717Mb, mem: 12.9Gb, iter_time: 0.950s, data_time: 0.808s, total_loss: 1.4, iou_loss: 0.7, l1_loss: 0.0, conf_loss: 0.5, cls_loss: 0.2, lr: 4.389e-04, size: 640, ETA: 2:34:52
2026-08-18 13:50:07 | INFO     | yolox.core.trainer:270 - epoch: 58/100, iter: 130/188, gpu mem: 1717Mb, mem: 12.9Gb, iter_time: 0.964s, data_time: 0.817s, total_loss: 1.6, iou_loss: 0.8, l1_loss: 0.0, conf_loss: 0.5, cls_loss: 0.3, lr: 4.378e-04, size: 640, ETA: 2:34:39
2026-08-18 13:50:16 | INFO     | yolox.core.trainer:270 - epoch: 58/100, iter: 140/188, gpu mem: 1717Mb, mem: 12.8Gb, iter_time: 0.906s, data_time: 0.763s, total_loss: 1.0, iou_loss: 0.6, l1_loss: 0.0, conf_loss: 0.2, cls_loss: 0.2, lr: 4.368e-04, size: 640, ETA: 2:34:26
2026-08-18 13:50:26 | INFO     | yolox.core.trainer:270 - epoch: 58/100, iter: 150/188, gpu mem: 1717Mb, mem: 12.8Gb, iter_time: 0.962s, data_time: 0.817s, total_loss: 1.3, iou_loss: 0.7, l1_loss: 0.0, conf_loss: 0.4, cls_loss: 0.2, lr: 4.357e-04, size: 640, ETA: 2:34:12
2026-08-18 13:50:36 | INFO     | yolox.core.trainer:270 - epoch: 58/100, iter: 160/188, gpu mem: 1717Mb, mem: 12.8Gb, iter_time: 0.950s, data_time: 0.803s, total_loss: 1.3, iou_loss: 0.6, l1_loss: 0.0, conf_loss: 0.4, cls_loss: 0.2, lr: 4.346e-04, size: 640, ETA: 2:33:59
2026-08-18 13:50:45 | INFO     | yolox.core.trainer:270 - epoch: 58/100, iter: 170/188, gpu mem: 1717Mb, mem: 12.8Gb, iter_time: 0.942s, data_time: 0.796s, total_loss: 1.6, iou_loss: 0.9, l1_loss: 0.0, conf_loss: 0.4, cls_loss: 0.3, lr: 4.335e-04, size: 640, ETA: 2:33:46
2026-08-18 13:50:55 | INFO     | yolox.core.trainer:270 - epoch: 58/100, iter: 180/188, gpu mem: 1717Mb, mem: 13.0Gb, iter_time: 0.953s, data_time: 0.808s, total_loss: 1.1, iou_loss: 0.6, l1_loss: 0.0, conf_loss: 0.2, cls_loss: 0.2, lr: 4.324e-04, size: 640, ETA: 2:33:33
2026-08-18 13:51:02 | INFO     | yolox.core.trainer:402 - Save weights to <PROJECT_ROOT>\runs\benchmarks\micropcb_rpi_phash_component_bootstrap_v2_full_e100_b8_i640_w0_s42-43-44_p02facd21ef_dbea2fbaddc_cb773706267\yolox_s_seed43

  0%|          | 0/25 [00:00<?, ?it/s]
  4%|4         | 1/25 [00:00<00:06,  3.74it/s]
  8%|8         | 2/25 [00:00<00:06,  3.62it/s]
 12%|#2        | 3/25 [00:00<00:05,  3.75it/s]
 16%|#6        | 4/25 [00:01<00:05,  3.66it/s]
 20%|##        | 5/25 [00:01<00:05,  3.46it/s]
 24%|##4       | 6/25 [00:01<00:05,  3.38it/s]
 28%|##8       | 7/25 [00:01<00:05,  3.47it/s]
 32%|###2      | 8/25 [00:02<00:04,  3.51it/s]
 36%|###6      | 9/25 [00:02<00:04,  3.52it/s]
 40%|####      | 10/25 [00:02<00:04,  3.54it/s]
 44%|####4     | 11/25 [00:03<00:03,  3.55it/s]
 48%|####8     | 12/25 [00:03<00:03,  3.54it/s]
 52%|#####2    | 13/25 [00:03<00:03,  3.45it/s]
 56%|#####6    | 14/25 [00:03<00:03,  3.48it/s]
 60%|######    | 15/25 [00:04<00:02,  3.35it/s]
 64%|######4   | 16/25 [00:04<00:02,  3.26it/s]
 68%|######8   | 17/25 [00:04<00:02,  3.39it/s]
 72%|#######2  | 18/25 [00:05<00:01,  3.57it/s]
 76%|#######6  | 19/25 [00:05<00:01,  3.71it/s]
 80%|########  | 20/25 [00:05<00:01,  3.80it/s]
 84%|########4 | 21/25 [00:05<00:01,  3.92it/s]
 88%|########8 | 22/25 [00:06<00:00,  3.97it/s]
 92%|#########2| 23/25 [00:06<00:00,  3.80it/s]
 96%|#########6| 24/25 [00:06<00:00,  3.54it/s]
100%|##########| 25/25 [00:06<00:00,  4.29it/s]
100%|##########| 25/25 [00:06<00:00,  3.65it/s]
2026-08-18 13:51:09 | INFO     | mcu_data.yolox_metrics:78 - Evaluate with standard pycocotools COCOeval (no C++ JIT build).
2026-08-18 13:51:09 | INFO     | mcu_data.yolox_metrics:80 - Loading and preparing results...
2026-08-18 13:51:09 | INFO     | mcu_data.yolox_metrics:80 - DONE (t=0.00s)
2026-08-18 13:51:09 | INFO     | pycocotools.coco:367 - creating index...
2026-08-18 13:51:09 | INFO     | pycocotools.coco:367 - index created!
2026-08-18 13:51:09 | INFO     | mcu_data.yolox_metrics:82 - Running per image evaluation...
2026-08-18 13:51:09 | INFO     | mcu_data.yolox_metrics:82 - Evaluate annotation type *bbox*
2026-08-18 13:51:09 | INFO     | mcu_data.yolox_metrics:82 - DONE (t=0.04s).
2026-08-18 13:51:09 | INFO     | mcu_data.yolox_metrics:83 - Accumulating evaluation results...
2026-08-18 13:51:09 | INFO     | mcu_data.yolox_metrics:83 - DONE (t=0.01s).
2026-08-18 13:51:09 | INFO     | yolox.core.trainer:381 - 
Average forward time: 5.46 ms, Average NMS time: 0.86 ms, Average inference time: 6.32 ms
 Average Precision  (AP) @[ IoU=0.50:0.95 | area=   all | maxDets=100 ] = 0.839
 Average Precision  (AP) @[ IoU=0.50      | area=   all | maxDets=100 ] = 1.000
 Average Precision  (AP) @[ IoU=0.75      | area=   all | maxDets=100 ] = 1.000
 Average Precision  (AP) @[ IoU=0.50:0.95 | area= small | maxDets=100 ] = -1.000
 Average Precision  (AP) @[ IoU=0.50:0.95 | area=medium | maxDets=100 ] = -1.000
 Average Precision  (AP) @[ IoU=0.50:0.95 | area= large | maxDets=100 ] = 0.839
 Average Recall     (AR) @[ IoU=0.50:0.95 | area=   all | maxDets=  1 ] = 0.858
 Average Recall     (AR) @[ IoU=0.50:0.95 | area=   all | maxDets= 10 ] = 0.858
 Average Recall     (AR) @[ IoU=0.50:0.95 | area=   all | maxDets=100 ] = 0.858
 Average Recall     (AR) @[ IoU=0.50:0.95 | area= small | maxDets=100 ] = -1.000
 Average Recall     (AR) @[ IoU=0.50:0.95 | area=medium | maxDets=100 ] = -1.000
 Average Recall     (AR) @[ IoU=0.50:0.95 | area= large | maxDets=100 ] = 0.858
per class AP:
| class            | AP     |
|:-----------------|:-------|
| raspberry_pi_sbc | 83.898 |
per class AR:
| class            | AR     |
|:-----------------|:-------|
| raspberry_pi_sbc | 85.795 |

2026-08-18 13:51:09 | INFO     | yolox.core.trainer:402 - Save weights to <PROJECT_ROOT>\runs\benchmarks\micropcb_rpi_phash_component_bootstrap_v2_full_e100_b8_i640_w0_s42-43-44_p02facd21ef_dbea2fbaddc_cb773706267\yolox_s_seed43
[EPOCH 058/100] loss=1.13153 iou=0.58934 conf=0.32754 cls=0.21465 | AP50=1.00000 AP50-95=0.83898 AP75=1.00000 AR100=0.85795 | LR=0.00043157 VRAM_peak=1717.2 MiB
EPOCH_METRICS_JSON {"epoch": 58, "elapsed_s": 13241.782684199978, "epoch_seconds": 187.6790056999307, "iterations": 188, "train_total_loss": 1.1315281039222758, "train_iou_loss": 0.5893352221935353, "train_conf_loss": 0.3275445413557773, "train_cls_loss": 0.21464833886699475, "train_l1_loss": 0.0, "num_fg_mean": 8.567705139013027, "map50_95": 0.8389758003119657, "map50": 1.0, "ap75": 1.0, "ar100": 0.857948717948718, "lr": 0.0004315684390373783, "lr_mean": 0.00044172054947548133, "gpu_peak_allocated_mib": 1717.24755859375, "gpu_peak_reserved_mib": 2234.0, "best_map50_95": 0.8574098026800376}
2026-08-18 13:51:10 | INFO     | yolox.core.trainer:218 - ---> start train epoch59
2026-08-18 13:51:19 | INFO     | yolox.core.trainer:270 - epoch: 59/100, iter: 10/188, gpu mem: 1717Mb, mem: 13.0Gb, iter_time: 0.944s, data_time: 0.800s, total_loss: 1.1, iou_loss: 0.4, l1_loss: 0.0, conf_loss: 0.4, cls_loss: 0.2, lr: 4.305e-04, size: 640, ETA: 2:33:09
2026-08-18 13:51:30 | INFO     | yolox.core.trainer:270 - epoch: 59/100, iter: 20/188, gpu mem: 1717Mb, mem: 12.9Gb, iter_time: 1.006s, data_time: 0.863s, total_loss: 1.2, iou_loss: 0.6, l1_loss: 0.0, conf_loss: 0.4, cls_loss: 0.2, lr: 4.294e-04, size: 640, ETA: 2:32:56
2026-08-18 13:51:39 | INFO     | yolox.core.trainer:270 - epoch: 59/100, iter: 30/188, gpu mem: 1717Mb, mem: 12.9Gb, iter_time: 0.914s, data_time: 0.767s, total_loss: 1.2, iou_loss: 0.5, l1_loss: 0.0, conf_loss: 0.5, cls_loss: 0.2, lr: 4.283e-04, size: 640, ETA: 2:32:43
2026-08-18 13:51:48 | INFO     | yolox.core.trainer:270 - epoch: 59/100, iter: 40/188, gpu mem: 1717Mb, mem: 12.9Gb, iter_time: 0.971s, data_time: 0.823s, total_loss: 1.0, iou_loss: 0.5, l1_loss: 0.0, conf_loss: 0.2, cls_loss: 0.2, lr: 4.273e-04, size: 640, ETA: 2:32:30
2026-08-18 13:51:58 | INFO     | yolox.core.trainer:270 - epoch: 59/100, iter: 50/188, gpu mem: 1717Mb, mem: 12.8Gb, iter_time: 0.984s, data_time: 0.839s, total_loss: 0.9, iou_loss: 0.5, l1_loss: 0.0, conf_loss: 0.3, cls_loss: 0.2, lr: 4.262e-04, size: 640, ETA: 2:32:17
2026-08-18 13:52:08 | INFO     | yolox.core.trainer:270 - epoch: 59/100, iter: 60/188, gpu mem: 1717Mb, mem: 12.9Gb, iter_time: 1.018s, data_time: 0.872s, total_loss: 1.0, iou_loss: 0.4, l1_loss: 0.0, conf_loss: 0.5, cls_loss: 0.2, lr: 4.251e-04, size: 640, ETA: 2:32:04
2026-08-18 13:52:19 | INFO     | yolox.core.trainer:270 - epoch: 59/100, iter: 70/188, gpu mem: 1717Mb, mem: 12.9Gb, iter_time: 1.007s, data_time: 0.859s, total_loss: 0.9, iou_loss: 0.5, l1_loss: 0.0, conf_loss: 0.3, cls_loss: 0.2, lr: 4.240e-04, size: 640, ETA: 2:31:51
2026-08-18 13:52:29 | INFO     | yolox.core.trainer:270 - epoch: 59/100, iter: 80/188, gpu mem: 1717Mb, mem: 13.0Gb, iter_time: 1.054s, data_time: 0.904s, total_loss: 1.0, iou_loss: 0.5, l1_loss: 0.0, conf_loss: 0.2, cls_loss: 0.2, lr: 4.230e-04, size: 640, ETA: 2:31:39
2026-08-18 13:52:41 | INFO     | yolox.core.trainer:270 - epoch: 59/100, iter: 90/188, gpu mem: 1717Mb, mem: 12.9Gb, iter_time: 1.187s, data_time: 1.042s, total_loss: 0.9, iou_loss: 0.4, l1_loss: 0.0, conf_loss: 0.3, cls_loss: 0.2, lr: 4.219e-04, size: 640, ETA: 2:31:27
2026-08-18 13:52:53 | INFO     | yolox.core.trainer:270 - epoch: 59/100, iter: 100/188, gpu mem: 1717Mb, mem: 13.0Gb, iter_time: 1.217s, data_time: 1.073s, total_loss: 1.4, iou_loss: 0.8, l1_loss: 0.0, conf_loss: 0.4, cls_loss: 0.3, lr: 4.208e-04, size: 640, ETA: 2:31:16
2026-08-18 13:53:06 | INFO     | yolox.core.trainer:270 - epoch: 59/100, iter: 110/188, gpu mem: 1717Mb, mem: 13.3Gb, iter_time: 1.307s, data_time: 1.162s, total_loss: 1.1, iou_loss: 0.5, l1_loss: 0.0, conf_loss: 0.3, cls_loss: 0.2, lr: 4.197e-04, size: 640, ETA: 2:31:06
2026-08-18 13:53:16 | INFO     | yolox.core.trainer:270 - epoch: 59/100, iter: 120/188, gpu mem: 1717Mb, mem: 14.0Gb, iter_time: 0.993s, data_time: 0.848s, total_loss: 1.0, iou_loss: 0.6, l1_loss: 0.0, conf_loss: 0.2, cls_loss: 0.2, lr: 4.187e-04, size: 640, ETA: 2:30:53
2026-08-18 13:53:26 | INFO     | yolox.core.trainer:270 - epoch: 59/100, iter: 130/188, gpu mem: 1717Mb, mem: 12.7Gb, iter_time: 1.010s, data_time: 0.866s, total_loss: 1.1, iou_loss: 0.5, l1_loss: 0.0, conf_loss: 0.4, cls_loss: 0.2, lr: 4.176e-04, size: 640, ETA: 2:30:40
2026-08-18 13:53:36 | INFO     | yolox.core.trainer:270 - epoch: 59/100, iter: 140/188, gpu mem: 1717Mb, mem: 12.9Gb, iter_time: 0.926s, data_time: 0.778s, total_loss: 1.2, iou_loss: 0.7, l1_loss: 0.0, conf_loss: 0.3, cls_loss: 0.2, lr: 4.165e-04, size: 640, ETA: 2:30:27
2026-08-18 13:53:45 | INFO     | yolox.core.trainer:270 - epoch: 59/100, iter: 150/188, gpu mem: 1717Mb, mem: 12.8Gb, iter_time: 0.915s, data_time: 0.770s, total_loss: 1.2, iou_loss: 0.7, l1_loss: 0.0, conf_loss: 0.2, cls_loss: 0.2, lr: 4.155e-04, size: 640, ETA: 2:30:13
2026-08-18 13:53:55 | INFO     | yolox.core.trainer:270 - epoch: 59/100, iter: 160/188, gpu mem: 1717Mb, mem: 12.9Gb, iter_time: 0.994s, data_time: 0.850s, total_loss: 1.1, iou_loss: 0.6, l1_loss: 0.0, conf_loss: 0.2, cls_loss: 0.2, lr: 4.144e-04, size: 640, ETA: 2:30:00
2026-08-18 13:54:04 | INFO     | yolox.core.trainer:270 - epoch: 59/100, iter: 170/188, gpu mem: 1717Mb, mem: 12.9Gb, iter_time: 0.939s, data_time: 0.794s, total_loss: 1.1, iou_loss: 0.6, l1_loss: 0.0, conf_loss: 0.3, cls_loss: 0.2, lr: 4.133e-04, size: 640, ETA: 2:29:47
2026-08-18 13:54:14 | INFO     | yolox.core.trainer:270 - epoch: 59/100, iter: 180/188, gpu mem: 1717Mb, mem: 13.0Gb, iter_time: 0.947s, data_time: 0.799s, total_loss: 1.0, iou_loss: 0.5, l1_loss: 0.0, conf_loss: 0.3, cls_loss: 0.2, lr: 4.123e-04, size: 640, ETA: 2:29:34
2026-08-18 13:54:21 | INFO     | yolox.core.trainer:402 - Save weights to <PROJECT_ROOT>\runs\benchmarks\micropcb_rpi_phash_component_bootstrap_v2_full_e100_b8_i640_w0_s42-43-44_p02facd21ef_dbea2fbaddc_cb773706267\yolox_s_seed43

  0%|          | 0/25 [00:00<?, ?it/s]
  4%|4         | 1/25 [00:00<00:06,  3.59it/s]
  8%|8         | 2/25 [00:00<00:06,  3.50it/s]
 12%|#2        | 3/25 [00:00<00:06,  3.50it/s]
 16%|#6        | 4/25 [00:01<00:06,  3.33it/s]
 20%|##        | 5/25 [00:01<00:06,  3.16it/s]
 24%|##4       | 6/25 [00:01<00:06,  3.15it/s]
 28%|##8       | 7/25 [00:02<00:05,  3.21it/s]
 32%|###2      | 8/25 [00:02<00:05,  3.31it/s]
 36%|###6      | 9/25 [00:02<00:04,  3.37it/s]
 40%|####      | 10/25 [00:03<00:04,  3.35it/s]
 44%|####4     | 11/25 [00:03<00:04,  3.44it/s]
 48%|####8     | 12/25 [00:03<00:03,  3.39it/s]
 52%|#####2    | 13/25 [00:03<00:03,  3.33it/s]
 56%|#####6    | 14/25 [00:04<00:03,  3.38it/s]
 60%|######    | 15/25 [00:04<00:03,  3.29it/s]
 64%|######4   | 16/25 [00:04<00:02,  3.18it/s]
 68%|######8   | 17/25 [00:05<00:02,  3.31it/s]
 72%|#######2  | 18/25 [00:05<00:01,  3.52it/s]
 76%|#######6  | 19/25 [00:05<00:01,  3.68it/s]
 80%|########  | 20/25 [00:05<00:01,  3.75it/s]
 84%|########4 | 21/25 [00:06<00:01,  3.86it/s]
 88%|########8 | 22/25 [00:06<00:00,  3.93it/s]
 92%|#########2| 23/25 [00:06<00:00,  3.78it/s]
 96%|#########6| 24/25 [00:06<00:00,  3.57it/s]
100%|##########| 25/25 [00:07<00:00,  4.33it/s]
100%|##########| 25/25 [00:07<00:00,  3.54it/s]
2026-08-18 13:54:28 | INFO     | mcu_data.yolox_metrics:78 - Evaluate with standard pycocotools COCOeval (no C++ JIT build).
2026-08-18 13:54:28 | INFO     | mcu_data.yolox_metrics:80 - Loading and preparing results...
2026-08-18 13:54:28 | INFO     | mcu_data.yolox_metrics:80 - DONE (t=0.00s)
2026-08-18 13:54:28 | INFO     | pycocotools.coco:367 - creating index...
2026-08-18 13:54:28 | INFO     | pycocotools.coco:367 - index created!
2026-08-18 13:54:28 | INFO     | mcu_data.yolox_metrics:82 - Running per image evaluation...
2026-08-18 13:54:28 | INFO     | mcu_data.yolox_metrics:82 - Evaluate annotation type *bbox*
2026-08-18 13:54:28 | INFO     | mcu_data.yolox_metrics:82 - DONE (t=0.04s).
2026-08-18 13:54:28 | INFO     | mcu_data.yolox_metrics:83 - Accumulating evaluation results...
2026-08-18 13:54:28 | INFO     | mcu_data.yolox_metrics:83 - DONE (t=0.01s).
2026-08-18 13:54:28 | INFO     | yolox.core.trainer:381 - 
Average forward time: 5.48 ms, Average NMS time: 0.90 ms, Average inference time: 6.38 ms
 Average Precision  (AP) @[ IoU=0.50:0.95 | area=   all | maxDets=100 ] = 0.837
 Average Precision  (AP) @[ IoU=0.50      | area=   all | maxDets=100 ] = 1.000
 Average Precision  (AP) @[ IoU=0.75      | area=   all | maxDets=100 ] = 1.000
 Average Precision  (AP) @[ IoU=0.50:0.95 | area= small | maxDets=100 ] = -1.000
 Average Precision  (AP) @[ IoU=0.50:0.95 | area=medium | maxDets=100 ] = -1.000
 Average Precision  (AP) @[ IoU=0.50:0.95 | area= large | maxDets=100 ] = 0.837
 Average Recall     (AR) @[ IoU=0.50:0.95 | area=   all | maxDets=  1 ] = 0.856
 Average Recall     (AR) @[ IoU=0.50:0.95 | area=   all | maxDets= 10 ] = 0.856
 Average Recall     (AR) @[ IoU=0.50:0.95 | area=   all | maxDets=100 ] = 0.856
 Average Recall     (AR) @[ IoU=0.50:0.95 | area= small | maxDets=100 ] = -1.000
 Average Recall     (AR) @[ IoU=0.50:0.95 | area=medium | maxDets=100 ] = -1.000
 Average Recall     (AR) @[ IoU=0.50:0.95 | area= large | maxDets=100 ] = 0.856
per class AP:
| class            | AP     |
|:-----------------|:-------|
| raspberry_pi_sbc | 83.681 |
per class AR:
| class            | AR     |
|:-----------------|:-------|
| raspberry_pi_sbc | 85.590 |

2026-08-18 13:54:28 | INFO     | yolox.core.trainer:402 - Save weights to <PROJECT_ROOT>\runs\benchmarks\micropcb_rpi_phash_component_bootstrap_v2_full_e100_b8_i640_w0_s42-43-44_p02facd21ef_dbea2fbaddc_cb773706267\yolox_s_seed43
[EPOCH 059/100] loss=1.12320 iou=0.58017 conf=0.33094 cls=0.21210 | AP50=1.00000 AP50-95=0.83681 AP75=1.00000 AR100=0.85590 | LR=0.00041141 VRAM_peak=1717.2 MiB
EPOCH_METRICS_JSON {"epoch": 59, "elapsed_s": 13440.742617400014, "epoch_seconds": 198.42024470004253, "iterations": 188, "train_total_loss": 1.1232041672189186, "train_iou_loss": 0.5801672417115658, "train_conf_loss": 0.3309411775082984, "train_cls_loss": 0.2120957426885341, "train_l1_loss": 0.0, "num_fg_mean": 8.527795488478219, "map50_95": 0.8368097619348696, "map50": 1.0, "ap75": 1.0, "ar100": 0.8558974358974358, "lr": 0.0004114134364998699, "lr_mean": 0.00042141060704813083, "gpu_peak_allocated_mib": 1717.24755859375, "gpu_peak_reserved_mib": 2234.0, "best_map50_95": 0.8574098026800376}
2026-08-18 13:54:29 | INFO     | yolox.core.trainer:218 - ---> start train epoch60
2026-08-18 13:54:39 | INFO     | yolox.core.trainer:270 - epoch: 60/100, iter: 10/188, gpu mem: 1717Mb, mem: 13.1Gb, iter_time: 0.965s, data_time: 0.818s, total_loss: 1.1, iou_loss: 0.6, l1_loss: 0.0, conf_loss: 0.3, cls_loss: 0.2, lr: 4.104e-04, size: 640, ETA: 2:29:11
2026-08-18 13:54:49 | INFO     | yolox.core.trainer:270 - epoch: 60/100, iter: 20/188, gpu mem: 1717Mb, mem: 13.0Gb, iter_time: 0.977s, data_time: 0.831s, total_loss: 1.4, iou_loss: 0.5, l1_loss: 0.0, conf_loss: 0.6, cls_loss: 0.2, lr: 4.093e-04, size: 640, ETA: 2:28:58
2026-08-18 13:54:58 | INFO     | yolox.core.trainer:270 - epoch: 60/100, iter: 30/188, gpu mem: 1717Mb, mem: 13.0Gb, iter_time: 0.980s, data_time: 0.839s, total_loss: 1.3, iou_loss: 0.7, l1_loss: 0.0, conf_loss: 0.4, cls_loss: 0.2, lr: 4.082e-04, size: 640, ETA: 2:28:45
2026-08-18 13:55:08 | INFO     | yolox.core.trainer:270 - epoch: 60/100, iter: 40/188, gpu mem: 1717Mb, mem: 13.2Gb, iter_time: 1.013s, data_time: 0.865s, total_loss: 0.8, iou_loss: 0.5, l1_loss: 0.0, conf_loss: 0.2, cls_loss: 0.2, lr: 4.072e-04, size: 640, ETA: 2:28:32
2026-08-18 13:55:19 | INFO     | yolox.core.trainer:270 - epoch: 60/100, iter: 50/188, gpu mem: 1717Mb, mem: 13.1Gb, iter_time: 1.020s, data_time: 0.871s, total_loss: 1.5, iou_loss: 0.7, l1_loss: 0.0, conf_loss: 0.6, cls_loss: 0.2, lr: 4.061e-04, size: 640, ETA: 2:28:20
2026-08-18 13:55:29 | INFO     | yolox.core.trainer:270 - epoch: 60/100, iter: 60/188, gpu mem: 1717Mb, mem: 13.1Gb, iter_time: 0.990s, data_time: 0.843s, total_loss: 1.2, iou_loss: 0.7, l1_loss: 0.0, conf_loss: 0.2, cls_loss: 0.2, lr: 4.051e-04, size: 640, ETA: 2:28:07
2026-08-18 13:55:39 | INFO     | yolox.core.trainer:270 - epoch: 60/100, iter: 70/188, gpu mem: 1717Mb, mem: 13.0Gb, iter_time: 0.989s, data_time: 0.842s, total_loss: 1.1, iou_loss: 0.6, l1_loss: 0.0, conf_loss: 0.2, cls_loss: 0.2, lr: 4.040e-04, size: 640, ETA: 2:27:54
2026-08-18 13:55:48 | INFO     | yolox.core.trainer:270 - epoch: 60/100, iter: 80/188, gpu mem: 1717Mb, mem: 13.0Gb, iter_time: 0.949s, data_time: 0.804s, total_loss: 0.8, iou_loss: 0.5, l1_loss: 0.0, conf_loss: 0.1, cls_loss: 0.2, lr: 4.029e-04, size: 640, ETA: 2:27:41
2026-08-18 13:55:58 | INFO     | yolox.core.trainer:270 - epoch: 60/100, iter: 90/188, gpu mem: 1717Mb, mem: 13.1Gb, iter_time: 0.998s, data_time: 0.846s, total_loss: 1.4, iou_loss: 0.8, l1_loss: 0.0, conf_loss: 0.4, cls_loss: 0.3, lr: 4.019e-04, size: 640, ETA: 2:27:28
2026-08-18 13:56:08 | INFO     | yolox.core.trainer:270 - epoch: 60/100, iter: 100/188, gpu mem: 1717Mb, mem: 13.1Gb, iter_time: 0.996s, data_time: 0.847s, total_loss: 1.5, iou_loss: 0.7, l1_loss: 0.0, conf_loss: 0.6, cls_loss: 0.2, lr: 4.008e-04, size: 640, ETA: 2:27:15
2026-08-18 13:56:17 | INFO     | yolox.core.trainer:270 - epoch: 60/100, iter: 110/188, gpu mem: 1717Mb, mem: 12.8Gb, iter_time: 0.931s, data_time: 0.787s, total_loss: 1.8, iou_loss: 0.8, l1_loss: 0.0, conf_loss: 0.7, cls_loss: 0.3, lr: 3.998e-04, size: 640, ETA: 2:27:02
2026-08-18 13:56:26 | INFO     | yolox.core.trainer:270 - epoch: 60/100, iter: 120/188, gpu mem: 1717Mb, mem: 12.7Gb, iter_time: 0.886s, data_time: 0.743s, total_loss: 1.2, iou_loss: 0.7, l1_loss: 0.0, conf_loss: 0.3, cls_loss: 0.2, lr: 3.987e-04, size: 640, ETA: 2:26:49
2026-08-18 13:56:35 | INFO     | yolox.core.trainer:270 - epoch: 60/100, iter: 130/188, gpu mem: 1717Mb, mem: 12.8Gb, iter_time: 0.867s, data_time: 0.723s, total_loss: 1.2, iou_loss: 0.6, l1_loss: 0.0, conf_loss: 0.4, cls_loss: 0.2, lr: 3.977e-04, size: 640, ETA: 2:26:35
2026-08-18 13:56:44 | INFO     | yolox.core.trainer:270 - epoch: 60/100, iter: 140/188, gpu mem: 1717Mb, mem: 12.8Gb, iter_time: 0.878s, data_time: 0.732s, total_loss: 1.1, iou_loss: 0.6, l1_loss: 0.0, conf_loss: 0.3, cls_loss: 0.2, lr: 3.966e-04, size: 640, ETA: 2:26:22
2026-08-18 13:56:53 | INFO     | yolox.core.trainer:270 - epoch: 60/100, iter: 150/188, gpu mem: 1717Mb, mem: 12.8Gb, iter_time: 0.886s, data_time: 0.743s, total_loss: 1.0, iou_loss: 0.5, l1_loss: 0.0, conf_loss: 0.3, cls_loss: 0.2, lr: 3.956e-04, size: 640, ETA: 2:26:08
2026-08-18 13:57:01 | INFO     | yolox.core.trainer:270 - epoch: 60/100, iter: 160/188, gpu mem: 1717Mb, mem: 12.8Gb, iter_time: 0.869s, data_time: 0.725s, total_loss: 0.8, iou_loss: 0.4, l1_loss: 0.0, conf_loss: 0.2, cls_loss: 0.2, lr: 3.945e-04, size: 640, ETA: 2:25:55
2026-08-18 13:57:10 | INFO     | yolox.core.trainer:270 - epoch: 60/100, iter: 170/188, gpu mem: 1717Mb, mem: 12.8Gb, iter_time: 0.869s, data_time: 0.726s, total_loss: 0.9, iou_loss: 0.5, l1_loss: 0.0, conf_loss: 0.3, cls_loss: 0.2, lr: 3.935e-04, size: 640, ETA: 2:25:41
2026-08-18 13:57:19 | INFO     | yolox.core.trainer:270 - epoch: 60/100, iter: 180/188, gpu mem: 1717Mb, mem: 12.8Gb, iter_time: 0.892s, data_time: 0.749s, total_loss: 0.8, iou_loss: 0.4, l1_loss: 0.0, conf_loss: 0.3, cls_loss: 0.2, lr: 3.924e-04, size: 640, ETA: 2:25:28
2026-08-18 13:57:26 | INFO     | yolox.core.trainer:402 - Save weights to <PROJECT_ROOT>\runs\benchmarks\micropcb_rpi_phash_component_bootstrap_v2_full_e100_b8_i640_w0_s42-43-44_p02facd21ef_dbea2fbaddc_cb773706267\yolox_s_seed43

  0%|          | 0/25 [00:00<?, ?it/s]
  4%|4         | 1/25 [00:00<00:05,  4.03it/s]
  8%|8         | 2/25 [00:00<00:06,  3.71it/s]
 12%|#2        | 3/25 [00:00<00:06,  3.52it/s]
 16%|#6        | 4/25 [00:01<00:06,  3.39it/s]
 20%|##        | 5/25 [00:01<00:06,  3.19it/s]
 24%|##4       | 6/25 [00:01<00:05,  3.17it/s]
 28%|##8       | 7/25 [00:02<00:05,  3.24it/s]
 32%|###2      | 8/25 [00:02<00:05,  3.30it/s]
 36%|###6      | 9/25 [00:02<00:04,  3.40it/s]
 40%|####      | 10/25 [00:02<00:04,  3.37it/s]
 44%|####4     | 11/25 [00:03<00:04,  3.43it/s]
 48%|####8     | 12/25 [00:03<00:03,  3.47it/s]
 52%|#####2    | 13/25 [00:03<00:03,  3.38it/s]
 56%|#####6    | 14/25 [00:04<00:03,  3.39it/s]
 60%|######    | 15/25 [00:04<00:03,  3.31it/s]
 64%|######4   | 16/25 [00:04<00:02,  3.21it/s]
 68%|######8   | 17/25 [00:05<00:02,  3.35it/s]
 72%|#######2  | 18/25 [00:05<00:01,  3.56it/s]
 76%|#######6  | 19/25 [00:05<00:01,  3.68it/s]
 80%|########  | 20/25 [00:05<00:01,  3.79it/s]
 84%|########4 | 21/25 [00:06<00:01,  3.93it/s]
 88%|########8 | 22/25 [00:06<00:00,  3.95it/s]
 92%|#########2| 23/25 [00:06<00:00,  3.79it/s]
 96%|#########6| 24/25 [00:06<00:00,  3.57it/s]
100%|##########| 25/25 [00:07<00:00,  4.33it/s]
100%|##########| 25/25 [00:07<00:00,  3.57it/s]
2026-08-18 13:57:33 | INFO     | mcu_data.yolox_metrics:78 - Evaluate with standard pycocotools COCOeval (no C++ JIT build).
2026-08-18 13:57:33 | INFO     | mcu_data.yolox_metrics:80 - Loading and preparing results...
2026-08-18 13:57:33 | INFO     | mcu_data.yolox_metrics:80 - DONE (t=0.00s)
2026-08-18 13:57:33 | INFO     | pycocotools.coco:367 - creating index...
2026-08-18 13:57:33 | INFO     | pycocotools.coco:367 - index created!
2026-08-18 13:57:33 | INFO     | mcu_data.yolox_metrics:82 - Running per image evaluation...
2026-08-18 13:57:33 | INFO     | mcu_data.yolox_metrics:82 - Evaluate annotation type *bbox*
2026-08-18 13:57:33 | INFO     | mcu_data.yolox_metrics:82 - DONE (t=0.03s).
2026-08-18 13:57:33 | INFO     | mcu_data.yolox_metrics:83 - Accumulating evaluation results...
2026-08-18 13:57:33 | INFO     | mcu_data.yolox_metrics:83 - DONE (t=0.01s).
2026-08-18 13:57:33 | INFO     | yolox.core.trainer:381 - 
Average forward time: 5.38 ms, Average NMS time: 0.76 ms, Average inference time: 6.14 ms
 Average Precision  (AP) @[ IoU=0.50:0.95 | area=   all | maxDets=100 ] = 0.849
 Average Precision  (AP) @[ IoU=0.50      | area=   all | maxDets=100 ] = 1.000
 Average Precision  (AP) @[ IoU=0.75      | area=   all | maxDets=100 ] = 1.000
 Average Precision  (AP) @[ IoU=0.50:0.95 | area= small | maxDets=100 ] = -1.000
 Average Precision  (AP) @[ IoU=0.50:0.95 | area=medium | maxDets=100 ] = -1.000
 Average Precision  (AP) @[ IoU=0.50:0.95 | area= large | maxDets=100 ] = 0.849
 Average Recall     (AR) @[ IoU=0.50:0.95 | area=   all | maxDets=  1 ] = 0.865
 Average Recall     (AR) @[ IoU=0.50:0.95 | area=   all | maxDets= 10 ] = 0.865
 Average Recall     (AR) @[ IoU=0.50:0.95 | area=   all | maxDets=100 ] = 0.865
 Average Recall     (AR) @[ IoU=0.50:0.95 | area= small | maxDets=100 ] = -1.000
 Average Recall     (AR) @[ IoU=0.50:0.95 | area=medium | maxDets=100 ] = -1.000
 Average Recall     (AR) @[ IoU=0.50:0.95 | area= large | maxDets=100 ] = 0.865
per class AP:
| class            | AP     |
|:-----------------|:-------|
| raspberry_pi_sbc | 84.873 |
per class AR:
| class            | AR     |
|:-----------------|:-------|
| raspberry_pi_sbc | 86.462 |

2026-08-18 13:57:33 | INFO     | yolox.core.trainer:402 - Save weights to <PROJECT_ROOT>\runs\benchmarks\micropcb_rpi_phash_component_bootstrap_v2_full_e100_b8_i640_w0_s42-43-44_p02facd21ef_dbea2fbaddc_cb773706267\yolox_s_seed43
[EPOCH 060/100] loss=1.14007 iou=0.59575 conf=0.32613 cls=0.21819 | AP50=1.00000 AP50-95=0.84873 AP75=1.00000 AR100=0.86462 | LR=0.00039159 VRAM_peak=1717.2 MiB
EPOCH_METRICS_JSON {"epoch": 60, "elapsed_s": 13625.585491099977, "epoch_seconds": 184.14004889992066, "iterations": 188, "train_total_loss": 1.1400715658005247, "train_iou_loss": 0.5957519657751347, "train_conf_loss": 0.3261293860033472, "train_cls_loss": 0.21819021101010608, "train_l1_loss": 0.0, "num_fg_mean": 8.607581770837857, "map50_95": 0.8487258959951028, "map50": 1.0, "ap75": 1.0, "ar100": 0.8646153846153846, "lr": 0.00039159285125768046, "lr_mean": 0.0004014214269836507, "gpu_peak_allocated_mib": 1717.24755859375, "gpu_peak_reserved_mib": 2234.0, "best_map50_95": 0.8574098026800376}
2026-08-18 13:57:34 | INFO     | yolox.core.trainer:218 - ---> start train epoch61
2026-08-18 13:57:43 | INFO     | yolox.core.trainer:270 - epoch: 61/100, iter: 10/188, gpu mem: 1717Mb, mem: 12.9Gb, iter_time: 0.941s, data_time: 0.797s, total_loss: 1.0, iou_loss: 0.6, l1_loss: 0.0, conf_loss: 0.2, cls_loss: 0.2, lr: 3.905e-04, size: 640, ETA: 2:25:04
2026-08-18 13:57:53 | INFO     | yolox.core.trainer:270 - epoch: 61/100, iter: 20/188, gpu mem: 1717Mb, mem: 12.9Gb, iter_time: 0.959s, data_time: 0.820s, total_loss: 1.5, iou_loss: 0.6, l1_loss: 0.0, conf_loss: 0.7, cls_loss: 0.2, lr: 3.895e-04, size: 640, ETA: 2:24:51
2026-08-18 13:58:02 | INFO     | yolox.core.trainer:270 - epoch: 61/100, iter: 30/188, gpu mem: 1717Mb, mem: 12.8Gb, iter_time: 0.914s, data_time: 0.772s, total_loss: 1.2, iou_loss: 0.6, l1_loss: 0.0, conf_loss: 0.3, cls_loss: 0.2, lr: 3.885e-04, size: 640, ETA: 2:24:38
2026-08-18 13:58:12 | INFO     | yolox.core.trainer:270 - epoch: 61/100, iter: 40/188, gpu mem: 1717Mb, mem: 12.8Gb, iter_time: 0.953s, data_time: 0.809s, total_loss: 1.3, iou_loss: 0.7, l1_loss: 0.0, conf_loss: 0.4, cls_loss: 0.3, lr: 3.874e-04, size: 640, ETA: 2:24:25
2026-08-18 13:58:21 | INFO     | yolox.core.trainer:270 - epoch: 61/100, iter: 50/188, gpu mem: 1717Mb, mem: 12.8Gb, iter_time: 0.977s, data_time: 0.835s, total_loss: 1.0, iou_loss: 0.6, l1_loss: 0.0, conf_loss: 0.2, cls_loss: 0.2, lr: 3.864e-04, size: 640, ETA: 2:24:12
2026-08-18 13:58:31 | INFO     | yolox.core.trainer:270 - epoch: 61/100, iter: 60/188, gpu mem: 1717Mb, mem: 12.7Gb, iter_time: 0.929s, data_time: 0.784s, total_loss: 1.1, iou_loss: 0.6, l1_loss: 0.0, conf_loss: 0.2, cls_loss: 0.2, lr: 3.853e-04, size: 640, ETA: 2:23:59
2026-08-18 13:58:40 | INFO     | yolox.core.trainer:270 - epoch: 61/100, iter: 70/188, gpu mem: 1717Mb, mem: 12.9Gb, iter_time: 0.974s, data_time: 0.833s, total_loss: 1.1, iou_loss: 0.5, l1_loss: 0.0, conf_loss: 0.4, cls_loss: 0.2, lr: 3.843e-04, size: 640, ETA: 2:23:46
2026-08-18 13:58:49 | INFO     | yolox.core.trainer:270 - epoch: 61/100, iter: 80/188, gpu mem: 1717Mb, mem: 12.8Gb, iter_time: 0.896s, data_time: 0.748s, total_loss: 1.0, iou_loss: 0.6, l1_loss: 0.0, conf_loss: 0.3, cls_loss: 0.2, lr: 3.833e-04, size: 640, ETA: 2:23:33
2026-08-18 13:58:59 | INFO     | yolox.core.trainer:270 - epoch: 61/100, iter: 90/188, gpu mem: 1717Mb, mem: 12.8Gb, iter_time: 1.005s, data_time: 0.853s, total_loss: 1.1, iou_loss: 0.4, l1_loss: 0.0, conf_loss: 0.5, cls_loss: 0.2, lr: 3.822e-04, size: 640, ETA: 2:23:20
2026-08-18 13:59:09 | INFO     | yolox.core.trainer:270 - epoch: 61/100, iter: 100/188, gpu mem: 1717Mb, mem: 12.7Gb, iter_time: 0.919s, data_time: 0.769s, total_loss: 0.9, iou_loss: 0.5, l1_loss: 0.0, conf_loss: 0.1, cls_loss: 0.2, lr: 3.812e-04, size: 640, ETA: 2:23:07
2026-08-18 13:59:17 | INFO     | yolox.core.trainer:270 - epoch: 61/100, iter: 110/188, gpu mem: 1717Mb, mem: 12.7Gb, iter_time: 0.883s, data_time: 0.736s, total_loss: 1.1, iou_loss: 0.6, l1_loss: 0.0, conf_loss: 0.3, cls_loss: 0.2, lr: 3.802e-04, size: 640, ETA: 2:22:54
2026-08-18 13:59:26 | INFO     | yolox.core.trainer:270 - epoch: 61/100, iter: 120/188, gpu mem: 1717Mb, mem: 12.6Gb, iter_time: 0.884s, data_time: 0.739s, total_loss: 0.9, iou_loss: 0.5, l1_loss: 0.0, conf_loss: 0.2, cls_loss: 0.2, lr: 3.791e-04, size: 640, ETA: 2:22:40
2026-08-18 13:59:35 | INFO     | yolox.core.trainer:270 - epoch: 61/100, iter: 130/188, gpu mem: 1717Mb, mem: 12.6Gb, iter_time: 0.889s, data_time: 0.743s, total_loss: 1.0, iou_loss: 0.5, l1_loss: 0.0, conf_loss: 0.3, cls_loss: 0.2, lr: 3.781e-04, size: 640, ETA: 2:22:27
2026-08-18 13:59:44 | INFO     | yolox.core.trainer:270 - epoch: 61/100, iter: 140/188, gpu mem: 1717Mb, mem: 12.7Gb, iter_time: 0.900s, data_time: 0.758s, total_loss: 0.8, iou_loss: 0.5, l1_loss: 0.0, conf_loss: 0.1, cls_loss: 0.2, lr: 3.771e-04, size: 640, ETA: 2:22:14
2026-08-18 13:59:54 | INFO     | yolox.core.trainer:270 - epoch: 61/100, iter: 150/188, gpu mem: 1717Mb, mem: 12.7Gb, iter_time: 0.981s, data_time: 0.838s, total_loss: 1.2, iou_loss: 0.6, l1_loss: 0.0, conf_loss: 0.3, cls_loss: 0.2, lr: 3.760e-04, size: 640, ETA: 2:22:01
2026-08-18 14:00:03 | INFO     | yolox.core.trainer:270 - epoch: 61/100, iter: 160/188, gpu mem: 1717Mb, mem: 12.7Gb, iter_time: 0.884s, data_time: 0.740s, total_loss: 1.0, iou_loss: 0.6, l1_loss: 0.0, conf_loss: 0.2, cls_loss: 0.2, lr: 3.750e-04, size: 640, ETA: 2:21:48
2026-08-18 14:00:12 | INFO     | yolox.core.trainer:270 - epoch: 61/100, iter: 170/188, gpu mem: 1717Mb, mem: 12.6Gb, iter_time: 0.897s, data_time: 0.750s, total_loss: 0.9, iou_loss: 0.5, l1_loss: 0.0, conf_loss: 0.3, cls_loss: 0.2, lr: 3.740e-04, size: 640, ETA: 2:21:35
2026-08-18 14:00:20 | INFO     | yolox.core.trainer:270 - epoch: 61/100, iter: 180/188, gpu mem: 1717Mb, mem: 12.5Gb, iter_time: 0.865s, data_time: 0.723s, total_loss: 1.0, iou_loss: 0.6, l1_loss: 0.0, conf_loss: 0.2, cls_loss: 0.2, lr: 3.730e-04, size: 640, ETA: 2:21:21
2026-08-18 14:00:28 | INFO     | yolox.core.trainer:402 - Save weights to <PROJECT_ROOT>\runs\benchmarks\micropcb_rpi_phash_component_bootstrap_v2_full_e100_b8_i640_w0_s42-43-44_p02facd21ef_dbea2fbaddc_cb773706267\yolox_s_seed43

  0%|          | 0/25 [00:00<?, ?it/s]
  4%|4         | 1/25 [00:00<00:05,  4.08it/s]
  8%|8         | 2/25 [00:00<00:05,  3.93it/s]
 12%|#2        | 3/25 [00:00<00:05,  3.83it/s]
 16%|#6        | 4/25 [00:01<00:05,  3.65it/s]
 20%|##        | 5/25 [00:01<00:05,  3.37it/s]
 24%|##4       | 6/25 [00:01<00:05,  3.30it/s]
 28%|##8       | 7/25 [00:02<00:05,  3.37it/s]
 32%|###2      | 8/25 [00:02<00:04,  3.42it/s]
 36%|###6      | 9/25 [00:02<00:04,  3.51it/s]
 40%|####      | 10/25 [00:02<00:04,  3.46it/s]
 44%|####4     | 11/25 [00:03<00:03,  3.55it/s]
 48%|####8     | 12/25 [00:03<00:03,  3.49it/s]
 52%|#####2    | 13/25 [00:03<00:03,  3.41it/s]
 56%|#####6    | 14/25 [00:04<00:03,  3.46it/s]
 60%|######    | 15/25 [00:04<00:03,  3.31it/s]
 64%|######4   | 16/25 [00:04<00:02,  3.23it/s]
 68%|######8   | 17/25 [00:04<00:02,  3.35it/s]
 72%|#######2  | 18/25 [00:05<00:01,  3.55it/s]
 76%|#######6  | 19/25 [00:05<00:01,  3.70it/s]
 80%|########  | 20/25 [00:05<00:01,  3.79it/s]
 84%|########4 | 21/25 [00:05<00:01,  3.94it/s]
 88%|########8 | 22/25 [00:06<00:00,  4.00it/s]
 92%|#########2| 23/25 [00:06<00:00,  3.84it/s]
 96%|#########6| 24/25 [00:06<00:00,  3.59it/s]
100%|##########| 25/25 [00:06<00:00,  4.35it/s]
100%|##########| 25/25 [00:06<00:00,  3.64it/s]
2026-08-18 14:00:35 | INFO     | mcu_data.yolox_metrics:78 - Evaluate with standard pycocotools COCOeval (no C++ JIT build).
2026-08-18 14:00:35 | INFO     | mcu_data.yolox_metrics:80 - Loading and preparing results...
2026-08-18 14:00:35 | INFO     | mcu_data.yolox_metrics:80 - DONE (t=0.00s)
2026-08-18 14:00:35 | INFO     | pycocotools.coco:367 - creating index...
2026-08-18 14:00:35 | INFO     | pycocotools.coco:367 - index created!
2026-08-18 14:00:35 | INFO     | mcu_data.yolox_metrics:82 - Running per image evaluation...
2026-08-18 14:00:35 | INFO     | mcu_data.yolox_metrics:82 - Evaluate annotation type *bbox*
2026-08-18 14:00:35 | INFO     | mcu_data.yolox_metrics:82 - DONE (t=0.03s).
2026-08-18 14:00:35 | INFO     | mcu_data.yolox_metrics:83 - Accumulating evaluation results...
2026-08-18 14:00:35 | INFO     | mcu_data.yolox_metrics:83 - DONE (t=0.01s).
2026-08-18 14:00:35 | INFO     | yolox.core.trainer:381 - 
Average forward time: 5.27 ms, Average NMS time: 0.93 ms, Average inference time: 6.20 ms
 Average Precision  (AP) @[ IoU=0.50:0.95 | area=   all | maxDets=100 ] = 0.856
 Average Precision  (AP) @[ IoU=0.50      | area=   all | maxDets=100 ] = 1.000
 Average Precision  (AP) @[ IoU=0.75      | area=   all | maxDets=100 ] = 1.000
 Average Precision  (AP) @[ IoU=0.50:0.95 | area= small | maxDets=100 ] = -1.000
 Average Precision  (AP) @[ IoU=0.50:0.95 | area=medium | maxDets=100 ] = -1.000
 Average Precision  (AP) @[ IoU=0.50:0.95 | area= large | maxDets=100 ] = 0.856
 Average Recall     (AR) @[ IoU=0.50:0.95 | area=   all | maxDets=  1 ] = 0.871
 Average Recall     (AR) @[ IoU=0.50:0.95 | area=   all | maxDets= 10 ] = 0.871
 Average Recall     (AR) @[ IoU=0.50:0.95 | area=   all | maxDets=100 ] = 0.871
 Average Recall     (AR) @[ IoU=0.50:0.95 | area= small | maxDets=100 ] = -1.000
 Average Recall     (AR) @[ IoU=0.50:0.95 | area=medium | maxDets=100 ] = -1.000
 Average Recall     (AR) @[ IoU=0.50:0.95 | area= large | maxDets=100 ] = 0.871
per class AP:
| class            | AP     |
|:-----------------|:-------|
| raspberry_pi_sbc | 85.625 |
per class AR:
| class            | AR     |
|:-----------------|:-------|
| raspberry_pi_sbc | 87.077 |

2026-08-18 14:00:35 | INFO     | yolox.core.trainer:402 - Save weights to <PROJECT_ROOT>\runs\benchmarks\micropcb_rpi_phash_component_bootstrap_v2_full_e100_b8_i640_w0_s42-43-44_p02facd21ef_dbea2fbaddc_cb773706267\yolox_s_seed43
[EPOCH 061/100] loss=1.12511 iou=0.58397 conf=0.32767 cls=0.21347 | AP50=1.00000 AP50-95=0.85625 AP75=1.00000 AR100=0.87077 | LR=0.00037213 VRAM_peak=1717.2 MiB
EPOCH_METRICS_JSON {"epoch": 61, "elapsed_s": 13807.038738499978, "epoch_seconds": 180.92949969996698, "iterations": 188, "train_total_loss": 1.1251067953540923, "train_iou_loss": 0.5839670140375482, "train_conf_loss": 0.3276727625188675, "train_cls_loss": 0.21346701792580017, "train_l1_loss": 0.0, "num_fg_mean": 8.558579883225933, "map50_95": 0.8562513224193348, "map50": 1.0, "ap75": 1.0, "ar100": 0.8707692307692307, "lr": 0.00037213375584611115, "lr_mean": 0.00038178031209758944, "gpu_peak_allocated_mib": 1717.24755859375, "gpu_peak_reserved_mib": 2234.0, "best_map50_95": 0.8574098026800376}
2026-08-18 14:00:35 | INFO     | yolox.core.trainer:218 - ---> start train epoch62
2026-08-18 14:00:44 | INFO     | yolox.core.trainer:270 - epoch: 62/100, iter: 10/188, gpu mem: 1717Mb, mem: 12.5Gb, iter_time: 0.895s, data_time: 0.753s, total_loss: 1.0, iou_loss: 0.6, l1_loss: 0.0, conf_loss: 0.3, cls_loss: 0.2, lr: 3.711e-04, size: 640, ETA: 2:20:57
2026-08-18 14:00:53 | INFO     | yolox.core.trainer:270 - epoch: 62/100, iter: 20/188, gpu mem: 1717Mb, mem: 12.5Gb, iter_time: 0.913s, data_time: 0.774s, total_loss: 1.8, iou_loss: 0.9, l1_loss: 0.0, conf_loss: 0.6, cls_loss: 0.3, lr: 3.701e-04, size: 640, ETA: 2:20:44
2026-08-18 14:01:03 | INFO     | yolox.core.trainer:270 - epoch: 62/100, iter: 30/188, gpu mem: 1717Mb, mem: 12.5Gb, iter_time: 0.956s, data_time: 0.813s, total_loss: 0.9, iou_loss: 0.5, l1_loss: 0.0, conf_loss: 0.2, cls_loss: 0.2, lr: 3.691e-04, size: 640, ETA: 2:20:32
2026-08-18 14:01:12 | INFO     | yolox.core.trainer:270 - epoch: 62/100, iter: 40/188, gpu mem: 1717Mb, mem: 12.5Gb, iter_time: 0.926s, data_time: 0.784s, total_loss: 0.8, iou_loss: 0.5, l1_loss: 0.0, conf_loss: 0.2, cls_loss: 0.2, lr: 3.680e-04, size: 640, ETA: 2:20:19
2026-08-18 14:01:21 | INFO     | yolox.core.trainer:270 - epoch: 62/100, iter: 50/188, gpu mem: 1717Mb, mem: 12.4Gb, iter_time: 0.887s, data_time: 0.739s, total_loss: 0.8, iou_loss: 0.4, l1_loss: 0.0, conf_loss: 0.2, cls_loss: 0.2, lr: 3.670e-04, size: 640, ETA: 2:20:05
2026-08-18 14:01:30 | INFO     | yolox.core.trainer:270 - epoch: 62/100, iter: 60/188, gpu mem: 1717Mb, mem: 12.4Gb, iter_time: 0.907s, data_time: 0.765s, total_loss: 1.0, iou_loss: 0.5, l1_loss: 0.0, conf_loss: 0.3, cls_loss: 0.2, lr: 3.660e-04, size: 640, ETA: 2:19:52
2026-08-18 14:01:40 | INFO     | yolox.core.trainer:270 - epoch: 62/100, iter: 70/188, gpu mem: 1717Mb, mem: 12.4Gb, iter_time: 0.945s, data_time: 0.799s, total_loss: 1.3, iou_loss: 0.6, l1_loss: 0.0, conf_loss: 0.4, cls_loss: 0.2, lr: 3.650e-04, size: 640, ETA: 2:19:39
2026-08-18 14:01:49 | INFO     | yolox.core.trainer:270 - epoch: 62/100, iter: 80/188, gpu mem: 1717Mb, mem: 12.4Gb, iter_time: 0.951s, data_time: 0.806s, total_loss: 1.0, iou_loss: 0.6, l1_loss: 0.0, conf_loss: 0.3, cls_loss: 0.2, lr: 3.640e-04, size: 640, ETA: 2:19:27
2026-08-18 14:01:58 | INFO     | yolox.core.trainer:270 - epoch: 62/100, iter: 90/188, gpu mem: 1717Mb, mem: 12.4Gb, iter_time: 0.912s, data_time: 0.768s, total_loss: 1.5, iou_loss: 0.8, l1_loss: 0.0, conf_loss: 0.4, cls_loss: 0.3, lr: 3.630e-04, size: 640, ETA: 2:19:14
2026-08-18 14:02:10 | INFO     | yolox.core.trainer:270 - epoch: 62/100, iter: 100/188, gpu mem: 1717Mb, mem: 12.4Gb, iter_time: 1.136s, data_time: 0.992s, total_loss: 1.6, iou_loss: 0.9, l1_loss: 0.0, conf_loss: 0.5, cls_loss: 0.2, lr: 3.619e-04, size: 640, ETA: 2:19:02
2026-08-18 14:02:21 | INFO     | yolox.core.trainer:270 - epoch: 62/100, iter: 110/188, gpu mem: 1717Mb, mem: 12.4Gb, iter_time: 1.171s, data_time: 1.024s, total_loss: 1.4, iou_loss: 0.7, l1_loss: 0.0, conf_loss: 0.5, cls_loss: 0.2, lr: 3.609e-04, size: 640, ETA: 2:18:50
2026-08-18 14:02:35 | INFO     | yolox.core.trainer:270 - epoch: 62/100, iter: 120/188, gpu mem: 1717Mb, mem: 12.7Gb, iter_time: 1.319s, data_time: 1.175s, total_loss: 1.0, iou_loss: 0.6, l1_loss: 0.0, conf_loss: 0.3, cls_loss: 0.2, lr: 3.599e-04, size: 640, ETA: 2:18:40
2026-08-18 14:02:46 | INFO     | yolox.core.trainer:270 - epoch: 62/100, iter: 130/188, gpu mem: 1717Mb, mem: 12.3Gb, iter_time: 1.124s, data_time: 0.980s, total_loss: 1.1, iou_loss: 0.6, l1_loss: 0.0, conf_loss: 0.3, cls_loss: 0.2, lr: 3.589e-04, size: 640, ETA: 2:18:28
2026-08-18 14:02:58 | INFO     | yolox.core.trainer:270 - epoch: 62/100, iter: 140/188, gpu mem: 1717Mb, mem: 12.3Gb, iter_time: 1.172s, data_time: 1.032s, total_loss: 1.3, iou_loss: 0.7, l1_loss: 0.0, conf_loss: 0.4, cls_loss: 0.2, lr: 3.579e-04, size: 640, ETA: 2:18:17
2026-08-18 14:03:10 | INFO     | yolox.core.trainer:270 - epoch: 62/100, iter: 150/188, gpu mem: 1717Mb, mem: 12.3Gb, iter_time: 1.190s, data_time: 1.042s, total_loss: 1.3, iou_loss: 0.6, l1_loss: 0.0, conf_loss: 0.4, cls_loss: 0.2, lr: 3.569e-04, size: 640, ETA: 2:18:05
2026-08-18 14:03:22 | INFO     | yolox.core.trainer:270 - epoch: 62/100, iter: 160/188, gpu mem: 1717Mb, mem: 12.3Gb, iter_time: 1.225s, data_time: 1.082s, total_loss: 0.9, iou_loss: 0.5, l1_loss: 0.0, conf_loss: 0.1, cls_loss: 0.2, lr: 3.559e-04, size: 640, ETA: 2:17:54
2026-08-18 14:03:34 | INFO     | yolox.core.trainer:270 - epoch: 62/100, iter: 170/188, gpu mem: 1717Mb, mem: 12.3Gb, iter_time: 1.219s, data_time: 1.073s, total_loss: 1.7, iou_loss: 0.9, l1_loss: 0.0, conf_loss: 0.6, cls_loss: 0.3, lr: 3.549e-04, size: 640, ETA: 2:17:43
2026-08-18 14:03:46 | INFO     | yolox.core.trainer:270 - epoch: 62/100, iter: 180/188, gpu mem: 1717Mb, mem: 12.3Gb, iter_time: 1.207s, data_time: 1.066s, total_loss: 1.0, iou_loss: 0.5, l1_loss: 0.0, conf_loss: 0.3, cls_loss: 0.2, lr: 3.539e-04, size: 640, ETA: 2:17:32
2026-08-18 14:03:56 | INFO     | yolox.core.trainer:402 - Save weights to <PROJECT_ROOT>\runs\benchmarks\micropcb_rpi_phash_component_bootstrap_v2_full_e100_b8_i640_w0_s42-43-44_p02facd21ef_dbea2fbaddc_cb773706267\yolox_s_seed43

  0%|          | 0/25 [00:00<?, ?it/s]
  4%|4         | 1/25 [00:00<00:07,  3.08it/s]
  8%|8         | 2/25 [00:00<00:07,  3.07it/s]
 12%|#2        | 3/25 [00:00<00:07,  3.11it/s]
 16%|#6        | 4/25 [00:01<00:07,  2.97it/s]
 20%|##        | 5/25 [00:01<00:07,  2.83it/s]
 24%|##4       | 6/25 [00:02<00:06,  2.76it/s]
 28%|##8       | 7/25 [00:02<00:06,  2.83it/s]
 32%|###2      | 8/25 [00:02<00:05,  2.90it/s]
 36%|###6      | 9/25 [00:03<00:05,  2.98it/s]
 40%|####      | 10/25 [00:03<00:05,  2.99it/s]
 44%|####4     | 11/25 [00:03<00:04,  3.03it/s]
 48%|####8     | 12/25 [00:04<00:04,  3.05it/s]
 52%|#####2    | 13/25 [00:04<00:04,  2.95it/s]
 56%|#####6    | 14/25 [00:04<00:03,  3.01it/s]
 60%|######    | 15/25 [00:05<00:03,  2.90it/s]
 64%|######4   | 16/25 [00:05<00:03,  2.83it/s]
 68%|######8   | 17/25 [00:05<00:02,  2.96it/s]
 72%|#######2  | 18/25 [00:06<00:02,  3.20it/s]
 76%|#######6  | 19/25 [00:06<00:01,  3.32it/s]
 80%|########  | 20/25 [00:06<00:01,  3.32it/s]
 84%|########4 | 21/25 [00:06<00:01,  3.43it/s]
 88%|########8 | 22/25 [00:07<00:00,  3.45it/s]
 92%|#########2| 23/25 [00:07<00:00,  3.31it/s]
 96%|#########6| 24/25 [00:07<00:00,  3.08it/s]
100%|##########| 25/25 [00:07<00:00,  3.78it/s]
100%|##########| 25/25 [00:07<00:00,  3.13it/s]
2026-08-18 14:04:04 | INFO     | mcu_data.yolox_metrics:78 - Evaluate with standard pycocotools COCOeval (no C++ JIT build).
2026-08-18 14:04:04 | INFO     | mcu_data.yolox_metrics:80 - Loading and preparing results...
2026-08-18 14:04:04 | INFO     | mcu_data.yolox_metrics:80 - DONE (t=0.00s)
2026-08-18 14:04:04 | INFO     | pycocotools.coco:367 - creating index...
2026-08-18 14:04:04 | INFO     | pycocotools.coco:367 - index created!
2026-08-18 14:04:04 | INFO     | mcu_data.yolox_metrics:82 - Running per image evaluation...
2026-08-18 14:04:04 | INFO     | mcu_data.yolox_metrics:82 - Evaluate annotation type *bbox*
2026-08-18 14:04:04 | INFO     | mcu_data.yolox_metrics:82 - DONE (t=0.03s).
2026-08-18 14:04:04 | INFO     | mcu_data.yolox_metrics:83 - Accumulating evaluation results...
2026-08-18 14:04:04 | INFO     | mcu_data.yolox_metrics:83 - DONE (t=0.02s).
2026-08-18 14:04:04 | INFO     | yolox.core.trainer:381 - 
Average forward time: 5.07 ms, Average NMS time: 1.05 ms, Average inference time: 6.12 ms
 Average Precision  (AP) @[ IoU=0.50:0.95 | area=   all | maxDets=100 ] = 0.855
 Average Precision  (AP) @[ IoU=0.50      | area=   all | maxDets=100 ] = 1.000
 Average Precision  (AP) @[ IoU=0.75      | area=   all | maxDets=100 ] = 1.000
 Average Precision  (AP) @[ IoU=0.50:0.95 | area= small | maxDets=100 ] = -1.000
 Average Precision  (AP) @[ IoU=0.50:0.95 | area=medium | maxDets=100 ] = -1.000
 Average Precision  (AP) @[ IoU=0.50:0.95 | area= large | maxDets=100 ] = 0.855
 Average Recall     (AR) @[ IoU=0.50:0.95 | area=   all | maxDets=  1 ] = 0.868
 Average Recall     (AR) @[ IoU=0.50:0.95 | area=   all | maxDets= 10 ] = 0.868
 Average Recall     (AR) @[ IoU=0.50:0.95 | area=   all | maxDets=100 ] = 0.868
 Average Recall     (AR) @[ IoU=0.50:0.95 | area= small | maxDets=100 ] = -1.000
 Average Recall     (AR) @[ IoU=0.50:0.95 | area=medium | maxDets=100 ] = -1.000
 Average Recall     (AR) @[ IoU=0.50:0.95 | area= large | maxDets=100 ] = 0.868
per class AP:
| class            | AP     |
|:-----------------|:-------|
| raspberry_pi_sbc | 85.454 |
per class AR:
| class            | AR     |
|:-----------------|:-------|
| raspberry_pi_sbc | 86.821 |

2026-08-18 14:04:04 | INFO     | yolox.core.trainer:402 - Save weights to <PROJECT_ROOT>\runs\benchmarks\micropcb_rpi_phash_component_bootstrap_v2_full_e100_b8_i640_w0_s42-43-44_p02facd21ef_dbea2fbaddc_cb773706267\yolox_s_seed43
[EPOCH 062/100] loss=1.10730 iou=0.57573 conf=0.32026 cls=0.21131 | AP50=1.00000 AP50-95=0.85454 AP75=1.00000 AR100=0.86821 | LR=0.00035306 VRAM_peak=1717.2 MiB
EPOCH_METRICS_JSON {"epoch": 62, "elapsed_s": 14016.53265389998, "epoch_seconds": 208.82256640004925, "iterations": 188, "train_total_loss": 1.1072991490364075, "train_iou_loss": 0.5757346915754866, "train_conf_loss": 0.3202579968628731, "train_cls_loss": 0.21130646083583224, "train_l1_loss": 0.0, "num_fg_mean": 8.58371691526401, "map50_95": 0.8545432732503078, "map50": 1.0, "ap75": 1.0, "ar100": 0.8682051282051282, "lr": 0.0003530627290488366, "lr_mean": 0.000362514089790329, "gpu_peak_allocated_mib": 1717.24755859375, "gpu_peak_reserved_mib": 2234.0, "best_map50_95": 0.8574098026800376}
2026-08-18 14:04:05 | INFO     | yolox.core.trainer:218 - ---> start train epoch63
2026-08-18 14:04:17 | INFO     | yolox.core.trainer:270 - epoch: 63/100, iter: 10/188, gpu mem: 1717Mb, mem: 12.4Gb, iter_time: 1.243s, data_time: 1.091s, total_loss: 0.8, iou_loss: 0.4, l1_loss: 0.0, conf_loss: 0.2, cls_loss: 0.2, lr: 3.521e-04, size: 640, ETA: 2:17:12
2026-08-18 14:04:29 | INFO     | yolox.core.trainer:270 - epoch: 63/100, iter: 20/188, gpu mem: 1717Mb, mem: 12.3Gb, iter_time: 1.174s, data_time: 1.026s, total_loss: 1.0, iou_loss: 0.6, l1_loss: 0.0, conf_loss: 0.2, cls_loss: 0.2, lr: 3.511e-04, size: 640, ETA: 2:17:01
2026-08-18 14:04:41 | INFO     | yolox.core.trainer:270 - epoch: 63/100, iter: 30/188, gpu mem: 1717Mb, mem: 12.3Gb, iter_time: 1.149s, data_time: 1.002s, total_loss: 1.0, iou_loss: 0.5, l1_loss: 0.0, conf_loss: 0.4, cls_loss: 0.2, lr: 3.501e-04, size: 640, ETA: 2:16:49
2026-08-18 14:04:53 | INFO     | yolox.core.trainer:270 - epoch: 63/100, iter: 40/188, gpu mem: 1717Mb, mem: 12.3Gb, iter_time: 1.217s, data_time: 1.078s, total_loss: 1.3, iou_loss: 0.6, l1_loss: 0.0, conf_loss: 0.4, cls_loss: 0.2, lr: 3.491e-04, size: 640, ETA: 2:16:38
2026-08-18 14:05:05 | INFO     | yolox.core.trainer:270 - epoch: 63/100, iter: 50/188, gpu mem: 1717Mb, mem: 12.3Gb, iter_time: 1.213s, data_time: 1.069s, total_loss: 0.8, iou_loss: 0.4, l1_loss: 0.0, conf_loss: 0.2, cls_loss: 0.2, lr: 3.481e-04, size: 640, ETA: 2:16:27
2026-08-18 14:05:16 | INFO     | yolox.core.trainer:270 - epoch: 63/100, iter: 60/188, gpu mem: 1717Mb, mem: 12.3Gb, iter_time: 1.142s, data_time: 1.001s, total_loss: 0.9, iou_loss: 0.5, l1_loss: 0.0, conf_loss: 0.3, cls_loss: 0.2, lr: 3.471e-04, size: 640, ETA: 2:16:15
2026-08-18 14:05:29 | INFO     | yolox.core.trainer:270 - epoch: 63/100, iter: 70/188, gpu mem: 1717Mb, mem: 12.2Gb, iter_time: 1.216s, data_time: 1.074s, total_loss: 1.3, iou_loss: 0.6, l1_loss: 0.0, conf_loss: 0.5, cls_loss: 0.2, lr: 3.461e-04, size: 640, ETA: 2:16:04
2026-08-18 14:05:40 | INFO     | yolox.core.trainer:270 - epoch: 63/100, iter: 80/188, gpu mem: 1717Mb, mem: 12.2Gb, iter_time: 1.161s, data_time: 1.018s, total_loss: 1.2, iou_loss: 0.7, l1_loss: 0.0, conf_loss: 0.2, cls_loss: 0.2, lr: 3.451e-04, size: 640, ETA: 2:15:52
2026-08-18 14:05:52 | INFO     | yolox.core.trainer:270 - epoch: 63/100, iter: 90/188, gpu mem: 1717Mb, mem: 12.2Gb, iter_time: 1.171s, data_time: 1.027s, total_loss: 0.9, iou_loss: 0.5, l1_loss: 0.0, conf_loss: 0.3, cls_loss: 0.2, lr: 3.441e-04, size: 640, ETA: 2:15:41
2026-08-18 14:06:04 | INFO     | yolox.core.trainer:270 - epoch: 63/100, iter: 100/188, gpu mem: 1717Mb, mem: 12.2Gb, iter_time: 1.218s, data_time: 1.079s, total_loss: 1.4, iou_loss: 0.8, l1_loss: 0.0, conf_loss: 0.3, cls_loss: 0.3, lr: 3.431e-04, size: 640, ETA: 2:15:30
2026-08-18 14:06:16 | INFO     | yolox.core.trainer:270 - epoch: 63/100, iter: 110/188, gpu mem: 1717Mb, mem: 12.2Gb, iter_time: 1.163s, data_time: 1.014s, total_loss: 1.0, iou_loss: 0.4, l1_loss: 0.0, conf_loss: 0.3, cls_loss: 0.2, lr: 3.421e-04, size: 640, ETA: 2:15:18
2026-08-18 14:06:27 | INFO     | yolox.core.trainer:270 - epoch: 63/100, iter: 120/188, gpu mem: 1717Mb, mem: 11.9Gb, iter_time: 1.168s, data_time: 1.021s, total_loss: 1.0, iou_loss: 0.5, l1_loss: 0.0, conf_loss: 0.3, cls_loss: 0.2, lr: 3.411e-04, size: 640, ETA: 2:15:07
2026-08-18 14:06:38 | INFO     | yolox.core.trainer:270 - epoch: 63/100, iter: 130/188, gpu mem: 1717Mb, mem: 11.9Gb, iter_time: 1.103s, data_time: 0.962s, total_loss: 1.7, iou_loss: 0.8, l1_loss: 0.0, conf_loss: 0.7, cls_loss: 0.3, lr: 3.401e-04, size: 640, ETA: 2:14:55
2026-08-18 14:06:50 | INFO     | yolox.core.trainer:270 - epoch: 63/100, iter: 140/188, gpu mem: 1717Mb, mem: 11.9Gb, iter_time: 1.125s, data_time: 0.982s, total_loss: 1.2, iou_loss: 0.6, l1_loss: 0.0, conf_loss: 0.3, cls_loss: 0.2, lr: 3.391e-04, size: 640, ETA: 2:14:43
2026-08-18 14:07:01 | INFO     | yolox.core.trainer:270 - epoch: 63/100, iter: 150/188, gpu mem: 1717Mb, mem: 11.9Gb, iter_time: 1.144s, data_time: 1.000s, total_loss: 0.8, iou_loss: 0.4, l1_loss: 0.0, conf_loss: 0.2, cls_loss: 0.2, lr: 3.381e-04, size: 640, ETA: 2:14:32
2026-08-18 14:07:12 | INFO     | yolox.core.trainer:270 - epoch: 63/100, iter: 160/188, gpu mem: 1717Mb, mem: 11.9Gb, iter_time: 1.127s, data_time: 0.984s, total_loss: 1.0, iou_loss: 0.5, l1_loss: 0.0, conf_loss: 0.3, cls_loss: 0.2, lr: 3.372e-04, size: 640, ETA: 2:14:20
2026-08-18 14:07:24 | INFO     | yolox.core.trainer:270 - epoch: 63/100, iter: 170/188, gpu mem: 1717Mb, mem: 12.3Gb, iter_time: 1.190s, data_time: 1.042s, total_loss: 1.0, iou_loss: 0.5, l1_loss: 0.0, conf_loss: 0.3, cls_loss: 0.2, lr: 3.362e-04, size: 640, ETA: 2:14:09
2026-08-18 14:07:36 | INFO     | yolox.core.trainer:270 - epoch: 63/100, iter: 180/188, gpu mem: 1717Mb, mem: 12.3Gb, iter_time: 1.177s, data_time: 1.031s, total_loss: 1.2, iou_loss: 0.7, l1_loss: 0.0, conf_loss: 0.3, cls_loss: 0.2, lr: 3.352e-04, size: 640, ETA: 2:13:57
2026-08-18 14:07:45 | INFO     | yolox.core.trainer:402 - Save weights to <PROJECT_ROOT>\runs\benchmarks\micropcb_rpi_phash_component_bootstrap_v2_full_e100_b8_i640_w0_s42-43-44_p02facd21ef_dbea2fbaddc_cb773706267\yolox_s_seed43

  0%|          | 0/25 [00:00<?, ?it/s]
  4%|4         | 1/25 [00:00<00:06,  3.54it/s]
  8%|8         | 2/25 [00:00<00:06,  3.47it/s]
 12%|#2        | 3/25 [00:00<00:06,  3.39it/s]
 16%|#6        | 4/25 [00:01<00:06,  3.07it/s]
 20%|##        | 5/25 [00:01<00:07,  2.81it/s]
 24%|##4       | 6/25 [00:02<00:06,  2.75it/s]
 28%|##8       | 7/25 [00:02<00:06,  2.80it/s]
 32%|###2      | 8/25 [00:02<00:05,  2.88it/s]
 36%|###6      | 9/25 [00:03<00:05,  2.97it/s]
 40%|####      | 10/25 [00:03<00:05,  2.98it/s]
 44%|####4     | 11/25 [00:03<00:04,  3.07it/s]
 48%|####8     | 12/25 [00:03<00:04,  3.06it/s]
 52%|#####2    | 13/25 [00:04<00:04,  2.96it/s]
 56%|#####6    | 14/25 [00:04<00:03,  3.03it/s]
 60%|######    | 15/25 [00:05<00:03,  2.93it/s]
 64%|######4   | 16/25 [00:05<00:03,  2.83it/s]
 68%|######8   | 17/25 [00:05<00:02,  3.01it/s]
 72%|#######2  | 18/25 [00:05<00:02,  3.21it/s]
 76%|#######6  | 19/25 [00:06<00:01,  3.38it/s]
 80%|########  | 20/25 [00:06<00:01,  3.46it/s]
 84%|########4 | 21/25 [00:06<00:01,  3.57it/s]
 88%|########8 | 22/25 [00:07<00:00,  3.62it/s]
 92%|#########2| 23/25 [00:07<00:00,  3.45it/s]
 96%|#########6| 24/25 [00:07<00:00,  3.22it/s]
100%|##########| 25/25 [00:07<00:00,  3.96it/s]
100%|##########| 25/25 [00:07<00:00,  3.20it/s]
2026-08-18 14:07:53 | INFO     | mcu_data.yolox_metrics:78 - Evaluate with standard pycocotools COCOeval (no C++ JIT build).
2026-08-18 14:07:53 | INFO     | mcu_data.yolox_metrics:80 - Loading and preparing results...
2026-08-18 14:07:53 | INFO     | mcu_data.yolox_metrics:80 - DONE (t=0.00s)
2026-08-18 14:07:53 | INFO     | pycocotools.coco:367 - creating index...
2026-08-18 14:07:53 | INFO     | pycocotools.coco:367 - index created!
2026-08-18 14:07:53 | INFO     | mcu_data.yolox_metrics:82 - Running per image evaluation...
2026-08-18 14:07:53 | INFO     | mcu_data.yolox_metrics:82 - Evaluate annotation type *bbox*
2026-08-18 14:07:53 | INFO     | mcu_data.yolox_metrics:82 - DONE (t=0.23s).
2026-08-18 14:07:53 | INFO     | mcu_data.yolox_metrics:83 - Accumulating evaluation results...
2026-08-18 14:07:53 | INFO     | mcu_data.yolox_metrics:83 - DONE (t=0.01s).
2026-08-18 14:07:53 | INFO     | yolox.core.trainer:381 - 
Average forward time: 5.01 ms, Average NMS time: 0.98 ms, Average inference time: 5.99 ms
 Average Precision  (AP) @[ IoU=0.50:0.95 | area=   all | maxDets=100 ] = 0.839
 Average Precision  (AP) @[ IoU=0.50      | area=   all | maxDets=100 ] = 1.000
 Average Precision  (AP) @[ IoU=0.75      | area=   all | maxDets=100 ] = 1.000
 Average Precision  (AP) @[ IoU=0.50:0.95 | area= small | maxDets=100 ] = -1.000
 Average Precision  (AP) @[ IoU=0.50:0.95 | area=medium | maxDets=100 ] = -1.000
 Average Precision  (AP) @[ IoU=0.50:0.95 | area= large | maxDets=100 ] = 0.839
 Average Recall     (AR) @[ IoU=0.50:0.95 | area=   all | maxDets=  1 ] = 0.855
 Average Recall     (AR) @[ IoU=0.50:0.95 | area=   all | maxDets= 10 ] = 0.855
 Average Recall     (AR) @[ IoU=0.50:0.95 | area=   all | maxDets=100 ] = 0.855
 Average Recall     (AR) @[ IoU=0.50:0.95 | area= small | maxDets=100 ] = -1.000
 Average Recall     (AR) @[ IoU=0.50:0.95 | area=medium | maxDets=100 ] = -1.000
 Average Recall     (AR) @[ IoU=0.50:0.95 | area= large | maxDets=100 ] = 0.855
per class AP:
| class            | AP     |
|:-----------------|:-------|
| raspberry_pi_sbc | 83.875 |
per class AR:
| class            | AR     |
|:-----------------|:-------|
| raspberry_pi_sbc | 85.487 |

2026-08-18 14:07:53 | INFO     | yolox.core.trainer:402 - Save weights to <PROJECT_ROOT>\runs\benchmarks\micropcb_rpi_phash_component_bootstrap_v2_full_e100_b8_i640_w0_s42-43-44_p02facd21ef_dbea2fbaddc_cb773706267\yolox_s_seed43
[EPOCH 063/100] loss=1.07938 iou=0.55812 conf=0.31387 cls=0.20739 | AP50=1.00000 AP50-95=0.83875 AP75=1.00000 AR100=0.85487 | LR=0.00033441 VRAM_peak=1717.2 MiB
EPOCH_METRICS_JSON {"epoch": 63, "elapsed_s": 14245.523546300014, "epoch_seconds": 228.231998299947, "iterations": 188, "train_total_loss": 1.0793788664518518, "train_iou_loss": 0.5581200653885273, "train_conf_loss": 0.3138698380678258, "train_cls_loss": 0.20738896220288378, "train_l1_loss": 0.0, "num_fg_mean": 8.616831163747053, "map50_95": 0.8387483198761868, "map50": 1.0, "ap75": 1.0, "ar100": 0.8548717948717949, "lr": 0.0003344058195944831, "lr_mean": 0.00034364907540408436, "gpu_peak_allocated_mib": 1717.24755859375, "gpu_peak_reserved_mib": 2234.0, "best_map50_95": 0.8574098026800376}
2026-08-18 14:07:54 | INFO     | yolox.core.trainer:218 - ---> start train epoch64
2026-08-18 14:08:06 | INFO     | yolox.core.trainer:270 - epoch: 64/100, iter: 10/188, gpu mem: 1717Mb, mem: 12.3Gb, iter_time: 1.187s, data_time: 1.045s, total_loss: 0.9, iou_loss: 0.5, l1_loss: 0.0, conf_loss: 0.2, cls_loss: 0.2, lr: 3.334e-04, size: 640, ETA: 2:13:36
2026-08-18 14:08:18 | INFO     | yolox.core.trainer:270 - epoch: 64/100, iter: 20/188, gpu mem: 1717Mb, mem: 12.3Gb, iter_time: 1.198s, data_time: 1.054s, total_loss: 1.0, iou_loss: 0.5, l1_loss: 0.0, conf_loss: 0.3, cls_loss: 0.2, lr: 3.324e-04, size: 640, ETA: 2:13:25
2026-08-18 14:08:30 | INFO     | yolox.core.trainer:270 - epoch: 64/100, iter: 30/188, gpu mem: 1717Mb, mem: 12.3Gb, iter_time: 1.190s, data_time: 1.049s, total_loss: 1.1, iou_loss: 0.5, l1_loss: 0.0, conf_loss: 0.4, cls_loss: 0.2, lr: 3.315e-04, size: 640, ETA: 2:13:14
2026-08-18 14:08:42 | INFO     | yolox.core.trainer:270 - epoch: 64/100, iter: 40/188, gpu mem: 1717Mb, mem: 12.3Gb, iter_time: 1.222s, data_time: 1.074s, total_loss: 0.8, iou_loss: 0.4, l1_loss: 0.0, conf_loss: 0.2, cls_loss: 0.2, lr: 3.305e-04, size: 640, ETA: 2:13:03
2026-08-18 14:08:54 | INFO     | yolox.core.trainer:270 - epoch: 64/100, iter: 50/188, gpu mem: 1717Mb, mem: 12.2Gb, iter_time: 1.191s, data_time: 1.050s, total_loss: 0.8, iou_loss: 0.4, l1_loss: 0.0, conf_loss: 0.2, cls_loss: 0.2, lr: 3.295e-04, size: 640, ETA: 2:12:51
2026-08-18 14:09:06 | INFO     | yolox.core.trainer:270 - epoch: 64/100, iter: 60/188, gpu mem: 1717Mb, mem: 12.2Gb, iter_time: 1.172s, data_time: 1.032s, total_loss: 1.2, iou_loss: 0.6, l1_loss: 0.0, conf_loss: 0.4, cls_loss: 0.2, lr: 3.285e-04, size: 640, ETA: 2:12:40
2026-08-18 14:09:18 | INFO     | yolox.core.trainer:270 - epoch: 64/100, iter: 70/188, gpu mem: 1717Mb, mem: 12.2Gb, iter_time: 1.210s, data_time: 1.067s, total_loss: 1.4, iou_loss: 0.8, l1_loss: 0.0, conf_loss: 0.3, cls_loss: 0.3, lr: 3.276e-04, size: 640, ETA: 2:12:29
2026-08-18 14:09:30 | INFO     | yolox.core.trainer:270 - epoch: 64/100, iter: 80/188, gpu mem: 1717Mb, mem: 12.2Gb, iter_time: 1.212s, data_time: 1.068s, total_loss: 1.4, iou_loss: 0.8, l1_loss: 0.0, conf_loss: 0.4, cls_loss: 0.3, lr: 3.266e-04, size: 640, ETA: 2:12:17
2026-08-18 14:09:41 | INFO     | yolox.core.trainer:270 - epoch: 64/100, iter: 90/188, gpu mem: 1717Mb, mem: 12.2Gb, iter_time: 1.151s, data_time: 1.008s, total_loss: 1.4, iou_loss: 0.7, l1_loss: 0.0, conf_loss: 0.4, cls_loss: 0.2, lr: 3.256e-04, size: 640, ETA: 2:12:06
2026-08-18 14:09:53 | INFO     | yolox.core.trainer:270 - epoch: 64/100, iter: 100/188, gpu mem: 1717Mb, mem: 12.2Gb, iter_time: 1.188s, data_time: 1.039s, total_loss: 0.9, iou_loss: 0.4, l1_loss: 0.0, conf_loss: 0.3, cls_loss: 0.2, lr: 3.247e-04, size: 640, ETA: 2:11:55
2026-08-18 14:10:05 | INFO     | yolox.core.trainer:270 - epoch: 64/100, iter: 110/188, gpu mem: 1717Mb, mem: 12.2Gb, iter_time: 1.167s, data_time: 1.027s, total_loss: 1.5, iou_loss: 0.8, l1_loss: 0.0, conf_loss: 0.5, cls_loss: 0.3, lr: 3.237e-04, size: 640, ETA: 2:11:43
2026-08-18 14:10:16 | INFO     | yolox.core.trainer:270 - epoch: 64/100, iter: 120/188, gpu mem: 1717Mb, mem: 12.2Gb, iter_time: 1.135s, data_time: 0.987s, total_loss: 0.9, iou_loss: 0.5, l1_loss: 0.0, conf_loss: 0.2, cls_loss: 0.2, lr: 3.227e-04, size: 640, ETA: 2:11:31
2026-08-18 14:10:28 | INFO     | yolox.core.trainer:270 - epoch: 64/100, iter: 130/188, gpu mem: 1717Mb, mem: 12.2Gb, iter_time: 1.172s, data_time: 1.022s, total_loss: 0.9, iou_loss: 0.4, l1_loss: 0.0, conf_loss: 0.3, cls_loss: 0.2, lr: 3.218e-04, size: 640, ETA: 2:11:20
2026-08-18 14:10:40 | INFO     | yolox.core.trainer:270 - epoch: 64/100, iter: 140/188, gpu mem: 1717Mb, mem: 12.1Gb, iter_time: 1.156s, data_time: 1.010s, total_loss: 0.7, iou_loss: 0.4, l1_loss: 0.0, conf_loss: 0.2, cls_loss: 0.2, lr: 3.208e-04, size: 640, ETA: 2:11:08
2026-08-18 14:10:52 | INFO     | yolox.core.trainer:270 - epoch: 64/100, iter: 150/188, gpu mem: 1717Mb, mem: 12.1Gb, iter_time: 1.214s, data_time: 1.072s, total_loss: 0.9, iou_loss: 0.5, l1_loss: 0.0, conf_loss: 0.2, cls_loss: 0.2, lr: 3.198e-04, size: 640, ETA: 2:10:57
2026-08-18 14:11:03 | INFO     | yolox.core.trainer:270 - epoch: 64/100, iter: 160/188, gpu mem: 1717Mb, mem: 12.2Gb, iter_time: 1.138s, data_time: 0.996s, total_loss: 1.3, iou_loss: 0.6, l1_loss: 0.0, conf_loss: 0.4, cls_loss: 0.2, lr: 3.189e-04, size: 640, ETA: 2:10:46
2026-08-18 14:11:15 | INFO     | yolox.core.trainer:270 - epoch: 64/100, iter: 170/188, gpu mem: 1717Mb, mem: 12.2Gb, iter_time: 1.159s, data_time: 1.016s, total_loss: 1.3, iou_loss: 0.8, l1_loss: 0.0, conf_loss: 0.3, cls_loss: 0.2, lr: 3.179e-04, size: 640, ETA: 2:10:34
2026-08-18 14:11:26 | INFO     | yolox.core.trainer:270 - epoch: 64/100, iter: 180/188, gpu mem: 1717Mb, mem: 12.2Gb, iter_time: 1.099s, data_time: 0.958s, total_loss: 1.3, iou_loss: 0.7, l1_loss: 0.0, conf_loss: 0.4, cls_loss: 0.2, lr: 3.170e-04, size: 640, ETA: 2:10:22
2026-08-18 14:11:35 | INFO     | yolox.core.trainer:402 - Save weights to <PROJECT_ROOT>\runs\benchmarks\micropcb_rpi_phash_component_bootstrap_v2_full_e100_b8_i640_w0_s42-43-44_p02facd21ef_dbea2fbaddc_cb773706267\yolox_s_seed43

  0%|          | 0/25 [00:00<?, ?it/s]
  4%|4         | 1/25 [00:00<00:07,  3.15it/s]
  8%|8         | 2/25 [00:00<00:07,  3.16it/s]
 12%|#2        | 3/25 [00:00<00:06,  3.24it/s]
 16%|#6        | 4/25 [00:01<00:06,  3.09it/s]
 20%|##        | 5/25 [00:01<00:07,  2.82it/s]
 24%|##4       | 6/25 [00:02<00:06,  2.78it/s]
 28%|##8       | 7/25 [00:02<00:06,  2.88it/s]
 32%|###2      | 8/25 [00:02<00:05,  2.93it/s]
 36%|###6      | 9/25 [00:03<00:05,  3.02it/s]
 40%|####      | 10/25 [00:03<00:04,  3.07it/s]
 44%|####4     | 11/25 [00:03<00:04,  3.12it/s]
 48%|####8     | 12/25 [00:03<00:04,  3.18it/s]
 52%|#####2    | 13/25 [00:04<00:03,  3.13it/s]
 56%|#####6    | 14/25 [00:04<00:03,  3.17it/s]
 60%|######    | 15/25 [00:04<00:03,  3.08it/s]
 64%|######4   | 16/25 [00:05<00:03,  2.93it/s]
 68%|######8   | 17/25 [00:05<00:02,  3.06it/s]
 72%|#######2  | 18/25 [00:05<00:02,  3.24it/s]
 76%|#######6  | 19/25 [00:06<00:01,  3.43it/s]
 80%|########  | 20/25 [00:06<00:01,  3.50it/s]
 84%|########4 | 21/25 [00:06<00:01,  3.69it/s]
 88%|########8 | 22/25 [00:06<00:00,  3.69it/s]
 92%|#########2| 23/25 [00:07<00:00,  3.51it/s]
 96%|#########6| 24/25 [00:07<00:00,  3.24it/s]
100%|##########| 25/25 [00:07<00:00,  4.01it/s]
100%|##########| 25/25 [00:07<00:00,  3.25it/s]
2026-08-18 14:11:42 | INFO     | mcu_data.yolox_metrics:78 - Evaluate with standard pycocotools COCOeval (no C++ JIT build).
2026-08-18 14:11:42 | INFO     | mcu_data.yolox_metrics:80 - Loading and preparing results...
2026-08-18 14:11:42 | INFO     | mcu_data.yolox_metrics:80 - DONE (t=0.00s)
2026-08-18 14:11:42 | INFO     | pycocotools.coco:367 - creating index...
2026-08-18 14:11:42 | INFO     | pycocotools.coco:367 - index created!
2026-08-18 14:11:42 | INFO     | mcu_data.yolox_metrics:82 - Running per image evaluation...
2026-08-18 14:11:42 | INFO     | mcu_data.yolox_metrics:82 - Evaluate annotation type *bbox*
2026-08-18 14:11:43 | INFO     | mcu_data.yolox_metrics:82 - DONE (t=0.05s).
2026-08-18 14:11:43 | INFO     | mcu_data.yolox_metrics:83 - Accumulating evaluation results...
2026-08-18 14:11:43 | INFO     | mcu_data.yolox_metrics:83 - DONE (t=0.00s).
2026-08-18 14:11:43 | INFO     | yolox.core.trainer:381 - 
Average forward time: 4.94 ms, Average NMS time: 1.26 ms, Average inference time: 6.19 ms
 Average Precision  (AP) @[ IoU=0.50:0.95 | area=   all | maxDets=100 ] = 0.827
 Average Precision  (AP) @[ IoU=0.50      | area=   all | maxDets=100 ] = 1.000
 Average Precision  (AP) @[ IoU=0.75      | area=   all | maxDets=100 ] = 1.000
 Average Precision  (AP) @[ IoU=0.50:0.95 | area= small | maxDets=100 ] = -1.000
 Average Precision  (AP) @[ IoU=0.50:0.95 | area=medium | maxDets=100 ] = -1.000
 Average Precision  (AP) @[ IoU=0.50:0.95 | area= large | maxDets=100 ] = 0.827
 Average Recall     (AR) @[ IoU=0.50:0.95 | area=   all | maxDets=  1 ] = 0.847
 Average Recall     (AR) @[ IoU=0.50:0.95 | area=   all | maxDets= 10 ] = 0.847
 Average Recall     (AR) @[ IoU=0.50:0.95 | area=   all | maxDets=100 ] = 0.847
 Average Recall     (AR) @[ IoU=0.50:0.95 | area= small | maxDets=100 ] = -1.000
 Average Recall     (AR) @[ IoU=0.50:0.95 | area=medium | maxDets=100 ] = -1.000
 Average Recall     (AR) @[ IoU=0.50:0.95 | area= large | maxDets=100 ] = 0.847
per class AP:
| class            | AP     |
|:-----------------|:-------|
| raspberry_pi_sbc | 82.689 |
per class AR:
| class            | AR     |
|:-----------------|:-------|
| raspberry_pi_sbc | 84.718 |

2026-08-18 14:11:43 | INFO     | yolox.core.trainer:402 - Save weights to <PROJECT_ROOT>\runs\benchmarks\micropcb_rpi_phash_component_bootstrap_v2_full_e100_b8_i640_w0_s42-43-44_p02facd21ef_dbea2fbaddc_cb773706267\yolox_s_seed43
[EPOCH 064/100] loss=1.08228 iou=0.56621 conf=0.30725 cls=0.20882 | AP50=1.00000 AP50-95=0.82689 AP75=1.00000 AR100=0.84718 | LR=0.00031619 VRAM_peak=1717.2 MiB
EPOCH_METRICS_JSON {"epoch": 64, "elapsed_s": 14474.981462300057, "epoch_seconds": 228.68046750000212, "iterations": 188, "train_total_loss": 1.082278590570105, "train_iou_loss": 0.5662088478182224, "train_conf_loss": 0.30724679650936987, "train_cls_loss": 0.208822951830448, "train_l1_loss": 0.0, "num_fg_mean": 8.595784452546082, "map50_95": 0.8268860326174723, "map50": 1.0, "ap75": 1.0, "ar100": 0.8471794871794872, "lr": 0.00031618851057720006, "lr_mean": 0.00032521103627930844, "gpu_peak_allocated_mib": 1717.24755859375, "gpu_peak_reserved_mib": 2234.0, "best_map50_95": 0.8574098026800376}
2026-08-18 14:11:43 | INFO     | yolox.core.trainer:218 - ---> start train epoch65
2026-08-18 14:11:55 | INFO     | yolox.core.trainer:270 - epoch: 65/100, iter: 10/188, gpu mem: 1717Mb, mem: 12.3Gb, iter_time: 1.162s, data_time: 1.020s, total_loss: 1.3, iou_loss: 0.7, l1_loss: 0.0, conf_loss: 0.3, cls_loss: 0.3, lr: 3.152e-04, size: 640, ETA: 2:10:01
2026-08-18 14:12:07 | INFO     | yolox.core.trainer:270 - epoch: 65/100, iter: 20/188, gpu mem: 1717Mb, mem: 12.2Gb, iter_time: 1.177s, data_time: 1.034s, total_loss: 0.9, iou_loss: 0.4, l1_loss: 0.0, conf_loss: 0.4, cls_loss: 0.2, lr: 3.143e-04, size: 640, ETA: 2:09:50
2026-08-18 14:12:19 | INFO     | yolox.core.trainer:270 - epoch: 65/100, iter: 30/188, gpu mem: 1717Mb, mem: 12.3Gb, iter_time: 1.221s, data_time: 1.078s, total_loss: 1.1, iou_loss: 0.6, l1_loss: 0.0, conf_loss: 0.3, cls_loss: 0.2, lr: 3.133e-04, size: 640, ETA: 2:09:39
2026-08-18 14:12:31 | INFO     | yolox.core.trainer:270 - epoch: 65/100, iter: 40/188, gpu mem: 1717Mb, mem: 12.2Gb, iter_time: 1.194s, data_time: 1.050s, total_loss: 1.0, iou_loss: 0.5, l1_loss: 0.0, conf_loss: 0.3, cls_loss: 0.2, lr: 3.124e-04, size: 640, ETA: 2:09:27
2026-08-18 14:12:42 | INFO     | yolox.core.trainer:270 - epoch: 65/100, iter: 50/188, gpu mem: 1717Mb, mem: 12.2Gb, iter_time: 1.121s, data_time: 0.980s, total_loss: 1.1, iou_loss: 0.5, l1_loss: 0.0, conf_loss: 0.4, cls_loss: 0.2, lr: 3.114e-04, size: 640, ETA: 2:09:16
2026-08-18 14:12:54 | INFO     | yolox.core.trainer:270 - epoch: 65/100, iter: 60/188, gpu mem: 1717Mb, mem: 12.1Gb, iter_time: 1.131s, data_time: 0.989s, total_loss: 0.9, iou_loss: 0.4, l1_loss: 0.0, conf_loss: 0.3, cls_loss: 0.2, lr: 3.105e-04, size: 640, ETA: 2:09:04
2026-08-18 14:13:05 | INFO     | yolox.core.trainer:270 - epoch: 65/100, iter: 70/188, gpu mem: 1717Mb, mem: 12.1Gb, iter_time: 1.099s, data_time: 0.960s, total_loss: 1.0, iou_loss: 0.5, l1_loss: 0.0, conf_loss: 0.3, cls_loss: 0.2, lr: 3.095e-04, size: 640, ETA: 2:08:52
2026-08-18 14:13:16 | INFO     | yolox.core.trainer:270 - epoch: 65/100, iter: 80/188, gpu mem: 1717Mb, mem: 12.1Gb, iter_time: 1.147s, data_time: 1.002s, total_loss: 0.9, iou_loss: 0.5, l1_loss: 0.0, conf_loss: 0.2, cls_loss: 0.2, lr: 3.086e-04, size: 640, ETA: 2:08:41
2026-08-18 14:13:28 | INFO     | yolox.core.trainer:270 - epoch: 65/100, iter: 90/188, gpu mem: 1717Mb, mem: 12.1Gb, iter_time: 1.160s, data_time: 1.020s, total_loss: 1.0, iou_loss: 0.5, l1_loss: 0.0, conf_loss: 0.3, cls_loss: 0.2, lr: 3.076e-04, size: 640, ETA: 2:08:29
2026-08-18 14:13:39 | INFO     | yolox.core.trainer:270 - epoch: 65/100, iter: 100/188, gpu mem: 1717Mb, mem: 12.1Gb, iter_time: 1.141s, data_time: 0.998s, total_loss: 1.2, iou_loss: 0.6, l1_loss: 0.0, conf_loss: 0.4, cls_loss: 0.2, lr: 3.067e-04, size: 640, ETA: 2:08:17
2026-08-18 14:13:51 | INFO     | yolox.core.trainer:270 - epoch: 65/100, iter: 110/188, gpu mem: 1717Mb, mem: 12.1Gb, iter_time: 1.156s, data_time: 1.012s, total_loss: 0.9, iou_loss: 0.4, l1_loss: 0.0, conf_loss: 0.2, cls_loss: 0.2, lr: 3.057e-04, size: 640, ETA: 2:08:06
2026-08-18 14:14:02 | INFO     | yolox.core.trainer:270 - epoch: 65/100, iter: 120/188, gpu mem: 1717Mb, mem: 12.0Gb, iter_time: 1.117s, data_time: 0.975s, total_loss: 0.7, iou_loss: 0.4, l1_loss: 0.0, conf_loss: 0.2, cls_loss: 0.2, lr: 3.048e-04, size: 640, ETA: 2:07:54
2026-08-18 14:14:13 | INFO     | yolox.core.trainer:270 - epoch: 65/100, iter: 130/188, gpu mem: 1717Mb, mem: 12.0Gb, iter_time: 1.124s, data_time: 0.964s, total_loss: 1.5, iou_loss: 0.8, l1_loss: 0.0, conf_loss: 0.5, cls_loss: 0.2, lr: 3.039e-04, size: 640, ETA: 2:07:42
2026-08-18 14:14:24 | INFO     | yolox.core.trainer:270 - epoch: 65/100, iter: 140/188, gpu mem: 1717Mb, mem: 12.0Gb, iter_time: 1.116s, data_time: 0.973s, total_loss: 1.2, iou_loss: 0.6, l1_loss: 0.0, conf_loss: 0.4, cls_loss: 0.2, lr: 3.029e-04, size: 640, ETA: 2:07:31
2026-08-18 14:14:35 | INFO     | yolox.core.trainer:270 - epoch: 65/100, iter: 150/188, gpu mem: 1717Mb, mem: 12.1Gb, iter_time: 1.094s, data_time: 0.960s, total_loss: 1.0, iou_loss: 0.5, l1_loss: 0.0, conf_loss: 0.2, cls_loss: 0.2, lr: 3.020e-04, size: 640, ETA: 2:07:19
2026-08-18 14:14:46 | INFO     | yolox.core.trainer:270 - epoch: 65/100, iter: 160/188, gpu mem: 1717Mb, mem: 12.0Gb, iter_time: 1.099s, data_time: 0.956s, total_loss: 1.0, iou_loss: 0.5, l1_loss: 0.0, conf_loss: 0.3, cls_loss: 0.2, lr: 3.010e-04, size: 640, ETA: 2:07:07
2026-08-18 14:14:57 | INFO     | yolox.core.trainer:270 - epoch: 65/100, iter: 170/188, gpu mem: 1717Mb, mem: 12.0Gb, iter_time: 1.101s, data_time: 0.955s, total_loss: 1.6, iou_loss: 0.8, l1_loss: 0.0, conf_loss: 0.6, cls_loss: 0.2, lr: 3.001e-04, size: 640, ETA: 2:06:55
2026-08-18 14:15:08 | INFO     | yolox.core.trainer:270 - epoch: 65/100, iter: 180/188, gpu mem: 1717Mb, mem: 12.0Gb, iter_time: 1.119s, data_time: 0.976s, total_loss: 1.7, iou_loss: 0.9, l1_loss: 0.0, conf_loss: 0.5, cls_loss: 0.3, lr: 2.992e-04, size: 640, ETA: 2:06:43
2026-08-18 14:15:17 | INFO     | yolox.core.trainer:402 - Save weights to <PROJECT_ROOT>\runs\benchmarks\micropcb_rpi_phash_component_bootstrap_v2_full_e100_b8_i640_w0_s42-43-44_p02facd21ef_dbea2fbaddc_cb773706267\yolox_s_seed43

  0%|          | 0/25 [00:00<?, ?it/s]
  4%|4         | 1/25 [00:00<00:06,  3.67it/s]
  8%|8         | 2/25 [00:00<00:06,  3.46it/s]
 12%|#2        | 3/25 [00:00<00:06,  3.59it/s]
 16%|#6        | 4/25 [00:01<00:06,  3.40it/s]
 20%|##        | 5/25 [00:01<00:06,  3.12it/s]
 24%|##4       | 6/25 [00:01<00:06,  3.10it/s]
 28%|##8       | 7/25 [00:02<00:05,  3.16it/s]
 32%|###2      | 8/25 [00:02<00:05,  3.21it/s]
 36%|###6      | 9/25 [00:02<00:04,  3.32it/s]
 40%|####      | 10/25 [00:03<00:04,  3.39it/s]
 44%|####4     | 11/25 [00:03<00:04,  3.42it/s]
 48%|####8     | 12/25 [00:03<00:03,  3.37it/s]
 52%|#####2    | 13/25 [00:03<00:03,  3.32it/s]
 56%|#####6    | 14/25 [00:04<00:03,  3.42it/s]
 60%|######    | 15/25 [00:04<00:03,  3.22it/s]
 64%|######4   | 16/25 [00:04<00:02,  3.15it/s]
 68%|######8   | 17/25 [00:05<00:02,  3.30it/s]
 72%|#######2  | 18/25 [00:05<00:01,  3.56it/s]
 76%|#######6  | 19/25 [00:05<00:01,  3.80it/s]
 80%|########  | 20/25 [00:05<00:01,  3.84it/s]
 84%|########4 | 21/25 [00:06<00:01,  3.96it/s]
 88%|########8 | 22/25 [00:06<00:00,  4.00it/s]
 92%|#########2| 23/25 [00:06<00:00,  3.85it/s]
 96%|#########6| 24/25 [00:06<00:00,  3.54it/s]
100%|##########| 25/25 [00:07<00:00,  4.32it/s]
100%|##########| 25/25 [00:07<00:00,  3.54it/s]
2026-08-18 14:15:24 | INFO     | mcu_data.yolox_metrics:78 - Evaluate with standard pycocotools COCOeval (no C++ JIT build).
2026-08-18 14:15:24 | INFO     | mcu_data.yolox_metrics:80 - Loading and preparing results...
2026-08-18 14:15:24 | INFO     | mcu_data.yolox_metrics:80 - DONE (t=0.00s)
2026-08-18 14:15:24 | INFO     | pycocotools.coco:367 - creating index...
2026-08-18 14:15:24 | INFO     | pycocotools.coco:367 - index created!
2026-08-18 14:15:24 | INFO     | mcu_data.yolox_metrics:82 - Running per image evaluation...
2026-08-18 14:15:24 | INFO     | mcu_data.yolox_metrics:82 - Evaluate annotation type *bbox*
2026-08-18 14:15:24 | INFO     | mcu_data.yolox_metrics:82 - DONE (t=0.03s).
2026-08-18 14:15:24 | INFO     | mcu_data.yolox_metrics:83 - Accumulating evaluation results...
2026-08-18 14:15:24 | INFO     | mcu_data.yolox_metrics:83 - DONE (t=0.02s).
2026-08-18 14:15:24 | INFO     | yolox.core.trainer:381 - 
Average forward time: 4.80 ms, Average NMS time: 1.17 ms, Average inference time: 5.98 ms
 Average Precision  (AP) @[ IoU=0.50:0.95 | area=   all | maxDets=100 ] = 0.839
 Average Precision  (AP) @[ IoU=0.50      | area=   all | maxDets=100 ] = 1.000
 Average Precision  (AP) @[ IoU=0.75      | area=   all | maxDets=100 ] = 1.000
 Average Precision  (AP) @[ IoU=0.50:0.95 | area= small | maxDets=100 ] = -1.000
 Average Precision  (AP) @[ IoU=0.50:0.95 | area=medium | maxDets=100 ] = -1.000
 Average Precision  (AP) @[ IoU=0.50:0.95 | area= large | maxDets=100 ] = 0.839
 Average Recall     (AR) @[ IoU=0.50:0.95 | area=   all | maxDets=  1 ] = 0.858
 Average Recall     (AR) @[ IoU=0.50:0.95 | area=   all | maxDets= 10 ] = 0.858
 Average Recall     (AR) @[ IoU=0.50:0.95 | area=   all | maxDets=100 ] = 0.858
 Average Recall     (AR) @[ IoU=0.50:0.95 | area= small | maxDets=100 ] = -1.000
 Average Recall     (AR) @[ IoU=0.50:0.95 | area=medium | maxDets=100 ] = -1.000
 Average Recall     (AR) @[ IoU=0.50:0.95 | area= large | maxDets=100 ] = 0.858
per class AP:
| class            | AP     |
|:-----------------|:-------|
| raspberry_pi_sbc | 83.947 |
per class AR:
| class            | AR     |
|:-----------------|:-------|
| raspberry_pi_sbc | 85.846 |

2026-08-18 14:15:24 | INFO     | yolox.core.trainer:402 - Save weights to <PROJECT_ROOT>\runs\benchmarks\micropcb_rpi_phash_component_bootstrap_v2_full_e100_b8_i640_w0_s42-43-44_p02facd21ef_dbea2fbaddc_cb773706267\yolox_s_seed43
[EPOCH 065/100] loss=1.08325 iou=0.55788 conf=0.32008 cls=0.20529 | AP50=1.00000 AP50-95=0.83947 AP75=1.00000 AR100=0.85846 | LR=0.00029844 VRAM_peak=1717.2 MiB
EPOCH_METRICS_JSON {"epoch": 65, "elapsed_s": 14696.835678400006, "epoch_seconds": 221.10780279990286, "iterations": 188, "train_total_loss": 1.0832523817711688, "train_iou_loss": 0.5578830173992096, "train_conf_loss": 0.32007904275459176, "train_cls_loss": 0.20529031761466188, "train_l1_loss": 0.0, "num_fg_mean": 8.567747273147583, "map50_95": 0.8394745744718487, "map50": 1.0, "ap75": 1.0, "ar100": 0.8584615384615384, "lr": 0.00029843568464981655, "lr_mean": 0.00030722515655960686, "gpu_peak_allocated_mib": 1717.24755859375, "gpu_peak_reserved_mib": 2234.0, "best_map50_95": 0.8574098026800376}
2026-08-18 14:15:25 | INFO     | yolox.core.trainer:218 - ---> start train epoch66
2026-08-18 14:15:36 | INFO     | yolox.core.trainer:270 - epoch: 66/100, iter: 10/188, gpu mem: 1717Mb, mem: 12.1Gb, iter_time: 1.099s, data_time: 0.957s, total_loss: 1.2, iou_loss: 0.6, l1_loss: 0.0, conf_loss: 0.4, cls_loss: 0.2, lr: 2.975e-04, size: 640, ETA: 2:06:22
2026-08-18 14:15:47 | INFO     | yolox.core.trainer:270 - epoch: 66/100, iter: 20/188, gpu mem: 1717Mb, mem: 12.1Gb, iter_time: 1.102s, data_time: 0.963s, total_loss: 1.3, iou_loss: 0.7, l1_loss: 0.0, conf_loss: 0.4, cls_loss: 0.2, lr: 2.966e-04, size: 640, ETA: 2:06:10
2026-08-18 14:15:58 | INFO     | yolox.core.trainer:270 - epoch: 66/100, iter: 30/188, gpu mem: 1717Mb, mem: 12.1Gb, iter_time: 1.113s, data_time: 0.966s, total_loss: 1.1, iou_loss: 0.6, l1_loss: 0.0, conf_loss: 0.2, cls_loss: 0.2, lr: 2.956e-04, size: 640, ETA: 2:05:58
2026-08-18 14:16:10 | INFO     | yolox.core.trainer:270 - epoch: 66/100, iter: 40/188, gpu mem: 1717Mb, mem: 12.1Gb, iter_time: 1.127s, data_time: 0.985s, total_loss: 1.0, iou_loss: 0.5, l1_loss: 0.0, conf_loss: 0.3, cls_loss: 0.2, lr: 2.947e-04, size: 640, ETA: 2:05:47
2026-08-18 14:16:21 | INFO     | yolox.core.trainer:270 - epoch: 66/100, iter: 50/188, gpu mem: 1717Mb, mem: 12.1Gb, iter_time: 1.088s, data_time: 0.944s, total_loss: 0.9, iou_loss: 0.5, l1_loss: 0.0, conf_loss: 0.3, cls_loss: 0.2, lr: 2.938e-04, size: 640, ETA: 2:05:35
2026-08-18 14:16:32 | INFO     | yolox.core.trainer:270 - epoch: 66/100, iter: 60/188, gpu mem: 1717Mb, mem: 12.0Gb, iter_time: 1.120s, data_time: 0.984s, total_loss: 0.7, iou_loss: 0.3, l1_loss: 0.0, conf_loss: 0.2, cls_loss: 0.1, lr: 2.929e-04, size: 640, ETA: 2:05:23
2026-08-18 14:16:43 | INFO     | yolox.core.trainer:270 - epoch: 66/100, iter: 70/188, gpu mem: 1717Mb, mem: 12.0Gb, iter_time: 1.092s, data_time: 0.953s, total_loss: 0.7, iou_loss: 0.4, l1_loss: 0.0, conf_loss: 0.2, cls_loss: 0.2, lr: 2.919e-04, size: 640, ETA: 2:05:11
2026-08-18 14:16:54 | INFO     | yolox.core.trainer:270 - epoch: 66/100, iter: 80/188, gpu mem: 1717Mb, mem: 12.0Gb, iter_time: 1.091s, data_time: 0.947s, total_loss: 0.9, iou_loss: 0.4, l1_loss: 0.0, conf_loss: 0.4, cls_loss: 0.2, lr: 2.910e-04, size: 640, ETA: 2:04:59
2026-08-18 14:17:05 | INFO     | yolox.core.trainer:270 - epoch: 66/100, iter: 90/188, gpu mem: 1717Mb, mem: 12.0Gb, iter_time: 1.115s, data_time: 0.972s, total_loss: 0.7, iou_loss: 0.4, l1_loss: 0.0, conf_loss: 0.1, cls_loss: 0.2, lr: 2.901e-04, size: 640, ETA: 2:04:48
2026-08-18 14:17:16 | INFO     | yolox.core.trainer:270 - epoch: 66/100, iter: 100/188, gpu mem: 1717Mb, mem: 12.0Gb, iter_time: 1.099s, data_time: 0.959s, total_loss: 1.0, iou_loss: 0.6, l1_loss: 0.0, conf_loss: 0.2, cls_loss: 0.2, lr: 2.892e-04, size: 640, ETA: 2:04:36
2026-08-18 14:17:27 | INFO     | yolox.core.trainer:270 - epoch: 66/100, iter: 110/188, gpu mem: 1717Mb, mem: 12.0Gb, iter_time: 1.094s, data_time: 0.956s, total_loss: 1.3, iou_loss: 0.7, l1_loss: 0.0, conf_loss: 0.4, cls_loss: 0.2, lr: 2.883e-04, size: 640, ETA: 2:04:24
2026-08-18 14:17:38 | INFO     | yolox.core.trainer:270 - epoch: 66/100, iter: 120/188, gpu mem: 1717Mb, mem: 12.0Gb, iter_time: 1.096s, data_time: 0.957s, total_loss: 0.9, iou_loss: 0.5, l1_loss: 0.0, conf_loss: 0.2, cls_loss: 0.2, lr: 2.874e-04, size: 640, ETA: 2:04:12
2026-08-18 14:17:49 | INFO     | yolox.core.trainer:270 - epoch: 66/100, iter: 130/188, gpu mem: 1717Mb, mem: 12.1Gb, iter_time: 1.112s, data_time: 0.971s, total_loss: 0.9, iou_loss: 0.5, l1_loss: 0.0, conf_loss: 0.2, cls_loss: 0.2, lr: 2.864e-04, size: 640, ETA: 2:04:00
2026-08-18 14:18:00 | INFO     | yolox.core.trainer:270 - epoch: 66/100, iter: 140/188, gpu mem: 1717Mb, mem: 12.0Gb, iter_time: 1.110s, data_time: 0.964s, total_loss: 0.9, iou_loss: 0.5, l1_loss: 0.0, conf_loss: 0.2, cls_loss: 0.2, lr: 2.855e-04, size: 640, ETA: 2:03:49
2026-08-18 14:18:11 | INFO     | yolox.core.trainer:270 - epoch: 66/100, iter: 150/188, gpu mem: 1717Mb, mem: 12.0Gb, iter_time: 1.102s, data_time: 0.957s, total_loss: 0.7, iou_loss: 0.4, l1_loss: 0.0, conf_loss: 0.2, cls_loss: 0.2, lr: 2.846e-04, size: 640, ETA: 2:03:37
2026-08-18 14:18:22 | INFO     | yolox.core.trainer:270 - epoch: 66/100, iter: 160/188, gpu mem: 1717Mb, mem: 12.0Gb, iter_time: 1.141s, data_time: 0.995s, total_loss: 1.1, iou_loss: 0.6, l1_loss: 0.0, conf_loss: 0.4, cls_loss: 0.2, lr: 2.837e-04, size: 640, ETA: 2:03:25
2026-08-18 14:18:34 | INFO     | yolox.core.trainer:270 - epoch: 66/100, iter: 170/188, gpu mem: 1717Mb, mem: 12.0Gb, iter_time: 1.122s, data_time: 0.978s, total_loss: 1.1, iou_loss: 0.6, l1_loss: 0.0, conf_loss: 0.4, cls_loss: 0.2, lr: 2.828e-04, size: 640, ETA: 2:03:14
2026-08-18 14:18:45 | INFO     | yolox.core.trainer:270 - epoch: 66/100, iter: 180/188, gpu mem: 1717Mb, mem: 12.0Gb, iter_time: 1.128s, data_time: 0.986s, total_loss: 0.8, iou_loss: 0.5, l1_loss: 0.0, conf_loss: 0.2, cls_loss: 0.2, lr: 2.819e-04, size: 640, ETA: 2:03:02
2026-08-18 14:18:54 | INFO     | yolox.core.trainer:402 - Save weights to <PROJECT_ROOT>\runs\benchmarks\micropcb_rpi_phash_component_bootstrap_v2_full_e100_b8_i640_w0_s42-43-44_p02facd21ef_dbea2fbaddc_cb773706267\yolox_s_seed43

  0%|          | 0/25 [00:00<?, ?it/s]
  4%|4         | 1/25 [00:00<00:07,  3.25it/s]
  8%|8         | 2/25 [00:00<00:07,  3.25it/s]
 12%|#2        | 3/25 [00:00<00:06,  3.33it/s]
 16%|#6        | 4/25 [00:01<00:06,  3.20it/s]
 20%|##        | 5/25 [00:01<00:06,  3.00it/s]
 24%|##4       | 6/25 [00:01<00:06,  2.96it/s]
 28%|##8       | 7/25 [00:02<00:05,  3.05it/s]
 32%|###2      | 8/25 [00:02<00:05,  3.12it/s]
 36%|###6      | 9/25 [00:02<00:04,  3.23it/s]
 40%|####      | 10/25 [00:03<00:04,  3.25it/s]
 44%|####4     | 11/25 [00:03<00:04,  3.33it/s]
 48%|####8     | 12/25 [00:03<00:03,  3.38it/s]
 52%|#####2    | 13/25 [00:04<00:03,  3.25it/s]
 56%|#####6    | 14/25 [00:04<00:03,  3.32it/s]
 60%|######    | 15/25 [00:04<00:03,  3.17it/s]
 64%|######4   | 16/25 [00:05<00:02,  3.03it/s]
 68%|######8   | 17/25 [00:05<00:02,  3.20it/s]
 72%|#######2  | 18/25 [00:05<00:02,  3.44it/s]
 76%|#######6  | 19/25 [00:05<00:01,  3.67it/s]
 80%|########  | 20/25 [00:06<00:01,  3.76it/s]
 84%|########4 | 21/25 [00:06<00:01,  3.97it/s]
 88%|########8 | 22/25 [00:06<00:00,  4.02it/s]
 92%|#########2| 23/25 [00:06<00:00,  3.79it/s]
 96%|#########6| 24/25 [00:07<00:00,  3.54it/s]
100%|##########| 25/25 [00:07<00:00,  4.32it/s]
100%|##########| 25/25 [00:07<00:00,  3.45it/s]
2026-08-18 14:19:01 | INFO     | mcu_data.yolox_metrics:78 - Evaluate with standard pycocotools COCOeval (no C++ JIT build).
2026-08-18 14:19:01 | INFO     | mcu_data.yolox_metrics:80 - Loading and preparing results...
2026-08-18 14:19:01 | INFO     | mcu_data.yolox_metrics:80 - DONE (t=0.00s)
2026-08-18 14:19:01 | INFO     | pycocotools.coco:367 - creating index...
2026-08-18 14:19:01 | INFO     | pycocotools.coco:367 - index created!
2026-08-18 14:19:01 | INFO     | mcu_data.yolox_metrics:82 - Running per image evaluation...
2026-08-18 14:19:01 | INFO     | mcu_data.yolox_metrics:82 - Evaluate annotation type *bbox*
2026-08-18 14:19:01 | INFO     | mcu_data.yolox_metrics:82 - DONE (t=0.05s).
2026-08-18 14:19:01 | INFO     | mcu_data.yolox_metrics:83 - Accumulating evaluation results...
2026-08-18 14:19:01 | INFO     | mcu_data.yolox_metrics:83 - DONE (t=0.01s).
2026-08-18 14:19:01 | INFO     | yolox.core.trainer:381 - 
Average forward time: 5.05 ms, Average NMS time: 1.01 ms, Average inference time: 6.06 ms
 Average Precision  (AP) @[ IoU=0.50:0.95 | area=   all | maxDets=100 ] = 0.837
 Average Precision  (AP) @[ IoU=0.50      | area=   all | maxDets=100 ] = 1.000
 Average Precision  (AP) @[ IoU=0.75      | area=   all | maxDets=100 ] = 1.000
 Average Precision  (AP) @[ IoU=0.50:0.95 | area= small | maxDets=100 ] = -1.000
 Average Precision  (AP) @[ IoU=0.50:0.95 | area=medium | maxDets=100 ] = -1.000
 Average Precision  (AP) @[ IoU=0.50:0.95 | area= large | maxDets=100 ] = 0.837
 Average Recall     (AR) @[ IoU=0.50:0.95 | area=   all | maxDets=  1 ] = 0.856
 Average Recall     (AR) @[ IoU=0.50:0.95 | area=   all | maxDets= 10 ] = 0.856
 Average Recall     (AR) @[ IoU=0.50:0.95 | area=   all | maxDets=100 ] = 0.856
 Average Recall     (AR) @[ IoU=0.50:0.95 | area= small | maxDets=100 ] = -1.000
 Average Recall     (AR) @[ IoU=0.50:0.95 | area=medium | maxDets=100 ] = -1.000
 Average Recall     (AR) @[ IoU=0.50:0.95 | area= large | maxDets=100 ] = 0.856
per class AP:
| class            | AP     |
|:-----------------|:-------|
| raspberry_pi_sbc | 83.686 |
per class AR:
| class            | AR     |
|:-----------------|:-------|
| raspberry_pi_sbc | 85.641 |

2026-08-18 14:19:01 | INFO     | yolox.core.trainer:402 - Save weights to <PROJECT_ROOT>\runs\benchmarks\micropcb_rpi_phash_component_bootstrap_v2_full_e100_b8_i640_w0_s42-43-44_p02facd21ef_dbea2fbaddc_cb773706267\yolox_s_seed43
[EPOCH 066/100] loss=1.08206 iou=0.55972 conf=0.31552 cls=0.20682 | AP50=1.00000 AP50-95=0.83686 AP75=1.00000 AR100=0.85641 | LR=0.00028117 VRAM_peak=1717.2 MiB
EPOCH_METRICS_JSON {"epoch": 66, "elapsed_s": 14913.729489400052, "epoch_seconds": 216.15790859994013, "iterations": 188, "train_total_loss": 1.082056927871197, "train_iou_loss": 0.5597158833704097, "train_conf_loss": 0.3155200128701139, "train_cls_loss": 0.20682102941135141, "train_l1_loss": 0.0, "num_fg_mean": 8.608135660607918, "map50_95": 0.8368579674315715, "map50": 1.0, "ap75": 1.0, "ar100": 0.8564102564102564, "lr": 0.0002811715900371324, "lr_mean": 0.0002897160027932267, "gpu_peak_allocated_mib": 1717.24755859375, "gpu_peak_reserved_mib": 2234.0, "best_map50_95": 0.8574098026800376}
2026-08-18 14:19:02 | INFO     | yolox.core.trainer:218 - ---> start train epoch67
2026-08-18 14:19:14 | INFO     | yolox.core.trainer:270 - epoch: 67/100, iter: 10/188, gpu mem: 1717Mb, mem: 12.1Gb, iter_time: 1.213s, data_time: 1.071s, total_loss: 0.8, iou_loss: 0.4, l1_loss: 0.0, conf_loss: 0.2, cls_loss: 0.2, lr: 2.803e-04, size: 640, ETA: 2:02:41
2026-08-18 14:19:27 | INFO     | yolox.core.trainer:270 - epoch: 67/100, iter: 20/188, gpu mem: 1717Mb, mem: 12.2Gb, iter_time: 1.247s, data_time: 1.086s, total_loss: 0.9, iou_loss: 0.5, l1_loss: 0.0, conf_loss: 0.3, cls_loss: 0.2, lr: 2.794e-04, size: 640, ETA: 2:02:30
2026-08-18 14:19:38 | INFO     | yolox.core.trainer:270 - epoch: 67/100, iter: 30/188, gpu mem: 1717Mb, mem: 12.0Gb, iter_time: 1.128s, data_time: 0.987s, total_loss: 1.1, iou_loss: 0.5, l1_loss: 0.0, conf_loss: 0.4, cls_loss: 0.2, lr: 2.785e-04, size: 640, ETA: 2:02:18
2026-08-18 14:19:49 | INFO     | yolox.core.trainer:270 - epoch: 67/100, iter: 40/188, gpu mem: 1717Mb, mem: 12.0Gb, iter_time: 1.115s, data_time: 0.973s, total_loss: 1.1, iou_loss: 0.6, l1_loss: 0.0, conf_loss: 0.3, cls_loss: 0.2, lr: 2.776e-04, size: 640, ETA: 2:02:07
2026-08-18 14:20:01 | INFO     | yolox.core.trainer:270 - epoch: 67/100, iter: 50/188, gpu mem: 1717Mb, mem: 12.0Gb, iter_time: 1.131s, data_time: 0.988s, total_loss: 1.3, iou_loss: 0.7, l1_loss: 0.0, conf_loss: 0.3, cls_loss: 0.2, lr: 2.767e-04, size: 640, ETA: 2:01:55
2026-08-18 14:20:12 | INFO     | yolox.core.trainer:270 - epoch: 67/100, iter: 60/188, gpu mem: 1717Mb, mem: 12.0Gb, iter_time: 1.106s, data_time: 0.964s, total_loss: 0.8, iou_loss: 0.5, l1_loss: 0.0, conf_loss: 0.2, cls_loss: 0.2, lr: 2.758e-04, size: 640, ETA: 2:01:43
2026-08-18 14:20:23 | INFO     | yolox.core.trainer:270 - epoch: 67/100, iter: 70/188, gpu mem: 1717Mb, mem: 12.0Gb, iter_time: 1.099s, data_time: 0.953s, total_loss: 1.2, iou_loss: 0.6, l1_loss: 0.0, conf_loss: 0.3, cls_loss: 0.2, lr: 2.749e-04, size: 640, ETA: 2:01:32
2026-08-18 14:20:34 | INFO     | yolox.core.trainer:270 - epoch: 67/100, iter: 80/188, gpu mem: 1717Mb, mem: 12.0Gb, iter_time: 1.139s, data_time: 1.000s, total_loss: 1.0, iou_loss: 0.5, l1_loss: 0.0, conf_loss: 0.4, cls_loss: 0.2, lr: 2.740e-04, size: 640, ETA: 2:01:20
2026-08-18 14:20:45 | INFO     | yolox.core.trainer:270 - epoch: 67/100, iter: 90/188, gpu mem: 1717Mb, mem: 12.0Gb, iter_time: 1.115s, data_time: 0.975s, total_loss: 1.0, iou_loss: 0.5, l1_loss: 0.0, conf_loss: 0.3, cls_loss: 0.2, lr: 2.731e-04, size: 640, ETA: 2:01:08
2026-08-18 14:20:56 | INFO     | yolox.core.trainer:270 - epoch: 67/100, iter: 100/188, gpu mem: 1717Mb, mem: 12.0Gb, iter_time: 1.103s, data_time: 0.963s, total_loss: 1.1, iou_loss: 0.6, l1_loss: 0.0, conf_loss: 0.3, cls_loss: 0.2, lr: 2.722e-04, size: 640, ETA: 2:00:56
2026-08-18 14:21:08 | INFO     | yolox.core.trainer:270 - epoch: 67/100, iter: 110/188, gpu mem: 1717Mb, mem: 12.0Gb, iter_time: 1.134s, data_time: 0.992s, total_loss: 1.3, iou_loss: 0.6, l1_loss: 0.0, conf_loss: 0.5, cls_loss: 0.2, lr: 2.713e-04, size: 640, ETA: 2:00:45
2026-08-18 14:21:19 | INFO     | yolox.core.trainer:270 - epoch: 67/100, iter: 120/188, gpu mem: 1717Mb, mem: 12.0Gb, iter_time: 1.121s, data_time: 0.978s, total_loss: 0.9, iou_loss: 0.4, l1_loss: 0.0, conf_loss: 0.4, cls_loss: 0.2, lr: 2.704e-04, size: 640, ETA: 2:00:33
2026-08-18 14:21:30 | INFO     | yolox.core.trainer:270 - epoch: 67/100, iter: 130/188, gpu mem: 1717Mb, mem: 11.9Gb, iter_time: 1.155s, data_time: 1.015s, total_loss: 1.5, iou_loss: 0.8, l1_loss: 0.0, conf_loss: 0.4, cls_loss: 0.3, lr: 2.695e-04, size: 640, ETA: 2:00:22
2026-08-18 14:21:42 | INFO     | yolox.core.trainer:270 - epoch: 67/100, iter: 140/188, gpu mem: 1717Mb, mem: 11.9Gb, iter_time: 1.120s, data_time: 0.982s, total_loss: 1.4, iou_loss: 0.6, l1_loss: 0.0, conf_loss: 0.5, cls_loss: 0.2, lr: 2.686e-04, size: 640, ETA: 2:00:10
2026-08-18 14:21:53 | INFO     | yolox.core.trainer:270 - epoch: 67/100, iter: 150/188, gpu mem: 1717Mb, mem: 11.9Gb, iter_time: 1.132s, data_time: 0.991s, total_loss: 1.2, iou_loss: 0.6, l1_loss: 0.0, conf_loss: 0.4, cls_loss: 0.2, lr: 2.678e-04, size: 640, ETA: 1:59:58
2026-08-18 14:22:04 | INFO     | yolox.core.trainer:270 - epoch: 67/100, iter: 160/188, gpu mem: 1717Mb, mem: 11.9Gb, iter_time: 1.121s, data_time: 0.980s, total_loss: 0.9, iou_loss: 0.4, l1_loss: 0.0, conf_loss: 0.3, cls_loss: 0.2, lr: 2.669e-04, size: 640, ETA: 1:59:47
2026-08-18 14:22:15 | INFO     | yolox.core.trainer:270 - epoch: 67/100, iter: 170/188, gpu mem: 1717Mb, mem: 11.9Gb, iter_time: 1.104s, data_time: 0.963s, total_loss: 1.1, iou_loss: 0.5, l1_loss: 0.0, conf_loss: 0.4, cls_loss: 0.2, lr: 2.660e-04, size: 640, ETA: 1:59:35
2026-08-18 14:22:26 | INFO     | yolox.core.trainer:270 - epoch: 67/100, iter: 180/188, gpu mem: 1717Mb, mem: 11.9Gb, iter_time: 1.090s, data_time: 0.949s, total_loss: 1.0, iou_loss: 0.5, l1_loss: 0.0, conf_loss: 0.3, cls_loss: 0.2, lr: 2.651e-04, size: 640, ETA: 1:59:23
2026-08-18 14:22:35 | INFO     | yolox.core.trainer:402 - Save weights to <PROJECT_ROOT>\runs\benchmarks\micropcb_rpi_phash_component_bootstrap_v2_full_e100_b8_i640_w0_s42-43-44_p02facd21ef_dbea2fbaddc_cb773706267\yolox_s_seed43

  0%|          | 0/25 [00:00<?, ?it/s]
  4%|4         | 1/25 [00:00<00:06,  3.62it/s]
  8%|8         | 2/25 [00:00<00:06,  3.37it/s]
 12%|#2        | 3/25 [00:00<00:06,  3.39it/s]
 16%|#6        | 4/25 [00:01<00:06,  3.27it/s]
 20%|##        | 5/25 [00:01<00:06,  3.07it/s]
 24%|##4       | 6/25 [00:01<00:06,  3.04it/s]
 28%|##8       | 7/25 [00:02<00:05,  3.08it/s]
 32%|###2      | 8/25 [00:02<00:05,  3.15it/s]
 36%|###6      | 9/25 [00:02<00:04,  3.25it/s]
 40%|####      | 10/25 [00:03<00:04,  3.23it/s]
 44%|####4     | 11/25 [00:03<00:04,  3.32it/s]
 48%|####8     | 12/25 [00:03<00:03,  3.33it/s]
 52%|#####2    | 13/25 [00:04<00:03,  3.26it/s]
 56%|#####6    | 14/25 [00:04<00:03,  3.30it/s]
 60%|######    | 15/25 [00:04<00:03,  3.17it/s]
 64%|######4   | 16/25 [00:04<00:02,  3.09it/s]
 68%|######8   | 17/25 [00:05<00:02,  3.29it/s]
 72%|#######2  | 18/25 [00:05<00:01,  3.52it/s]
 76%|#######6  | 19/25 [00:05<00:01,  3.69it/s]
 80%|########  | 20/25 [00:05<00:01,  3.78it/s]
 84%|########4 | 21/25 [00:06<00:01,  3.96it/s]
 88%|########8 | 22/25 [00:06<00:00,  4.00it/s]
 92%|#########2| 23/25 [00:06<00:00,  3.81it/s]
 96%|#########6| 24/25 [00:07<00:00,  3.53it/s]
100%|##########| 25/25 [00:07<00:00,  4.24it/s]
100%|##########| 25/25 [00:07<00:00,  3.47it/s]
2026-08-18 14:22:42 | INFO     | mcu_data.yolox_metrics:78 - Evaluate with standard pycocotools COCOeval (no C++ JIT build).
2026-08-18 14:22:42 | INFO     | mcu_data.yolox_metrics:80 - Loading and preparing results...
2026-08-18 14:22:42 | INFO     | mcu_data.yolox_metrics:80 - DONE (t=0.00s)
2026-08-18 14:22:42 | INFO     | pycocotools.coco:367 - creating index...
2026-08-18 14:22:42 | INFO     | pycocotools.coco:367 - index created!
2026-08-18 14:22:42 | INFO     | mcu_data.yolox_metrics:82 - Running per image evaluation...
2026-08-18 14:22:42 | INFO     | mcu_data.yolox_metrics:82 - Evaluate annotation type *bbox*
2026-08-18 14:22:42 | INFO     | mcu_data.yolox_metrics:82 - DONE (t=0.05s).
2026-08-18 14:22:42 | INFO     | mcu_data.yolox_metrics:83 - Accumulating evaluation results...
2026-08-18 14:22:42 | INFO     | mcu_data.yolox_metrics:83 - DONE (t=0.01s).
2026-08-18 14:22:42 | INFO     | yolox.core.trainer:381 - 
Average forward time: 4.89 ms, Average NMS time: 1.06 ms, Average inference time: 5.95 ms
 Average Precision  (AP) @[ IoU=0.50:0.95 | area=   all | maxDets=100 ] = 0.837
 Average Precision  (AP) @[ IoU=0.50      | area=   all | maxDets=100 ] = 1.000
 Average Precision  (AP) @[ IoU=0.75      | area=   all | maxDets=100 ] = 1.000
 Average Precision  (AP) @[ IoU=0.50:0.95 | area= small | maxDets=100 ] = -1.000
 Average Precision  (AP) @[ IoU=0.50:0.95 | area=medium | maxDets=100 ] = -1.000
 Average Precision  (AP) @[ IoU=0.50:0.95 | area= large | maxDets=100 ] = 0.837
 Average Recall     (AR) @[ IoU=0.50:0.95 | area=   all | maxDets=  1 ] = 0.858
 Average Recall     (AR) @[ IoU=0.50:0.95 | area=   all | maxDets= 10 ] = 0.858
 Average Recall     (AR) @[ IoU=0.50:0.95 | area=   all | maxDets=100 ] = 0.858
 Average Recall     (AR) @[ IoU=0.50:0.95 | area= small | maxDets=100 ] = -1.000
 Average Recall     (AR) @[ IoU=0.50:0.95 | area=medium | maxDets=100 ] = -1.000
 Average Recall     (AR) @[ IoU=0.50:0.95 | area= large | maxDets=100 ] = 0.858
per class AP:
| class            | AP     |
|:-----------------|:-------|
| raspberry_pi_sbc | 83.685 |
per class AR:
| class            | AR     |
|:-----------------|:-------|
| raspberry_pi_sbc | 85.846 |

2026-08-18 14:22:42 | INFO     | yolox.core.trainer:402 - Save weights to <PROJECT_ROOT>\runs\benchmarks\micropcb_rpi_phash_component_bootstrap_v2_full_e100_b8_i640_w0_s42-43-44_p02facd21ef_dbea2fbaddc_cb773706267\yolox_s_seed43
[EPOCH 067/100] loss=1.06064 iou=0.55244 conf=0.30375 cls=0.20445 | AP50=1.00000 AP50-95=0.83685 AP75=1.00000 AR100=0.85846 | LR=0.00026442 VRAM_peak=1717.2 MiB
EPOCH_METRICS_JSON {"epoch": 67, "elapsed_s": 15134.8475109, "epoch_seconds": 220.39305170008447, "iterations": 188, "train_total_loss": 1.0606426561766482, "train_iou_loss": 0.552440067237996, "train_conf_loss": 0.3037507222925729, "train_cls_loss": 0.20445186486269565, "train_l1_loss": 0.0, "num_fg_mean": 8.568422543350245, "map50_95": 0.8368538720167247, "map50": 1.0, "ap75": 1.0, "ar100": 0.8584615384615384, "lr": 0.0002644198074157584, "lr_mean": 0.0002727074903781059, "gpu_peak_allocated_mib": 1717.24755859375, "gpu_peak_reserved_mib": 2234.0, "best_map50_95": 0.8574098026800376}
2026-08-18 14:22:43 | INFO     | yolox.core.trainer:218 - ---> start train epoch68
2026-08-18 14:22:54 | INFO     | yolox.core.trainer:270 - epoch: 68/100, iter: 10/188, gpu mem: 1717Mb, mem: 11.9Gb, iter_time: 1.112s, data_time: 0.972s, total_loss: 0.9, iou_loss: 0.5, l1_loss: 0.0, conf_loss: 0.2, cls_loss: 0.2, lr: 2.635e-04, size: 640, ETA: 1:59:02
2026-08-18 14:23:05 | INFO     | yolox.core.trainer:270 - epoch: 68/100, iter: 20/188, gpu mem: 1717Mb, mem: 11.9Gb, iter_time: 1.092s, data_time: 0.951s, total_loss: 1.1, iou_loss: 0.5, l1_loss: 0.0, conf_loss: 0.4, cls_loss: 0.2, lr: 2.627e-04, size: 640, ETA: 1:58:50
2026-08-18 14:23:17 | INFO     | yolox.core.trainer:270 - epoch: 68/100, iter: 30/188, gpu mem: 1717Mb, mem: 11.9Gb, iter_time: 1.128s, data_time: 0.985s, total_loss: 1.0, iou_loss: 0.5, l1_loss: 0.0, conf_loss: 0.3, cls_loss: 0.2, lr: 2.618e-04, size: 640, ETA: 1:58:38
2026-08-18 14:23:28 | INFO     | yolox.core.trainer:270 - epoch: 68/100, iter: 40/188, gpu mem: 1717Mb, mem: 11.9Gb, iter_time: 1.110s, data_time: 0.968s, total_loss: 0.8, iou_loss: 0.5, l1_loss: 0.0, conf_loss: 0.2, cls_loss: 0.2, lr: 2.609e-04, size: 640, ETA: 1:58:27
2026-08-18 14:23:39 | INFO     | yolox.core.trainer:270 - epoch: 68/100, iter: 50/188, gpu mem: 1717Mb, mem: 11.8Gb, iter_time: 1.113s, data_time: 0.970s, total_loss: 0.9, iou_loss: 0.4, l1_loss: 0.0, conf_loss: 0.3, cls_loss: 0.2, lr: 2.601e-04, size: 640, ETA: 1:58:15
2026-08-18 14:23:50 | INFO     | yolox.core.trainer:270 - epoch: 68/100, iter: 60/188, gpu mem: 1717Mb, mem: 11.8Gb, iter_time: 1.120s, data_time: 0.978s, total_loss: 0.8, iou_loss: 0.4, l1_loss: 0.0, conf_loss: 0.2, cls_loss: 0.2, lr: 2.592e-04, size: 640, ETA: 1:58:03
2026-08-18 14:24:01 | INFO     | yolox.core.trainer:270 - epoch: 68/100, iter: 70/188, gpu mem: 1717Mb, mem: 11.8Gb, iter_time: 1.113s, data_time: 0.974s, total_loss: 0.7, iou_loss: 0.4, l1_loss: 0.0, conf_loss: 0.1, cls_loss: 0.2, lr: 2.583e-04, size: 640, ETA: 1:57:51
2026-08-18 14:24:12 | INFO     | yolox.core.trainer:270 - epoch: 68/100, iter: 80/188, gpu mem: 1717Mb, mem: 11.8Gb, iter_time: 1.093s, data_time: 0.953s, total_loss: 1.2, iou_loss: 0.6, l1_loss: 0.0, conf_loss: 0.4, cls_loss: 0.2, lr: 2.575e-04, size: 640, ETA: 1:57:40
2026-08-18 14:24:23 | INFO     | yolox.core.trainer:270 - epoch: 68/100, iter: 90/188, gpu mem: 1717Mb, mem: 11.8Gb, iter_time: 1.124s, data_time: 0.980s, total_loss: 1.2, iou_loss: 0.6, l1_loss: 0.0, conf_loss: 0.4, cls_loss: 0.2, lr: 2.566e-04, size: 640, ETA: 1:57:28
2026-08-18 14:24:35 | INFO     | yolox.core.trainer:270 - epoch: 68/100, iter: 100/188, gpu mem: 1717Mb, mem: 11.8Gb, iter_time: 1.131s, data_time: 0.987s, total_loss: 0.9, iou_loss: 0.5, l1_loss: 0.0, conf_loss: 0.2, cls_loss: 0.2, lr: 2.557e-04, size: 640, ETA: 1:57:16
2026-08-18 14:24:46 | INFO     | yolox.core.trainer:270 - epoch: 68/100, iter: 110/188, gpu mem: 1717Mb, mem: 11.8Gb, iter_time: 1.111s, data_time: 0.967s, total_loss: 1.1, iou_loss: 0.6, l1_loss: 0.0, conf_loss: 0.3, cls_loss: 0.2, lr: 2.549e-04, size: 640, ETA: 1:57:05
2026-08-18 14:24:57 | INFO     | yolox.core.trainer:270 - epoch: 68/100, iter: 120/188, gpu mem: 1717Mb, mem: 11.8Gb, iter_time: 1.116s, data_time: 0.976s, total_loss: 1.0, iou_loss: 0.6, l1_loss: 0.0, conf_loss: 0.2, cls_loss: 0.2, lr: 2.540e-04, size: 640, ETA: 1:56:53
2026-08-18 14:25:08 | INFO     | yolox.core.trainer:270 - epoch: 68/100, iter: 130/188, gpu mem: 1717Mb, mem: 11.8Gb, iter_time: 1.116s, data_time: 0.975s, total_loss: 1.0, iou_loss: 0.5, l1_loss: 0.0, conf_loss: 0.3, cls_loss: 0.2, lr: 2.531e-04, size: 640, ETA: 1:56:41
2026-08-18 14:25:19 | INFO     | yolox.core.trainer:270 - epoch: 68/100, iter: 140/188, gpu mem: 1717Mb, mem: 11.9Gb, iter_time: 1.106s, data_time: 0.963s, total_loss: 1.4, iou_loss: 0.7, l1_loss: 0.0, conf_loss: 0.5, cls_loss: 0.2, lr: 2.523e-04, size: 640, ETA: 1:56:29
2026-08-18 14:25:30 | INFO     | yolox.core.trainer:270 - epoch: 68/100, iter: 150/188, gpu mem: 1717Mb, mem: 11.8Gb, iter_time: 1.101s, data_time: 0.962s, total_loss: 0.9, iou_loss: 0.5, l1_loss: 0.0, conf_loss: 0.2, cls_loss: 0.2, lr: 2.514e-04, size: 640, ETA: 1:56:18
2026-08-18 14:25:42 | INFO     | yolox.core.trainer:270 - epoch: 68/100, iter: 160/188, gpu mem: 1717Mb, mem: 11.8Gb, iter_time: 1.131s, data_time: 0.991s, total_loss: 1.8, iou_loss: 0.7, l1_loss: 0.0, conf_loss: 0.8, cls_loss: 0.3, lr: 2.506e-04, size: 640, ETA: 1:56:06
2026-08-18 14:25:53 | INFO     | yolox.core.trainer:270 - epoch: 68/100, iter: 170/188, gpu mem: 1717Mb, mem: 11.8Gb, iter_time: 1.132s, data_time: 0.988s, total_loss: 0.9, iou_loss: 0.5, l1_loss: 0.0, conf_loss: 0.2, cls_loss: 0.2, lr: 2.497e-04, size: 640, ETA: 1:55:54
2026-08-18 14:26:04 | INFO     | yolox.core.trainer:270 - epoch: 68/100, iter: 180/188, gpu mem: 1717Mb, mem: 11.9Gb, iter_time: 1.111s, data_time: 0.970s, total_loss: 1.1, iou_loss: 0.6, l1_loss: 0.0, conf_loss: 0.3, cls_loss: 0.2, lr: 2.489e-04, size: 640, ETA: 1:55:43
2026-08-18 14:26:13 | INFO     | yolox.core.trainer:402 - Save weights to <PROJECT_ROOT>\runs\benchmarks\micropcb_rpi_phash_component_bootstrap_v2_full_e100_b8_i640_w0_s42-43-44_p02facd21ef_dbea2fbaddc_cb773706267\yolox_s_seed43

  0%|          | 0/25 [00:00<?, ?it/s]
  4%|4         | 1/25 [00:00<00:07,  3.41it/s]
  8%|8         | 2/25 [00:00<00:06,  3.34it/s]
 12%|#2        | 3/25 [00:00<00:06,  3.40it/s]
 16%|#6        | 4/25 [00:01<00:06,  3.29it/s]
 20%|##        | 5/25 [00:01<00:06,  3.07it/s]
 24%|##4       | 6/25 [00:01<00:06,  2.99it/s]
 28%|##8       | 7/25 [00:02<00:05,  3.05it/s]
 32%|###2      | 8/25 [00:02<00:05,  3.16it/s]
 36%|###6      | 9/25 [00:02<00:04,  3.27it/s]
 40%|####      | 10/25 [00:03<00:04,  3.26it/s]
 44%|####4     | 11/25 [00:03<00:04,  3.32it/s]
 48%|####8     | 12/25 [00:03<00:03,  3.32it/s]
 52%|#####2    | 13/25 [00:04<00:03,  3.24it/s]
 56%|#####6    | 14/25 [00:04<00:03,  3.29it/s]
 60%|######    | 15/25 [00:04<00:03,  3.19it/s]
 64%|######4   | 16/25 [00:05<00:02,  3.06it/s]
 68%|######8   | 17/25 [00:05<00:02,  3.25it/s]
 72%|#######2  | 18/25 [00:05<00:02,  3.47it/s]
 76%|#######6  | 19/25 [00:05<00:01,  3.66it/s]
 80%|########  | 20/25 [00:06<00:01,  3.78it/s]
 84%|########4 | 21/25 [00:06<00:01,  3.93it/s]
 88%|########8 | 22/25 [00:06<00:00,  3.98it/s]
 92%|#########2| 23/25 [00:06<00:00,  3.76it/s]
 96%|#########6| 24/25 [00:07<00:00,  3.48it/s]
100%|##########| 25/25 [00:07<00:00,  4.26it/s]
100%|##########| 25/25 [00:07<00:00,  3.46it/s]
2026-08-18 14:26:21 | INFO     | mcu_data.yolox_metrics:78 - Evaluate with standard pycocotools COCOeval (no C++ JIT build).
2026-08-18 14:26:21 | INFO     | mcu_data.yolox_metrics:80 - Loading and preparing results...
2026-08-18 14:26:21 | INFO     | mcu_data.yolox_metrics:80 - DONE (t=0.00s)
2026-08-18 14:26:21 | INFO     | pycocotools.coco:367 - creating index...
2026-08-18 14:26:21 | INFO     | pycocotools.coco:367 - index created!
2026-08-18 14:26:21 | INFO     | mcu_data.yolox_metrics:82 - Running per image evaluation...
2026-08-18 14:26:21 | INFO     | mcu_data.yolox_metrics:82 - Evaluate annotation type *bbox*
2026-08-18 14:26:21 | INFO     | mcu_data.yolox_metrics:82 - DONE (t=0.05s).
2026-08-18 14:26:21 | INFO     | mcu_data.yolox_metrics:83 - Accumulating evaluation results...
2026-08-18 14:26:21 | INFO     | mcu_data.yolox_metrics:83 - DONE (t=0.01s).
2026-08-18 14:26:21 | INFO     | yolox.core.trainer:381 - 
Average forward time: 4.96 ms, Average NMS time: 1.06 ms, Average inference time: 6.02 ms
 Average Precision  (AP) @[ IoU=0.50:0.95 | area=   all | maxDets=100 ] = 0.853
 Average Precision  (AP) @[ IoU=0.50      | area=   all | maxDets=100 ] = 1.000
 Average Precision  (AP) @[ IoU=0.75      | area=   all | maxDets=100 ] = 1.000
 Average Precision  (AP) @[ IoU=0.50:0.95 | area= small | maxDets=100 ] = -1.000
 Average Precision  (AP) @[ IoU=0.50:0.95 | area=medium | maxDets=100 ] = -1.000
 Average Precision  (AP) @[ IoU=0.50:0.95 | area= large | maxDets=100 ] = 0.853
 Average Recall     (AR) @[ IoU=0.50:0.95 | area=   all | maxDets=  1 ] = 0.869
 Average Recall     (AR) @[ IoU=0.50:0.95 | area=   all | maxDets= 10 ] = 0.869
 Average Recall     (AR) @[ IoU=0.50:0.95 | area=   all | maxDets=100 ] = 0.869
 Average Recall     (AR) @[ IoU=0.50:0.95 | area= small | maxDets=100 ] = -1.000
 Average Recall     (AR) @[ IoU=0.50:0.95 | area=medium | maxDets=100 ] = -1.000
 Average Recall     (AR) @[ IoU=0.50:0.95 | area= large | maxDets=100 ] = 0.869
per class AP:
| class            | AP     |
|:-----------------|:-------|
| raspberry_pi_sbc | 85.337 |
per class AR:
| class            | AR     |
|:-----------------|:-------|
| raspberry_pi_sbc | 86.923 |

2026-08-18 14:26:21 | INFO     | yolox.core.trainer:402 - Save weights to <PROJECT_ROOT>\runs\benchmarks\micropcb_rpi_phash_component_bootstrap_v2_full_e100_b8_i640_w0_s42-43-44_p02facd21ef_dbea2fbaddc_cb773706267\yolox_s_seed43
[EPOCH 068/100] loss=1.04760 iou=0.55024 conf=0.29344 cls=0.20392 | AP50=1.00000 AP50-95=0.85337 AP75=1.00000 AR100=0.86923 | LR=0.00024820 VRAM_peak=1717.2 MiB
EPOCH_METRICS_JSON {"epoch": 68, "elapsed_s": 15353.049901099992, "epoch_seconds": 217.45391709997784, "iterations": 188, "train_total_loss": 1.0475988980937512, "train_iou_loss": 0.5502350962859519, "train_conf_loss": 0.2934392228167742, "train_cls_loss": 0.20392457609798045, "train_l1_loss": 0.0, "num_fg_mean": 8.619075988973439, "map50_95": 0.8533683426709399, "map50": 1.0, "ap75": 1.0, "ar100": 0.8692307692307691, "lr": 0.00024820321770575025, "lr_mean": 0.0002562228508963167, "gpu_peak_allocated_mib": 1717.24755859375, "gpu_peak_reserved_mib": 2234.0, "best_map50_95": 0.8574098026800376}
2026-08-18 14:26:22 | INFO     | yolox.core.trainer:218 - ---> start train epoch69
2026-08-18 14:26:33 | INFO     | yolox.core.trainer:270 - epoch: 69/100, iter: 10/188, gpu mem: 1717Mb, mem: 11.9Gb, iter_time: 1.138s, data_time: 0.998s, total_loss: 1.1, iou_loss: 0.5, l1_loss: 0.0, conf_loss: 0.3, cls_loss: 0.2, lr: 2.474e-04, size: 640, ETA: 1:55:22
2026-08-18 14:26:44 | INFO     | yolox.core.trainer:270 - epoch: 69/100, iter: 20/188, gpu mem: 1717Mb, mem: 11.9Gb, iter_time: 1.117s, data_time: 0.975s, total_loss: 1.0, iou_loss: 0.5, l1_loss: 0.0, conf_loss: 0.2, cls_loss: 0.2, lr: 2.465e-04, size: 640, ETA: 1:55:10
2026-08-18 14:26:56 | INFO     | yolox.core.trainer:270 - epoch: 69/100, iter: 30/188, gpu mem: 1717Mb, mem: 11.8Gb, iter_time: 1.129s, data_time: 0.989s, total_loss: 1.0, iou_loss: 0.5, l1_loss: 0.0, conf_loss: 0.3, cls_loss: 0.2, lr: 2.457e-04, size: 640, ETA: 1:54:58
2026-08-18 14:27:07 | INFO     | yolox.core.trainer:270 - epoch: 69/100, iter: 40/188, gpu mem: 1717Mb, mem: 11.8Gb, iter_time: 1.134s, data_time: 0.988s, total_loss: 1.1, iou_loss: 0.6, l1_loss: 0.0, conf_loss: 0.2, cls_loss: 0.2, lr: 2.448e-04, size: 640, ETA: 1:54:47
2026-08-18 14:27:18 | INFO     | yolox.core.trainer:270 - epoch: 69/100, iter: 50/188, gpu mem: 1717Mb, mem: 11.9Gb, iter_time: 1.133s, data_time: 0.989s, total_loss: 0.8, iou_loss: 0.4, l1_loss: 0.0, conf_loss: 0.2, cls_loss: 0.2, lr: 2.440e-04, size: 640, ETA: 1:54:35
2026-08-18 14:27:29 | INFO     | yolox.core.trainer:270 - epoch: 69/100, iter: 60/188, gpu mem: 1717Mb, mem: 11.8Gb, iter_time: 1.129s, data_time: 0.984s, total_loss: 0.9, iou_loss: 0.5, l1_loss: 0.0, conf_loss: 0.3, cls_loss: 0.2, lr: 2.431e-04, size: 640, ETA: 1:54:24
2026-08-18 14:27:41 | INFO     | yolox.core.trainer:270 - epoch: 69/100, iter: 70/188, gpu mem: 1717Mb, mem: 11.8Gb, iter_time: 1.119s, data_time: 0.976s, total_loss: 1.5, iou_loss: 0.7, l1_loss: 0.0, conf_loss: 0.6, cls_loss: 0.3, lr: 2.423e-04, size: 640, ETA: 1:54:12
2026-08-18 14:27:52 | INFO     | yolox.core.trainer:270 - epoch: 69/100, iter: 80/188, gpu mem: 1717Mb, mem: 11.8Gb, iter_time: 1.093s, data_time: 0.952s, total_loss: 1.0, iou_loss: 0.6, l1_loss: 0.0, conf_loss: 0.2, cls_loss: 0.2, lr: 2.415e-04, size: 640, ETA: 1:54:00
2026-08-18 14:28:03 | INFO     | yolox.core.trainer:270 - epoch: 69/100, iter: 90/188, gpu mem: 1717Mb, mem: 11.8Gb, iter_time: 1.114s, data_time: 0.970s, total_loss: 0.8, iou_loss: 0.5, l1_loss: 0.0, conf_loss: 0.1, cls_loss: 0.2, lr: 2.406e-04, size: 640, ETA: 1:53:48
2026-08-18 14:28:14 | INFO     | yolox.core.trainer:270 - epoch: 69/100, iter: 100/188, gpu mem: 1717Mb, mem: 11.8Gb, iter_time: 1.109s, data_time: 0.965s, total_loss: 1.2, iou_loss: 0.6, l1_loss: 0.0, conf_loss: 0.4, cls_loss: 0.2, lr: 2.398e-04, size: 640, ETA: 1:53:37
2026-08-18 14:28:25 | INFO     | yolox.core.trainer:270 - epoch: 69/100, iter: 110/188, gpu mem: 1717Mb, mem: 11.8Gb, iter_time: 1.108s, data_time: 0.967s, total_loss: 1.2, iou_loss: 0.7, l1_loss: 0.0, conf_loss: 0.3, cls_loss: 0.2, lr: 2.390e-04, size: 640, ETA: 1:53:25
2026-08-18 14:28:36 | INFO     | yolox.core.trainer:270 - epoch: 69/100, iter: 120/188, gpu mem: 1717Mb, mem: 11.8Gb, iter_time: 1.113s, data_time: 0.973s, total_loss: 1.1, iou_loss: 0.6, l1_loss: 0.0, conf_loss: 0.3, cls_loss: 0.2, lr: 2.381e-04, size: 640, ETA: 1:53:13
2026-08-18 14:28:47 | INFO     | yolox.core.trainer:270 - epoch: 69/100, iter: 130/188, gpu mem: 1717Mb, mem: 11.8Gb, iter_time: 1.114s, data_time: 0.973s, total_loss: 0.9, iou_loss: 0.5, l1_loss: 0.0, conf_loss: 0.2, cls_loss: 0.2, lr: 2.373e-04, size: 640, ETA: 1:53:02
2026-08-18 14:28:59 | INFO     | yolox.core.trainer:270 - epoch: 69/100, iter: 140/188, gpu mem: 1717Mb, mem: 11.8Gb, iter_time: 1.125s, data_time: 0.982s, total_loss: 1.4, iou_loss: 0.7, l1_loss: 0.0, conf_loss: 0.3, cls_loss: 0.3, lr: 2.365e-04, size: 640, ETA: 1:52:50
2026-08-18 14:29:10 | INFO     | yolox.core.trainer:270 - epoch: 69/100, iter: 150/188, gpu mem: 1717Mb, mem: 11.8Gb, iter_time: 1.100s, data_time: 0.956s, total_loss: 1.2, iou_loss: 0.7, l1_loss: 0.0, conf_loss: 0.3, cls_loss: 0.2, lr: 2.357e-04, size: 640, ETA: 1:52:38
2026-08-18 14:29:21 | INFO     | yolox.core.trainer:270 - epoch: 69/100, iter: 160/188, gpu mem: 1717Mb, mem: 11.8Gb, iter_time: 1.127s, data_time: 0.986s, total_loss: 0.9, iou_loss: 0.5, l1_loss: 0.0, conf_loss: 0.2, cls_loss: 0.2, lr: 2.348e-04, size: 640, ETA: 1:52:27
2026-08-18 14:29:32 | INFO     | yolox.core.trainer:270 - epoch: 69/100, iter: 170/188, gpu mem: 1717Mb, mem: 11.8Gb, iter_time: 1.117s, data_time: 0.980s, total_loss: 1.5, iou_loss: 0.7, l1_loss: 0.0, conf_loss: 0.6, cls_loss: 0.2, lr: 2.340e-04, size: 640, ETA: 1:52:15
2026-08-18 14:29:43 | INFO     | yolox.core.trainer:270 - epoch: 69/100, iter: 180/188, gpu mem: 1717Mb, mem: 11.8Gb, iter_time: 1.118s, data_time: 0.976s, total_loss: 1.4, iou_loss: 0.7, l1_loss: 0.0, conf_loss: 0.5, cls_loss: 0.3, lr: 2.332e-04, size: 640, ETA: 1:52:03
2026-08-18 14:29:52 | INFO     | yolox.core.trainer:402 - Save weights to <PROJECT_ROOT>\runs\benchmarks\micropcb_rpi_phash_component_bootstrap_v2_full_e100_b8_i640_w0_s42-43-44_p02facd21ef_dbea2fbaddc_cb773706267\yolox_s_seed43

  0%|          | 0/25 [00:00<?, ?it/s]
  4%|4         | 1/25 [00:00<00:06,  3.60it/s]
  8%|8         | 2/25 [00:00<00:06,  3.59it/s]
 12%|#2        | 3/25 [00:00<00:06,  3.59it/s]
 16%|#6        | 4/25 [00:01<00:05,  3.55it/s]
 20%|##        | 5/25 [00:01<00:06,  3.18it/s]
 24%|##4       | 6/25 [00:01<00:06,  3.08it/s]
 28%|##8       | 7/25 [00:02<00:05,  3.14it/s]
 32%|###2      | 8/25 [00:02<00:05,  3.22it/s]
 36%|###6      | 9/25 [00:02<00:04,  3.28it/s]
 40%|####      | 10/25 [00:03<00:04,  3.34it/s]
 44%|####4     | 11/25 [00:03<00:04,  3.36it/s]
 48%|####8     | 12/25 [00:03<00:03,  3.36it/s]
 52%|#####2    | 13/25 [00:03<00:03,  3.27it/s]
 56%|#####6    | 14/25 [00:04<00:03,  3.32it/s]
 60%|######    | 15/25 [00:04<00:03,  3.26it/s]
 64%|######4   | 16/25 [00:04<00:02,  3.12it/s]
 68%|######8   | 17/25 [00:05<00:02,  3.29it/s]
 72%|#######2  | 18/25 [00:05<00:01,  3.53it/s]
 76%|#######6  | 19/25 [00:05<00:01,  3.70it/s]
 80%|########  | 20/25 [00:05<00:01,  3.83it/s]
 84%|########4 | 21/25 [00:06<00:01,  3.94it/s]
 88%|########8 | 22/25 [00:06<00:00,  4.13it/s]
 92%|#########2| 23/25 [00:06<00:00,  3.97it/s]
 96%|#########6| 24/25 [00:06<00:00,  3.61it/s]
100%|##########| 25/25 [00:07<00:00,  4.34it/s]
100%|##########| 25/25 [00:07<00:00,  3.54it/s]
2026-08-18 14:29:59 | INFO     | mcu_data.yolox_metrics:78 - Evaluate with standard pycocotools COCOeval (no C++ JIT build).
2026-08-18 14:29:59 | INFO     | mcu_data.yolox_metrics:80 - Loading and preparing results...
2026-08-18 14:29:59 | INFO     | mcu_data.yolox_metrics:80 - DONE (t=0.00s)
2026-08-18 14:29:59 | INFO     | pycocotools.coco:367 - creating index...
2026-08-18 14:29:59 | INFO     | pycocotools.coco:367 - index created!
2026-08-18 14:29:59 | INFO     | mcu_data.yolox_metrics:82 - Running per image evaluation...
2026-08-18 14:29:59 | INFO     | mcu_data.yolox_metrics:82 - Evaluate annotation type *bbox*
2026-08-18 14:29:59 | INFO     | mcu_data.yolox_metrics:82 - DONE (t=0.05s).
2026-08-18 14:29:59 | INFO     | mcu_data.yolox_metrics:83 - Accumulating evaluation results...
2026-08-18 14:29:59 | INFO     | mcu_data.yolox_metrics:83 - DONE (t=0.01s).
2026-08-18 14:29:59 | INFO     | yolox.core.trainer:381 - 
Average forward time: 4.97 ms, Average NMS time: 1.06 ms, Average inference time: 6.03 ms
 Average Precision  (AP) @[ IoU=0.50:0.95 | area=   all | maxDets=100 ] = 0.852
 Average Precision  (AP) @[ IoU=0.50      | area=   all | maxDets=100 ] = 1.000
 Average Precision  (AP) @[ IoU=0.75      | area=   all | maxDets=100 ] = 1.000
 Average Precision  (AP) @[ IoU=0.50:0.95 | area= small | maxDets=100 ] = -1.000
 Average Precision  (AP) @[ IoU=0.50:0.95 | area=medium | maxDets=100 ] = -1.000
 Average Precision  (AP) @[ IoU=0.50:0.95 | area= large | maxDets=100 ] = 0.852
 Average Recall     (AR) @[ IoU=0.50:0.95 | area=   all | maxDets=  1 ] = 0.867
 Average Recall     (AR) @[ IoU=0.50:0.95 | area=   all | maxDets= 10 ] = 0.867
 Average Recall     (AR) @[ IoU=0.50:0.95 | area=   all | maxDets=100 ] = 0.867
 Average Recall     (AR) @[ IoU=0.50:0.95 | area= small | maxDets=100 ] = -1.000
 Average Recall     (AR) @[ IoU=0.50:0.95 | area=medium | maxDets=100 ] = -1.000
 Average Recall     (AR) @[ IoU=0.50:0.95 | area= large | maxDets=100 ] = 0.867
per class AP:
| class            | AP     |
|:-----------------|:-------|
| raspberry_pi_sbc | 85.185 |
per class AR:
| class            | AR     |
|:-----------------|:-------|
| raspberry_pi_sbc | 86.718 |

2026-08-18 14:29:59 | INFO     | yolox.core.trainer:402 - Save weights to <PROJECT_ROOT>\runs\benchmarks\micropcb_rpi_phash_component_bootstrap_v2_full_e100_b8_i640_w0_s42-43-44_p02facd21ef_dbea2fbaddc_cb773706267\yolox_s_seed43
[EPOCH 069/100] loss=1.03252 iou=0.54174 conf=0.29010 cls=0.20068 | AP50=1.00000 AP50-95=0.85185 AP75=1.00000 AR100=0.86718 | LR=0.00023254 VRAM_peak=1717.2 MiB
EPOCH_METRICS_JSON {"epoch": 69, "elapsed_s": 15571.947887000046, "epoch_seconds": 217.9914300000528, "iterations": 188, "train_total_loss": 1.032516229342907, "train_iou_loss": 0.5417446703352826, "train_conf_loss": 0.2900954551915539, "train_cls_loss": 0.20067610441053169, "train_l1_loss": 0.0, "num_fg_mean": 8.569755772158722, "map50_95": 0.8518452097131972, "map50": 1.0, "ap75": 1.0, "ar100": 0.8671794871794871, "lr": 0.0002325439708180221, "lr_mean": 0.00024028460038251902, "gpu_peak_allocated_mib": 1717.24755859375, "gpu_peak_reserved_mib": 2234.0, "best_map50_95": 0.8574098026800376}
2026-08-18 14:30:00 | INFO     | yolox.core.trainer:218 - ---> start train epoch70
2026-08-18 14:30:12 | INFO     | yolox.core.trainer:270 - epoch: 70/100, iter: 10/188, gpu mem: 1717Mb, mem: 11.9Gb, iter_time: 1.113s, data_time: 0.973s, total_loss: 1.0, iou_loss: 0.5, l1_loss: 0.0, conf_loss: 0.3, cls_loss: 0.2, lr: 2.317e-04, size: 640, ETA: 1:51:42
2026-08-18 14:30:23 | INFO     | yolox.core.trainer:270 - epoch: 70/100, iter: 20/188, gpu mem: 1717Mb, mem: 11.8Gb, iter_time: 1.113s, data_time: 0.970s, total_loss: 0.7, iou_loss: 0.4, l1_loss: 0.0, conf_loss: 0.2, cls_loss: 0.2, lr: 2.309e-04, size: 640, ETA: 1:51:30
2026-08-18 14:30:34 | INFO     | yolox.core.trainer:270 - epoch: 70/100, iter: 30/188, gpu mem: 1717Mb, mem: 11.8Gb, iter_time: 1.132s, data_time: 0.990s, total_loss: 0.8, iou_loss: 0.5, l1_loss: 0.0, conf_loss: 0.1, cls_loss: 0.2, lr: 2.301e-04, size: 640, ETA: 1:51:19
2026-08-18 14:30:45 | INFO     | yolox.core.trainer:270 - epoch: 70/100, iter: 40/188, gpu mem: 1717Mb, mem: 11.8Gb, iter_time: 1.125s, data_time: 0.984s, total_loss: 1.0, iou_loss: 0.5, l1_loss: 0.0, conf_loss: 0.3, cls_loss: 0.2, lr: 2.293e-04, size: 640, ETA: 1:51:07
2026-08-18 14:30:56 | INFO     | yolox.core.trainer:270 - epoch: 70/100, iter: 50/188, gpu mem: 1717Mb, mem: 11.8Gb, iter_time: 1.093s, data_time: 0.954s, total_loss: 1.1, iou_loss: 0.6, l1_loss: 0.0, conf_loss: 0.2, cls_loss: 0.2, lr: 2.285e-04, size: 640, ETA: 1:50:55
2026-08-18 14:31:07 | INFO     | yolox.core.trainer:270 - epoch: 70/100, iter: 60/188, gpu mem: 1717Mb, mem: 11.9Gb, iter_time: 1.124s, data_time: 0.985s, total_loss: 1.1, iou_loss: 0.6, l1_loss: 0.0, conf_loss: 0.2, cls_loss: 0.2, lr: 2.277e-04, size: 640, ETA: 1:50:44
2026-08-18 14:31:18 | INFO     | yolox.core.trainer:270 - epoch: 70/100, iter: 70/188, gpu mem: 1717Mb, mem: 11.8Gb, iter_time: 1.094s, data_time: 0.955s, total_loss: 1.3, iou_loss: 0.6, l1_loss: 0.0, conf_loss: 0.5, cls_loss: 0.2, lr: 2.269e-04, size: 640, ETA: 1:50:32
2026-08-18 14:31:29 | INFO     | yolox.core.trainer:270 - epoch: 70/100, iter: 80/188, gpu mem: 1717Mb, mem: 11.8Gb, iter_time: 1.108s, data_time: 0.968s, total_loss: 1.1, iou_loss: 0.6, l1_loss: 0.0, conf_loss: 0.3, cls_loss: 0.2, lr: 2.261e-04, size: 640, ETA: 1:50:20
2026-08-18 14:31:41 | INFO     | yolox.core.trainer:270 - epoch: 70/100, iter: 90/188, gpu mem: 1717Mb, mem: 11.8Gb, iter_time: 1.135s, data_time: 0.990s, total_loss: 1.2, iou_loss: 0.7, l1_loss: 0.0, conf_loss: 0.2, cls_loss: 0.2, lr: 2.253e-04, size: 640, ETA: 1:50:09
2026-08-18 14:31:52 | INFO     | yolox.core.trainer:270 - epoch: 70/100, iter: 100/188, gpu mem: 1717Mb, mem: 11.8Gb, iter_time: 1.120s, data_time: 0.976s, total_loss: 0.8, iou_loss: 0.4, l1_loss: 0.0, conf_loss: 0.2, cls_loss: 0.2, lr: 2.244e-04, size: 640, ETA: 1:49:57
2026-08-18 14:32:03 | INFO     | yolox.core.trainer:270 - epoch: 70/100, iter: 110/188, gpu mem: 1717Mb, mem: 11.8Gb, iter_time: 1.116s, data_time: 0.978s, total_loss: 0.7, iou_loss: 0.4, l1_loss: 0.0, conf_loss: 0.2, cls_loss: 0.2, lr: 2.236e-04, size: 640, ETA: 1:49:45
2026-08-18 14:32:14 | INFO     | yolox.core.trainer:270 - epoch: 70/100, iter: 120/188, gpu mem: 1717Mb, mem: 11.8Gb, iter_time: 1.092s, data_time: 0.955s, total_loss: 0.7, iou_loss: 0.4, l1_loss: 0.0, conf_loss: 0.2, cls_loss: 0.2, lr: 2.228e-04, size: 640, ETA: 1:49:34
2026-08-18 14:32:25 | INFO     | yolox.core.trainer:270 - epoch: 70/100, iter: 130/188, gpu mem: 1717Mb, mem: 11.8Gb, iter_time: 1.108s, data_time: 0.969s, total_loss: 0.8, iou_loss: 0.5, l1_loss: 0.0, conf_loss: 0.1, cls_loss: 0.2, lr: 2.221e-04, size: 640, ETA: 1:49:22
2026-08-18 14:32:37 | INFO     | yolox.core.trainer:270 - epoch: 70/100, iter: 140/188, gpu mem: 1717Mb, mem: 11.8Gb, iter_time: 1.134s, data_time: 0.993s, total_loss: 1.3, iou_loss: 0.8, l1_loss: 0.0, conf_loss: 0.2, cls_loss: 0.3, lr: 2.213e-04, size: 640, ETA: 1:49:10
2026-08-18 14:32:48 | INFO     | yolox.core.trainer:270 - epoch: 70/100, iter: 150/188, gpu mem: 1717Mb, mem: 11.8Gb, iter_time: 1.108s, data_time: 0.969s, total_loss: 1.0, iou_loss: 0.6, l1_loss: 0.0, conf_loss: 0.2, cls_loss: 0.2, lr: 2.205e-04, size: 640, ETA: 1:48:59
2026-08-18 14:32:59 | INFO     | yolox.core.trainer:270 - epoch: 70/100, iter: 160/188, gpu mem: 1717Mb, mem: 11.8Gb, iter_time: 1.127s, data_time: 0.979s, total_loss: 0.7, iou_loss: 0.4, l1_loss: 0.0, conf_loss: 0.1, cls_loss: 0.2, lr: 2.197e-04, size: 640, ETA: 1:48:47
2026-08-18 14:33:10 | INFO     | yolox.core.trainer:270 - epoch: 70/100, iter: 170/188, gpu mem: 1717Mb, mem: 11.8Gb, iter_time: 1.110s, data_time: 0.966s, total_loss: 0.9, iou_loss: 0.5, l1_loss: 0.0, conf_loss: 0.2, cls_loss: 0.2, lr: 2.189e-04, size: 640, ETA: 1:48:35
2026-08-18 14:33:21 | INFO     | yolox.core.trainer:270 - epoch: 70/100, iter: 180/188, gpu mem: 1717Mb, mem: 11.8Gb, iter_time: 1.127s, data_time: 0.988s, total_loss: 1.0, iou_loss: 0.6, l1_loss: 0.0, conf_loss: 0.3, cls_loss: 0.2, lr: 2.181e-04, size: 640, ETA: 1:48:24
2026-08-18 14:33:30 | INFO     | yolox.core.trainer:402 - Save weights to <PROJECT_ROOT>\runs\benchmarks\micropcb_rpi_phash_component_bootstrap_v2_full_e100_b8_i640_w0_s42-43-44_p02facd21ef_dbea2fbaddc_cb773706267\yolox_s_seed43

  0%|          | 0/25 [00:00<?, ?it/s]
  4%|4         | 1/25 [00:00<00:06,  3.60it/s]
  8%|8         | 2/25 [00:00<00:06,  3.41it/s]
 12%|#2        | 3/25 [00:00<00:06,  3.39it/s]
 16%|#6        | 4/25 [00:01<00:06,  3.25it/s]
 20%|##        | 5/25 [00:01<00:06,  3.07it/s]
 24%|##4       | 6/25 [00:01<00:06,  3.01it/s]
 28%|##8       | 7/25 [00:02<00:05,  3.08it/s]
 32%|###2      | 8/25 [00:02<00:05,  3.21it/s]
 36%|###6      | 9/25 [00:02<00:04,  3.34it/s]
 40%|####      | 10/25 [00:03<00:04,  3.33it/s]
 44%|####4     | 11/25 [00:03<00:04,  3.39it/s]
 48%|####8     | 12/25 [00:03<00:03,  3.39it/s]
 52%|#####2    | 13/25 [00:03<00:03,  3.23it/s]
 56%|#####6    | 14/25 [00:04<00:03,  3.31it/s]
 60%|######    | 15/25 [00:04<00:03,  3.17it/s]
 64%|######4   | 16/25 [00:04<00:02,  3.07it/s]
 68%|######8   | 17/25 [00:05<00:02,  3.26it/s]
 72%|#######2  | 18/25 [00:05<00:02,  3.48it/s]
 76%|#######6  | 19/25 [00:05<00:01,  3.67it/s]
 80%|########  | 20/25 [00:05<00:01,  3.75it/s]
 84%|########4 | 21/25 [00:06<00:00,  4.03it/s]
 88%|########8 | 22/25 [00:06<00:00,  4.04it/s]
 92%|#########2| 23/25 [00:06<00:00,  3.81it/s]
 96%|#########6| 24/25 [00:07<00:00,  3.50it/s]
100%|##########| 25/25 [00:07<00:00,  4.24it/s]
100%|##########| 25/25 [00:07<00:00,  3.48it/s]
2026-08-18 14:33:38 | INFO     | mcu_data.yolox_metrics:78 - Evaluate with standard pycocotools COCOeval (no C++ JIT build).
2026-08-18 14:33:38 | INFO     | mcu_data.yolox_metrics:80 - Loading and preparing results...
2026-08-18 14:33:38 | INFO     | mcu_data.yolox_metrics:80 - DONE (t=0.00s)
2026-08-18 14:33:38 | INFO     | pycocotools.coco:367 - creating index...
2026-08-18 14:33:38 | INFO     | pycocotools.coco:367 - index created!
2026-08-18 14:33:38 | INFO     | mcu_data.yolox_metrics:82 - Running per image evaluation...
2026-08-18 14:33:38 | INFO     | mcu_data.yolox_metrics:82 - Evaluate annotation type *bbox*
2026-08-18 14:33:38 | INFO     | mcu_data.yolox_metrics:82 - DONE (t=0.05s).
2026-08-18 14:33:38 | INFO     | mcu_data.yolox_metrics:83 - Accumulating evaluation results...
2026-08-18 14:33:38 | INFO     | mcu_data.yolox_metrics:83 - DONE (t=0.01s).
2026-08-18 14:33:38 | INFO     | yolox.core.trainer:381 - 
Average forward time: 5.08 ms, Average NMS time: 1.13 ms, Average inference time: 6.21 ms
 Average Precision  (AP) @[ IoU=0.50:0.95 | area=   all | maxDets=100 ] = 0.834
 Average Precision  (AP) @[ IoU=0.50      | area=   all | maxDets=100 ] = 1.000
 Average Precision  (AP) @[ IoU=0.75      | area=   all | maxDets=100 ] = 1.000
 Average Precision  (AP) @[ IoU=0.50:0.95 | area= small | maxDets=100 ] = -1.000
 Average Precision  (AP) @[ IoU=0.50:0.95 | area=medium | maxDets=100 ] = -1.000
 Average Precision  (AP) @[ IoU=0.50:0.95 | area= large | maxDets=100 ] = 0.834
 Average Recall     (AR) @[ IoU=0.50:0.95 | area=   all | maxDets=  1 ] = 0.853
 Average Recall     (AR) @[ IoU=0.50:0.95 | area=   all | maxDets= 10 ] = 0.853
 Average Recall     (AR) @[ IoU=0.50:0.95 | area=   all | maxDets=100 ] = 0.853
 Average Recall     (AR) @[ IoU=0.50:0.95 | area= small | maxDets=100 ] = -1.000
 Average Recall     (AR) @[ IoU=0.50:0.95 | area=medium | maxDets=100 ] = -1.000
 Average Recall     (AR) @[ IoU=0.50:0.95 | area= large | maxDets=100 ] = 0.853
per class AP:
| class            | AP     |
|:-----------------|:-------|
| raspberry_pi_sbc | 83.421 |
per class AR:
| class            | AR     |
|:-----------------|:-------|
| raspberry_pi_sbc | 85.333 |

2026-08-18 14:33:38 | INFO     | yolox.core.trainer:402 - Save weights to <PROJECT_ROOT>\runs\benchmarks\micropcb_rpi_phash_component_bootstrap_v2_full_e100_b8_i640_w0_s42-43-44_p02facd21ef_dbea2fbaddc_cb773706267\yolox_s_seed43
[EPOCH 070/100] loss=1.02722 iou=0.54453 conf=0.28167 cls=0.20102 | AP50=1.00000 AP50-95=0.83421 AP75=1.00000 AR100=0.85333 | LR=0.00021746 VRAM_peak=1717.2 MiB
EPOCH_METRICS_JSON {"epoch": 70, "elapsed_s": 15790.078339400003, "epoch_seconds": 217.3685007999884, "iterations": 188, "train_total_loss": 1.027217224874395, "train_iou_loss": 0.544530839362043, "train_conf_loss": 0.2816712922872381, "train_cls_loss": 0.2010150929080679, "train_l1_loss": 0.0, "num_fg_mean": 8.609282047264957, "map50_95": 0.834206591469915, "map50": 1.0, "ap75": 1.0, "ar100": 0.8533333333333333, "lr": 0.00021746345540023373, "lr_mean": 0.00022491450856976594, "gpu_peak_allocated_mib": 1717.24755859375, "gpu_peak_reserved_mib": 2234.0, "best_map50_95": 0.8574098026800376}
2026-08-18 14:33:39 | INFO     | yolox.core.trainer:218 - ---> start train epoch71
2026-08-18 14:33:50 | INFO     | yolox.core.trainer:270 - epoch: 71/100, iter: 10/188, gpu mem: 1717Mb, mem: 11.8Gb, iter_time: 1.122s, data_time: 0.980s, total_loss: 1.0, iou_loss: 0.5, l1_loss: 0.0, conf_loss: 0.4, cls_loss: 0.2, lr: 2.167e-04, size: 640, ETA: 1:48:03
2026-08-18 14:34:01 | INFO     | yolox.core.trainer:270 - epoch: 71/100, iter: 20/188, gpu mem: 1717Mb, mem: 11.8Gb, iter_time: 1.133s, data_time: 0.990s, total_loss: 1.1, iou_loss: 0.5, l1_loss: 0.0, conf_loss: 0.4, cls_loss: 0.2, lr: 2.159e-04, size: 640, ETA: 1:47:51
2026-08-18 14:34:13 | INFO     | yolox.core.trainer:270 - epoch: 71/100, iter: 30/188, gpu mem: 1717Mb, mem: 11.8Gb, iter_time: 1.152s, data_time: 1.011s, total_loss: 0.7, iou_loss: 0.4, l1_loss: 0.0, conf_loss: 0.1, cls_loss: 0.2, lr: 2.151e-04, size: 640, ETA: 1:47:40
2026-08-18 14:34:24 | INFO     | yolox.core.trainer:270 - epoch: 71/100, iter: 40/188, gpu mem: 1717Mb, mem: 11.8Gb, iter_time: 1.112s, data_time: 0.967s, total_loss: 1.2, iou_loss: 0.6, l1_loss: 0.0, conf_loss: 0.4, cls_loss: 0.2, lr: 2.143e-04, size: 640, ETA: 1:47:28
2026-08-18 14:34:35 | INFO     | yolox.core.trainer:270 - epoch: 71/100, iter: 50/188, gpu mem: 1717Mb, mem: 11.8Gb, iter_time: 1.124s, data_time: 0.987s, total_loss: 0.9, iou_loss: 0.5, l1_loss: 0.0, conf_loss: 0.2, cls_loss: 0.2, lr: 2.136e-04, size: 640, ETA: 1:47:16
2026-08-18 14:34:46 | INFO     | yolox.core.trainer:270 - epoch: 71/100, iter: 60/188, gpu mem: 1717Mb, mem: 11.8Gb, iter_time: 1.103s, data_time: 0.961s, total_loss: 1.2, iou_loss: 0.6, l1_loss: 0.0, conf_loss: 0.4, cls_loss: 0.2, lr: 2.128e-04, size: 640, ETA: 1:47:05
2026-08-18 14:34:57 | INFO     | yolox.core.trainer:270 - epoch: 71/100, iter: 70/188, gpu mem: 1717Mb, mem: 11.8Gb, iter_time: 1.113s, data_time: 0.973s, total_loss: 1.2, iou_loss: 0.5, l1_loss: 0.0, conf_loss: 0.4, cls_loss: 0.2, lr: 2.120e-04, size: 640, ETA: 1:46:53
2026-08-18 14:35:08 | INFO     | yolox.core.trainer:270 - epoch: 71/100, iter: 80/188, gpu mem: 1717Mb, mem: 11.8Gb, iter_time: 1.105s, data_time: 0.960s, total_loss: 0.9, iou_loss: 0.5, l1_loss: 0.0, conf_loss: 0.2, cls_loss: 0.2, lr: 2.112e-04, size: 640, ETA: 1:46:41
2026-08-18 14:35:19 | INFO     | yolox.core.trainer:270 - epoch: 71/100, iter: 90/188, gpu mem: 1717Mb, mem: 11.8Gb, iter_time: 1.097s, data_time: 0.955s, total_loss: 1.1, iou_loss: 0.6, l1_loss: 0.0, conf_loss: 0.3, cls_loss: 0.2, lr: 2.105e-04, size: 640, ETA: 1:46:29
2026-08-18 14:35:31 | INFO     | yolox.core.trainer:270 - epoch: 71/100, iter: 100/188, gpu mem: 1717Mb, mem: 11.8Gb, iter_time: 1.132s, data_time: 0.992s, total_loss: 1.7, iou_loss: 0.8, l1_loss: 0.0, conf_loss: 0.6, cls_loss: 0.3, lr: 2.097e-04, size: 640, ETA: 1:46:18
2026-08-18 14:35:40 | INFO     | yolox.core.trainer:270 - epoch: 71/100, iter: 110/188, gpu mem: 1717Mb, mem: 12.2Gb, iter_time: 0.968s, data_time: 0.823s, total_loss: 1.1, iou_loss: 0.6, l1_loss: 0.0, conf_loss: 0.2, cls_loss: 0.2, lr: 2.089e-04, size: 640, ETA: 1:46:06
2026-08-18 14:35:50 | INFO     | yolox.core.trainer:270 - epoch: 71/100, iter: 120/188, gpu mem: 1717Mb, mem: 12.3Gb, iter_time: 0.969s, data_time: 0.825s, total_loss: 1.0, iou_loss: 0.6, l1_loss: 0.0, conf_loss: 0.2, cls_loss: 0.2, lr: 2.081e-04, size: 640, ETA: 1:45:53
2026-08-18 14:36:01 | INFO     | yolox.core.trainer:270 - epoch: 71/100, iter: 130/188, gpu mem: 1717Mb, mem: 12.3Gb, iter_time: 1.110s, data_time: 0.969s, total_loss: 0.8, iou_loss: 0.5, l1_loss: 0.0, conf_loss: 0.1, cls_loss: 0.2, lr: 2.074e-04, size: 640, ETA: 1:45:42
