sample_id,dataset,source_url,license,license_url,class_name,model,model_code,rotation_code,x_code,y_code,capture_serial,condition_group_id,source_split,yolo_split,physical_item_group,source_relative_path,sha256,width,height,bbox_left,bbox_top,bbox_width,bbox_height,angle_deg,top_bottom_ratio
micro_pcb_v2_AAAA1,micro_pcb_images,https://www.kaggle.com/datasets/frettapper/micropcb-images,CC BY 4.0,https://creativecommons.org/licenses/by/4.0/,raspberry_pi_sbc,raspberry_pi_a_plus,A,A,A,A,1,AAAA,train,train,NOT_VERIFIED,train_coded/train_coded/AAAA1.jpg,f349d5f65da9d0e4560ba5b607547dfe61f0ed6924f637f398575cc17508f7a2,1956,1982,247,171,1457,1647,25.00529823,1.058857707
micro_pcb_v2_AAAA2,micro_pcb_images,https://www.kaggle.com/datasets/frettapper/micropcb-images,CC BY 4.0,https://creativecommons.org/licenses/by/4.0/,raspberry_pi_sbc,raspberry_pi_a_plus,A,A,A,A,2,AAAA,train,train,NOT_VERIFIED,train_coded/train_coded/AAAA2.jpg,70652d187202dc1a6015b167777adf469f392513a32c93cdb7fb200ead8ff7e1,1942,1976,247,167,1446,1645,24.64096417,1.057212487
micro_pcb_v2_AAAA3,micro_pcb_images,https://www.kaggle.com/datasets/frettapper/micropcb-images,CC BY 4.0,https://creativecommons.org/licenses/by/4.0/,raspberry_pi_sbc,raspberry_pi_a_plus,A,A,A,A,3,AAAA,train,train,NOT_VERIFIED,train_coded/train_coded/AAAA3.jpg,84868b3e15b40f97c56298016ea5b105f4ccb99bc24c309e26248aed49545f1b,1947,1974,247,170,1453,1641,24.89995592,1.061176209
micro_pcb_v2_AAAA4,micro_pcb_images,https://www.kaggle.com/datasets/frettapper/micropcb-images,CC BY 4.0,https://creativecommons.org/licenses/by/4.0/,raspberry_pi_sbc,raspberry_pi_a_plus,A,A,A,A,4,AAAA,train,train,NOT_VERIFIED,train_coded/train_coded/AAAA4.jpg,e66c08077c86396821351fc907891bd7ad308c673912d9f6972081e871cd1ae6,1961,1972,246,166,1461,1642,25.291036,1.059478956
micro_pcb_v2_AAAB1,micro_pcb_images,https://www.kaggle.com/datasets/frettapper/micropcb-images,CC BY 4.0,https://creativecommons.org/licenses/by/4.0/,raspberry_pi_sbc,raspberry_pi_a_plus,A,A,A,B,1,AAAB,train,train,NOT_VERIFIED,train_coded/train_coded/AAAB1.jpg,def5c876b4aae569289b59195eab29caf2b658af0176877c8011030433380ff1,2070,2343,247,172,1572,2007,22.86543444,1.014727181
micro_pcb_v2_AAAB2,micro_pcb_images,https://www.kaggle.com/datasets/frettapper/micropcb-images,CC BY 4.0,https://creativecommons.org/licenses/by/4.0/,raspberry_pi_sbc,raspberry_pi_a_plus,A,A,A,B,2,AAAB,train,train,NOT_VERIFIED,train_coded/train_coded/AAAB2.jpg,f58755a36a261eeebb838961579913a20697505564826165aabf87abb82f874f,2051,2338,246,173,1553,2002,22.21100527,1.017698465
micro_pcb_v2_AAAB3,micro_pcb_images,https://www.kaggle.com/datasets/frettapper/micropcb-images,CC BY 4.0,https://creativecommons.org/licenses/by/4.0/,raspberry_pi_sbc,raspberry_pi_a_plus,A,A,A,B,3,AAAB,train,train,NOT_VERIFIED,train_coded/train_coded/AAAB3.jpg,2de8fa8ea381820a42d48ecfb171d9254bb6f0d5af0f843aabb87e2e03d9c9d0,2051,2332,247,176,1554,1993,22.49238309,1.036640892
micro_pcb_v2_AAAB4,micro_pcb_images,https://www.kaggle.com/datasets/frettapper/micropcb-images,CC BY 4.0,https://creativecommons.org/licenses/by/4.0/,raspberry_pi_sbc,raspberry_pi_a_plus,A,A,A,B,4,AAAB,train,train,NOT_VERIFIED,train_coded/train_coded/AAAB4.jpg,b290289de3012ebd6b6219eb94c503fd4c035ddf35f0f1ee1c9d10af481450e2,2058,2332,247,172,1555,1996,22.56696122,1.02878627
micro_pcb_v2_AAAC1,micro_pcb_images,https://www.kaggle.com/datasets/frettapper/micropcb-images,CC BY 4.0,https://creativecommons.org/licenses/by/4.0/,raspberry_pi_sbc,raspberry_pi_a_plus,A,A,A,C,1,AAAC,train,train,NOT_VERIFIED,train_coded/train_coded/AAAC1.jpg,418b2c01afe2501c60b01717a075a10a54ba4b2d56a58274a7a4569ef7d96916,2050,2830,246,164,1542,2502,13.3927349,0.905312262
micro_pcb_v2_AAAC2,micro_pcb_images,https://www.kaggle.com/datasets/frettapper/micropcb-images,CC BY 4.0,https://creativecommons.org/licenses/by/4.0/,raspberry_pi_sbc,raspberry_pi_a_plus,A,A,A,C,2,AAAC,train,train,NOT_VERIFIED,train_coded/train_coded/AAAC2.jpg,89aff7ed7620f73fa07285cdeab8c12a08c17782845283d85cc6f038291e2645,2053,2828,247,163,1544,2502,13.48465844,0.90148417
micro_pcb_v2_AAAC3,micro_pcb_images,https://www.kaggle.com/datasets/frettapper/micropcb-images,CC BY 4.0,https://creativecommons.org/licenses/by/4.0/,raspberry_pi_sbc,raspberry_pi_a_plus,A,A,A,C,3,AAAC,train,train,NOT_VERIFIED,train_coded/train_coded/AAAC3.jpg,f571b93bf896b5e5b4801124ea0b8a645e5c6299fb42ea9a1578850e63eb5636,2056,2829,246,164,1547,2501,13.54067713,0.901504136
micro_pcb_v2_AAAC4,micro_pcb_images,https://www.kaggle.com/datasets/frettapper/micropcb-images,CC BY 4.0,https://creativecommons.org/licenses/by/4.0/,raspberry_pi_sbc,raspberry_pi_a_plus,A,A,A,C,4,AAAC,train,train,NOT_VERIFIED,train_coded/train_coded/AAAC4.jpg,b43099908433188d727f505a4237f6e58da4ac316c1f65c7e73ad5aff6bdd170,2052,2829,246,164,1544,2502,13.48317942,0.90928959
micro_pcb_v2_AAAD1,micro_pcb_images,https://www.kaggle.com/datasets/frettapper/micropcb-images,CC BY 4.0,https://creativecommons.org/licenses/by/4.0/,raspberry_pi_sbc,raspberry_pi_a_plus,A,A,A,D,1,AAAD,train,train,NOT_VERIFIED,train_coded/train_coded/AAAD1.jpg,fcc604cb1d76ada5c9780a3c3d6d4922b7c73296a087befa2b44507966121695,2438,2804,247,167,1920,2474,24.00082956,0.951686621
micro_pcb_v2_AAAD2,micro_pcb_images,https://www.kaggle.com/datasets/frettapper/micropcb-images,CC BY 4.0,https://creativecommons.org/licenses/by/4.0/,raspberry_pi_sbc,raspberry_pi_a_plus,A,A,A,D,2,AAAD,train,train,NOT_VERIFIED,train_coded/train_coded/AAAD2.jpg,4b08b6b657239d563bb529432cdd74476ecfe2aa494b561e6b90a205dc0688c9,2425,2809,247,164,1912,2481,23.59833943,0.964829733
micro_pcb_v2_AAAD3,micro_pcb_images,https://www.kaggle.com/datasets/frettapper/micropcb-images,CC BY 4.0,https://creativecommons.org/licenses/by/4.0/,raspberry_pi_sbc,raspberry_pi_a_plus,A,A,A,D,3,AAAD,train,train,NOT_VERIFIED,train_coded/train_coded/AAAD3.jpg,d5ea748d2c3557d6d9cde85f40ee649fce219cdb1f58edf96153eb4c54f9c6f4,2419,2809,247,164,1894,2481,23.10172041,0.95640503
micro_pcb_v2_AAAD4,micro_pcb_images,https://www.kaggle.com/datasets/frettapper/micropcb-images,CC BY 4.0,https://creativecommons.org/licenses/by/4.0/,raspberry_pi_sbc,raspberry_pi_a_plus,A,A,A,D,4,AAAD,train,train,NOT_VERIFIED,train_coded/train_coded/AAAD4.jpg,39db9c9ba26eaa80928a953839806160398e1888ba22b965edca93d7a2dc5579,2415,2809,246,163,1901,2482,23.17529867,0.951388249
micro_pcb_v2_AAAE1,micro_pcb_images,https://www.kaggle.com/datasets/frettapper/micropcb-images,CC BY 4.0,https://creativecommons.org/licenses/by/4.0/,raspberry_pi_sbc,raspberry_pi_a_plus,A,A,A,E,1,AAAE,train,train,NOT_VERIFIED,train_coded/train_coded/AAAE1.jpg,61563099046969356e25a32f3f3dd69e5284004b922520659413921d34df728a,2037,2365,246,165,1544,2035,26.48107187,0.851121601
micro_pcb_v2_AAAE2,micro_pcb_images,https://www.kaggle.com/datasets/frettapper/micropcb-images,CC BY 4.0,https://creativecommons.org/licenses/by/4.0/,raspberry_pi_sbc,raspberry_pi_a_plus,A,A,A,E,2,AAAE,train,train,NOT_VERIFIED,train_coded/train_coded/AAAE2.jpg,c619825ed894369f8a49c59146cb702a92d990e1a60a42175f5bc4d64ff53506,2023,2366,246,165,1532,2036,25.86010655,0.849088325
micro_pcb_v2_AAAE3,micro_pcb_images,https://www.kaggle.com/datasets/frettapper/micropcb-images,CC BY 4.0,https://creativecommons.org/licenses/by/4.0/,raspberry_pi_sbc,raspberry_pi_a_plus,A,A,A,E,3,AAAE,train,train,NOT_VERIFIED,train_coded/train_coded/AAAE3.jpg,9d28417e5652b162775ddb5f5c4ad6d4d7beb253d82060c04a9e53fa339d1339,2019,2362,246,164,1528,2034,25.81264922,0.845500676
micro_pcb_v2_AAAE4,micro_pcb_images,https://www.kaggle.com/datasets/frettapper/micropcb-images,CC BY 4.0,https://creativecommons.org/licenses/by/4.0/,raspberry_pi_sbc,raspberry_pi_a_plus,A,A,A,E,4,AAAE,train,train,NOT_VERIFIED,train_coded/train_coded/AAAE4.jpg,6c09ee3bb49e62c933a5c04f5647dc609c52119397113f44fbbddf851da1f22a,2017,2363,246,165,1526,2034,25.71063343,0.844941098
micro_pcb_v2_AABA1,micro_pcb_images,https://www.kaggle.com/datasets/frettapper/micropcb-images,CC BY 4.0,https://creativecommons.org/licenses/by/4.0/,raspberry_pi_sbc,raspberry_pi_a_plus,A,A,B,A,1,AABA,train,train,NOT_VERIFIED,train_coded/train_coded/AABA1.jpg,3c1f8b208f6bd5e8a8f3310240981081ba7b48c31d2b45c5542ea47345989163,2240,2281,246,180,1742,1937,27.88211574,1.130065749
micro_pcb_v2_AABA2,micro_pcb_images,https://www.kaggle.com/datasets/frettapper/micropcb-images,CC BY 4.0,https://creativecommons.org/licenses/by/4.0/,raspberry_pi_sbc,raspberry_pi_a_plus,A,A,B,A,2,AABA,train,train,NOT_VERIFIED,train_coded/train_coded/AABA2.jpg,ed5480d800cda81e6e8ae222ff5c54184794434fd5bf70191a04ceb31152c921,2234,2281,246,180,1736,1936,27.59192707,1.131010857
micro_pcb_v2_AABA3,micro_pcb_images,https://www.kaggle.com/datasets/frettapper/micropcb-images,CC BY 4.0,https://creativecommons.org/licenses/by/4.0/,raspberry_pi_sbc,raspberry_pi_a_plus,A,A,B,A,3,AABA,train,train,NOT_VERIFIED,train_coded/train_coded/AABA3.jpg,18a57ff88bc2a7df698c3b13d2f8853576c0eb011b628ebca529b4a464d0a607,2232,2283,246,178,1733,1941,27.40239264,1.133211631
micro_pcb_v2_AABA4,micro_pcb_images,https://www.kaggle.com/datasets/frettapper/micropcb-images,CC BY 4.0,https://creativecommons.org/licenses/by/4.0/,raspberry_pi_sbc,raspberry_pi_a_plus,A,A,B,A,4,AABA,train,train,NOT_VERIFIED,train_coded/train_coded/AABA4.jpg,4a8edba9bcebbcf24cdcf47efea1e8e1cf82689a992b95c87961857073d5dbdf,2234,2287,247,178,1737,1944,27.46061191,1.134029819
micro_pcb_v2_AABB1,micro_pcb_images,https://www.kaggle.com/datasets/frettapper/micropcb-images,CC BY 4.0,https://creativecommons.org/licenses/by/4.0/,raspberry_pi_sbc,raspberry_pi_a_plus,A,A,B,B,1,AABB,train,train,NOT_VERIFIED,train_coded/train_coded/AABB1.jpg,0a30e7f7e9a22c3265fa1a2b4095eff998e3603cd2984fcc25c8961ca6556e59,2148,2495,247,179,1648,2153,20.99554884,1.066284004
micro_pcb_v2_AABB2,micro_pcb_images,https://www.kaggle.com/datasets/frettapper/micropcb-images,CC BY 4.0,https://creativecommons.org/licenses/by/4.0/,raspberry_pi_sbc,raspberry_pi_a_plus,A,A,B,B,2,AABB,train,train,NOT_VERIFIED,train_coded/train_coded/AABB2.jpg,51085ec9cd3026c1944a29e336a2080a205f6497972913745dfaa88a69504c64,2141,2492,247,181,1643,2148,20.90503837,1.067379858
micro_pcb_v2_AABB3,micro_pcb_images,https://www.kaggle.com/datasets/frettapper/micropcb-images,CC BY 4.0,https://creativecommons.org/licenses/by/4.0/,raspberry_pi_sbc,raspberry_pi_a_plus,A,A,B,B,3,AABB,train,train,NOT_VERIFIED,train_coded/train_coded/AABB3.jpg,103687a0254fd5bcd7a95a7ac047b2180ae6d9768827f95e5b24ba232cadf603,2131,2488,247,176,1635,2149,20.59903008,1.069254254
micro_pcb_v2_AABB4,micro_pcb_images,https://www.kaggle.com/datasets/frettapper/micropcb-images,CC BY 4.0,https://creativecommons.org/licenses/by/4.0/,raspberry_pi_sbc,raspberry_pi_a_plus,A,A,B,B,4,AABB,train,train,NOT_VERIFIED,train_coded/train_coded/AABB4.jpg,ce7593ceef9e392004a6d9f505e383a0ede4364a1b66db7e181363408cfc98b3,2152,2494,247,178,1655,2153,21.32870804,1.069734967
micro_pcb_v2_AABC1,micro_pcb_images,https://www.kaggle.com/datasets/frettapper/micropcb-images,CC BY 4.0,https://creativecommons.org/licenses/by/4.0/,raspberry_pi_sbc,raspberry_pi_a_plus,A,A,B,C,1,AABC,train,train,NOT_VERIFIED,train_coded/train_coded/AABC1.jpg,a333841f7320b39355785098404f3b553a1b9cec86c2fb548d587a5ec7531837,2251,2813,247,166,1757,2484,19.28980652,1.040499934
micro_pcb_v2_AABC2,micro_pcb_images,https://www.kaggle.com/datasets/frettapper/micropcb-images,CC BY 4.0,https://creativecommons.org/licenses/by/4.0/,raspberry_pi_sbc,raspberry_pi_a_plus,A,A,B,C,2,AABC,train,train,NOT_VERIFIED,train_coded/train_coded/AABC2.jpg,46af799e894a4cad81e0d813881b1bbc2e2d10068d266264ae1df6db908fdab2,2258,2814,247,165,1765,2485,19.53352077,1.05460943
micro_pcb_v2_AABC3,micro_pcb_images,https://www.kaggle.com/datasets/frettapper/micropcb-images,CC BY 4.0,https://creativecommons.org/licenses/by/4.0/,raspberry_pi_sbc,raspberry_pi_a_plus,A,A,B,C,3,AABC,train,train,NOT_VERIFIED,train_coded/train_coded/AABC3.jpg,bf0aacbc3238ad21ea42ef3b75299d5dd38a6d7cb39bc7ce1c916f3abe4ac97e,2263,2814,247,164,1765,2486,19.52061264,1.057666996
micro_pcb_v2_AABC4,micro_pcb_images,https://www.kaggle.com/datasets/frettapper/micropcb-images,CC BY 4.0,https://creativecommons.org/licenses/by/4.0/,raspberry_pi_sbc,raspberry_pi_a_plus,A,A,B,C,4,AABC,train,train,NOT_VERIFIED,train_coded/train_coded/AABC4.jpg,55a1d79fa24289f48b162a1676404b1a0b9c2b0d3be3f6ca8865677bee37757f,2257,2816,247,165,1764,2487,19.48766794,1.028140099
micro_pcb_v2_AABD1,micro_pcb_images,https://www.kaggle.com/datasets/frettapper/micropcb-images,CC BY 4.0,https://creativecommons.org/licenses/by/4.0/,raspberry_pi_sbc,raspberry_pi_a_plus,A,A,B,D,1,AABD,train,train,NOT_VERIFIED,train_coded/train_coded/AABD1.jpg,b2d67b56803025ef0979d3d72922d4a913037b4eb6fa6efe0f8065f11755cc9b,2223,3138,246,164,1730,2811,11.13186278,0.90350307
micro_pcb_v2_AABD2,micro_pcb_images,https://www.kaggle.com/datasets/frettapper/micropcb-images,CC BY 4.0,https://creativecommons.org/licenses/by/4.0/,raspberry_pi_sbc,raspberry_pi_a_plus,A,A,B,D,2,AABD,train,train,NOT_VERIFIED,train_coded/train_coded/AABD2.jpg,2a742bc0d883b11b2cb719c30bfb77db4330e95bcbbd96ad2a561758cec7dfc9,2208,3139,246,164,1715,2812,10.64071168,0.902237593
micro_pcb_v2_AABD3,micro_pcb_images,https://www.kaggle.com/datasets/frettapper/micropcb-images,CC BY 4.0,https://creativecommons.org/licenses/by/4.0/,raspberry_pi_sbc,raspberry_pi_a_plus,A,A,B,D,3,AABD,train,train,NOT_VERIFIED,train_coded/train_coded/AABD3.jpg,68bcd0c61baa8796f8f530814f2a56fd11f12e99ab128814ce9cea00e3565f13,2212,3139,246,163,1719,2813,10.72966969,0.900379819
micro_pcb_v2_AABD4,micro_pcb_images,https://www.kaggle.com/datasets/frettapper/micropcb-images,CC BY 4.0,https://creativecommons.org/licenses/by/4.0/,raspberry_pi_sbc,raspberry_pi_a_plus,A,A,B,D,4,AABD,train,train,NOT_VERIFIED,train_coded/train_coded/AABD4.jpg,bbce810aa4fb5320f0894ae72b06cb198927b9fefbd04527584c093a64814166,2213,3137,247,163,1719,2810,10.80043695,0.90017639
micro_pcb_v2_AABE1,micro_pcb_images,https://www.kaggle.com/datasets/frettapper/micropcb-images,CC BY 4.0,https://creativecommons.org/licenses/by/4.0/,raspberry_pi_sbc,raspberry_pi_a_plus,A,A,B,E,1,AABE,train,train,NOT_VERIFIED,train_coded/train_coded/AABE1.jpg,b0c9edcb3e3617288562acc3ce7804519314266801315d2cda79f5fa5a6e7356,2121,2650,246,164,1629,2322,15.12817206,0.825978493
micro_pcb_v2_AABE2,micro_pcb_images,https://www.kaggle.com/datasets/frettapper/micropcb-images,CC BY 4.0,https://creativecommons.org/licenses/by/4.0/,raspberry_pi_sbc,raspberry_pi_a_plus,A,A,B,E,2,AABE,train,train,NOT_VERIFIED,train_coded/train_coded/AABE2.jpg,f82e8f2dc567edb8503d6fd7c339e295bb5d26ff95dbab7666a3454d5cb2c221,2082,2645,246,165,1589,2316,13.58098682,0.827243352
micro_pcb_v2_AABE3,micro_pcb_images,https://www.kaggle.com/datasets/frettapper/micropcb-images,CC BY 4.0,https://creativecommons.org/licenses/by/4.0/,raspberry_pi_sbc,raspberry_pi_a_plus,A,A,B,E,3,AABE,train,train,NOT_VERIFIED,train_coded/train_coded/AABE3.jpg,b508eb071ec014c9daa4476894f7f23071250438ee41bb1d74e762d92ffeff71,2076,2648,247,164,1583,2320,13.35075704,0.829324732
micro_pcb_v2_AABE4,micro_pcb_images,https://www.kaggle.com/datasets/frettapper/micropcb-images,CC BY 4.0,https://creativecommons.org/licenses/by/4.0/,raspberry_pi_sbc,raspberry_pi_a_plus,A,A,B,E,4,AABE,train,train,NOT_VERIFIED,train_coded/train_coded/AABE4.jpg,7338841e82216f859a8ce5f4c6319677b2e477cf3d908990d2a37c361df02cdb,2080,2651,246,163,1589,2324,13.50325502,0.828466639
micro_pcb_v2_AACA1,micro_pcb_images,https://www.kaggle.com/datasets/frettapper/micropcb-images,CC BY 4.0,https://creativecommons.org/licenses/by/4.0/,raspberry_pi_sbc,raspberry_pi_a_plus,A,A,C,A,1,AACA,train,train,NOT_VERIFIED,train_coded/train_coded/AACA1.jpg,fda886752f866fefc1dbae7bdd1b0bba5f1f658379816775354f1640a4261ca1,1928,2268,247,174,1435,1931,16.36532544,1.164409613
micro_pcb_v2_AACA2,micro_pcb_images,https://www.kaggle.com/datasets/frettapper/micropcb-images,CC BY 4.0,https://creativecommons.org/licenses/by/4.0/,raspberry_pi_sbc,raspberry_pi_a_plus,A,A,C,A,2,AACA,train,train,NOT_VERIFIED,train_coded/train_coded/AACA2.jpg,b2a3470e9e3e3d3139cef6ce77002b192c1f8e8d2bbdd2b2bc40e00b33071378,1914,2265,246,175,1422,1926,15.90989473,1.164310777
micro_pcb_v2_AACA3,micro_pcb_images,https://www.kaggle.com/datasets/frettapper/micropcb-images,CC BY 4.0,https://creativecommons.org/licenses/by/4.0/,raspberry_pi_sbc,raspberry_pi_a_plus,A,A,C,A,3,AACA,train,train,NOT_VERIFIED,train_coded/train_coded/AACA3.jpg,106c32983d3dbe8d15bb33bf40226bec01201988448ced0d5fcaf8ef867a6300,1905,2264,247,176,1411,1924,15.53980457,1.163924474
micro_pcb_v2_AACA4,micro_pcb_images,https://www.kaggle.com/datasets/frettapper/micropcb-images,CC BY 4.0,https://creativecommons.org/licenses/by/4.0/,raspberry_pi_sbc,raspberry_pi_a_plus,A,A,C,A,4,AACA,train,train,NOT_VERIFIED,train_coded/train_coded/AACA4.jpg,3d75cf0264ea8b0c80b4ee7aec626a5940d27ba11d1bf38542a2d97be142b60a,1916,2265,246,178,1424,1923,16.01900328,1.163491624
micro_pcb_v2_AACB1,micro_pcb_images,https://www.kaggle.com/datasets/frettapper/micropcb-images,CC BY 4.0,https://creativecommons.org/licenses/by/4.0/,raspberry_pi_sbc,raspberry_pi_a_plus,A,A,C,B,1,AACB,train,train,NOT_VERIFIED,train_coded/train_coded/AACB1.jpg,18f4d9c6baab49d497e263662db833f1b3e55db1ed9b23c763f8ebabe5a9b688,2129,2665,246,165,1636,2336,16.36846508,1.090362304
micro_pcb_v2_AACB2,micro_pcb_images,https://www.kaggle.com/datasets/frettapper/micropcb-images,CC BY 4.0,https://creativecommons.org/licenses/by/4.0/,raspberry_pi_sbc,raspberry_pi_a_plus,A,A,C,B,2,AACB,train,train,NOT_VERIFIED,train_coded/train_coded/AACB2.jpg,0153ff2bf1e050dbe537412bc2218f40ab00ea33c1590559965af76bad71d5ca,2104,2666,246,165,1611,2337,15.47741438,1.090699172
micro_pcb_v2_AACB3,micro_pcb_images,https://www.kaggle.com/datasets/frettapper/micropcb-images,CC BY 4.0,https://creativecommons.org/licenses/by/4.0/,raspberry_pi_sbc,raspberry_pi_a_plus,A,A,C,B,3,AACB,train,train,NOT_VERIFIED,train_coded/train_coded/AACB3.jpg,887b5598e8f171c098980d07fe5eff8588659fc9c2b6e454ae7d65495d771262,2095,2663,248,165,1600,2334,15.18113515,1.092035099
micro_pcb_v2_AACB4,micro_pcb_images,https://www.kaggle.com/datasets/frettapper/micropcb-images,CC BY 4.0,https://creativecommons.org/licenses/by/4.0/,raspberry_pi_sbc,raspberry_pi_a_plus,A,A,C,B,4,AACB,train,train,NOT_VERIFIED,train_coded/train_coded/AACB4.jpg,1136d223b91a79238b584a3e47d3c65e13e8ab23cbacfc30ebd7704825bb8b0d,2125,2663,248,165,1631,2334,16.25352035,1.091208892
micro_pcb_v2_AACC1,micro_pcb_images,https://www.kaggle.com/datasets/frettapper/micropcb-images,CC BY 4.0,https://creativecommons.org/licenses/by/4.0/,raspberry_pi_sbc,raspberry_pi_a_plus,A,A,C,C,1,AACC,train,train,NOT_VERIFIED,train_coded/train_coded/AACC1.jpg,7bd82bd6800f2ae387e756294474046f6d97d758511b4e8c1eea71f4427ab828,2067,2795,246,165,1573,2465,12.81614124,0.982260792
micro_pcb_v2_AACC2,micro_pcb_images,https://www.kaggle.com/datasets/frettapper/micropcb-images,CC BY 4.0,https://creativecommons.org/licenses/by/4.0/,raspberry_pi_sbc,raspberry_pi_a_plus,A,A,C,C,2,AACC,train,train,NOT_VERIFIED,train_coded/train_coded/AACC2.jpg,2f51852525a691c3dd3e57868b6401d8dd08ee1a99db003ddfa0bb9cf6bbdf65,2080,2788,246,164,1541,2460,11.82382352,0.982442456
micro_pcb_v2_AACC3,micro_pcb_images,https://www.kaggle.com/datasets/frettapper/micropcb-images,CC BY 4.0,https://creativecommons.org/licenses/by/4.0/,raspberry_pi_sbc,raspberry_pi_a_plus,A,A,C,C,3,AACC,train,train,NOT_VERIFIED,train_coded/train_coded/AACC3.jpg,7077b387bcdd135c34405792713b2a95fdec9fbd3640d1d9fb9817aa76f532fd,2081,2791,247,164,1558,2463,12.34909982,0.980975452
micro_pcb_v2_AACC4,micro_pcb_images,https://www.kaggle.com/datasets/frettapper/micropcb-images,CC BY 4.0,https://creativecommons.org/licenses/by/4.0/,raspberry_pi_sbc,raspberry_pi_a_plus,A,A,C,C,4,AACC,train,train,NOT_VERIFIED,train_coded/train_coded/AACC4.jpg,237ce558c8133feabdd47acf6c2d0b079e6f8c96fde0e10880c16f96939881ac,2056,2787,246,164,1542,2459,11.86970652,0.983418725
micro_pcb_v2_AACD1,micro_pcb_images,https://www.kaggle.com/datasets/frettapper/micropcb-images,CC BY 4.0,https://creativecommons.org/licenses/by/4.0/,raspberry_pi_sbc,raspberry_pi_a_plus,A,A,C,D,1,AACD,train,train,NOT_VERIFIED,train_coded/train_coded/AACD1.jpg,d399837cce8ef8e347fe9a7e060162a43ff1705f76d5a4db266aba1850c1b595,2210,2765,246,164,1716,2438,17.26177259,0.905275897
micro_pcb_v2_AACD2,micro_pcb_images,https://www.kaggle.com/datasets/frettapper/micropcb-images,CC BY 4.0,https://creativecommons.org/licenses/by/4.0/,raspberry_pi_sbc,raspberry_pi_a_plus,A,A,C,D,2,AACD,train,train,NOT_VERIFIED,train_coded/train_coded/AACD2.jpg,edc5bd76c43753a2f67a489657d76e94ead388bac60d66d356cb4bbdd4363d1c,2188,2756,246,164,1694,2428,16.6204205,0.907175856
micro_pcb_v2_AACD3,micro_pcb_images,https://www.kaggle.com/datasets/frettapper/micropcb-images,CC BY 4.0,https://creativecommons.org/licenses/by/4.0/,raspberry_pi_sbc,raspberry_pi_a_plus,A,A,C,D,3,AACD,train,train,NOT_VERIFIED,train_coded/train_coded/AACD3.jpg,8312c1a691a8cecb25ef1decf0b030d73d164a7f2ec7ba5e0ebd8bce90ba480e,2172,2751,247,164,1677,2423,16.1526797,0.90897156
micro_pcb_v2_AACD4,micro_pcb_images,https://www.kaggle.com/datasets/frettapper/micropcb-images,CC BY 4.0,https://creativecommons.org/licenses/by/4.0/,raspberry_pi_sbc,raspberry_pi_a_plus,A,A,C,D,4,AACD,train,train,NOT_VERIFIED,train_coded/train_coded/AACD4.jpg,91e7d2ac8f7b89a3a76fd502d0c3c06dd844fd27fab5f5a7c66df9a9bc947b1e,2177,2751,246,164,1684,2422,16.35746276,0.908117259
micro_pcb_v2_AACE1,micro_pcb_images,https://www.kaggle.com/datasets/frettapper/micropcb-images,CC BY 4.0,https://creativecommons.org/licenses/by/4.0/,raspberry_pi_sbc,raspberry_pi_a_plus,A,A,C,E,1,AACE,train,train,NOT_VERIFIED,train_coded/train_coded/AACE1.jpg,d3d87ab81b7c399f5238d15ec2e13e9dcd4967d3c32b660df19d20682b8c89fa,2063,2449,247,164,1570,2120,17.47460131,0.852531866
micro_pcb_v2_AACE2,micro_pcb_images,https://www.kaggle.com/datasets/frettapper/micropcb-images,CC BY 4.0,https://creativecommons.org/licenses/by/4.0/,raspberry_pi_sbc,raspberry_pi_a_plus,A,A,C,E,2,AACE,train,train,NOT_VERIFIED,train_coded/train_coded/AACE2.jpg,d1b1646316a5d6eed9cc9ae310644760a1231b08fdc3899f540d198fb3cc4312,2041,2445,247,164,1548,2116,16.55436573,0.852083784
micro_pcb_v2_AACE3,micro_pcb_images,https://www.kaggle.com/datasets/frettapper/micropcb-images,CC BY 4.0,https://creativecommons.org/licenses/by/4.0/,raspberry_pi_sbc,raspberry_pi_a_plus,A,A,C,E,3,AACE,train,train,NOT_VERIFIED,train_coded/train_coded/AACE3.jpg,4ad0ffb84df8b1a50b7b7a8a1ef39b9fc1a0070fb68153191c6f804eb3e5220b,2032,2436,247,164,1540,2108,16.39731173,0.85329204
micro_pcb_v2_AACE4,micro_pcb_images,https://www.kaggle.com/datasets/frettapper/micropcb-images,CC BY 4.0,https://creativecommons.org/licenses/by/4.0/,raspberry_pi_sbc,raspberry_pi_a_plus,A,A,C,E,4,AACE,train,train,NOT_VERIFIED,train_coded/train_coded/AACE4.jpg,6f629cf0f657344444063f0fa2451e5008639d9041325b3d5b0fbe8c73bc3d8b,2030,2432,247,164,1536,2103,16.39128346,0.855129934
micro_pcb_v2_AADA1,micro_pcb_images,https://www.kaggle.com/datasets/frettapper/micropcb-images,CC BY 4.0,https://creativecommons.org/licenses/by/4.0/,raspberry_pi_sbc,raspberry_pi_a_plus,A,A,D,A,1,AADA,train,train,NOT_VERIFIED,train_coded/train_coded/AADA1.jpg,df151a81c89e4a3b09b8aac135f91e829b882435e64c92b89e68c71bc426059c,2129,2565,246,183,1635,2218,17.35772449,1.17175511
micro_pcb_v2_AADA2,micro_pcb_images,https://www.kaggle.com/datasets/frettapper/micropcb-images,CC BY 4.0,https://creativecommons.org/licenses/by/4.0/,raspberry_pi_sbc,raspberry_pi_a_plus,A,A,D,A,2,AADA,train,train,NOT_VERIFIED,train_coded/train_coded/AADA2.jpg,7304925b9a53e3f60d16ad9c204c91b610e9214efe175162e3b24be697e0dd50,2124,2579,246,182,1630,2234,16.90920846,1.172616871
micro_pcb_v2_AADA3,micro_pcb_images,https://www.kaggle.com/datasets/frettapper/micropcb-images,CC BY 4.0,https://creativecommons.org/licenses/by/4.0/,raspberry_pi_sbc,raspberry_pi_a_plus,A,A,D,A,3,AADA,train,train,NOT_VERIFIED,train_coded/train_coded/AADA3.jpg,fa3d4d06e6e0d65171dc73fd248da72564fc3792de84db7c515ae785bd9ebf0f,2121,2582,245,182,1627,2236,16.75149655,1.174665512
micro_pcb_v2_AADA4,micro_pcb_images,https://www.kaggle.com/datasets/frettapper/micropcb-images,CC BY 4.0,https://creativecommons.org/licenses/by/4.0/,raspberry_pi_sbc,raspberry_pi_a_plus,A,A,D,A,4,AADA,train,train,NOT_VERIFIED,train_coded/train_coded/AADA4.jpg,90b25e128b37e44006119d09bf84d17daeef7a847c261afb0196a733670cfb94,2102,2571,247,170,1607,2237,15.9171023,1.170080698
micro_pcb_v2_AADB1,micro_pcb_images,https://www.kaggle.com/datasets/frettapper/micropcb-images,CC BY 4.0,https://creativecommons.org/licenses/by/4.0/,raspberry_pi_sbc,raspberry_pi_a_plus,A,A,D,B,1,AADB,train,train,NOT_VERIFIED,train_coded/train_coded/AADB1.jpg,6d31c7e7c36ee336e23172e3c0b60b4f36c44b6eae886fbbee4bfd30eb8e6d54,2459,3054,248,163,1965,2727,19.68187392,1.10177068
micro_pcb_v2_AADB2,micro_pcb_images,https://www.kaggle.com/datasets/frettapper/micropcb-images,CC BY 4.0,https://creativecommons.org/licenses/by/4.0/,raspberry_pi_sbc,raspberry_pi_a_plus,A,A,D,B,2,AADB,train,train,NOT_VERIFIED,train_coded/train_coded/AADB2.jpg,b02e479be88521128b6589510a9a59fe36a4cf778bf2ffdc5aa3fd5c93d6ee32,2461,3054,250,164,1965,2726,19.59741914,1.101084457
micro_pcb_v2_AADB3,micro_pcb_images,https://www.kaggle.com/datasets/frettapper/micropcb-images,CC BY 4.0,https://creativecommons.org/licenses/by/4.0/,raspberry_pi_sbc,raspberry_pi_a_plus,A,A,D,B,3,AADB,train,train,NOT_VERIFIED,train_coded/train_coded/AADB3.jpg,520cdc28897daf5478cbb7b54566c646b1e9c10e0f3a09be962fa4261aeb8f4b,2452,3055,250,165,1955,2726,19.25145428,1.100642593
micro_pcb_v2_AADB4,micro_pcb_images,https://www.kaggle.com/datasets/frettapper/micropcb-images,CC BY 4.0,https://creativecommons.org/licenses/by/4.0/,raspberry_pi_sbc,raspberry_pi_a_plus,A,A,D,B,4,AADB,train,train,NOT_VERIFIED,train_coded/train_coded/AADB4.jpg,b2505646d4fbbd34ba1c643d8983e4d9ec45cf6e3b520432221e83e75956f88c,2439,3033,251,165,1941,2724,18.88633793,1.098444717
micro_pcb_v2_AADC1,micro_pcb_images,https://www.kaggle.com/datasets/frettapper/micropcb-images,CC BY 4.0,https://creativecommons.org/licenses/by/4.0/,raspberry_pi_sbc,raspberry_pi_a_plus,A,A,D,C,1,AADC,train,train,NOT_VERIFIED,train_coded/train_coded/AADC1.jpg,f8ade3269b008b7387294bf0c3007dd0046ae7f29ea1c5070dcd4d9b213cde64,2029,2656,258,164,1524,2327,13.93308702,0.98995985
micro_pcb_v2_AADC2,micro_pcb_images,https://www.kaggle.com/datasets/frettapper/micropcb-images,CC BY 4.0,https://creativecommons.org/licenses/by/4.0/,raspberry_pi_sbc,raspberry_pi_a_plus,A,A,D,C,2,AADC,train,train,NOT_VERIFIED,train_coded/train_coded/AADC2.jpg,8d4c301091d0cc638f84bb685119a41859f3069b5c14e600285f9c7d8c78d84c,2021,2655,258,165,1516,2326,13.66858348,0.990420122
micro_pcb_v2_AADC3,micro_pcb_images,https://www.kaggle.com/datasets/frettapper/micropcb-images,CC BY 4.0,https://creativecommons.org/licenses/by/4.0/,raspberry_pi_sbc,raspberry_pi_a_plus,A,A,D,C,3,AADC,train,train,NOT_VERIFIED,train_coded/train_coded/AADC3.jpg,1760f2a8715f9a218fe418fad744add6d47f2985bfcc78fe086625b5fc993250,2017,2654,260,165,1511,2325,13.4898382,0.989244101
micro_pcb_v2_AADC4,micro_pcb_images,https://www.kaggle.com/datasets/frettapper/micropcb-images,CC BY 4.0,https://creativecommons.org/licenses/by/4.0/,raspberry_pi_sbc,raspberry_pi_a_plus,A,A,D,C,4,AADC,train,train,NOT_VERIFIED,train_coded/train_coded/AADC4.jpg,e82aebb180546a59393d312d434e98eec871886a947c6d929300cd27e9deafcc,2026,2655,257,164,1523,2326,14.15968354,1.000901431
micro_pcb_v2_AADD1,micro_pcb_images,https://www.kaggle.com/datasets/frettapper/micropcb-images,CC BY 4.0,https://creativecommons.org/licenses/by/4.0/,raspberry_pi_sbc,raspberry_pi_a_plus,A,A,D,D,1,AADD,train,train,NOT_VERIFIED,train_coded/train_coded/AADD1.jpg,612dc3ffd15144cb7a5fb17719d0b48e15929cc894a3fc58f62c58cc1ed8df90,2216,2658,260,164,1710,2330,19.51743451,0.937543456
micro_pcb_v2_AADD2,micro_pcb_images,https://www.kaggle.com/datasets/frettapper/micropcb-images,CC BY 4.0,https://creativecommons.org/licenses/by/4.0/,raspberry_pi_sbc,raspberry_pi_a_plus,A,A,D,D,2,AADD,train,train,NOT_VERIFIED,train_coded/train_coded/AADD2.jpg,8a39b1ee834769ac39f59e57d2aee8f830452e259aef67469855b2e5535146cd,2190,2646,256,163,1689,2320,18.84216005,0.934472231
micro_pcb_v2_AADD3,micro_pcb_images,https://www.kaggle.com/datasets/frettapper/micropcb-images,CC BY 4.0,https://creativecommons.org/licenses/by/4.0/,raspberry_pi_sbc,raspberry_pi_a_plus,A,A,D,D,3,AADD,train,train,NOT_VERIFIED,train_coded/train_coded/AADD3.jpg,2bd7d5c42bef2b66554c53c0eef09fb68780f958e5f083821922cdbb88ce212a,2193,2646,256,163,1691,2319,18.8535287,0.929563656
micro_pcb_v2_AADD4,micro_pcb_images,https://www.kaggle.com/datasets/frettapper/micropcb-images,CC BY 4.0,https://creativecommons.org/licenses/by/4.0/,raspberry_pi_sbc,raspberry_pi_a_plus,A,A,D,D,4,AADD,train,train,NOT_VERIFIED,train_coded/train_coded/AADD4.jpg,0eff6d1baf1778536db31a457cc5e0d32b6cc886d10a72f45a53227d3b4591fd,2210,2648,255,164,1709,2320,19.60651334,0.934906394
micro_pcb_v2_AADE1,micro_pcb_images,https://www.kaggle.com/datasets/frettapper/micropcb-images,CC BY 4.0,https://creativecommons.org/licenses/by/4.0/,raspberry_pi_sbc,raspberry_pi_a_plus,A,A,D,E,1,AADE,train,train,NOT_VERIFIED,train_coded/train_coded/AADE1.jpg,29df976e2fde64980be39f13efc3f0c7663f05a449e07fde8aebef32c988a07a,2129,2283,247,164,1636,1954,23.56626743,0.88152984
micro_pcb_v2_AADE2,micro_pcb_images,https://www.kaggle.com/datasets/frettapper/micropcb-images,CC BY 4.0,https://creativecommons.org/licenses/by/4.0/,raspberry_pi_sbc,raspberry_pi_a_plus,A,A,D,E,2,AADE,train,train,NOT_VERIFIED,train_coded/train_coded/AADE2.jpg,1e72178863a3fd8773f57007ef292497f9bb8b63ab7a2f2830b56a3d86f6c6c4,2109,2290,248,164,1616,1960,22.50187257,0.881969828
micro_pcb_v2_AADE3,micro_pcb_images,https://www.kaggle.com/datasets/frettapper/micropcb-images,CC BY 4.0,https://creativecommons.org/licenses/by/4.0/,raspberry_pi_sbc,raspberry_pi_a_plus,A,A,D,E,3,AADE,train,train,NOT_VERIFIED,train_coded/train_coded/AADE3.jpg,ddac04ad4b211235390c0a1c404b766f1cb914c4ecc6d69493c3192177a83830,2116,2283,247,164,1623,1955,22.90707095,0.880552325
micro_pcb_v2_AADE4,micro_pcb_images,https://www.kaggle.com/datasets/frettapper/micropcb-images,CC BY 4.0,https://creativecommons.org/licenses/by/4.0/,raspberry_pi_sbc,raspberry_pi_a_plus,A,A,D,E,4,AADE,train,train,NOT_VERIFIED,train_coded/train_coded/AADE4.jpg,da8eee439c94c7267c226d88578d814503b8091a601c6dfcf1f219ad3d1e5cec,2124,2285,247,164,1631,1957,23.26655991,0.884133524
micro_pcb_v2_AAEA1,micro_pcb_images,https://www.kaggle.com/datasets/frettapper/micropcb-images,CC BY 4.0,https://creativecommons.org/licenses/by/4.0/,raspberry_pi_sbc,raspberry_pi_a_plus,A,A,E,A,1,AAEA,train,train,NOT_VERIFIED,train_coded/train_coded/AAEA1.jpg,8c25952cceae3cc5ad1fb613c7de18842000ee14715bd7b8183041b701a6248f,1930,2391,246,171,1438,2056,22.5288208,1.101730292
micro_pcb_v2_AAEA2,micro_pcb_images,https://www.kaggle.com/datasets/frettapper/micropcb-images,CC BY 4.0,https://creativecommons.org/licenses/by/4.0/,raspberry_pi_sbc,raspberry_pi_a_plus,A,A,E,A,2,AAEA,train,train,NOT_VERIFIED,train_coded/train_coded/AAEA2.jpg,f8a8a338366bd7bd073d020474dad8b8c7cafd14226f87234d3fb99a0748e8a3,1920,2389,245,171,1428,2054,21.72884997,1.086499659
micro_pcb_v2_AAEA3,micro_pcb_images,https://www.kaggle.com/datasets/frettapper/micropcb-images,CC BY 4.0,https://creativecommons.org/licenses/by/4.0/,raspberry_pi_sbc,raspberry_pi_a_plus,A,A,E,A,3,AAEA,train,train,NOT_VERIFIED,train_coded/train_coded/AAEA3.jpg,70709832cf4ccf52e99495aacbaaed1768df9080de5c03e95d663155a78f1cb9,1924,2383,246,165,1431,2054,21.66595747,1.081510736
micro_pcb_v2_AAEA4,micro_pcb_images,https://www.kaggle.com/datasets/frettapper/micropcb-images,CC BY 4.0,https://creativecommons.org/licenses/by/4.0/,raspberry_pi_sbc,raspberry_pi_a_plus,A,A,E,A,4,AAEA,train,train,NOT_VERIFIED,train_coded/train_coded/AAEA4.jpg,31e42e64f28e6f3ee082ce28603cae02e505bedf79688e474326803acaebe087,1933,2389,246,166,1440,2060,21.81090999,1.080477578
micro_pcb_v2_AAEB1,micro_pcb_images,https://www.kaggle.com/datasets/frettapper/micropcb-images,CC BY 4.0,https://creativecommons.org/licenses/by/4.0/,raspberry_pi_sbc,raspberry_pi_a_plus,A,A,E,B,1,AAEB,train,train,NOT_VERIFIED,train_coded/train_coded/AAEB1.jpg,f72657310c94569872c5b0a7dcd7415240b6e307b765882f7c0adc329c65a92c,2139,2799,247,171,1645,2464,17.15352092,1.084693508
micro_pcb_v2_AAEB2,micro_pcb_images,https://www.kaggle.com/datasets/frettapper/micropcb-images,CC BY 4.0,https://creativecommons.org/licenses/by/4.0/,raspberry_pi_sbc,raspberry_pi_a_plus,A,A,E,B,2,AAEB,train,train,NOT_VERIFIED,train_coded/train_coded/AAEB2.jpg,ea0afd984728ef06127200ab9141653fb86120c35fb23caa98ea16549ef3749a,2117,2791,251,172,1619,2456,16.53068089,1.094907432
micro_pcb_v2_AAEB3,micro_pcb_images,https://www.kaggle.com/datasets/frettapper/micropcb-images,CC BY 4.0,https://creativecommons.org/licenses/by/4.0/,raspberry_pi_sbc,raspberry_pi_a_plus,A,A,E,B,3,AAEB,train,train,NOT_VERIFIED,train_coded/train_coded/AAEB3.jpg,56240d84a7e9bb33642d761338421621989796ec79fc3fd1c24e9128b49f6ec8,2129,2791,251,172,1632,2456,16.66407591,1.079504038
micro_pcb_v2_AAEB4,micro_pcb_images,https://www.kaggle.com/datasets/frettapper/micropcb-images,CC BY 4.0,https://creativecommons.org/licenses/by/4.0/,raspberry_pi_sbc,raspberry_pi_a_plus,A,A,E,B,4,AAEB,train,train,NOT_VERIFIED,train_coded/train_coded/AAEB4.jpg,53c9b2fd31d7bc0104b44368b34e25ebcab145faa5b929196091465e033c9fb8,2134,2787,252,173,1635,2451,17.51612228,1.107044652
micro_pcb_v2_AAEC1,micro_pcb_images,https://www.kaggle.com/datasets/frettapper/micropcb-images,CC BY 4.0,https://creativecommons.org/licenses/by/4.0/,raspberry_pi_sbc,raspberry_pi_a_plus,A,A,E,C,1,AAEC,train,train,NOT_VERIFIED,train_coded/train_coded/AAEC1.jpg,2902fd2b0b1a0cf3a7903f422ea27b3c7de763d4eb4ff6d566e87a88782967f6,1876,2499,256,164,1373,2170,15.33822031,1.015898056
micro_pcb_v2_AAEC2,micro_pcb_images,https://www.kaggle.com/datasets/frettapper/micropcb-images,CC BY 4.0,https://creativecommons.org/licenses/by/4.0/,raspberry_pi_sbc,raspberry_pi_a_plus,A,A,E,C,2,AAEC,train,train,NOT_VERIFIED,train_coded/train_coded/AAEC2.jpg,b275c33e50eaa5093f779e66fd1da5b2419a06dd6219182be0a1487214369d15,1849,2495,254,165,1348,2165,14.54566275,1.018686864
micro_pcb_v2_AAEC3,micro_pcb_images,https://www.kaggle.com/datasets/frettapper/micropcb-images,CC BY 4.0,https://creativecommons.org/licenses/by/4.0/,raspberry_pi_sbc,raspberry_pi_a_plus,A,A,E,C,3,AAEC,train,train,NOT_VERIFIED,train_coded/train_coded/AAEC3.jpg,95476c59d6230e480f41037ad959b4779760355c36be4c74373e2b6f22d56309,1852,2496,256,164,1348,2168,14.40490867,1.009874634
micro_pcb_v2_AAEC4,micro_pcb_images,https://www.kaggle.com/datasets/frettapper/micropcb-images,CC BY 4.0,https://creativecommons.org/licenses/by/4.0/,raspberry_pi_sbc,raspberry_pi_a_plus,A,A,E,C,4,AAEC,train,train,NOT_VERIFIED,train_coded/train_coded/AAEC4.jpg,ddf22688b6847466b95b3994ef10c6f62ffed2cc8f1f7976ee2c8de535e1dd2c,1842,2492,251,164,1344,2164,14.22866709,1.017200681
micro_pcb_v2_AAED1,micro_pcb_images,https://www.kaggle.com/datasets/frettapper/micropcb-images,CC BY 4.0,https://creativecommons.org/licenses/by/4.0/,raspberry_pi_sbc,raspberry_pi_a_plus,A,A,E,D,1,AAED,train,train,NOT_VERIFIED,train_coded/train_coded/AAED1.jpg,bfa1148b6942ec179b28896474d8e9e002e1b8010d5b2a976830583bfd3ca20e,2085,2453,254,164,1585,2124,20.7552994,0.941605445
micro_pcb_v2_AAED2,micro_pcb_images,https://www.kaggle.com/datasets/frettapper/micropcb-images,CC BY 4.0,https://creativecommons.org/licenses/by/4.0/,raspberry_pi_sbc,raspberry_pi_a_plus,A,A,E,D,2,AAED,train,train,NOT_VERIFIED,train_coded/train_coded/AAED2.jpg,d938556e5eef7b5fc6917635b7098b49d60aed4cb90c19e62b9afaf6161ce2d2,2092,2452,255,163,1591,2125,20.86301499,0.938341773
micro_pcb_v2_AAED3,micro_pcb_images,https://www.kaggle.com/datasets/frettapper/micropcb-images,CC BY 4.0,https://creativecommons.org/licenses/by/4.0/,raspberry_pi_sbc,raspberry_pi_a_plus,A,A,E,D,3,AAED,train,train,NOT_VERIFIED,train_coded/train_coded/AAED3.jpg,d4bab260e6e6f4a540e98cd43b861dd39445b6f54a428b4d9b70342efbd6d3b7,2085,2453,254,164,1585,2124,20.69163097,0.943599915
micro_pcb_v2_AAED4,micro_pcb_images,https://www.kaggle.com/datasets/frettapper/micropcb-images,CC BY 4.0,https://creativecommons.org/licenses/by/4.0/,raspberry_pi_sbc,raspberry_pi_a_plus,A,A,E,D,4,AAED,train,train,NOT_VERIFIED,train_coded/train_coded/AAED4.jpg,0f441b4a045c8b6cd7ebe55d95969811bbcb6cec8cfcf18addeff23a53a8397a,2086,2448,256,163,1584,2120,20.55808218,0.937612865
micro_pcb_v2_AAEE1,micro_pcb_images,https://www.kaggle.com/datasets/frettapper/micropcb-images,CC BY 4.0,https://creativecommons.org/licenses/by/4.0/,raspberry_pi_sbc,raspberry_pi_a_plus,A,A,E,E,1,AAEE,train,train,NOT_VERIFIED,train_coded/train_coded/AAEE1.jpg,90a653475608106095f072eb90f294c6d37d73cae2bb27ba341331f358617b32,1978,2106,251,164,1482,1776,22.40327629,0.90348405
micro_pcb_v2_AAEE2,micro_pcb_images,https://www.kaggle.com/datasets/frettapper/micropcb-images,CC BY 4.0,https://creativecommons.org/licenses/by/4.0/,raspberry_pi_sbc,raspberry_pi_a_plus,A,A,E,E,2,AAEE,train,train,NOT_VERIFIED,train_coded/train_coded/AAEE2.jpg,a6c655e929a85d631a12fca31866c8ba75151d6e67eccbb743fb0d7a142b6924,1972,2099,255,163,1471,1771,22.18003395,0.908235229
micro_pcb_v2_AAEE3,micro_pcb_images,https://www.kaggle.com/datasets/frettapper/micropcb-images,CC BY 4.0,https://creativecommons.org/licenses/by/4.0/,raspberry_pi_sbc,raspberry_pi_a_plus,A,A,E,E,3,AAEE,train,train,NOT_VERIFIED,train_coded/train_coded/AAEE3.jpg,a5341005324e05915f927af8583dfd10283f066be32a429c783006c0db533c7a,1969,2098,253,164,1470,1769,22.20920315,0.909213239
micro_pcb_v2_AAEE4,micro_pcb_images,https://www.kaggle.com/datasets/frettapper/micropcb-images,CC BY 4.0,https://creativecommons.org/licenses/by/4.0/,raspberry_pi_sbc,raspberry_pi_a_plus,A,A,E,E,4,AAEE,train,train,NOT_VERIFIED,train_coded/train_coded/AAEE4.jpg,30a3c87d0899cc51578ec2fb21a5e9194f7d9e9eacc6d9020d59d398f417c8b3,1973,2096,256,164,1471,1767,22.22184744,0.90519352
micro_pcb_v2_ABAA1,micro_pcb_images,https://www.kaggle.com/datasets/frettapper/micropcb-images,CC BY 4.0,https://creativecommons.org/licenses/by/4.0/,raspberry_pi_sbc,raspberry_pi_a_plus,A,B,A,A,1,ABAA,train,train,NOT_VERIFIED,train_coded/train_coded/ABAA1.jpg,59c4e219228d4fa3c0d73c9295547c32eabd7e56c46046fd772d682df280a667,1733,2010,246,168,1236,1678,15.63065705,1.099793943
micro_pcb_v2_ABAA2,micro_pcb_images,https://www.kaggle.com/datasets/frettapper/micropcb-images,CC BY 4.0,https://creativecommons.org/licenses/by/4.0/,raspberry_pi_sbc,raspberry_pi_a_plus,A,B,A,A,2,ABAA,train,train,NOT_VERIFIED,train_coded/train_coded/ABAA2.jpg,22dc906b8ee2d443321a78f43078d2aa19c9165aa6a89e5dd565babe4accff22,1714,2014,246,167,1221,1683,14.98444815,1.101602691
micro_pcb_v2_ABAA3,micro_pcb_images,https://www.kaggle.com/datasets/frettapper/micropcb-images,CC BY 4.0,https://creativecommons.org/licenses/by/4.0/,raspberry_pi_sbc,raspberry_pi_a_plus,A,B,A,A,3,ABAA,train,train,NOT_VERIFIED,train_coded/train_coded/ABAA3.jpg,7f1ced4c6055971b0a500457f9ee6373284b70b7b4573d93369e6992fd4324ff,1712,2016,246,169,1216,1682,14.80247051,1.097906329
micro_pcb_v2_ABAA4,micro_pcb_images,https://www.kaggle.com/datasets/frettapper/micropcb-images,CC BY 4.0,https://creativecommons.org/licenses/by/4.0/,raspberry_pi_sbc,raspberry_pi_a_plus,A,B,A,A,4,ABAA,train,train,NOT_VERIFIED,train_coded/train_coded/ABAA4.jpg,3433e7398ab63eecc3c3bbc7201c3a12ae214571e30f1cb93ad7d406fa36f1b0,1711,2010,248,165,1215,1681,14.89562488,1.09130216
micro_pcb_v2_ABAB1,micro_pcb_images,https://www.kaggle.com/datasets/frettapper/micropcb-images,CC BY 4.0,https://creativecommons.org/licenses/by/4.0/,raspberry_pi_sbc,raspberry_pi_a_plus,A,B,A,B,1,ABAB,train,train,NOT_VERIFIED,train_coded/train_coded/ABAB1.jpg,ffc136e38ca04c7509ca1bf0f802a6b36f4d405372c520f874fbdbabbe11e18f,1851,2312,246,168,1351,1980,14.47082276,1.037265726
micro_pcb_v2_ABAB2,micro_pcb_images,https://www.kaggle.com/datasets/frettapper/micropcb-images,CC BY 4.0,https://creativecommons.org/licenses/by/4.0/,raspberry_pi_sbc,raspberry_pi_a_plus,A,B,A,B,2,ABAB,train,train,NOT_VERIFIED,train_coded/train_coded/ABAB2.jpg,0a18d9c75a3c99c65a2ddc32eea1d04f30af22951893d78f4120f6385162dddb,1848,2309,247,169,1347,1977,14.44428102,1.038918147
micro_pcb_v2_ABAB3,micro_pcb_images,https://www.kaggle.com/datasets/frettapper/micropcb-images,CC BY 4.0,https://creativecommons.org/licenses/by/4.0/,raspberry_pi_sbc,raspberry_pi_a_plus,A,B,A,B,3,ABAB,train,train,NOT_VERIFIED,train_coded/train_coded/ABAB3.jpg,dba0369d459055183e0f96f885c63d453e9fdeadddf048a41a129dcba70eafd9,1851,2308,245,168,1352,1976,14.58790286,1.022530587
micro_pcb_v2_ABAB4,micro_pcb_images,https://www.kaggle.com/datasets/frettapper/micropcb-images,CC BY 4.0,https://creativecommons.org/licenses/by/4.0/,raspberry_pi_sbc,raspberry_pi_a_plus,A,B,A,B,4,ABAB,train,train,NOT_VERIFIED,train_coded/train_coded/ABAB4.jpg,bf3bcef1201198fd277272d666b569f47b6c9ead72af9b8d83cefc9fe99131f3,1846,2302,246,168,1347,1971,14.41849692,1.033512289
micro_pcb_v2_ABAC1,micro_pcb_images,https://www.kaggle.com/datasets/frettapper/micropcb-images,CC BY 4.0,https://creativecommons.org/licenses/by/4.0/,raspberry_pi_sbc,raspberry_pi_a_plus,A,B,A,C,1,ABAC,train,train,NOT_VERIFIED,train_coded/train_coded/ABAC1.jpg,c142ca66c4ea6ca5eb2ee7dd6f3d707ebec5682f554f51b55594ada2f8bba061,1857,2816,248,164,1356,2488,6.319758349,0.896714008
micro_pcb_v2_ABAC2,micro_pcb_images,https://www.kaggle.com/datasets/frettapper/micropcb-images,CC BY 4.0,https://creativecommons.org/licenses/by/4.0/,raspberry_pi_sbc,raspberry_pi_a_plus,A,B,A,C,2,ABAC,train,train,NOT_VERIFIED,train_coded/train_coded/ABAC2.jpg,283abfe30fea7a26cb05f695be4001b278803a5ac804169bb2e1b72e66385a6c,1835,2809,247,163,1327,2482,5.778150268,0.896482472
micro_pcb_v2_ABAC3,micro_pcb_images,https://www.kaggle.com/datasets/frettapper/micropcb-images,CC BY 4.0,https://creativecommons.org/licenses/by/4.0/,raspberry_pi_sbc,raspberry_pi_a_plus,A,B,A,C,3,ABAC,train,train,NOT_VERIFIED,train_coded/train_coded/ABAC3.jpg,4e60b7a492bb001399bbccfb97e256c33dfffc5c3a91f4b7b28d0014bbad7870,1839,2815,247,164,1349,2488,6.022427071,0.899512302
micro_pcb_v2_ABAC4,micro_pcb_images,https://www.kaggle.com/datasets/frettapper/micropcb-images,CC BY 4.0,https://creativecommons.org/licenses/by/4.0/,raspberry_pi_sbc,raspberry_pi_a_plus,A,B,A,C,4,ABAC,train,train,NOT_VERIFIED,train_coded/train_coded/ABAC4.jpg,836b0f73ac84750880e2a9b28d634d9bf1bdb672aecef36b80bf6b547db4d23b,1824,2811,246,163,1316,2484,5.355076637,0.905674624
micro_pcb_v2_ABAD1,micro_pcb_images,https://www.kaggle.com/datasets/frettapper/micropcb-images,CC BY 4.0,https://creativecommons.org/licenses/by/4.0/,raspberry_pi_sbc,raspberry_pi_a_plus,A,B,A,D,1,ABAD,train,train,NOT_VERIFIED,train_coded/train_coded/ABAD1.jpg,c315ecdd79fd64dabd66b197334d146be03e5074d8fb513d6bfa119fb3f008c1,2188,2816,246,164,1686,2490,15.41504516,0.940201394
micro_pcb_v2_ABAD2,micro_pcb_images,https://www.kaggle.com/datasets/frettapper/micropcb-images,CC BY 4.0,https://creativecommons.org/licenses/by/4.0/,raspberry_pi_sbc,raspberry_pi_a_plus,A,B,A,D,2,ABAD,train,train,NOT_VERIFIED,train_coded/train_coded/ABAD2.jpg,36df301725ddbd271acee7edef32f3738adef96dc1e995d265423d710a9807e3,2181,2818,246,164,1674,2491,15.00533849,0.958760923
micro_pcb_v2_ABAD3,micro_pcb_images,https://www.kaggle.com/datasets/frettapper/micropcb-images,CC BY 4.0,https://creativecommons.org/licenses/by/4.0/,raspberry_pi_sbc,raspberry_pi_a_plus,A,B,A,D,3,ABAD,train,train,NOT_VERIFIED,train_coded/train_coded/ABAD3.jpg,2715229ea501537f16ddafc9c576687be08e791981615eb183458af819d52149,2160,2818,246,164,1642,2491,14.1125506,0.965815381
micro_pcb_v2_ABAD4,micro_pcb_images,https://www.kaggle.com/datasets/frettapper/micropcb-images,CC BY 4.0,https://creativecommons.org/licenses/by/4.0/,raspberry_pi_sbc,raspberry_pi_a_plus,A,B,A,D,4,ABAD,train,train,NOT_VERIFIED,train_coded/train_coded/ABAD4.jpg,c12deb8893d661d8e1c55054b438ee39c86c7f470580f478c38e82f783f59ae2,2177,2822,246,165,1666,2494,14.61499396,0.964537734
micro_pcb_v2_ABAE1,micro_pcb_images,https://www.kaggle.com/datasets/frettapper/micropcb-images,CC BY 4.0,https://creativecommons.org/licenses/by/4.0/,raspberry_pi_sbc,raspberry_pi_a_plus,A,B,A,E,1,ABAE,train,train,NOT_VERIFIED,train_coded/train_coded/ABAE1.jpg,219b8f577db9a0b59887ef001801c006af57e2da249468dc304bda5bb977f9b7,1761,2410,248,169,1268,2073,12.53573229,0.874240815
micro_pcb_v2_ABAE2,micro_pcb_images,https://www.kaggle.com/datasets/frettapper/micropcb-images,CC BY 4.0,https://creativecommons.org/licenses/by/4.0/,raspberry_pi_sbc,raspberry_pi_a_plus,A,B,A,E,2,ABAE,train,train,NOT_VERIFIED,train_coded/train_coded/ABAE2.jpg,9ceeeffd7ad113ad8e3d4cf74be6e1cee71d8ab560a6f587299106a576406023,1755,2405,248,170,1264,2068,12.38638044,0.873577742
micro_pcb_v2_ABAE3,micro_pcb_images,https://www.kaggle.com/datasets/frettapper/micropcb-images,CC BY 4.0,https://creativecommons.org/licenses/by/4.0/,raspberry_pi_sbc,raspberry_pi_a_plus,A,B,A,E,3,ABAE,train,train,NOT_VERIFIED,train_coded/train_coded/ABAE3.jpg,cc3d1c78130933e5bbf0de453b8bd0fb5ba5724c272f934ee8d380b1b994da4d,1757,2406,248,169,1265,2071,12.4139214,0.881099172
micro_pcb_v2_ABAE4,micro_pcb_images,https://www.kaggle.com/datasets/frettapper/micropcb-images,CC BY 4.0,https://creativecommons.org/licenses/by/4.0/,raspberry_pi_sbc,raspberry_pi_a_plus,A,B,A,E,4,ABAE,train,train,NOT_VERIFIED,train_coded/train_coded/ABAE4.jpg,ba2f02deba7b3759fd78b89a12cc388604d7a670821ffad3c5569b4e7c586242,1763,2405,250,170,1269,2069,12.57333738,0.857732004
micro_pcb_v2_ABBA1,micro_pcb_images,https://www.kaggle.com/datasets/frettapper/micropcb-images,CC BY 4.0,https://creativecommons.org/licenses/by/4.0/,raspberry_pi_sbc,raspberry_pi_a_plus,A,B,B,A,1,ABBA,train,train,NOT_VERIFIED,train_coded/train_coded/ABBA1.jpg,3b0ebd4c45fef0e9f9c7d1754b548d9467974cf9ad019aaa1a1993e0fc1caaac,1945,2253,246,187,1451,1902,16.21824192,1.145373846
micro_pcb_v2_ABBA2,micro_pcb_images,https://www.kaggle.com/datasets/frettapper/micropcb-images,CC BY 4.0,https://creativecommons.org/licenses/by/4.0/,raspberry_pi_sbc,raspberry_pi_a_plus,A,B,B,A,2,ABBA,train,train,NOT_VERIFIED,train_coded/train_coded/ABBA2.jpg,cf4abec10497a06f23d587ef3ffc554a3e0df9a38b4d0a7c0bf1bb820981778c,1909,2239,247,182,1414,1894,14.97435922,1.145865706
micro_pcb_v2_ABBA3,micro_pcb_images,https://www.kaggle.com/datasets/frettapper/micropcb-images,CC BY 4.0,https://creativecommons.org/licenses/by/4.0/,raspberry_pi_sbc,raspberry_pi_a_plus,A,B,B,A,3,ABBA,train,train,NOT_VERIFIED,train_coded/train_coded/ABBA3.jpg,e06d4035ecff44a6f4a601d9707c788604e9e143dd6f4d6932f714abde3aac5b,1926,2244,247,185,1429,1896,15.5191934,1.145458859
micro_pcb_v2_ABBA4,micro_pcb_images,https://www.kaggle.com/datasets/frettapper/micropcb-images,CC BY 4.0,https://creativecommons.org/licenses/by/4.0/,raspberry_pi_sbc,raspberry_pi_a_plus,A,B,B,A,4,ABBA,train,train,NOT_VERIFIED,train_coded/train_coded/ABBA4.jpg,c6e809e041e90ebf349f4ac5197ada5eb09f241c86bf26be06c199d7904c7e9d,1933,2247,246,186,1439,1898,15.83733355,1.145784424
micro_pcb_v2_ABBB1,micro_pcb_images,https://www.kaggle.com/datasets/frettapper/micropcb-images,CC BY 4.0,https://creativecommons.org/licenses/by/4.0/,raspberry_pi_sbc,raspberry_pi_a_plus,A,B,B,B,1,ABBB,train,train,NOT_VERIFIED,train_coded/train_coded/ABBB1.jpg,5f8fc5fbb2329a2dc2b957f3e1ebbe5de3ea5811126e9b7850286b9fe40f8713,1924,2452,246,171,1426,2117,13.24461444,1.07939743
micro_pcb_v2_ABBB2,micro_pcb_images,https://www.kaggle.com/datasets/frettapper/micropcb-images,CC BY 4.0,https://creativecommons.org/licenses/by/4.0/,raspberry_pi_sbc,raspberry_pi_a_plus,A,B,B,B,2,ABBB,train,train,NOT_VERIFIED,train_coded/train_coded/ABBB2.jpg,ae0d9df5bcf307f7ba7057f9bd8f18b546610ace78064f0132412cfa0acdf221,1908,2452,246,169,1411,2120,12.66840476,1.079581921
micro_pcb_v2_ABBB3,micro_pcb_images,https://www.kaggle.com/datasets/frettapper/micropcb-images,CC BY 4.0,https://creativecommons.org/licenses/by/4.0/,raspberry_pi_sbc,raspberry_pi_a_plus,A,B,B,B,3,ABBB,train,train,NOT_VERIFIED,train_coded/train_coded/ABBB3.jpg,3b8f058cc14b0e0f69d19e54b7c254a1fc82bb33a1936b444bea1bab6403a553,1910,2452,247,172,1413,2116,12.80369475,1.07943101
micro_pcb_v2_ABBB4,micro_pcb_images,https://www.kaggle.com/datasets/frettapper/micropcb-images,CC BY 4.0,https://creativecommons.org/licenses/by/4.0/,raspberry_pi_sbc,raspberry_pi_a_plus,A,B,B,B,4,ABBB,train,train,NOT_VERIFIED,train_coded/train_coded/ABBB4.jpg,9c6a7978fd53f8f71d0587b75157e08a7b8e78ef6956d8c21e8f940bbc233bd9,1915,2451,246,172,1419,2115,12.98814445,1.076042745
micro_pcb_v2_ABBC1,micro_pcb_images,https://www.kaggle.com/datasets/frettapper/micropcb-images,CC BY 4.0,https://creativecommons.org/licenses/by/4.0/,raspberry_pi_sbc,raspberry_pi_a_plus,A,B,B,C,1,ABBC,train,train,NOT_VERIFIED,train_coded/train_coded/ABBC1.jpg,65c19899e8d5be7130aec5a225bea6d4ecd492dfb5487c6a85b5d45fbda461af,1954,2782,247,165,1455,2453,9.734472573,1.038999807
micro_pcb_v2_ABBC2,micro_pcb_images,https://www.kaggle.com/datasets/frettapper/micropcb-images,CC BY 4.0,https://creativecommons.org/licenses/by/4.0/,raspberry_pi_sbc,raspberry_pi_a_plus,A,B,B,C,2,ABBC,train,train,NOT_VERIFIED,train_coded/train_coded/ABBC2.jpg,68aeaf05b7c18d04b788ecf7ec355e91b367277c14b21e79f34c347ccb09c2ec,1952,2780,246,164,1451,2452,9.579823574,1.051253135
micro_pcb_v2_ABBC3,micro_pcb_images,https://www.kaggle.com/datasets/frettapper/micropcb-images,CC BY 4.0,https://creativecommons.org/licenses/by/4.0/,raspberry_pi_sbc,raspberry_pi_a_plus,A,B,B,C,3,ABBC,train,train,NOT_VERIFIED,train_coded/train_coded/ABBC3.jpg,4d3f4c6e8cccb23a3f422dddc52b81c1729f93f568eccfb9bdf58b35f6f0f63c,1940,2778,246,165,1441,2449,9.276162776,1.053752128
micro_pcb_v2_ABBC4,micro_pcb_images,https://www.kaggle.com/datasets/frettapper/micropcb-images,CC BY 4.0,https://creativecommons.org/licenses/by/4.0/,raspberry_pi_sbc,raspberry_pi_a_plus,A,B,B,C,4,ABBC,train,train,NOT_VERIFIED,train_coded/train_coded/ABBC4.jpg,c6723e9dcec9359d45aa5729f3e6c4d2f7d5bd08d120472d9c3c586084b86feb,1944,2776,246,164,1444,2448,9.335446453,1.030269146
micro_pcb_v2_ABBD1,micro_pcb_images,https://www.kaggle.com/datasets/frettapper/micropcb-images,CC BY 4.0,https://creativecommons.org/licenses/by/4.0/,raspberry_pi_sbc,raspberry_pi_a_plus,A,B,B,D,1,ABBD,train,train,NOT_VERIFIED,train_coded/train_coded/ABBD1.jpg,087950065e8d742e7705a9aafb42c27fc876e627bd2f6efd5f8b9b97ea92f354,2061,3106,246,163,1568,2790,6.572479501,0.908325388
micro_pcb_v2_ABBD2,micro_pcb_images,https://www.kaggle.com/datasets/frettapper/micropcb-images,CC BY 4.0,https://creativecommons.org/licenses/by/4.0/,raspberry_pi_sbc,raspberry_pi_a_plus,A,B,B,D,2,ABBD,train,train,NOT_VERIFIED,train_coded/train_coded/ABBD2.jpg,2f0526a563206738d115b7df453bee3887f5d45d6bfea416f92d210a2b91db71,2043,3111,247,166,1549,2781,6.067583486,0.907967616
micro_pcb_v2_ABBD3,micro_pcb_images,https://www.kaggle.com/datasets/frettapper/micropcb-images,CC BY 4.0,https://creativecommons.org/licenses/by/4.0/,raspberry_pi_sbc,raspberry_pi_a_plus,A,B,B,D,3,ABBD,train,train,NOT_VERIFIED,train_coded/train_coded/ABBD3.jpg,b3a6022039027bb4153b985acddde25fd4ac6100408f3161eddb48784041d696,2035,3106,247,167,1540,2775,5.816677572,0.910050883
micro_pcb_v2_ABBD4,micro_pcb_images,https://www.kaggle.com/datasets/frettapper/micropcb-images,CC BY 4.0,https://creativecommons.org/licenses/by/4.0/,raspberry_pi_sbc,raspberry_pi_a_plus,A,B,B,D,4,ABBD,train,train,NOT_VERIFIED,train_coded/train_coded/ABBD4.jpg,222bb7de9206b4857ddc1678a9fcb3ae3dfa89a3eb5aa8c3d8c8f5a622b468fe,2013,3100,247,167,1518,2769,5.232148888,0.910102607
micro_pcb_v2_ABBE1,micro_pcb_images,https://www.kaggle.com/datasets/frettapper/micropcb-images,CC BY 4.0,https://creativecommons.org/licenses/by/4.0/,raspberry_pi_sbc,raspberry_pi_a_plus,A,B,B,E,1,ABBE,train,train,NOT_VERIFIED,train_coded/train_coded/ABBE1.jpg,a436b79f214320c8a52aa4ee08bfb08a0bcf1eb50f5e21baa7216427e8264bed,1924,2643,247,164,1432,2315,7.592165914,0.83908802
micro_pcb_v2_ABBE2,micro_pcb_images,https://www.kaggle.com/datasets/frettapper/micropcb-images,CC BY 4.0,https://creativecommons.org/licenses/by/4.0/,raspberry_pi_sbc,raspberry_pi_a_plus,A,B,B,E,2,ABBE,train,train,NOT_VERIFIED,train_coded/train_coded/ABBE2.jpg,0ee7c241b4340bb526df9c3a07adf447f18b96020a2f94912aa59df81a1dc024,1891,2632,248,164,1397,2303,6.284778203,0.842626117
micro_pcb_v2_ABBE3,micro_pcb_images,https://www.kaggle.com/datasets/frettapper/micropcb-images,CC BY 4.0,https://creativecommons.org/licenses/by/4.0/,raspberry_pi_sbc,raspberry_pi_a_plus,A,B,B,E,3,ABBE,train,train,NOT_VERIFIED,train_coded/train_coded/ABBE3.jpg,8fa4369607dd39eb6a021e71d6854c6999d33436dc86e6cd7303db3727f12dda,1881,2622,248,163,1386,2295,5.964378926,0.842214075
micro_pcb_v2_ABBE4,micro_pcb_images,https://www.kaggle.com/datasets/frettapper/micropcb-images,CC BY 4.0,https://creativecommons.org/licenses/by/4.0/,raspberry_pi_sbc,raspberry_pi_a_plus,A,B,B,E,4,ABBE,train,train,NOT_VERIFIED,train_coded/train_coded/ABBE4.jpg,13cc11ab2bfb99529f0e3a52141c9a16970282067686b0d0eb8bdf7210892650,1885,2623,247,164,1391,2295,6.069719031,0.841015843
micro_pcb_v2_ABCA1,micro_pcb_images,https://www.kaggle.com/datasets/frettapper/micropcb-images,CC BY 4.0,https://creativecommons.org/licenses/by/4.0/,raspberry_pi_sbc,raspberry_pi_a_plus,A,B,C,A,1,ABCA,train,train,NOT_VERIFIED,train_coded/train_coded/ABCA1.jpg,5f106430861617c8c8531e799a6c5bcb9653776339c0bdc588998fedccf58951,1769,2257,246,183,1276,1911,10.12841434,1.164691784
micro_pcb_v2_ABCA2,micro_pcb_images,https://www.kaggle.com/datasets/frettapper/micropcb-images,CC BY 4.0,https://creativecommons.org/licenses/by/4.0/,raspberry_pi_sbc,raspberry_pi_a_plus,A,B,C,A,2,ABCA,train,train,NOT_VERIFIED,train_coded/train_coded/ABCA2.jpg,2620b813447b4da4b88451f4e1bc7b35c4b92a1bb3ab978fad215f63c63e5520,1740,2237,247,181,1246,1892,9.153037593,1.162622544
micro_pcb_v2_ABCA3,micro_pcb_images,https://www.kaggle.com/datasets/frettapper/micropcb-images,CC BY 4.0,https://creativecommons.org/licenses/by/4.0/,raspberry_pi_sbc,raspberry_pi_a_plus,A,B,C,A,3,ABCA,train,train,NOT_VERIFIED,train_coded/train_coded/ABCA3.jpg,39e960327dcb462ffaff27482e8aa520d03f90213e6fa920bdc4936de63ca383,1742,2238,247,181,1248,1894,9.21549822,1.161880563
micro_pcb_v2_ABCA4,micro_pcb_images,https://www.kaggle.com/datasets/frettapper/micropcb-images,CC BY 4.0,https://creativecommons.org/licenses/by/4.0/,raspberry_pi_sbc,raspberry_pi_a_plus,A,B,C,A,4,ABCA,train,train,NOT_VERIFIED,train_coded/train_coded/ABCA4.jpg,c29a39ac14c25a6627fd15c430559a8366a7980916c8e85485bfd254d94d6899,1733,2232,247,181,1239,1887,8.978244868,1.162164238
micro_pcb_v2_ABCB1,micro_pcb_images,https://www.kaggle.com/datasets/frettapper/micropcb-images,CC BY 4.0,https://creativecommons.org/licenses/by/4.0/,raspberry_pi_sbc,raspberry_pi_a_plus,A,B,C,B,1,ABCB,train,train,NOT_VERIFIED,train_coded/train_coded/ABCB1.jpg,63a6bbf95610e1892a23f36de6a0e3090cf6d1c972218ecad43436cffaab52c9,1934,2639,247,164,1441,2311,9.937244834,1.092231251
micro_pcb_v2_ABCB2,micro_pcb_images,https://www.kaggle.com/datasets/frettapper/micropcb-images,CC BY 4.0,https://creativecommons.org/licenses/by/4.0/,raspberry_pi_sbc,raspberry_pi_a_plus,A,B,C,B,2,ABCB,train,train,NOT_VERIFIED,train_coded/train_coded/ABCB2.jpg,81e6f012e115b04788c4a003b211f598dfae2d641ef5fabaa31c2c3d1410e410,1903,2621,248,165,1410,2292,9.062060375,1.090754794
micro_pcb_v2_ABCB3,micro_pcb_images,https://www.kaggle.com/datasets/frettapper/micropcb-images,CC BY 4.0,https://creativecommons.org/licenses/by/4.0/,raspberry_pi_sbc,raspberry_pi_a_plus,A,B,C,B,3,ABCB,train,train,NOT_VERIFIED,train_coded/train_coded/ABCB3.jpg,d0aa3d37c7d84c0b4e5f03b3efdfbdc7542a7f6286542720389b2eb001c6a908,1891,2616,247,165,1398,2287,8.707391269,1.091216138
micro_pcb_v2_ABCB4,micro_pcb_images,https://www.kaggle.com/datasets/frettapper/micropcb-images,CC BY 4.0,https://creativecommons.org/licenses/by/4.0/,raspberry_pi_sbc,raspberry_pi_a_plus,A,B,C,B,4,ABCB,train,train,NOT_VERIFIED,train_coded/train_coded/ABCB4.jpg,971993cdf4508ca46b58b3ba7b001d79d5b064182f06a5d4dd0e8487db9793b1,1887,2614,247,164,1393,2286,8.541783425,1.089482464
micro_pcb_v2_ABCC1,micro_pcb_images,https://www.kaggle.com/datasets/frettapper/micropcb-images,CC BY 4.0,https://creativecommons.org/licenses/by/4.0/,raspberry_pi_sbc,raspberry_pi_a_plus,A,B,C,C,1,ABCC,train,train,NOT_VERIFIED,train_coded/train_coded/ABCC1.jpg,8cd782d126505f4703670c66cb3301da7716a441e00cb986d2dfe6f4029e66c4,1893,2753,246,164,1399,2425,7.482856039,0.984271816
micro_pcb_v2_ABCC2,micro_pcb_images,https://www.kaggle.com/datasets/frettapper/micropcb-images,CC BY 4.0,https://creativecommons.org/licenses/by/4.0/,raspberry_pi_sbc,raspberry_pi_a_plus,A,B,C,C,2,ABCC,train,train,NOT_VERIFIED,train_coded/train_coded/ABCC2.jpg,c6a9be6451a053395683271dd3b4bd944263f7421ca9ca05a8d6a415c9766af1,1877,2750,246,165,1383,2421,7.004279311,0.98332934
micro_pcb_v2_ABCC3,micro_pcb_images,https://www.kaggle.com/datasets/frettapper/micropcb-images,CC BY 4.0,https://creativecommons.org/licenses/by/4.0/,raspberry_pi_sbc,raspberry_pi_a_plus,A,B,C,C,3,ABCC,train,train,NOT_VERIFIED,train_coded/train_coded/ABCC3.jpg,6e0a2554929a02410744e1e1434aa84844e3539834a37ca9b4cafc479d39087e,1885,2750,246,164,1388,2422,7.150077632,0.98293295
micro_pcb_v2_ABCC4,micro_pcb_images,https://www.kaggle.com/datasets/frettapper/micropcb-images,CC BY 4.0,https://creativecommons.org/licenses/by/4.0/,raspberry_pi_sbc,raspberry_pi_a_plus,A,B,C,C,4,ABCC,train,train,NOT_VERIFIED,train_coded/train_coded/ABCC4.jpg,34d22f101ede05d67849453f41fce3dbbc11c2390597e7d03c56c91428ba5d92,1893,2755,247,164,1394,2427,7.313795887,0.983783632
micro_pcb_v2_ABCD1,micro_pcb_images,https://www.kaggle.com/datasets/frettapper/micropcb-images,CC BY 4.0,https://creativecommons.org/licenses/by/4.0/,raspberry_pi_sbc,raspberry_pi_a_plus,A,B,C,D,1,ABCD,train,train,NOT_VERIFIED,train_coded/train_coded/ABCD1.jpg,e479e4f7eb7904cede4051c7cc28b89773ddb49c5df95e22a861baa44f934098,1983,2732,245,164,1491,2404,9.609123141,0.905819963
micro_pcb_v2_ABCD2,micro_pcb_images,https://www.kaggle.com/datasets/frettapper/micropcb-images,CC BY 4.0,https://creativecommons.org/licenses/by/4.0/,raspberry_pi_sbc,raspberry_pi_a_plus,A,B,C,D,2,ABCD,train,train,NOT_VERIFIED,train_coded/train_coded/ABCD2.jpg,1b0648290b216f68a8daf1e6d1aa07ab3249e597c506ec0dcb3e621759ebff80,1984,2725,247,164,1490,2397,9.698049163,0.906160256
micro_pcb_v2_ABCD3,micro_pcb_images,https://www.kaggle.com/datasets/frettapper/micropcb-images,CC BY 4.0,https://creativecommons.org/licenses/by/4.0/,raspberry_pi_sbc,raspberry_pi_a_plus,A,B,C,D,3,ABCD,train,train,NOT_VERIFIED,train_coded/train_coded/ABCD3.jpg,987a56faebd3aed2fa800e3988aaeed93b675f46bf40d1df2501073e021ae693,1960,2717,246,163,1466,2389,8.989077272,0.906570214
micro_pcb_v2_ABCD4,micro_pcb_images,https://www.kaggle.com/datasets/frettapper/micropcb-images,CC BY 4.0,https://creativecommons.org/licenses/by/4.0/,raspberry_pi_sbc,raspberry_pi_a_plus,A,B,C,D,4,ABCD,train,train,NOT_VERIFIED,train_coded/train_coded/ABCD4.jpg,00bcd1469db76192f655ee1a8b9f413496e04e17fd064cbde273cf4b77ba2205,1955,2716,247,164,1461,2387,8.863999776,0.907954435
micro_pcb_v2_ABCE1,micro_pcb_images,https://www.kaggle.com/datasets/frettapper/micropcb-images,CC BY 4.0,https://creativecommons.org/licenses/by/4.0/,raspberry_pi_sbc,raspberry_pi_a_plus,A,B,C,E,1,ABCE,train,train,NOT_VERIFIED,train_coded/train_coded/ABCE1.jpg,7060eba7b087464312a068ec29077181c22ba1f7f64d15e809e1eceef7ed3b43,1876,2410,247,164,1382,2081,9.797194041,0.853273482
micro_pcb_v2_ABCE2,micro_pcb_images,https://www.kaggle.com/datasets/frettapper/micropcb-images,CC BY 4.0,https://creativecommons.org/licenses/by/4.0/,raspberry_pi_sbc,raspberry_pi_a_plus,A,B,C,E,2,ABCE,train,train,NOT_VERIFIED,train_coded/train_coded/ABCE2.jpg,88aec67819056555798e424d476a882ad7b76495509633d3a29f555a107d2b3a,1854,2396,247,163,1359,2069,9.029378882,0.853063913
micro_pcb_v2_ABCE3,micro_pcb_images,https://www.kaggle.com/datasets/frettapper/micropcb-images,CC BY 4.0,https://creativecommons.org/licenses/by/4.0/,raspberry_pi_sbc,raspberry_pi_a_plus,A,B,C,E,3,ABCE,train,train,NOT_VERIFIED,train_coded/train_coded/ABCE3.jpg,de0709ef6a9a6bf8ebe1eb4331ae30cc4e8c80e8a8f9d7ca91ca9294e6088524,1851,2399,247,164,1357,2070,8.893961627,0.853646917
micro_pcb_v2_ABCE4,micro_pcb_images,https://www.kaggle.com/datasets/frettapper/micropcb-images,CC BY 4.0,https://creativecommons.org/licenses/by/4.0/,raspberry_pi_sbc,raspberry_pi_a_plus,A,B,C,E,4,ABCE,train,train,NOT_VERIFIED,train_coded/train_coded/ABCE4.jpg,ba193668d5d0e1a9cb1efeaba04838f5436aa48dcfbd611db2125d38115ada54,1860,2405,247,164,1367,2076,9.259631182,0.854023119
micro_pcb_v2_ABDA1,micro_pcb_images,https://www.kaggle.com/datasets/frettapper/micropcb-images,CC BY 4.0,https://creativecommons.org/licenses/by/4.0/,raspberry_pi_sbc,raspberry_pi_a_plus,A,B,D,A,1,ABDA,train,train,NOT_VERIFIED,train_coded/train_coded/ABDA1.jpg,7c55bd7ce93f76c55f9bdb499e7f8396ba9e69d65ab1a604cc5e0118c3ed1850,1917,2553,246,173,1425,2216,9.377799904,1.167760831
micro_pcb_v2_ABDA2,micro_pcb_images,https://www.kaggle.com/datasets/frettapper/micropcb-images,CC BY 4.0,https://creativecommons.org/licenses/by/4.0/,raspberry_pi_sbc,raspberry_pi_a_plus,A,B,D,A,2,ABDA,train,train,NOT_VERIFIED,train_coded/train_coded/ABDA2.jpg,a965c84d0b134cd9160f9ef4153ad758605f06d04150959204f0286024278448,1888,2549,247,174,1394,2212,8.386537174,1.165639794
micro_pcb_v2_ABDA3,micro_pcb_images,https://www.kaggle.com/datasets/frettapper/micropcb-images,CC BY 4.0,https://creativecommons.org/licenses/by/4.0/,raspberry_pi_sbc,raspberry_pi_a_plus,A,B,D,A,3,ABDA,train,train,NOT_VERIFIED,train_coded/train_coded/ABDA3.jpg,640fcfa9ac6cd80fce1751879d29f6e01057e2aa8088a89ee2a64d9c084547a9,1873,2543,247,171,1379,2209,7.865734813,1.164778141
micro_pcb_v2_ABDA4,micro_pcb_images,https://www.kaggle.com/datasets/frettapper/micropcb-images,CC BY 4.0,https://creativecommons.org/licenses/by/4.0/,raspberry_pi_sbc,raspberry_pi_a_plus,A,B,D,A,4,ABDA,train,train,NOT_VERIFIED,train_coded/train_coded/ABDA4.jpg,7bfc13fd067c736237512d91e32e466e5ca397db58ceef4e177fce485266ff24,1874,2543,246,176,1381,2203,7.881820291,1.159023911
micro_pcb_v2_ABDB1,micro_pcb_images,https://www.kaggle.com/datasets/frettapper/micropcb-images,CC BY 4.0,https://creativecommons.org/licenses/by/4.0/,raspberry_pi_sbc,raspberry_pi_a_plus,A,B,D,B,1,ABDB,train,train,NOT_VERIFIED,train_coded/train_coded/ABDB1.jpg,653d8f64f91f9211aa567c5527dd8d363bf063873680fec159736de1e571cfc4,2200,3044,248,165,1706,2715,11.65457363,1.093346911
micro_pcb_v2_ABDB2,micro_pcb_images,https://www.kaggle.com/datasets/frettapper/micropcb-images,CC BY 4.0,https://creativecommons.org/licenses/by/4.0/,raspberry_pi_sbc,raspberry_pi_a_plus,A,B,D,B,2,ABDB,train,train,NOT_VERIFIED,train_coded/train_coded/ABDB2.jpg,10c888f29635586fc70af506ec7822d52ae513079944b86638f7972f4cd6907c,2187,3039,251,163,1690,2713,11.14777266,1.092358487
micro_pcb_v2_ABDB3,micro_pcb_images,https://www.kaggle.com/datasets/frettapper/micropcb-images,CC BY 4.0,https://creativecommons.org/licenses/by/4.0/,raspberry_pi_sbc,raspberry_pi_a_plus,A,B,D,B,3,ABDB,train,train,NOT_VERIFIED,train_coded/train_coded/ABDB3.jpg,24de776a3b6d2adae1aa6d0cc637dacb9312bd384a2bee110ed35491451ae1f6,2173,3031,251,165,1675,2702,10.81473583,1.090229429
micro_pcb_v2_ABDB4,micro_pcb_images,https://www.kaggle.com/datasets/frettapper/micropcb-images,CC BY 4.0,https://creativecommons.org/licenses/by/4.0/,raspberry_pi_sbc,raspberry_pi_a_plus,A,B,D,B,4,ABDB,train,train,NOT_VERIFIED,train_coded/train_coded/ABDB4.jpg,5bada5b0e5b3b00d5e3cb2cd01d55a8e3baee772de866bdad651c2da32e5ee86,2174,3026,259,164,1668,2698,10.64663576,1.090172946
micro_pcb_v2_ABDC1,micro_pcb_images,https://www.kaggle.com/datasets/frettapper/micropcb-images,CC BY 4.0,https://creativecommons.org/licenses/by/4.0/,raspberry_pi_sbc,raspberry_pi_a_plus,A,B,D,C,1,ABDC,train,train,NOT_VERIFIED,train_coded/train_coded/ABDC1.jpg,a8c382c03abd7cc065322e95e7f69eaf7ffc097a970b67583fbae808ef8e2119,1844,2620,263,164,1335,2292,7.350310978,0.985054437
micro_pcb_v2_ABDC2,micro_pcb_images,https://www.kaggle.com/datasets/frettapper/micropcb-images,CC BY 4.0,https://creativecommons.org/licenses/by/4.0/,raspberry_pi_sbc,raspberry_pi_a_plus,A,B,D,C,2,ABDC,train,train,NOT_VERIFIED,train_coded/train_coded/ABDC2.jpg,1ef5b33770d1a28d480bb513cccb819a7573b32ce5625a59d13f8600a17490e4,1807,2604,263,164,1297,2276,6.326196882,0.987831002
micro_pcb_v2_ABDC3,micro_pcb_images,https://www.kaggle.com/datasets/frettapper/micropcb-images,CC BY 4.0,https://creativecommons.org/licenses/by/4.0/,raspberry_pi_sbc,raspberry_pi_a_plus,A,B,D,C,3,ABDC,train,train,NOT_VERIFIED,train_coded/train_coded/ABDC3.jpg,68bfca3d36fc717d525373253b8f4c18ea314880f81f0d2174c0f3972c704e4c,1815,2605,270,164,1298,2276,6.225446629,0.983035911
micro_pcb_v2_ABDC4,micro_pcb_images,https://www.kaggle.com/datasets/frettapper/micropcb-images,CC BY 4.0,https://creativecommons.org/licenses/by/4.0/,raspberry_pi_sbc,raspberry_pi_a_plus,A,B,D,C,4,ABDC,train,train,NOT_VERIFIED,train_coded/train_coded/ABDC4.jpg,1c90c3a7aebb7f9fa4683db49be2a3c947f93b22d4ae6fa6a4073cef44ae251a,1799,2604,264,165,1289,2274,6.138453068,0.993506736
micro_pcb_v2_ABDD1,micro_pcb_images,https://www.kaggle.com/datasets/frettapper/micropcb-images,CC BY 4.0,https://creativecommons.org/licenses/by/4.0/,raspberry_pi_sbc,raspberry_pi_a_plus,A,B,D,D,1,ABDD,train,train,NOT_VERIFIED,train_coded/train_coded/ABDD1.jpg,0c8bb8f9ffde57b7404bf09e77ddb8618d93635d93a95b7652ce252d3335488f,1925,2585,264,164,1415,2257,9.188132447,0.926833897
micro_pcb_v2_ABDD2,micro_pcb_images,https://www.kaggle.com/datasets/frettapper/micropcb-images,CC BY 4.0,https://creativecommons.org/licenses/by/4.0/,raspberry_pi_sbc,raspberry_pi_a_plus,A,B,D,D,2,ABDD,train,train,NOT_VERIFIED,train_coded/train_coded/ABDD2.jpg,e693e9fbc8913d078b30890e6a4f40d228fa92934ba7fadf2392bdf9d9d9cc80,1920,2584,258,164,1415,2255,9.237066797,0.926546166
micro_pcb_v2_ABDD3,micro_pcb_images,https://www.kaggle.com/datasets/frettapper/micropcb-images,CC BY 4.0,https://creativecommons.org/licenses/by/4.0/,raspberry_pi_sbc,raspberry_pi_a_plus,A,B,D,D,3,ABDD,train,train,NOT_VERIFIED,train_coded/train_coded/ABDD3.jpg,77b26258b971a0eda7b60d7f940ec53f373eeff57dfa8f2ced3a415744993960,1911,2577,255,164,1410,2248,9.174774577,0.927828866
micro_pcb_v2_ABDD4,micro_pcb_images,https://www.kaggle.com/datasets/frettapper/micropcb-images,CC BY 4.0,https://creativecommons.org/licenses/by/4.0/,raspberry_pi_sbc,raspberry_pi_a_plus,A,B,D,D,4,ABDD,train,train,NOT_VERIFIED,train_coded/train_coded/ABDD4.jpg,1ab228170d7860c1c2b1937bf56b2225fe75cf86c620a9505f6397455af7bffc,1915,2572,257,155,1413,2252,9.27588278,0.930790347
micro_pcb_v2_ABDE1,micro_pcb_images,https://www.kaggle.com/datasets/frettapper/micropcb-images,CC BY 4.0,https://creativecommons.org/licenses/by/4.0/,raspberry_pi_sbc,raspberry_pi_a_plus,A,B,D,E,1,ABDE,train,train,NOT_VERIFIED,train_coded/train_coded/ABDE1.jpg,6eb4336f256aee519a9149dc7635454036ff1361d5575b5cb74b49d6e9aee8c2,1969,2242,248,164,1475,1913,16.85047976,0.879790604
micro_pcb_v2_ABDE2,micro_pcb_images,https://www.kaggle.com/datasets/frettapper/micropcb-images,CC BY 4.0,https://creativecommons.org/licenses/by/4.0/,raspberry_pi_sbc,raspberry_pi_a_plus,A,B,D,E,2,ABDE,train,train,NOT_VERIFIED,train_coded/train_coded/ABDE2.jpg,5aaefb672704c8529e827309e861c920bde494e9f2bf80c294522b2efb9d62d6,1960,2244,248,162,1465,1917,16.42736508,0.88011592
micro_pcb_v2_ABDE3,micro_pcb_images,https://www.kaggle.com/datasets/frettapper/micropcb-images,CC BY 4.0,https://creativecommons.org/licenses/by/4.0/,raspberry_pi_sbc,raspberry_pi_a_plus,A,B,D,E,3,ABDE,train,train,NOT_VERIFIED,train_coded/train_coded/ABDE3.jpg,7078ab25caa6ad6c7e6b4e6419929bf0a437f61f84adce923e6c4a4c6eea5f99,1949,2240,249,164,1453,1911,15.89573432,0.877790433
micro_pcb_v2_ABDE4,micro_pcb_images,https://www.kaggle.com/datasets/frettapper/micropcb-images,CC BY 4.0,https://creativecommons.org/licenses/by/4.0/,raspberry_pi_sbc,raspberry_pi_a_plus,A,B,D,E,4,ABDE,train,train,NOT_VERIFIED,train_coded/train_coded/ABDE4.jpg,44b55fb0a780644a64596c43b67f253579b0fcfeb809f90ec4847c9a3017a132,1931,2236,247,163,1438,1908,15.32751741,0.878804482
micro_pcb_v2_ABEA1,micro_pcb_images,https://www.kaggle.com/datasets/frettapper/micropcb-images,CC BY 4.0,https://creativecommons.org/licenses/by/4.0/,raspberry_pi_sbc,raspberry_pi_a_plus,A,B,E,A,1,ABEA,train,train,NOT_VERIFIED,train_coded/train_coded/ABEA1.jpg,d2e0743d1528c905e8f86cbc57f92bb091906e84261274c24d52f2d84d5a0544,1800,2387,254,134,1299,2089,14.54360827,1.100698709
micro_pcb_v2_ABEA2,micro_pcb_images,https://www.kaggle.com/datasets/frettapper/micropcb-images,CC BY 4.0,https://creativecommons.org/licenses/by/4.0/,raspberry_pi_sbc,raspberry_pi_a_plus,A,B,E,A,2,ABEA,train,train,NOT_VERIFIED,train_coded/train_coded/ABEA2.jpg,7c4e23ae9ae38c6914da08bda965dfcbb956f4e13ce826d4ed9d5ceddbd62d69,1788,2423,247,172,1294,2087,14.6025847,1.122452334
micro_pcb_v2_ABEA3,micro_pcb_images,https://www.kaggle.com/datasets/frettapper/micropcb-images,CC BY 4.0,https://creativecommons.org/licenses/by/4.0/,raspberry_pi_sbc,raspberry_pi_a_plus,A,B,E,A,3,ABEA,train,train,NOT_VERIFIED,train_coded/train_coded/ABEA3.jpg,ff0a8460317c74ed02f4bdda5b0e2117e2fbb4b1e1813cf5096d5ca3bf0cb9f5,1778,2415,247,171,1284,2080,14.33951579,1.120092717
micro_pcb_v2_ABEA4,micro_pcb_images,https://www.kaggle.com/datasets/frettapper/micropcb-images,CC BY 4.0,https://creativecommons.org/licenses/by/4.0/,raspberry_pi_sbc,raspberry_pi_a_plus,A,B,E,A,4,ABEA,train,train,NOT_VERIFIED,train_coded/train_coded/ABEA4.jpg,be27735bf31fef066f3a7dbdd7c63adaf92eb590d8c30c3d59ab44aee6eef531,1778,2405,247,168,1284,2073,14.46912413,1.116550085
micro_pcb_v2_ABEB1,micro_pcb_images,https://www.kaggle.com/datasets/frettapper/micropcb-images,CC BY 4.0,https://creativecommons.org/licenses/by/4.0/,raspberry_pi_sbc,raspberry_pi_a_plus,A,B,E,B,1,ABEB,train,train,NOT_VERIFIED,train_coded/train_coded/ABEB1.jpg,48bbf83e4d122f4eedc64710702cd620820dbbb5ea3d6e76cf89105781bca2c1,2010,2799,253,167,1510,2469,12.48179945,1.101305456
micro_pcb_v2_ABEB2,micro_pcb_images,https://www.kaggle.com/datasets/frettapper/micropcb-images,CC BY 4.0,https://creativecommons.org/licenses/by/4.0/,raspberry_pi_sbc,raspberry_pi_a_plus,A,B,E,B,2,ABEB,train,train,NOT_VERIFIED,train_coded/train_coded/ABEB2.jpg,a710d7e6aad3e1922b03b007f4d64f391e48d0454be7a92d3bcea0496771292d,1998,2805,256,172,1495,2469,11.91308198,1.098161985
micro_pcb_v2_ABEB3,micro_pcb_images,https://www.kaggle.com/datasets/frettapper/micropcb-images,CC BY 4.0,https://creativecommons.org/licenses/by/4.0/,raspberry_pi_sbc,raspberry_pi_a_plus,A,B,E,B,3,ABEB,train,train,NOT_VERIFIED,train_coded/train_coded/ABEB3.jpg,3ee8616cf58873815d6952e6606e37e7ac3ac46b370a22c7211b72dbd6490729,1996,2799,251,166,1499,2470,11.96443822,1.096008547
micro_pcb_v2_ABEB4,micro_pcb_images,https://www.kaggle.com/datasets/frettapper/micropcb-images,CC BY 4.0,https://creativecommons.org/licenses/by/4.0/,raspberry_pi_sbc,raspberry_pi_a_plus,A,B,E,B,4,ABEB,train,train,NOT_VERIFIED,train_coded/train_coded/ABEB4.jpg,b904ec42dd49f994ac30a007f6b61d139975242b309d75c77e228f3d5ca98c4e,1995,2807,246,169,1502,2475,12.24467084,1.103191407
micro_pcb_v2_ABEC1,micro_pcb_images,https://www.kaggle.com/datasets/frettapper/micropcb-images,CC BY 4.0,https://creativecommons.org/licenses/by/4.0/,raspberry_pi_sbc,raspberry_pi_a_plus,A,B,E,C,1,ABEC,train,train,NOT_VERIFIED,train_coded/train_coded/ABEC1.jpg,dc7224cc6b8cec976c1627eb011888ef9590ae61d1821f07a2e9964dc11b1943,1673,2450,249,164,1176,2122,7.538688553,0.995178843
micro_pcb_v2_ABEC2,micro_pcb_images,https://www.kaggle.com/datasets/frettapper/micropcb-images,CC BY 4.0,https://creativecommons.org/licenses/by/4.0/,raspberry_pi_sbc,raspberry_pi_a_plus,A,B,E,C,2,ABEC,train,train,NOT_VERIFIED,train_coded/train_coded/ABEC2.jpg,9d8601cbc4a8ceead10525cc276549ca36ae4fc5f7d8410ec1358b51faa5c42d,1667,2450,252,164,1169,2122,7.234292849,0.992902196
micro_pcb_v2_ABEC3,micro_pcb_images,https://www.kaggle.com/datasets/frettapper/micropcb-images,CC BY 4.0,https://creativecommons.org/licenses/by/4.0/,raspberry_pi_sbc,raspberry_pi_a_plus,A,B,E,C,3,ABEC,train,train,NOT_VERIFIED,train_coded/train_coded/ABEC3.jpg,e56c98f08defedfd77d0776490ecbcbaec83ab2e1b23acd8ae08d5a93940b61e,1667,2448,257,164,1163,2120,7.274925079,1.005143639
micro_pcb_v2_ABEC4,micro_pcb_images,https://www.kaggle.com/datasets/frettapper/micropcb-images,CC BY 4.0,https://creativecommons.org/licenses/by/4.0/,raspberry_pi_sbc,raspberry_pi_a_plus,A,B,E,C,4,ABEC,train,train,NOT_VERIFIED,train_coded/train_coded/ABEC4.jpg,2a0fd6cca42f702149830484cc95c4a78d736765d69a12cabbb9830c822a7e8e,1642,2443,252,165,1143,2114,6.617615929,0.999677082
micro_pcb_v2_ABED1,micro_pcb_images,https://www.kaggle.com/datasets/frettapper/micropcb-images,CC BY 4.0,https://creativecommons.org/licenses/by/4.0/,raspberry_pi_sbc,raspberry_pi_a_plus,A,B,E,D,1,ABED,train,train,NOT_VERIFIED,train_coded/train_coded/ABED1.jpg,dd839ae2dd42f2ecbafb87df584ec5b70df5bce72a347bd39e60b320d7486765,1837,2394,247,164,1344,2065,11.62355608,0.9318822
micro_pcb_v2_ABED2,micro_pcb_images,https://www.kaggle.com/datasets/frettapper/micropcb-images,CC BY 4.0,https://creativecommons.org/licenses/by/4.0/,raspberry_pi_sbc,raspberry_pi_a_plus,A,B,E,D,2,ABED,train,train,NOT_VERIFIED,train_coded/train_coded/ABED2.jpg,0b7acf29e27cbc88928906dfb3d88b33093bba09e980400a840df0022e0718ac,1817,2391,253,164,1318,2063,10.71771652,0.931882615
micro_pcb_v2_ABED3,micro_pcb_images,https://www.kaggle.com/datasets/frettapper/micropcb-images,CC BY 4.0,https://creativecommons.org/licenses/by/4.0/,raspberry_pi_sbc,raspberry_pi_a_plus,A,B,E,D,3,ABED,train,train,NOT_VERIFIED,train_coded/train_coded/ABED3.jpg,72b32d84200461c07d1cd71089ef7c01d1a020c11f56b855386b1e09b4a194e2,1824,2391,254,164,1324,2063,10.90948269,0.928971942
micro_pcb_v2_ABED4,micro_pcb_images,https://www.kaggle.com/datasets/frettapper/micropcb-images,CC BY 4.0,https://creativecommons.org/licenses/by/4.0/,raspberry_pi_sbc,raspberry_pi_a_plus,A,B,E,D,4,ABED,train,train,NOT_VERIFIED,train_coded/train_coded/ABED4.jpg,19ba9981a85e0be253a8dcdca221a489d60896327eb132957ed6695487124b62,1819,2389,257,164,1315,2060,10.63731361,0.930579596
micro_pcb_v2_ABEE1,micro_pcb_images,https://www.kaggle.com/datasets/frettapper/micropcb-images,CC BY 4.0,https://creativecommons.org/licenses/by/4.0/,raspberry_pi_sbc,raspberry_pi_a_plus,A,B,E,E,1,ABEE,train,train,NOT_VERIFIED,train_coded/train_coded/ABEE1.jpg,40c26ab3d5c425ea78ecac14f7613e23ee3aba75db23f28c6a5b0ead5a00d145,1802,2068,258,164,1297,1738,14.40877498,0.893621171
micro_pcb_v2_ABEE2,micro_pcb_images,https://www.kaggle.com/datasets/frettapper/micropcb-images,CC BY 4.0,https://creativecommons.org/licenses/by/4.0/,raspberry_pi_sbc,raspberry_pi_a_plus,A,B,E,E,2,ABEE,train,train,NOT_VERIFIED,train_coded/train_coded/ABEE2.jpg,7526805204889ed9085838af3efa88fd70bd50091b7695fd5473ae025c3abdfc,1778,2066,253,163,1279,1737,13.68872712,0.894427434
micro_pcb_v2_ABEE3,micro_pcb_images,https://www.kaggle.com/datasets/frettapper/micropcb-images,CC BY 4.0,https://creativecommons.org/licenses/by/4.0/,raspberry_pi_sbc,raspberry_pi_a_plus,A,B,E,E,3,ABEE,train,train,NOT_VERIFIED,train_coded/train_coded/ABEE3.jpg,2f76729d668e1e3471e27648f464840260e8d83ba86061cc2091845df3c30a95,1775,2066,255,164,1274,1736,13.49990919,0.89415503
micro_pcb_v2_ABEE4,micro_pcb_images,https://www.kaggle.com/datasets/frettapper/micropcb-images,CC BY 4.0,https://creativecommons.org/licenses/by/4.0/,raspberry_pi_sbc,raspberry_pi_a_plus,A,B,E,E,4,ABEE,train,train,NOT_VERIFIED,train_coded/train_coded/ABEE4.jpg,8497091df9785678a3ae55f0de49cfffef2db64768285bba6ef094600177ae3f,1773,2064,255,164,1271,1735,13.38639876,0.892752644
micro_pcb_v2_ACAA1,micro_pcb_images,https://www.kaggle.com/datasets/frettapper/micropcb-images,CC BY 4.0,https://creativecommons.org/licenses/by/4.0/,raspberry_pi_sbc,raspberry_pi_a_plus,A,C,A,A,1,ACAA,train,train,NOT_VERIFIED,train_coded/train_coded/ACAA1.jpg,b25b9989a364b4a02acbaadcb2206273e76124b946db6277c04e23404f632f16,1485,2058,245,169,993,1725,5.989169961,1.113462088
micro_pcb_v2_ACAA2,micro_pcb_images,https://www.kaggle.com/datasets/frettapper/micropcb-images,CC BY 4.0,https://creativecommons.org/licenses/by/4.0/,raspberry_pi_sbc,raspberry_pi_a_plus,A,C,A,A,2,ACAA,train,train,NOT_VERIFIED,train_coded/train_coded/ACAA2.jpg,df052cad936250be87b3d4620fe2c1d77d0ea4c3b8a29f17fae3f774f623b7a3,1482,2062,247,168,985,1730,5.761325007,1.111130895
micro_pcb_v2_ACAA3,micro_pcb_images,https://www.kaggle.com/datasets/frettapper/micropcb-images,CC BY 4.0,https://creativecommons.org/licenses/by/4.0/,raspberry_pi_sbc,raspberry_pi_a_plus,A,C,A,A,3,ACAA,train,train,NOT_VERIFIED,train_coded/train_coded/ACAA3.jpg,b6f38d1eced6d96a75225622306ce86856ec9a01144779386ee9484164f142aa,1480,2064,247,167,983,1733,5.603887855,1.124169099
micro_pcb_v2_ACAA4,micro_pcb_images,https://www.kaggle.com/datasets/frettapper/micropcb-images,CC BY 4.0,https://creativecommons.org/licenses/by/4.0/,raspberry_pi_sbc,raspberry_pi_a_plus,A,C,A,A,4,ACAA,train,train,NOT_VERIFIED,train_coded/train_coded/ACAA4.jpg,adb651dc661f8341be517e56ece1db8b8be5617165d2aa4599857e6ea0546d87,1479,2066,247,168,983,1733,5.640253724,1.115872064
micro_pcb_v2_ACAB1,micro_pcb_images,https://www.kaggle.com/datasets/frettapper/micropcb-images,CC BY 4.0,https://creativecommons.org/licenses/by/4.0/,raspberry_pi_sbc,raspberry_pi_a_plus,A,C,A,B,1,ACAB,train,train,NOT_VERIFIED,train_coded/train_coded/ACAB1.jpg,3c20491a258a729bcbdd0bf006d157758ae3b513c66d923ba49466d7041ab3bc,1541,2346,246,170,1043,2012,4.166474887,1.057601333
micro_pcb_v2_ACAB2,micro_pcb_images,https://www.kaggle.com/datasets/frettapper/micropcb-images,CC BY 4.0,https://creativecommons.org/licenses/by/4.0/,raspberry_pi_sbc,raspberry_pi_a_plus,A,C,A,B,2,ACAB,train,train,NOT_VERIFIED,train_coded/train_coded/ACAB2.jpg,123a18f103990a3856a2194428a98a81b61ee69382df0715a52ef62bb90ec98e,1537,2346,246,170,1037,2012,3.951172661,1.059427765
micro_pcb_v2_ACAB3,micro_pcb_images,https://www.kaggle.com/datasets/frettapper/micropcb-images,CC BY 4.0,https://creativecommons.org/licenses/by/4.0/,raspberry_pi_sbc,raspberry_pi_a_plus,A,C,A,B,3,ACAB,train,train,NOT_VERIFIED,train_coded/train_coded/ACAB3.jpg,20768b1e6eb244a42b5e31868b966e53a0f71d5154deb4266dbc5999c560adb0,1526,2347,245,170,1029,2012,3.650955167,1.045024096
micro_pcb_v2_ACAB4,micro_pcb_images,https://www.kaggle.com/datasets/frettapper/micropcb-images,CC BY 4.0,https://creativecommons.org/licenses/by/4.0/,raspberry_pi_sbc,raspberry_pi_a_plus,A,C,A,B,4,ACAB,train,train,NOT_VERIFIED,train_coded/train_coded/ACAB4.jpg,6e38293ce90dec164d68882adff85917bd4b7c41424eb52e141cd37f956c781c,1534,2347,246,171,1035,2012,3.896729468,1.041528267
micro_pcb_v2_ACAC1,micro_pcb_images,https://www.kaggle.com/datasets/frettapper/micropcb-images,CC BY 4.0,https://creativecommons.org/licenses/by/4.0/,raspberry_pi_sbc,raspberry_pi_a_plus,A,C,A,C,1,ACAC,train,train,NOT_VERIFIED,train_coded/train_coded/ACAC1.jpg,cb21da73217a0b9cf035e146837498cbde1f9e8cd48409ce21f1d0bef7701977,1682,2739,246,165,1183,2410,2.500028779,0.944824987
micro_pcb_v2_ACAC2,micro_pcb_images,https://www.kaggle.com/datasets/frettapper/micropcb-images,CC BY 4.0,https://creativecommons.org/licenses/by/4.0/,raspberry_pi_sbc,raspberry_pi_a_plus,A,C,A,C,2,ACAC,train,train,NOT_VERIFIED,train_coded/train_coded/ACAC2.jpg,e16f6b23618dfe0666b2b46826d12aeb8ad8ee838658ecb6db0c7689698ea26e,1667,2750,246,164,1178,2422,1.937324777,0.929840957
micro_pcb_v2_ACAC3,micro_pcb_images,https://www.kaggle.com/datasets/frettapper/micropcb-images,CC BY 4.0,https://creativecommons.org/licenses/by/4.0/,raspberry_pi_sbc,raspberry_pi_a_plus,A,C,A,C,3,ACAC,train,train,NOT_VERIFIED,train_coded/train_coded/ACAC3.jpg,ada26496461fe1892bf8db7877eb49f99c8dd098b51796af238a8713ced1e4c1,1692,2738,246,176,1191,2398,2.726891097,0.928582902
micro_pcb_v2_ACAC4,micro_pcb_images,https://www.kaggle.com/datasets/frettapper/micropcb-images,CC BY 4.0,https://creativecommons.org/licenses/by/4.0/,raspberry_pi_sbc,raspberry_pi_a_plus,A,C,A,C,4,ACAC,train,train,NOT_VERIFIED,train_coded/train_coded/ACAC4.jpg,383747b013876d62b9c9a3f7423fc7c7b4164710a86850c0e405337a22b10833,1698,2733,246,215,1201,2353,2.919914531,0.933080036
micro_pcb_v2_ACAD1,micro_pcb_images,https://www.kaggle.com/datasets/frettapper/micropcb-images,CC BY 4.0,https://creativecommons.org/licenses/by/4.0/,raspberry_pi_sbc,raspberry_pi_a_plus,A,C,A,D,1,ACAD,train,train,NOT_VERIFIED,train_coded/train_coded/ACAD1.jpg,6988b08981911bf7ab3563d55eef64310df26feb08f83cfb58732d1a559727c9,1732,2722,247,165,1227,2396,2.107808813,0.980293555
micro_pcb_v2_ACAD2,micro_pcb_images,https://www.kaggle.com/datasets/frettapper/micropcb-images,CC BY 4.0,https://creativecommons.org/licenses/by/4.0/,raspberry_pi_sbc,raspberry_pi_a_plus,A,C,A,D,2,ACAD,train,train,NOT_VERIFIED,train_coded/train_coded/ACAD2.jpg,c85ca3fddfb21355309332614a345c45ba57b0c2d04f2e84e042215faea27d91,1737,2728,247,185,1234,2379,2.152830483,0.968144769
micro_pcb_v2_ACAD3,micro_pcb_images,https://www.kaggle.com/datasets/frettapper/micropcb-images,CC BY 4.0,https://creativecommons.org/licenses/by/4.0/,raspberry_pi_sbc,raspberry_pi_a_plus,A,C,A,D,3,ACAD,train,train,NOT_VERIFIED,train_coded/train_coded/ACAD3.jpg,4b59227f01996223a18698cd8d598be6e6c5dd16e94fd595bc1fdd88ff833e9a,1739,2725,247,164,1221,2397,1.983838,0.9776915
micro_pcb_v2_ACAD4,micro_pcb_images,https://www.kaggle.com/datasets/frettapper/micropcb-images,CC BY 4.0,https://creativecommons.org/licenses/by/4.0/,raspberry_pi_sbc,raspberry_pi_a_plus,A,C,A,D,4,ACAD,train,train,NOT_VERIFIED,train_coded/train_coded/ACAD4.jpg,da8d2309f3699a9315e8a1dd95401d00f00e0a543978a5ba787ce34be9b174b7,1735,2725,246,165,1232,2396,2.151789189,0.976206807
micro_pcb_v2_ACAE1,micro_pcb_images,https://www.kaggle.com/datasets/frettapper/micropcb-images,CC BY 4.0,https://creativecommons.org/licenses/by/4.0/,raspberry_pi_sbc,raspberry_pi_a_plus,A,C,A,E,1,ACAE,train,train,NOT_VERIFIED,train_coded/train_coded/ACAE1.jpg,af407773e3ccf4d9d8d424fba7d08f5dc912f980db65ec78e8ed64f53ef57197,1544,2339,246,164,1047,2011,5.545598477,0.86315078
micro_pcb_v2_ACAE2,micro_pcb_images,https://www.kaggle.com/datasets/frettapper/micropcb-images,CC BY 4.0,https://creativecommons.org/licenses/by/4.0/,raspberry_pi_sbc,raspberry_pi_a_plus,A,C,A,E,2,ACAE,train,train,NOT_VERIFIED,train_coded/train_coded/ACAE2.jpg,dd1524bfa81b99c4986f7f1e443a2d7b63731452ec0583b69637f95837bb1579,1534,2342,246,164,1035,2015,5.138154355,0.86476902
micro_pcb_v2_ACAE3,micro_pcb_images,https://www.kaggle.com/datasets/frettapper/micropcb-images,CC BY 4.0,https://creativecommons.org/licenses/by/4.0/,raspberry_pi_sbc,raspberry_pi_a_plus,A,C,A,E,3,ACAE,train,train,NOT_VERIFIED,train_coded/train_coded/ACAE3.jpg,74346a3eabdde521312242d5acfc249c03e0d6d11b7dcde67ac9de0eac4954e1,1536,2344,246,165,1031,2015,4.990222478,0.869822561
micro_pcb_v2_ACAE4,micro_pcb_images,https://www.kaggle.com/datasets/frettapper/micropcb-images,CC BY 4.0,https://creativecommons.org/licenses/by/4.0/,raspberry_pi_sbc,raspberry_pi_a_plus,A,C,A,E,4,ACAE,train,train,NOT_VERIFIED,train_coded/train_coded/ACAE4.jpg,bd45f0dde57ad2c2e33796fa4a37ddee8bb5235e81957771a96e6bc613294bd5,1530,2340,245,164,1035,2011,5.147060824,0.862050632
micro_pcb_v2_ACBA1,micro_pcb_images,https://www.kaggle.com/datasets/frettapper/micropcb-images,CC BY 4.0,https://creativecommons.org/licenses/by/4.0/,raspberry_pi_sbc,raspberry_pi_a_plus,A,C,B,A,1,ACBA,train,train,NOT_VERIFIED,train_coded/train_coded/ACBA1.jpg,a596094f56fef0cfc5a8a0f92a6d178f82aa26e236b1413e78afbbf4d436f5b7,1603,2261,246,186,1110,1910,3.297438472,1.156385594
micro_pcb_v2_ACBA2,micro_pcb_images,https://www.kaggle.com/datasets/frettapper/micropcb-images,CC BY 4.0,https://creativecommons.org/licenses/by/4.0/,raspberry_pi_sbc,raspberry_pi_a_plus,A,C,B,A,2,ACBA,train,train,NOT_VERIFIED,train_coded/train_coded/ACBA2.jpg,056138afc7c213d34e758aa8ba1a9b398f2a4f4490b6f41d0037f9ed823c058d,1607,2262,246,184,1111,1913,3.421193069,1.155016572
micro_pcb_v2_ACBA3,micro_pcb_images,https://www.kaggle.com/datasets/frettapper/micropcb-images,CC BY 4.0,https://creativecommons.org/licenses/by/4.0/,raspberry_pi_sbc,raspberry_pi_a_plus,A,C,B,A,3,ACBA,train,train,NOT_VERIFIED,train_coded/train_coded/ACBA3.jpg,5ed8cd0ca0590ca4364bfc17481cb14b0bf5055f2d22f6d938240bd255efc88b,1607,2262,246,185,1112,1913,3.524302992,1.153783687
micro_pcb_v2_ACBA4,micro_pcb_images,https://www.kaggle.com/datasets/frettapper/micropcb-images,CC BY 4.0,https://creativecommons.org/licenses/by/4.0/,raspberry_pi_sbc,raspberry_pi_a_plus,A,C,B,A,4,ACBA,train,train,NOT_VERIFIED,train_coded/train_coded/ACBA4.jpg,3701dd3ba57e57b19e497f2dd83d7af2936307e6d2acf0739501888d1dfd448b,1607,2262,246,181,1111,1916,3.552182387,1.155482326
micro_pcb_v2_ACBB1,micro_pcb_images,https://www.kaggle.com/datasets/frettapper/micropcb-images,CC BY 4.0,https://creativecommons.org/licenses/by/4.0/,raspberry_pi_sbc,raspberry_pi_a_plus,A,C,B,B,1,ACBB,train,train,NOT_VERIFIED,train_coded/train_coded/ACBB1.jpg,0aadc182ed1e01dacacd6247c109726fd7396b6f924b4434e872732a2c839d0e,1704,2441,246,186,1212,2091,6.244522994,1.078089
micro_pcb_v2_ACBB2,micro_pcb_images,https://www.kaggle.com/datasets/frettapper/micropcb-images,CC BY 4.0,https://creativecommons.org/licenses/by/4.0/,raspberry_pi_sbc,raspberry_pi_a_plus,A,C,B,B,2,ACBB,train,train,NOT_VERIFIED,train_coded/train_coded/ACBB2.jpg,921d33ab69a9d63678dc086dfc576ac060465025b787b5a1c705ad3b983a4fde,1703,2438,246,177,1210,2097,6.255643527,1.080377289
micro_pcb_v2_ACBB3,micro_pcb_images,https://www.kaggle.com/datasets/frettapper/micropcb-images,CC BY 4.0,https://creativecommons.org/licenses/by/4.0/,raspberry_pi_sbc,raspberry_pi_a_plus,A,C,B,B,3,ACBB,train,train,NOT_VERIFIED,train_coded/train_coded/ACBB3.jpg,607929a1362df1bd5b8e0ac9711cdc0f4830460715e2acb4cfc55e61023f2d2d,1692,2440,246,176,1198,2100,5.853489286,1.074482222
micro_pcb_v2_ACBB4,micro_pcb_images,https://www.kaggle.com/datasets/frettapper/micropcb-images,CC BY 4.0,https://creativecommons.org/licenses/by/4.0/,raspberry_pi_sbc,raspberry_pi_a_plus,A,C,B,B,4,ACBB,train,train,NOT_VERIFIED,train_coded/train_coded/ACBB4.jpg,54b8d0616c6b25afa2596e5e337c88110302511385fe8668450acbdecb4a3057,1691,2444,245,177,1199,2103,5.89197211,1.07820322
micro_pcb_v2_ACBC1,micro_pcb_images,https://www.kaggle.com/datasets/frettapper/micropcb-images,CC BY 4.0,https://creativecommons.org/licenses/by/4.0/,raspberry_pi_sbc,raspberry_pi_a_plus,A,C,B,C,1,ACBC,train,train,NOT_VERIFIED,train_coded/train_coded/ACBC1.jpg,17654497619d55e832912f12a02a0014ee40aa8be6bfd7b447b4972cc458e7b7,1698,2698,247,164,1187,2369,0.629157586,1.051264579
micro_pcb_v2_ACBC2,micro_pcb_images,https://www.kaggle.com/datasets/frettapper/micropcb-images,CC BY 4.0,https://creativecommons.org/licenses/by/4.0/,raspberry_pi_sbc,raspberry_pi_a_plus,A,C,B,C,2,ACBC,train,train,NOT_VERIFIED,train_coded/train_coded/ACBC2.jpg,943aa60ec73637eea0c2c9fc15c4df474d650ee5a2c03ee929bb2e88f3b3c842,1709,2700,247,167,1188,2369,0.782664221,1.036459089
micro_pcb_v2_ACBC3,micro_pcb_images,https://www.kaggle.com/datasets/frettapper/micropcb-images,CC BY 4.0,https://creativecommons.org/licenses/by/4.0/,raspberry_pi_sbc,raspberry_pi_a_plus,A,C,B,C,3,ACBC,train,train,NOT_VERIFIED,train_coded/train_coded/ACBC3.jpg,fe936bcb4ab532320dbd345852b60af8a3a7b9c8f0beb604ce268043b2224e64,1712,2701,248,165,1190,2372,1.310261915,1.055459391
micro_pcb_v2_ACBC4,micro_pcb_images,https://www.kaggle.com/datasets/frettapper/micropcb-images,CC BY 4.0,https://creativecommons.org/licenses/by/4.0/,raspberry_pi_sbc,raspberry_pi_a_plus,A,C,B,C,4,ACBC,train,train,NOT_VERIFIED,train_coded/train_coded/ACBC4.jpg,af5c1011b1d2359b06ef1b82b9f30576a5b6682a73324159d3fbb5e69ede6307,1708,2704,246,166,1182,2374,1.04699611,1.034665593
micro_pcb_v2_ACBD1,micro_pcb_images,https://www.kaggle.com/datasets/frettapper/micropcb-images,CC BY 4.0,https://creativecommons.org/licenses/by/4.0/,raspberry_pi_sbc,raspberry_pi_a_plus,A,C,B,D,1,ACBD,train,train,NOT_VERIFIED,train_coded/train_coded/ACBD1.jpg,287ccae32aaa0862db68ebd7a7c04ad0b76196d3a7c4b1e92fec999fdb9b6f3a,1842,3025,249,168,1343,2691,1.872862456,0.889730992
micro_pcb_v2_ACBD2,micro_pcb_images,https://www.kaggle.com/datasets/frettapper/micropcb-images,CC BY 4.0,https://creativecommons.org/licenses/by/4.0/,raspberry_pi_sbc,raspberry_pi_a_plus,A,C,B,D,2,ACBD,train,train,NOT_VERIFIED,train_coded/train_coded/ACBD2.jpg,2b82ee5781c1e718d90f0e2be4b0290c4813ca719c2b75089119cf2b77459a0c,1841,3018,249,164,1343,2688,1.725723606,0.904767913
micro_pcb_v2_ACBD3,micro_pcb_images,https://www.kaggle.com/datasets/frettapper/micropcb-images,CC BY 4.0,https://creativecommons.org/licenses/by/4.0/,raspberry_pi_sbc,raspberry_pi_a_plus,A,C,B,D,3,ACBD,train,train,NOT_VERIFIED,train_coded/train_coded/ACBD3.jpg,9ad114c94632d720feddb2c71462b07b26f150267471c4a2f1cabffa367dbd32,1840,3020,248,168,1343,2687,1.53146136,0.910359052
micro_pcb_v2_ACBD4,micro_pcb_images,https://www.kaggle.com/datasets/frettapper/micropcb-images,CC BY 4.0,https://creativecommons.org/licenses/by/4.0/,raspberry_pi_sbc,raspberry_pi_a_plus,A,C,B,D,4,ACBD,train,train,NOT_VERIFIED,train_coded/train_coded/ACBD4.jpg,de0eccdb0907290974bb0a0eafcceb419d6c10638438255363ebf0c52da0bf88,1840,3013,248,167,1343,2681,1.730395667,0.905673205
micro_pcb_v2_ACBE1,micro_pcb_images,https://www.kaggle.com/datasets/frettapper/micropcb-images,CC BY 4.0,https://creativecommons.org/licenses/by/4.0/,raspberry_pi_sbc,raspberry_pi_a_plus,A,C,B,E,1,ACBE,train,train,NOT_VERIFIED,train_coded/train_coded/ACBE1.jpg,ccad7905bb445277283c2fb47ea0bbc4d19cbce3c1de252de68c7e4242ada497,1743,2521,248,164,1246,2190,5.024873357,0.844777477
micro_pcb_v2_ACBE2,micro_pcb_images,https://www.kaggle.com/datasets/frettapper/micropcb-images,CC BY 4.0,https://creativecommons.org/licenses/by/4.0/,raspberry_pi_sbc,raspberry_pi_a_plus,A,C,B,E,2,ACBE,train,train,NOT_VERIFIED,train_coded/train_coded/ACBE2.jpg,1cab37eb1f877eb468a36ac480437c24fa76344ff455c9746e1508c9b8a9a469,1739,2526,248,165,1241,2193,4.814445713,0.842494446
micro_pcb_v2_ACBE3,micro_pcb_images,https://www.kaggle.com/datasets/frettapper/micropcb-images,CC BY 4.0,https://creativecommons.org/licenses/by/4.0/,raspberry_pi_sbc,raspberry_pi_a_plus,A,C,B,E,3,ACBE,train,train,NOT_VERIFIED,train_coded/train_coded/ACBE3.jpg,5c2cab9ecde88b7eedeb38c7fa3b6ffdb66668de9f5125fadc28397ca874cb5f,1742,2524,248,165,1245,2195,4.97915943,0.843170857
micro_pcb_v2_ACBE4,micro_pcb_images,https://www.kaggle.com/datasets/frettapper/micropcb-images,CC BY 4.0,https://creativecommons.org/licenses/by/4.0/,raspberry_pi_sbc,raspberry_pi_a_plus,A,C,B,E,4,ACBE,train,train,NOT_VERIFIED,train_coded/train_coded/ACBE4.jpg,5e2b95c4f04b21db7a594edb33bd1aca87433124157ce897208a5d8e1ce0b66f,1740,2528,249,165,1241,2199,4.786989067,0.840868672
micro_pcb_v2_ACCA1,micro_pcb_images,https://www.kaggle.com/datasets/frettapper/micropcb-images,CC BY 4.0,https://creativecommons.org/licenses/by/4.0/,raspberry_pi_sbc,raspberry_pi_a_plus,A,C,C,A,1,ACCA,train,train,NOT_VERIFIED,train_coded/train_coded/ACCA1.jpg,a31341a8965ef01026c26cc2f3e29aa1e0fbe5c309df5a804568a6bf9b1a4183,1612,2207,248,182,1116,1860,2.822147029,1.160607179
micro_pcb_v2_ACCA2,micro_pcb_images,https://www.kaggle.com/datasets/frettapper/micropcb-images,CC BY 4.0,https://creativecommons.org/licenses/by/4.0/,raspberry_pi_sbc,raspberry_pi_a_plus,A,C,C,A,2,ACCA,train,train,NOT_VERIFIED,train_coded/train_coded/ACCA2.jpg,4676bf7821b36f065b1056f8c3244297504581decbe5ed31e601788b8cb0c06d,1611,2208,247,183,1116,1860,3.000829724,1.161940304
micro_pcb_v2_ACCA3,micro_pcb_images,https://www.kaggle.com/datasets/frettapper/micropcb-images,CC BY 4.0,https://creativecommons.org/licenses/by/4.0/,raspberry_pi_sbc,raspberry_pi_a_plus,A,C,C,A,3,ACCA,train,train,NOT_VERIFIED,train_coded/train_coded/ACCA3.jpg,0d4e734d1f88d2513ed778446c790b05d8b4cb21620a45e4b15092ea514a7de9,1608,2195,247,185,1114,1845,2.171495944,1.162112949
micro_pcb_v2_ACCA4,micro_pcb_images,https://www.kaggle.com/datasets/frettapper/micropcb-images,CC BY 4.0,https://creativecommons.org/licenses/by/4.0/,raspberry_pi_sbc,raspberry_pi_a_plus,A,C,C,A,4,ACCA,train,train,NOT_VERIFIED,train_coded/train_coded/ACCA4.jpg,d880395c5e61f8d6150794db0cba1374320644066bf8fc0c7c2766f00ef1db67,1610,2197,247,184,1115,1848,2.088431922,1.161450099
micro_pcb_v2_ACCB1,micro_pcb_images,https://www.kaggle.com/datasets/frettapper/micropcb-images,CC BY 4.0,https://creativecommons.org/licenses/by/4.0/,raspberry_pi_sbc,raspberry_pi_a_plus,A,C,C,B,1,ACCB,train,train,NOT_VERIFIED,train_coded/train_coded/ACCB1.jpg,8a7c5dbe42f6b7e38f958200af2def1caca40c5836be730e8bec1031fd5a0321,1682,2557,248,169,1186,2223,1.732944663,1.090563569
micro_pcb_v2_ACCB2,micro_pcb_images,https://www.kaggle.com/datasets/frettapper/micropcb-images,CC BY 4.0,https://creativecommons.org/licenses/by/4.0/,raspberry_pi_sbc,raspberry_pi_a_plus,A,C,C,B,2,ACCB,train,train,NOT_VERIFIED,train_coded/train_coded/ACCB2.jpg,2e997bb491db1edd925c04004067d2738515aab92e313aea61a1861f1a6c1c79,1692,2569,248,171,1196,2233,2.514801723,1.091227133
micro_pcb_v2_ACCB3,micro_pcb_images,https://www.kaggle.com/datasets/frettapper/micropcb-images,CC BY 4.0,https://creativecommons.org/licenses/by/4.0/,raspberry_pi_sbc,raspberry_pi_a_plus,A,C,C,B,3,ACCB,train,train,NOT_VERIFIED,train_coded/train_coded/ACCB3.jpg,878fee2f84ecc40b05524c871a516fd969193aec5ca10c0483e0358f10656a3c,1681,2559,248,170,1185,2224,2.041079925,1.089618958
micro_pcb_v2_ACCB4,micro_pcb_images,https://www.kaggle.com/datasets/frettapper/micropcb-images,CC BY 4.0,https://creativecommons.org/licenses/by/4.0/,raspberry_pi_sbc,raspberry_pi_a_plus,A,C,C,B,4,ACCB,train,train,NOT_VERIFIED,train_coded/train_coded/ACCB4.jpg,d361cacbfd2f9a9628956465b79b374545e9ecb0a0aa7ed0936d366b5777086f,1682,2557,249,171,1186,2221,1.841930729,1.090123101
micro_pcb_v2_ACCC1,micro_pcb_images,https://www.kaggle.com/datasets/frettapper/micropcb-images,CC BY 4.0,https://creativecommons.org/licenses/by/4.0/,raspberry_pi_sbc,raspberry_pi_a_plus,A,C,C,C,1,ACCC,train,train,NOT_VERIFIED,train_coded/train_coded/ACCC1.jpg,d8932d7a341fac82e30308bb35fda0bb047f47ffa9f8ed14368e4648a7f9ef17,1640,2662,247,165,1145,2331,0.403950465,0.98256679
micro_pcb_v2_ACCC2,micro_pcb_images,https://www.kaggle.com/datasets/frettapper/micropcb-images,CC BY 4.0,https://creativecommons.org/licenses/by/4.0/,raspberry_pi_sbc,raspberry_pi_a_plus,A,C,C,C,2,ACCC,train,train,NOT_VERIFIED,train_coded/train_coded/ACCC2.jpg,6905ef61a61c648682369dc7fd326a82ac38423c9866f2733d5970ab59087133,1642,2662,247,164,1146,2332,0.52963017,0.9792891
micro_pcb_v2_ACCC3,micro_pcb_images,https://www.kaggle.com/datasets/frettapper/micropcb-images,CC BY 4.0,https://creativecommons.org/licenses/by/4.0/,raspberry_pi_sbc,raspberry_pi_a_plus,A,C,C,C,3,ACCC,train,train,NOT_VERIFIED,train_coded/train_coded/ACCC3.jpg,2dd0dd76e12ad01d87340b698d3f92358680172c52cc7ac101c53e99f0e50720,1667,2662,250,166,1170,2329,1.171817997,0.98563165
micro_pcb_v2_ACCC4,micro_pcb_images,https://www.kaggle.com/datasets/frettapper/micropcb-images,CC BY 4.0,https://creativecommons.org/licenses/by/4.0/,raspberry_pi_sbc,raspberry_pi_a_plus,A,C,C,C,4,ACCC,train,train,NOT_VERIFIED,train_coded/train_coded/ACCC4.jpg,92ba33c0e90edddd28de49cdf0cad82aa8ab1ba4d7ff6bebd85a67e45240209a,1647,2669,247,166,1144,2333,0.005488454,1.008471059
micro_pcb_v2_ACCD1,micro_pcb_images,https://www.kaggle.com/datasets/frettapper/micropcb-images,CC BY 4.0,https://creativecommons.org/licenses/by/4.0/,raspberry_pi_sbc,raspberry_pi_a_plus,A,C,C,D,1,ACCD,train,train,NOT_VERIFIED,train_coded/train_coded/ACCD1.jpg,16bfe2336a02dd0f7f397b5e9321e0bb74d59ea70dc61db3f8b4c43bd7373072,1673,2624,249,165,1175,2282,0.951546884,0.911410017
micro_pcb_v2_ACCD2,micro_pcb_images,https://www.kaggle.com/datasets/frettapper/micropcb-images,CC BY 4.0,https://creativecommons.org/licenses/by/4.0/,raspberry_pi_sbc,raspberry_pi_a_plus,A,C,C,D,2,ACCD,train,train,NOT_VERIFIED,train_coded/train_coded/ACCD2.jpg,e607c6ba97b6387719c769c187abfbc78279af9d3414a2636cc12bcd0e833e8b,1669,2618,248,165,1174,2276,1.083318426,0.911292164
micro_pcb_v2_ACCD3,micro_pcb_images,https://www.kaggle.com/datasets/frettapper/micropcb-images,CC BY 4.0,https://creativecommons.org/licenses/by/4.0/,raspberry_pi_sbc,raspberry_pi_a_plus,A,C,C,D,3,ACCD,train,train,NOT_VERIFIED,train_coded/train_coded/ACCD3.jpg,a59cf1e7347221417f9890628219bd7dc79d60651b985fb2f9be149aaf95c0be,1672,2620,249,165,1174,2275,1.587473511,0.911217153
micro_pcb_v2_ACCD4,micro_pcb_images,https://www.kaggle.com/datasets/frettapper/micropcb-images,CC BY 4.0,https://creativecommons.org/licenses/by/4.0/,raspberry_pi_sbc,raspberry_pi_a_plus,A,C,C,D,4,ACCD,train,train,NOT_VERIFIED,train_coded/train_coded/ACCD4.jpg,b5bb7036336c93e33fcafee22455d897cc6f0bdef4c4f48548676311c53d3bcb,1671,2617,249,166,1173,2281,1.421280946,0.911773925
micro_pcb_v2_ACCE1,micro_pcb_images,https://www.kaggle.com/datasets/frettapper/micropcb-images,CC BY 4.0,https://creativecommons.org/licenses/by/4.0/,raspberry_pi_sbc,raspberry_pi_a_plus,A,C,C,E,1,ACCE,train,train,NOT_VERIFIED,train_coded/train_coded/ACCE1.jpg,27e1cd44a81134d96ba1fa7c894140979c6ec435a0ec901796e80255562571bb,1609,2306,247,165,1113,1972,1.404529657,0.858848564
micro_pcb_v2_ACCE2,micro_pcb_images,https://www.kaggle.com/datasets/frettapper/micropcb-images,CC BY 4.0,https://creativecommons.org/licenses/by/4.0/,raspberry_pi_sbc,raspberry_pi_a_plus,A,C,C,E,2,ACCE,train,train,NOT_VERIFIED,train_coded/train_coded/ACCE2.jpg,2748afbd1fb12ee5f67db608029196a1739eb760a8a1ae560257b43fffcfb7d1,1609,2304,254,164,1106,1972,1.589841371,0.859920522
micro_pcb_v2_ACCE3,micro_pcb_images,https://www.kaggle.com/datasets/frettapper/micropcb-images,CC BY 4.0,https://creativecommons.org/licenses/by/4.0/,raspberry_pi_sbc,raspberry_pi_a_plus,A,C,C,E,3,ACCE,train,train,NOT_VERIFIED,train_coded/train_coded/ACCE3.jpg,c8984f328bbd90a2e72edf89472aa372efceebce20d9dec217237195621edb07,1609,2306,247,165,1112,1959,1.100352523,0.861163752
micro_pcb_v2_ACCE4,micro_pcb_images,https://www.kaggle.com/datasets/frettapper/micropcb-images,CC BY 4.0,https://creativecommons.org/licenses/by/4.0/,raspberry_pi_sbc,raspberry_pi_a_plus,A,C,C,E,4,ACCE,train,train,NOT_VERIFIED,train_coded/train_coded/ACCE4.jpg,6284dc7614445c36ed922b5dc617e91c9575679f47190f0ab2201cecb7c33e2c,1608,2303,248,165,1111,1952,1.887520974,0.862003788
micro_pcb_v2_ACDA1,micro_pcb_images,https://www.kaggle.com/datasets/frettapper/micropcb-images,CC BY 4.0,https://creativecommons.org/licenses/by/4.0/,raspberry_pi_sbc,raspberry_pi_a_plus,A,C,D,A,1,ACDA,train,train,NOT_VERIFIED,train_coded/train_coded/ACDA1.jpg,16253e1b4a9dd143f139e44f2944a0d5581e5dbcf9ba85d99e3ffe55ce45f2f3,1746,2488,252,182,1246,2138,0.025878693,1.153845072
micro_pcb_v2_ACDA2,micro_pcb_images,https://www.kaggle.com/datasets/frettapper/micropcb-images,CC BY 4.0,https://creativecommons.org/licenses/by/4.0/,raspberry_pi_sbc,raspberry_pi_a_plus,A,C,D,A,2,ACDA,train,train,NOT_VERIFIED,train_coded/train_coded/ACDA2.jpg,36429bcc1c79b6da749f8cb3e2a4ac5e83c4dd14045e5b49cdbc005e52729ea3,1746,2490,250,173,1248,2149,0.040974401,1.155253786
micro_pcb_v2_ACDA3,micro_pcb_images,https://www.kaggle.com/datasets/frettapper/micropcb-images,CC BY 4.0,https://creativecommons.org/licenses/by/4.0/,raspberry_pi_sbc,raspberry_pi_a_plus,A,C,D,A,3,ACDA,train,train,NOT_VERIFIED,train_coded/train_coded/ACDA3.jpg,a55d2de5700b0f7b01eebffea2515d760ac19f44af7fbcd37cb17aa0e83af72f,1750,2493,250,174,1252,2152,0.178306794,1.159172173
micro_pcb_v2_ACDA4,micro_pcb_images,https://www.kaggle.com/datasets/frettapper/micropcb-images,CC BY 4.0,https://creativecommons.org/licenses/by/4.0/,raspberry_pi_sbc,raspberry_pi_a_plus,A,C,D,A,4,ACDA,train,train,NOT_VERIFIED,train_coded/train_coded/ACDA4.jpg,873039b1b40afb0ab1d2b3936a60ef4a31bfca4d31d8dfbf0d7a874a3bfd583a,1749,2491,250,182,1252,2141,0.186311734,1.156731734
micro_pcb_v2_ACDB1,micro_pcb_images,https://www.kaggle.com/datasets/frettapper/micropcb-images,CC BY 4.0,https://creativecommons.org/licenses/by/4.0/,raspberry_pi_sbc,raspberry_pi_a_plus,A,C,D,B,1,ACDB,train,train,NOT_VERIFIED,train_coded/train_coded/ACDB1.jpg,55c03a75ca656234cb1e39769fe9c8276b8a35e3995d33cd81346b7e03291a39,1861,2920,248,175,1364,2573,1.330553814,1.062264482
micro_pcb_v2_ACDB2,micro_pcb_images,https://www.kaggle.com/datasets/frettapper/micropcb-images,CC BY 4.0,https://creativecommons.org/licenses/by/4.0/,raspberry_pi_sbc,raspberry_pi_a_plus,A,C,D,B,2,ACDB,train,train,NOT_VERIFIED,train_coded/train_coded/ACDB2.jpg,052117d857b5b175f9b20781432c24ab8abd311e095c7ad4c27aa88f96663ad1,1855,2919,245,175,1363,2579,0.795631638,1.078252473
micro_pcb_v2_ACDB3,micro_pcb_images,https://www.kaggle.com/datasets/frettapper/micropcb-images,CC BY 4.0,https://creativecommons.org/licenses/by/4.0/,raspberry_pi_sbc,raspberry_pi_a_plus,A,C,D,B,3,ACDB,train,train,NOT_VERIFIED,train_coded/train_coded/ACDB3.jpg,7d9fbbd426de93f10496f45cdcc67145a7f941c6c3e2496528477acef1586632,1858,2911,252,174,1360,2572,0.943201338,1.076025577
micro_pcb_v2_ACDB4,micro_pcb_images,https://www.kaggle.com/datasets/frettapper/micropcb-images,CC BY 4.0,https://creativecommons.org/licenses/by/4.0/,raspberry_pi_sbc,raspberry_pi_a_plus,A,C,D,B,4,ACDB,train,train,NOT_VERIFIED,train_coded/train_coded/ACDB4.jpg,1625ca8a0baec52279b13387ea5c647aaf4c35da84380f5d95a01a051ef7d957,1851,2916,246,172,1359,2579,0.697857129,1.077684981
micro_pcb_v2_ACDC1,micro_pcb_images,https://www.kaggle.com/datasets/frettapper/micropcb-images,CC BY 4.0,https://creativecommons.org/licenses/by/4.0/,raspberry_pi_sbc,raspberry_pi_a_plus,A,C,D,C,1,ACDC,train,train,NOT_VERIFIED,train_coded/train_coded/ACDC1.jpg,0349cf435389b5da435e4f717a29875e278e23d3a5e65c89725e51d8003fae0a,1666,2515,275,165,1145,2182,1.981512847,0.992663952
micro_pcb_v2_ACDC2,micro_pcb_images,https://www.kaggle.com/datasets/frettapper/micropcb-images,CC BY 4.0,https://creativecommons.org/licenses/by/4.0/,raspberry_pi_sbc,raspberry_pi_a_plus,A,C,D,C,2,ACDC,train,train,NOT_VERIFIED,train_coded/train_coded/ACDC2.jpg,2b63240f57ad0c0f379b4fce912e81a4e9adbd9870f426c64625739fa221aafd,1672,2517,268,164,1158,2185,2.251473582,0.9878417
micro_pcb_v2_ACDC3,micro_pcb_images,https://www.kaggle.com/datasets/frettapper/micropcb-images,CC BY 4.0,https://creativecommons.org/licenses/by/4.0/,raspberry_pi_sbc,raspberry_pi_a_plus,A,C,D,C,3,ACDC,train,train,NOT_VERIFIED,train_coded/train_coded/ACDC3.jpg,a5d3f075bbdef076cbf7b3fb69a1f417915634040df18a82ab532c007409aacb,1664,2521,272,165,1146,2189,1.863089617,0.988337006
micro_pcb_v2_ACDC4,micro_pcb_images,https://www.kaggle.com/datasets/frettapper/micropcb-images,CC BY 4.0,https://creativecommons.org/licenses/by/4.0/,raspberry_pi_sbc,raspberry_pi_a_plus,A,C,D,C,4,ACDC,train,train,NOT_VERIFIED,train_coded/train_coded/ACDC4.jpg,7ceec8a0207d832ef39d528c623fc8b1a096ae57206bf75213e9b5ca7235f783,1662,2523,277,165,1138,2190,1.752087421,0.987049667
micro_pcb_v2_ACDD1,micro_pcb_images,https://www.kaggle.com/datasets/frettapper/micropcb-images,CC BY 4.0,https://creativecommons.org/licenses/by/4.0/,raspberry_pi_sbc,raspberry_pi_a_plus,A,C,D,D,1,ACDD,train,train,NOT_VERIFIED,train_coded/train_coded/ACDD1.jpg,d3ad079d3f93b3b5f851b0741593a682818de4711b03b017789f99058dc1974b,1662,2477,262,135,1152,2175,1.204392842,0.924896772
micro_pcb_v2_ACDD2,micro_pcb_images,https://www.kaggle.com/datasets/frettapper/micropcb-images,CC BY 4.0,https://creativecommons.org/licenses/by/4.0/,raspberry_pi_sbc,raspberry_pi_a_plus,A,C,D,D,2,ACDD,train,train,NOT_VERIFIED,train_coded/train_coded/ACDD2.jpg,ae759f097d36db2064582014575ef8c0d780b124eacdc6ef5097a83201254959,1668,2473,261,133,1158,2175,1.39980624,0.925367706
micro_pcb_v2_ACDD3,micro_pcb_images,https://www.kaggle.com/datasets/frettapper/micropcb-images,CC BY 4.0,https://creativecommons.org/licenses/by/4.0/,raspberry_pi_sbc,raspberry_pi_a_plus,A,C,D,D,3,ACDD,train,train,NOT_VERIFIED,train_coded/train_coded/ACDD3.jpg,abb81bac61864e05c51e252bc96a0b5f1a1a141032c6fa3b181abf469cc43c5b,1639,2479,253,140,1137,2173,0.722751894,0.923460193
micro_pcb_v2_ACDD4,micro_pcb_images,https://www.kaggle.com/datasets/frettapper/micropcb-images,CC BY 4.0,https://creativecommons.org/licenses/by/4.0/,raspberry_pi_sbc,raspberry_pi_a_plus,A,C,D,D,4,ACDD,train,train,NOT_VERIFIED,train_coded/train_coded/ACDD4.jpg,32539c40ca0e5d35babcf99e11eaf566a538ad5692aea2c31cd00ce2e347f9b5,1645,2477,256,139,1141,2170,0.868034341,0.922705704
micro_pcb_v2_ACDE1,micro_pcb_images,https://www.kaggle.com/datasets/frettapper/micropcb-images,CC BY 4.0,https://creativecommons.org/licenses/by/4.0/,raspberry_pi_sbc,raspberry_pi_a_plus,A,C,D,E,1,ACDE,train,train,NOT_VERIFIED,train_coded/train_coded/ACDE1.jpg,cbdf07e1b280af2a3b8b8fd58702ea9633475373b43517b0089cbf87ba552fe6,1666,2197,247,165,1174,1866,4.704920883,0.871747622
micro_pcb_v2_ACDE2,micro_pcb_images,https://www.kaggle.com/datasets/frettapper/micropcb-images,CC BY 4.0,https://creativecommons.org/licenses/by/4.0/,raspberry_pi_sbc,raspberry_pi_a_plus,A,C,D,E,2,ACDE,train,train,NOT_VERIFIED,train_coded/train_coded/ACDE2.jpg,89843ec07846f20aa83439c351b89f88a4b8af9b2b5508d967ace1b9510deb59,1671,2192,251,163,1175,1864,4.75359766,0.87279731
micro_pcb_v2_ACDE3,micro_pcb_images,https://www.kaggle.com/datasets/frettapper/micropcb-images,CC BY 4.0,https://creativecommons.org/licenses/by/4.0/,raspberry_pi_sbc,raspberry_pi_a_plus,A,C,D,E,3,ACDE,train,train,NOT_VERIFIED,train_coded/train_coded/ACDE3.jpg,2e207644a1deb646b04fbb66bc67a5c31909be0ed176db99ef2217b10d45accd,1656,2190,247,164,1163,1861,4.454738938,0.873025402
micro_pcb_v2_ACDE4,micro_pcb_images,https://www.kaggle.com/datasets/frettapper/micropcb-images,CC BY 4.0,https://creativecommons.org/licenses/by/4.0/,raspberry_pi_sbc,raspberry_pi_a_plus,A,C,D,E,4,ACDE,train,train,NOT_VERIFIED,train_coded/train_coded/ACDE4.jpg,62ae09a07964ac6c63ef9d0a0e7759d5da3446c31abfec01dd3d9d3f3602ea8b,1682,2185,248,163,1187,1856,5.301609493,0.874096074
micro_pcb_v2_ACEA1,micro_pcb_images,https://www.kaggle.com/datasets/frettapper/micropcb-images,CC BY 4.0,https://creativecommons.org/licenses/by/4.0/,raspberry_pi_sbc,raspberry_pi_a_plus,A,C,E,A,1,ACEA,train,train,NOT_VERIFIED,train_coded/train_coded/ACEA1.jpg,02a29e46b1e7b6542141d19cd6bb6cb3b3a7b16446505d97573bb49f97afeb1c,1539,2319,275,172,1018,1984,0.402947662,1.128501518
micro_pcb_v2_ACEA2,micro_pcb_images,https://www.kaggle.com/datasets/frettapper/micropcb-images,CC BY 4.0,https://creativecommons.org/licenses/by/4.0/,raspberry_pi_sbc,raspberry_pi_a_plus,A,C,E,A,2,ACEA,train,train,NOT_VERIFIED,train_coded/train_coded/ACEA2.jpg,b6e7ccf7076e6549362eec8e284b0844f6c86532b7d10478a1eab2fea3898d7a,1534,2327,279,169,1010,1994,0.104010627,1.124406121
micro_pcb_v2_ACEA3,micro_pcb_images,https://www.kaggle.com/datasets/frettapper/micropcb-images,CC BY 4.0,https://creativecommons.org/licenses/by/4.0/,raspberry_pi_sbc,raspberry_pi_a_plus,A,C,E,A,3,ACEA,train,train,NOT_VERIFIED,train_coded/train_coded/ACEA3.jpg,feb38168ec55f23b4582939822308b48230edde261117b463c46223369ef6b72,1534,2330,280,170,1008,1996,0.321291499,1.127073278
micro_pcb_v2_ACEA4,micro_pcb_images,https://www.kaggle.com/datasets/frettapper/micropcb-images,CC BY 4.0,https://creativecommons.org/licenses/by/4.0/,raspberry_pi_sbc,raspberry_pi_a_plus,A,C,E,A,4,ACEA,train,train,NOT_VERIFIED,train_coded/train_coded/ACEA4.jpg,103f8b00caece0568d46f48ce6d12b9bd4c86b269a2a3c2c0663b162880e1533,1531,2326,269,171,1015,1991,0.218658746,1.123509456
micro_pcb_v2_ACEB1,micro_pcb_images,https://www.kaggle.com/datasets/frettapper/micropcb-images,CC BY 4.0,https://creativecommons.org/licenses/by/4.0/,raspberry_pi_sbc,raspberry_pi_a_plus,A,C,E,B,1,ACEB,train,train,NOT_VERIFIED,train_coded/train_coded/ACEB1.jpg,11b7ab5fe2a055915336dc5f85031569db9abf905bcfa2c1e40ed5c1e529602a,1692,2725,274,169,1172,2390,1.746919526,1.087661372
micro_pcb_v2_ACEB2,micro_pcb_images,https://www.kaggle.com/datasets/frettapper/micropcb-images,CC BY 4.0,https://creativecommons.org/licenses/by/4.0/,raspberry_pi_sbc,raspberry_pi_a_plus,A,C,E,B,2,ACEB,train,train,NOT_VERIFIED,train_coded/train_coded/ACEB2.jpg,333a52e5fcf8ffb6fcebd3740c3d7e9c74d703af7bf033217cc8bcca99341c7e,1689,2725,272,171,1170,2388,1.694304981,1.088159121
micro_pcb_v2_ACEB3,micro_pcb_images,https://www.kaggle.com/datasets/frettapper/micropcb-images,CC BY 4.0,https://creativecommons.org/licenses/by/4.0/,raspberry_pi_sbc,raspberry_pi_a_plus,A,C,E,B,3,ACEB,train,train,NOT_VERIFIED,train_coded/train_coded/ACEB3.jpg,b6f7625b05624e70c3e77b543c53cd1e681e7946a98cd3264cc3fab70a9c3aa7,1689,2727,255,174,1188,2388,1.459724759,1.080019325
micro_pcb_v2_ACEB4,micro_pcb_images,https://www.kaggle.com/datasets/frettapper/micropcb-images,CC BY 4.0,https://creativecommons.org/licenses/by/4.0/,raspberry_pi_sbc,raspberry_pi_a_plus,A,C,E,B,4,ACEB,train,train,NOT_VERIFIED,train_coded/train_coded/ACEB4.jpg,33e8e114ece604113bd46302c406507ebb6af0a79270f735c0bd8ccb6d85676b,1697,2732,272,169,1178,2397,2.012660597,1.083020504
micro_pcb_v2_ACEC1,micro_pcb_images,https://www.kaggle.com/datasets/frettapper/micropcb-images,CC BY 4.0,https://creativecommons.org/licenses/by/4.0/,raspberry_pi_sbc,raspberry_pi_a_plus,A,C,E,C,1,ACEC,train,train,NOT_VERIFIED,train_coded/train_coded/ACEC1.jpg,cb12ca73d99a04e550520497a0fe8a8f6b4b2d8f6a3e1dabffd9c813f1f851f8,1467,2374,247,165,974,2045,0.416869607,1.000396305
micro_pcb_v2_ACEC2,micro_pcb_images,https://www.kaggle.com/datasets/frettapper/micropcb-images,CC BY 4.0,https://creativecommons.org/licenses/by/4.0/,raspberry_pi_sbc,raspberry_pi_a_plus,A,C,E,C,2,ACEC,train,train,NOT_VERIFIED,train_coded/train_coded/ACEC2.jpg,97ee055d736b95cd49056676497469ff836c76e1201eabd7def39c314e41d646,1481,2374,250,166,985,2043,1.112338556,0.988552802
micro_pcb_v2_ACEC3,micro_pcb_images,https://www.kaggle.com/datasets/frettapper/micropcb-images,CC BY 4.0,https://creativecommons.org/licenses/by/4.0/,raspberry_pi_sbc,raspberry_pi_a_plus,A,C,E,C,3,ACEC,train,train,NOT_VERIFIED,train_coded/train_coded/ACEC3.jpg,b8b0f0bab522b0f928f00d6634397f9465be4002ba96d8cbe28bfc971e9d055e,1472,2378,251,165,974,2048,1.058932425,0.974157085
micro_pcb_v2_ACEC4,micro_pcb_images,https://www.kaggle.com/datasets/frettapper/micropcb-images,CC BY 4.0,https://creativecommons.org/licenses/by/4.0/,raspberry_pi_sbc,raspberry_pi_a_plus,A,C,E,C,4,ACEC,train,train,NOT_VERIFIED,train_coded/train_coded/ACEC4.jpg,98f4fa0736c3de8cec8bac97d58cab6b0b5c0d8e542b6e9d08ec789eeec2bb4d,1483,2380,254,167,982,2048,0.111339232,1.018231348
micro_pcb_v2_ACED1,micro_pcb_images,https://www.kaggle.com/datasets/frettapper/micropcb-images,CC BY 4.0,https://creativecommons.org/licenses/by/4.0/,raspberry_pi_sbc,raspberry_pi_a_plus,A,C,E,D,1,ACED,train,train,NOT_VERIFIED,train_coded/train_coded/ACED1.jpg,17fa90eb656ba34f059409641d8c1bb4cd1756dec8ab4ddb7f0227942a43d2f9,1519,2367,264,164,1010,2040,0.669156091,0.922339486
micro_pcb_v2_ACED2,micro_pcb_images,https://www.kaggle.com/datasets/frettapper/micropcb-images,CC BY 4.0,https://creativecommons.org/licenses/by/4.0/,raspberry_pi_sbc,raspberry_pi_a_plus,A,C,E,D,2,ACED,train,train,NOT_VERIFIED,train_coded/train_coded/ACED2.jpg,386bd7d392461c655c3ed83c2df7c0883aa632be43155cdc956dbf95a799eed3,1531,2364,255,164,1030,2036,1.281810327,0.923680407
micro_pcb_v2_ACED3,micro_pcb_images,https://www.kaggle.com/datasets/frettapper/micropcb-images,CC BY 4.0,https://creativecommons.org/licenses/by/4.0/,raspberry_pi_sbc,raspberry_pi_a_plus,A,C,E,D,3,ACED,train,train,NOT_VERIFIED,train_coded/train_coded/ACED3.jpg,fb37861bc582138f47b23e079e3a32fe77d7d63e7a5b2a36d76b615b5e9beb91,1551,2361,263,164,1042,2032,1.688064005,0.92469581
micro_pcb_v2_ACED4,micro_pcb_images,https://www.kaggle.com/datasets/frettapper/micropcb-images,CC BY 4.0,https://creativecommons.org/licenses/by/4.0/,raspberry_pi_sbc,raspberry_pi_a_plus,A,C,E,D,4,ACED,train,train,NOT_VERIFIED,train_coded/train_coded/ACED4.jpg,d82f5ee2a557a73a18b018797ffc982be6dbfa0ae988d5dbf00cdc9586f65962,1553,2360,262,164,1046,2031,1.789934655,0.926034648
micro_pcb_v2_ACEE1,micro_pcb_images,https://www.kaggle.com/datasets/frettapper/micropcb-images,CC BY 4.0,https://creativecommons.org/licenses/by/4.0/,raspberry_pi_sbc,raspberry_pi_a_plus,A,C,E,E,1,ACEE,train,train,NOT_VERIFIED,train_coded/train_coded/ACEE1.jpg,5ba44e0b153f1a5f7c7155e660b219b76a6fb536c0c5d70b53bc13bc3d614c9a,1543,2120,256,164,1040,1792,4.061264592,0.883890112
micro_pcb_v2_ACEE2,micro_pcb_images,https://www.kaggle.com/datasets/frettapper/micropcb-images,CC BY 4.0,https://creativecommons.org/licenses/by/4.0/,raspberry_pi_sbc,raspberry_pi_a_plus,A,C,E,E,2,ACEE,train,train,NOT_VERIFIED,train_coded/train_coded/ACEE2.jpg,27e9a4ec5f91e508065359f8cf8e1005ebeaff30448fc46ff93eb895185d2328,1541,2118,255,164,1039,1789,4.098120871,0.883772118
micro_pcb_v2_ACEE3,micro_pcb_images,https://www.kaggle.com/datasets/frettapper/micropcb-images,CC BY 4.0,https://creativecommons.org/licenses/by/4.0/,raspberry_pi_sbc,raspberry_pi_a_plus,A,C,E,E,3,ACEE,train,train,NOT_VERIFIED,train_coded/train_coded/ACEE3.jpg,821e00ef32b9d8e9016e4692fe70758cb5406865b26056fb3ec8d30e66fb7f92,1535,2118,253,164,1036,1790,3.999400515,0.884291561
micro_pcb_v2_ACEE4,micro_pcb_images,https://www.kaggle.com/datasets/frettapper/micropcb-images,CC BY 4.0,https://creativecommons.org/licenses/by/4.0/,raspberry_pi_sbc,raspberry_pi_a_plus,A,C,E,E,4,ACEE,train,train,NOT_VERIFIED,train_coded/train_coded/ACEE4.jpg,dcff2078573fc80f153dbeb15c0a40e168837f7972ede97795de63fffd85ce27,1530,2120,253,165,1030,1790,3.848583073,0.884107665
micro_pcb_v2_ADAA1,micro_pcb_images,https://www.kaggle.com/datasets/frettapper/micropcb-images,CC BY 4.0,https://creativecommons.org/licenses/by/4.0/,raspberry_pi_sbc,raspberry_pi_a_plus,A,D,A,A,1,ADAA,train,train,NOT_VERIFIED,train_coded/train_coded/ADAA1.jpg,3f5f00e7a6f53d930c047b3de65437adf157e0c6db526ec8767b05ddb4d0612a,1565,2143,248,164,1071,1816,7.340540179,1.114916187
micro_pcb_v2_ADAA2,micro_pcb_images,https://www.kaggle.com/datasets/frettapper/micropcb-images,CC BY 4.0,https://creativecommons.org/licenses/by/4.0/,raspberry_pi_sbc,raspberry_pi_a_plus,A,D,A,A,2,ADAA,train,train,NOT_VERIFIED,train_coded/train_coded/ADAA2.jpg,81930c6acfae39143253761595798632521d592aed57d0c13e4cd9e95824fa74,1564,2150,248,165,1071,1822,7.155324851,1.11575661
micro_pcb_v2_ADAA3,micro_pcb_images,https://www.kaggle.com/datasets/frettapper/micropcb-images,CC BY 4.0,https://creativecommons.org/licenses/by/4.0/,raspberry_pi_sbc,raspberry_pi_a_plus,A,D,A,A,3,ADAA,train,train,NOT_VERIFIED,train_coded/train_coded/ADAA3.jpg,21b3449125e002aa4e27ae32d0e16c2a6a9d943d794e678e8320b3536b9d4337,1552,2147,248,164,1055,1819,6.324166656,1.117439199
micro_pcb_v2_ADAA4,micro_pcb_images,https://www.kaggle.com/datasets/frettapper/micropcb-images,CC BY 4.0,https://creativecommons.org/licenses/by/4.0/,raspberry_pi_sbc,raspberry_pi_a_plus,A,D,A,A,4,ADAA,train,train,NOT_VERIFIED,train_coded/train_coded/ADAA4.jpg,e86cbeee08e8de486ee621e985f6d90f70328901345a07983c50b8760a2ba7c8,1550,2149,247,165,1058,1821,6.392711142,1.109239656
micro_pcb_v2_ADAB1,micro_pcb_images,https://www.kaggle.com/datasets/frettapper/micropcb-images,CC BY 4.0,https://creativecommons.org/licenses/by/4.0/,raspberry_pi_sbc,raspberry_pi_a_plus,A,D,A,B,1,ADAB,train,train,NOT_VERIFIED,train_coded/train_coded/ADAB1.jpg,7d1dc71a1aff2f1de613b803c9babe1c2934513fe102d65581bb15b1902a8a65,1746,2425,245,164,1249,2097,10.3788346,1.076979656
micro_pcb_v2_ADAB2,micro_pcb_images,https://www.kaggle.com/datasets/frettapper/micropcb-images,CC BY 4.0,https://creativecommons.org/licenses/by/4.0/,raspberry_pi_sbc,raspberry_pi_a_plus,A,D,A,B,2,ADAB,train,train,NOT_VERIFIED,train_coded/train_coded/ADAB2.jpg,4f913c0ade633ebac8561f1a88aef32ead98d91b6489862958758b51634cf361,1726,2419,246,164,1224,2091,9.450378225,1.069509842
micro_pcb_v2_ADAB3,micro_pcb_images,https://www.kaggle.com/datasets/frettapper/micropcb-images,CC BY 4.0,https://creativecommons.org/licenses/by/4.0/,raspberry_pi_sbc,raspberry_pi_a_plus,A,D,A,B,3,ADAB,train,train,NOT_VERIFIED,train_coded/train_coded/ADAB3.jpg,06fd10e537db12ccd941f716b76a1d27a6ab5e3e2cb484f8eaf0934b5b116f8a,1714,2419,246,165,1215,2090,9.061568306,1.076786641
micro_pcb_v2_ADAB4,micro_pcb_images,https://www.kaggle.com/datasets/frettapper/micropcb-images,CC BY 4.0,https://creativecommons.org/licenses/by/4.0/,raspberry_pi_sbc,raspberry_pi_a_plus,A,D,A,B,4,ADAB,train,train,NOT_VERIFIED,train_coded/train_coded/ADAB4.jpg,ee535a2fe73783d8b7bd0d7367e001c35fe9f2d0a6ec0a7ed4e73b9b1e8bc434,1711,2420,246,164,1214,2092,9.002132333,1.072863063
micro_pcb_v2_ADAC1,micro_pcb_images,https://www.kaggle.com/datasets/frettapper/micropcb-images,CC BY 4.0,https://creativecommons.org/licenses/by/4.0/,raspberry_pi_sbc,raspberry_pi_a_plus,A,D,A,C,1,ADAC,train,train,NOT_VERIFIED,train_coded/train_coded/ADAC1.jpg,9eae1e49b09c3091bf87074abbfd1b92cb3ccfbb62e135282ea3544eb45796c2,2146,2684,246,164,1636,2356,17.21909129,0.946678161
micro_pcb_v2_ADAC2,micro_pcb_images,https://www.kaggle.com/datasets/frettapper/micropcb-images,CC BY 4.0,https://creativecommons.org/licenses/by/4.0/,raspberry_pi_sbc,raspberry_pi_a_plus,A,D,A,C,2,ADAC,train,train,NOT_VERIFIED,train_coded/train_coded/ADAC2.jpg,78249bd9ff9207abb06f45a25815b63926fc08b3fd26be7a98d0966922bb36c8,2133,2687,246,164,1624,2359,16.70506072,0.93897446
micro_pcb_v2_ADAC3,micro_pcb_images,https://www.kaggle.com/datasets/frettapper/micropcb-images,CC BY 4.0,https://creativecommons.org/licenses/by/4.0/,raspberry_pi_sbc,raspberry_pi_a_plus,A,D,A,C,3,ADAC,train,train,NOT_VERIFIED,train_coded/train_coded/ADAC3.jpg,ee85ca61be62b7b0ccae1c79fc9172201443db9165ad7c3c9e019522fd515894,2078,2694,246,164,1566,2367,14.94666782,0.925370845
micro_pcb_v2_ADAC4,micro_pcb_images,https://www.kaggle.com/datasets/frettapper/micropcb-images,CC BY 4.0,https://creativecommons.org/licenses/by/4.0/,raspberry_pi_sbc,raspberry_pi_a_plus,A,D,A,C,4,ADAC,train,train,NOT_VERIFIED,train_coded/train_coded/ADAC4.jpg,c7453175d459d82529afe63881e971d09c9668b5e1f4d941426fa578d8b67afe,2086,2698,246,164,1580,2370,15.0801882,0.942842458
micro_pcb_v2_ADAD1,micro_pcb_images,https://www.kaggle.com/datasets/frettapper/micropcb-images,CC BY 4.0,https://creativecommons.org/licenses/by/4.0/,raspberry_pi_sbc,raspberry_pi_a_plus,A,D,A,D,1,ADAD,train,train,NOT_VERIFIED,train_coded/train_coded/ADAD1.jpg,174f65634801cb53fdecb3a34e0a9948e937adb44e5ccb98433df64999cbf041,2169,2754,247,164,1661,2426,17.58015319,1.007296036
micro_pcb_v2_ADAD2,micro_pcb_images,https://www.kaggle.com/datasets/frettapper/micropcb-images,CC BY 4.0,https://creativecommons.org/licenses/by/4.0/,raspberry_pi_sbc,raspberry_pi_a_plus,A,D,A,D,2,ADAD,train,train,NOT_VERIFIED,train_coded/train_coded/ADAD2.jpg,09837af0d901f0597bc40258130163cacb9f38a58e329fca886be6f178cd8e29,2149,2748,247,163,1646,2422,17.0258393,1.00810262
micro_pcb_v2_ADAD3,micro_pcb_images,https://www.kaggle.com/datasets/frettapper/micropcb-images,CC BY 4.0,https://creativecommons.org/licenses/by/4.0/,raspberry_pi_sbc,raspberry_pi_a_plus,A,D,A,D,3,ADAD,train,train,NOT_VERIFIED,train_coded/train_coded/ADAD3.jpg,00848e6d0a44162580f4b69b84811b2ac2c37aa52e227ae17d9f105781c36b85,2153,2753,247,164,1642,2425,16.73664417,0.996002452
micro_pcb_v2_ADAD4,micro_pcb_images,https://www.kaggle.com/datasets/frettapper/micropcb-images,CC BY 4.0,https://creativecommons.org/licenses/by/4.0/,raspberry_pi_sbc,raspberry_pi_a_plus,A,D,A,D,4,ADAD,train,train,NOT_VERIFIED,train_coded/train_coded/ADAD4.jpg,8667fbd6809af2fc49ca45c9a2ed61589b2ef30587db75af53c23b1dc7a39484,2142,2751,247,164,1633,2425,16.37094574,1.010756223
micro_pcb_v2_ADAE1,micro_pcb_images,https://www.kaggle.com/datasets/frettapper/micropcb-images,CC BY 4.0,https://creativecommons.org/licenses/by/4.0/,raspberry_pi_sbc,raspberry_pi_a_plus,A,D,A,E,1,ADAE,train,train,NOT_VERIFIED,train_coded/train_coded/ADAE1.jpg,e96aaf5655a7c5eae4d2aaf62eb133df195617afeea7d37db9bf8c8dd1ab43a2,2034,2060,246,164,1528,1731,27.52844512,0.879676161
micro_pcb_v2_ADAE2,micro_pcb_images,https://www.kaggle.com/datasets/frettapper/micropcb-images,CC BY 4.0,https://creativecommons.org/licenses/by/4.0/,raspberry_pi_sbc,raspberry_pi_a_plus,A,D,A,E,2,ADAE,train,train,NOT_VERIFIED,train_coded/train_coded/ADAE2.jpg,60dba550b16a40f4dd2e41cf22a40f2ceee3536a9283f2a3ab9a3f04a6b6b90c,2052,2053,246,164,1544,1723,28.18064635,0.880827414
micro_pcb_v2_ADAE3,micro_pcb_images,https://www.kaggle.com/datasets/frettapper/micropcb-images,CC BY 4.0,https://creativecommons.org/licenses/by/4.0/,raspberry_pi_sbc,raspberry_pi_a_plus,A,D,A,E,3,ADAE,train,train,NOT_VERIFIED,train_coded/train_coded/ADAE3.jpg,f5271b5a43ef5441c0ec3ff09db18c3d7f89de50767d2365d901e8ad8107ce86,2057,2052,246,165,1548,1723,28.32402641,0.880852977
micro_pcb_v2_ADAE4,micro_pcb_images,https://www.kaggle.com/datasets/frettapper/micropcb-images,CC BY 4.0,https://creativecommons.org/licenses/by/4.0/,raspberry_pi_sbc,raspberry_pi_a_plus,A,D,A,E,4,ADAE,train,train,NOT_VERIFIED,train_coded/train_coded/ADAE4.jpg,841ef18cc903917dcaf2157f129fcfb0d2e029d33e15a1bc378464025a636610,2051,2059,247,165,1543,1729,28.04740734,0.877311278
micro_pcb_v2_ADBA1,micro_pcb_images,https://www.kaggle.com/datasets/frettapper/micropcb-images,CC BY 4.0,https://creativecommons.org/licenses/by/4.0/,raspberry_pi_sbc,raspberry_pi_a_plus,A,D,B,A,1,ADBA,train,train,NOT_VERIFIED,train_coded/train_coded/ADBA1.jpg,553c5e7b7149ec89b1cb2770d9f17dadb426d9cc33f0a9c4d8fec610c955c21a,1896,2333,247,164,1403,2005,12.05295071,1.168231427
micro_pcb_v2_ADBA2,micro_pcb_images,https://www.kaggle.com/datasets/frettapper/micropcb-images,CC BY 4.0,https://creativecommons.org/licenses/by/4.0/,raspberry_pi_sbc,raspberry_pi_a_plus,A,D,B,A,2,ADBA,train,train,NOT_VERIFIED,train_coded/train_coded/ADBA2.jpg,6efca9105844ba1f1d42e37829f7ace391842a873f5a7747d4f639b4619633bb,1884,2333,247,165,1390,2004,11.44555099,1.166217284
micro_pcb_v2_ADBA3,micro_pcb_images,https://www.kaggle.com/datasets/frettapper/micropcb-images,CC BY 4.0,https://creativecommons.org/licenses/by/4.0/,raspberry_pi_sbc,raspberry_pi_a_plus,A,D,B,A,3,ADBA,train,train,NOT_VERIFIED,train_coded/train_coded/ADBA3.jpg,31314b9d4f6b49d680db8ae3e1bc8cf78dce703e4cad049b2176eae5bf0482e0,1870,2332,247,165,1376,2004,10.76717341,1.165151506
micro_pcb_v2_ADBA4,micro_pcb_images,https://www.kaggle.com/datasets/frettapper/micropcb-images,CC BY 4.0,https://creativecommons.org/licenses/by/4.0/,raspberry_pi_sbc,raspberry_pi_a_plus,A,D,B,A,4,ADBA,train,train,NOT_VERIFIED,train_coded/train_coded/ADBA4.jpg,52c5e1050a08a72fde7c18af6f77e5e0486a0dc1bab36f0a83dbfbd64a530882,1848,2330,247,165,1354,2001,9.708940277,1.162373022
micro_pcb_v2_ADBB1,micro_pcb_images,https://www.kaggle.com/datasets/frettapper/micropcb-images,CC BY 4.0,https://creativecommons.org/licenses/by/4.0/,raspberry_pi_sbc,raspberry_pi_a_plus,A,D,B,B,1,ADBB,train,train,NOT_VERIFIED,train_coded/train_coded/ADBB1.jpg,7c35c3d8b8acaad5cef44972f78708715c5515a19954ef0eee913a23170bcd91,1941,2527,246,166,1439,2197,11.93789205,1.101069179
micro_pcb_v2_ADBB2,micro_pcb_images,https://www.kaggle.com/datasets/frettapper/micropcb-images,CC BY 4.0,https://creativecommons.org/licenses/by/4.0/,raspberry_pi_sbc,raspberry_pi_a_plus,A,D,B,B,2,ADBB,train,train,NOT_VERIFIED,train_coded/train_coded/ADBB2.jpg,59663a933d6f8d575382afb3d5c75d37d7aa1fbe6d04dee99ab763e3fe00d9b6,1938,2525,247,165,1437,2196,11.91403935,1.107928935
micro_pcb_v2_ADBB3,micro_pcb_images,https://www.kaggle.com/datasets/frettapper/micropcb-images,CC BY 4.0,https://creativecommons.org/licenses/by/4.0/,raspberry_pi_sbc,raspberry_pi_a_plus,A,D,B,B,3,ADBB,train,train,NOT_VERIFIED,train_coded/train_coded/ADBB3.jpg,4eb4ece56e380ad9618eb76b682b13448752113ee838cfd758dd4d86f8950503,1923,2519,246,166,1420,2189,11.33983567,1.096678485
micro_pcb_v2_ADBB4,micro_pcb_images,https://www.kaggle.com/datasets/frettapper/micropcb-images,CC BY 4.0,https://creativecommons.org/licenses/by/4.0/,raspberry_pi_sbc,raspberry_pi_a_plus,A,D,B,B,4,ADBB,train,train,NOT_VERIFIED,train_coded/train_coded/ADBB4.jpg,70af194fddff4c9d61d979ba686b97a54c9db7b21540118078711fc588ab0a18,1906,2518,247,165,1404,2189,10.60644988,1.09868953
micro_pcb_v2_ADBC1,micro_pcb_images,https://www.kaggle.com/datasets/frettapper/micropcb-images,CC BY 4.0,https://creativecommons.org/licenses/by/4.0/,raspberry_pi_sbc,raspberry_pi_a_plus,A,D,B,C,1,ADBC,train,train,NOT_VERIFIED,train_coded/train_coded/ADBC1.jpg,d490511b129988abdf5aadc86a835624a467f1cd04c3557ba5a659d5757c4798,2220,2759,246,166,1704,2429,17.33709425,1.013931828
micro_pcb_v2_ADBC2,micro_pcb_images,https://www.kaggle.com/datasets/frettapper/micropcb-images,CC BY 4.0,https://creativecommons.org/licenses/by/4.0/,raspberry_pi_sbc,raspberry_pi_a_plus,A,D,B,C,2,ADBC,train,train,NOT_VERIFIED,train_coded/train_coded/ADBC2.jpg,f0e99c12ed2f66a9b49b27937b58ec2f1a32ee14f6f18641637efdea095e653f,2205,2757,246,168,1689,2426,16.79713412,1.012614818
micro_pcb_v2_ADBC3,micro_pcb_images,https://www.kaggle.com/datasets/frettapper/micropcb-images,CC BY 4.0,https://creativecommons.org/licenses/by/4.0/,raspberry_pi_sbc,raspberry_pi_a_plus,A,D,B,C,3,ADBC,train,train,NOT_VERIFIED,train_coded/train_coded/ADBC3.jpg,33c2a0040fee4fe2ebf5eb8a252cf3562185283b21ce2cd0874dfdded727535b,2214,2760,245,167,1699,2429,17.0678186,1.018219667
micro_pcb_v2_ADBC4,micro_pcb_images,https://www.kaggle.com/datasets/frettapper/micropcb-images,CC BY 4.0,https://creativecommons.org/licenses/by/4.0/,raspberry_pi_sbc,raspberry_pi_a_plus,A,D,B,C,4,ADBC,train,train,NOT_VERIFIED,train_coded/train_coded/ADBC4.jpg,2189836bb2cb06366ebdc6a0f667ae3f44d040d1ccc8f88572b9e2f401013d6e,2208,2755,246,165,1690,2427,16.92687798,1.013962457
micro_pcb_v2_ADBD1,micro_pcb_images,https://www.kaggle.com/datasets/frettapper/micropcb-images,CC BY 4.0,https://creativecommons.org/licenses/by/4.0/,raspberry_pi_sbc,raspberry_pi_a_plus,A,D,B,D,1,ADBD,train,train,NOT_VERIFIED,train_coded/train_coded/ADBD1.jpg,92e60ae2640848d2e09d58e19addfa08f3fc45baefd93b0afbeba05bb85798da,2438,2987,247,164,1933,2660,18.59609851,0.919276891
micro_pcb_v2_ADBD2,micro_pcb_images,https://www.kaggle.com/datasets/frettapper/micropcb-images,CC BY 4.0,https://creativecommons.org/licenses/by/4.0/,raspberry_pi_sbc,raspberry_pi_a_plus,A,D,B,D,2,ADBD,train,train,NOT_VERIFIED,train_coded/train_coded/ADBD2.jpg,9fad0fc04880ce72fdc5337b547c70eaaf8f57ba01784e46e2ec8d08fb6ac294,2419,2988,247,164,1918,2662,18.09624398,0.915837482
micro_pcb_v2_ADBD3,micro_pcb_images,https://www.kaggle.com/datasets/frettapper/micropcb-images,CC BY 4.0,https://creativecommons.org/licenses/by/4.0/,raspberry_pi_sbc,raspberry_pi_a_plus,A,D,B,D,3,ADBD,train,train,NOT_VERIFIED,train_coded/train_coded/ADBD3.jpg,a66c39695a1d950ba1e1cfdcf32550a563928d36afa551f629acc6817b73372d,2415,2986,247,163,1914,2661,18.00386945,0.915256783
micro_pcb_v2_ADBD4,micro_pcb_images,https://www.kaggle.com/datasets/frettapper/micropcb-images,CC BY 4.0,https://creativecommons.org/licenses/by/4.0/,raspberry_pi_sbc,raspberry_pi_a_plus,A,D,B,D,4,ADBD,train,train,NOT_VERIFIED,train_coded/train_coded/ADBD4.jpg,59def6394712398cc362274849eea2e902729025dbe6fd38f2a6ecf1afa3f009,2411,2988,247,164,1909,2663,17.77400239,0.91586359
micro_pcb_v2_ADBE1,micro_pcb_images,https://www.kaggle.com/datasets/frettapper/micropcb-images,CC BY 4.0,https://creativecommons.org/licenses/by/4.0/,raspberry_pi_sbc,raspberry_pi_a_plus,A,D,B,E,1,ADBE,train,train,NOT_VERIFIED,train_coded/train_coded/ADBE1.jpg,08bf4177063b7b5575b778e847608781c3891f29c62bf0c6edca89e9ec0cff3b,2158,2473,246,165,1664,2144,18.73144895,0.849781036
micro_pcb_v2_ADBE2,micro_pcb_images,https://www.kaggle.com/datasets/frettapper/micropcb-images,CC BY 4.0,https://creativecommons.org/licenses/by/4.0/,raspberry_pi_sbc,raspberry_pi_a_plus,A,D,B,E,2,ADBE,train,train,NOT_VERIFIED,train_coded/train_coded/ADBE2.jpg,86c62d912b5019804659631cdd88080fa06d988fea0b2b3b15e082eeaae5767c,2131,2480,246,165,1636,2151,17.7126537,0.849165566
micro_pcb_v2_ADBE3,micro_pcb_images,https://www.kaggle.com/datasets/frettapper/micropcb-images,CC BY 4.0,https://creativecommons.org/licenses/by/4.0/,raspberry_pi_sbc,raspberry_pi_a_plus,A,D,B,E,3,ADBE,train,train,NOT_VERIFIED,train_coded/train_coded/ADBE3.jpg,02b7b2affc2a55cc44653cbf3504cc72f0e944d7d40c3b888a3494b1a73febe5,2120,2476,246,164,1625,2148,17.47712008,0.847483223
micro_pcb_v2_ADBE4,micro_pcb_images,https://www.kaggle.com/datasets/frettapper/micropcb-images,CC BY 4.0,https://creativecommons.org/licenses/by/4.0/,raspberry_pi_sbc,raspberry_pi_a_plus,A,D,B,E,4,ADBE,train,train,NOT_VERIFIED,train_coded/train_coded/ADBE4.jpg,12c796c31c638e6a38bf4c027b2d25c6a37e56898c003a3c814232733c0091fe,2109,2484,245,166,1616,2154,16.98617685,0.848453437
micro_pcb_v2_ADCA1,micro_pcb_images,https://www.kaggle.com/datasets/frettapper/micropcb-images,CC BY 4.0,https://creativecommons.org/licenses/by/4.0/,raspberry_pi_sbc,raspberry_pi_a_plus,A,D,C,A,1,ADCA,train,train,NOT_VERIFIED,train_coded/train_coded/ADCA1.jpg,7c24fd9bd8205d4dab24fbb97cac59cd8715f8f43b8da943f575ffca2bf36c95,1855,2222,247,170,1361,1888,9.520691222,1.158074669
micro_pcb_v2_ADCA2,micro_pcb_images,https://www.kaggle.com/datasets/frettapper/micropcb-images,CC BY 4.0,https://creativecommons.org/licenses/by/4.0/,raspberry_pi_sbc,raspberry_pi_a_plus,A,D,C,A,2,ADCA,train,train,NOT_VERIFIED,train_coded/train_coded/ADCA2.jpg,9a02ca4cd8b0f347563d6057e6576b9a00d0568234fd7fcae708ba8bc58255ce,1856,2230,247,175,1362,1892,9.586571964,1.159264687
micro_pcb_v2_ADCA3,micro_pcb_images,https://www.kaggle.com/datasets/frettapper/micropcb-images,CC BY 4.0,https://creativecommons.org/licenses/by/4.0/,raspberry_pi_sbc,raspberry_pi_a_plus,A,D,C,A,3,ADCA,train,train,NOT_VERIFIED,train_coded/train_coded/ADCA3.jpg,9ac4f9b3093a2288d8a1ad313ac5f6c3f98485548ea656fc39eaf194eb08b823,1835,2217,247,173,1341,1880,8.794980603,1.158851134
micro_pcb_v2_ADCA4,micro_pcb_images,https://www.kaggle.com/datasets/frettapper/micropcb-images,CC BY 4.0,https://creativecommons.org/licenses/by/4.0/,raspberry_pi_sbc,raspberry_pi_a_plus,A,D,C,A,4,ADCA,train,train,NOT_VERIFIED,train_coded/train_coded/ADCA4.jpg,80c2202af2264b2c17a283e0aaa78c90f135e0e3f1958a398dbd7f7b13ef56d0,1828,2219,247,175,1335,1881,8.454975599,1.159020782
micro_pcb_v2_ADCB1,micro_pcb_images,https://www.kaggle.com/datasets/frettapper/micropcb-images,CC BY 4.0,https://creativecommons.org/licenses/by/4.0/,raspberry_pi_sbc,raspberry_pi_a_plus,A,D,C,B,1,ADCB,train,train,NOT_VERIFIED,train_coded/train_coded/ADCB1.jpg,e83618fba1c855bfc3b953a79dee37424ec15d1755ce2d8054485dbaef18384a,2091,2636,245,164,1598,2308,12.55725234,1.091089172
micro_pcb_v2_ADCB2,micro_pcb_images,https://www.kaggle.com/datasets/frettapper/micropcb-images,CC BY 4.0,https://creativecommons.org/licenses/by/4.0/,raspberry_pi_sbc,raspberry_pi_a_plus,A,D,C,B,2,ADCB,train,train,NOT_VERIFIED,train_coded/train_coded/ADCB2.jpg,40f1501e900291c2f2112c3c1e5f081ac5f70ff4789854e63bbee2a2b1955927,2073,2634,246,164,1578,2306,11.89253441,1.092486658
micro_pcb_v2_ADCB3,micro_pcb_images,https://www.kaggle.com/datasets/frettapper/micropcb-images,CC BY 4.0,https://creativecommons.org/licenses/by/4.0/,raspberry_pi_sbc,raspberry_pi_a_plus,A,D,C,B,3,ADCB,train,train,NOT_VERIFIED,train_coded/train_coded/ADCB3.jpg,26b42dc911c8c229f8ce151210417e17352f701e3414328187d3f0cc8cb0b619,2050,2627,246,165,1556,2298,11.17014681,1.091391851
micro_pcb_v2_ADCB4,micro_pcb_images,https://www.kaggle.com/datasets/frettapper/micropcb-images,CC BY 4.0,https://creativecommons.org/licenses/by/4.0/,raspberry_pi_sbc,raspberry_pi_a_plus,A,D,C,B,4,ADCB,train,train,NOT_VERIFIED,train_coded/train_coded/ADCB4.jpg,bdd5d8ca990bf9caf86b71e263241703076a12eb324d2f00a7c6e56fa243f37a,2029,2620,246,165,1535,2291,10.48255125,1.091734939
micro_pcb_v2_ADCC1,micro_pcb_images,https://www.kaggle.com/datasets/frettapper/micropcb-images,CC BY 4.0,https://creativecommons.org/licenses/by/4.0/,raspberry_pi_sbc,raspberry_pi_a_plus,A,D,C,C,1,ADCC,train,train,NOT_VERIFIED,train_coded/train_coded/ADCC1.jpg,86b08d779b866a70a87523c3a4cd36828ace94f7b6b9f88f187aa068ad4ad0eb,2138,2702,248,164,1643,2373,15.25731359,0.987412382
micro_pcb_v2_ADCC2,micro_pcb_images,https://www.kaggle.com/datasets/frettapper/micropcb-images,CC BY 4.0,https://creativecommons.org/licenses/by/4.0/,raspberry_pi_sbc,raspberry_pi_a_plus,A,D,C,C,2,ADCC,train,train,NOT_VERIFIED,train_coded/train_coded/ADCC2.jpg,9d0480e8de45d8fcdcb4b61fba76a498c95a4c0a46af0cdf93254b9dfa69bd21,2098,2691,247,164,1604,2363,13.96984232,0.988420263
micro_pcb_v2_ADCC3,micro_pcb_images,https://www.kaggle.com/datasets/frettapper/micropcb-images,CC BY 4.0,https://creativecommons.org/licenses/by/4.0/,raspberry_pi_sbc,raspberry_pi_a_plus,A,D,C,C,3,ADCC,train,train,NOT_VERIFIED,train_coded/train_coded/ADCC3.jpg,96fb005312e59529d323184e368eadfa026b3d5b722aa670bfa7cc5eac054f67,2122,2697,254,164,1622,2369,14.59582816,0.988028328
micro_pcb_v2_ADCC4,micro_pcb_images,https://www.kaggle.com/datasets/frettapper/micropcb-images,CC BY 4.0,https://creativecommons.org/licenses/by/4.0/,raspberry_pi_sbc,raspberry_pi_a_plus,A,D,C,C,4,ADCC,train,train,NOT_VERIFIED,train_coded/train_coded/ADCC4.jpg,4c2d516556e3971aa44308fa6e77b667b72f1171cc0a175c719aa76ddd9ce771,2106,2694,253,164,1607,2366,14.06416661,0.985345832
micro_pcb_v2_ADCD1,micro_pcb_images,https://www.kaggle.com/datasets/frettapper/micropcb-images,CC BY 4.0,https://creativecommons.org/licenses/by/4.0/,raspberry_pi_sbc,raspberry_pi_a_plus,A,D,C,D,1,ADCD,train,train,NOT_VERIFIED,train_coded/train_coded/ADCD1.jpg,49f18a15c1c62080611e3427fd08c765ba044e510530b777d411bd6a6289d34e,2143,2673,247,164,1649,2344,17.07798899,0.910155981
micro_pcb_v2_ADCD2,micro_pcb_images,https://www.kaggle.com/datasets/frettapper/micropcb-images,CC BY 4.0,https://creativecommons.org/licenses/by/4.0/,raspberry_pi_sbc,raspberry_pi_a_plus,A,D,C,D,2,ADCD,train,train,NOT_VERIFIED,train_coded/train_coded/ADCD2.jpg,15e3cb8a9052484765ecde81126b1056644c696c7c256c6f0a875d548bc2cbc7,2131,2666,247,164,1638,2338,16.76541339,0.910965148
micro_pcb_v2_ADCD3,micro_pcb_images,https://www.kaggle.com/datasets/frettapper/micropcb-images,CC BY 4.0,https://creativecommons.org/licenses/by/4.0/,raspberry_pi_sbc,raspberry_pi_a_plus,A,D,C,D,3,ADCD,train,train,NOT_VERIFIED,train_coded/train_coded/ADCD3.jpg,c30e2cb181c0567c52116b7963a83b39b4f9f8277f406bc0da5e6afaa4a07f05,2110,2660,246,164,1618,2332,16.07785421,0.913030307
micro_pcb_v2_ADCD4,micro_pcb_images,https://www.kaggle.com/datasets/frettapper/micropcb-images,CC BY 4.0,https://creativecommons.org/licenses/by/4.0/,raspberry_pi_sbc,raspberry_pi_a_plus,A,D,C,D,4,ADCD,train,train,NOT_VERIFIED,train_coded/train_coded/ADCD4.jpg,a457545996d508a75873c5cb9bf87dba807f2ddd2e4eccb0b7e127929a7ffe13,2105,2659,247,164,1611,2331,15.8234544,0.911669593
micro_pcb_v2_ADCE1,micro_pcb_images,https://www.kaggle.com/datasets/frettapper/micropcb-images,CC BY 4.0,https://creativecommons.org/licenses/by/4.0/,raspberry_pi_sbc,raspberry_pi_a_plus,A,D,C,E,1,ADCE,train,train,NOT_VERIFIED,train_coded/train_coded/ADCE1.jpg,356e6e1524f40c8c67ba36286e99701ca454176c9047d54397a708afddfaf253,2068,2394,247,164,1574,2065,20.90400169,0.85537841
micro_pcb_v2_ADCE2,micro_pcb_images,https://www.kaggle.com/datasets/frettapper/micropcb-images,CC BY 4.0,https://creativecommons.org/licenses/by/4.0/,raspberry_pi_sbc,raspberry_pi_a_plus,A,D,C,E,2,ADCE,train,train,NOT_VERIFIED,train_coded/train_coded/ADCE2.jpg,4d3876371867595ec9eae83ac2163777a6975fe4b20739cbbf667e27400e7e24,2068,2394,247,164,1574,2065,20.9048408,0.855771963
micro_pcb_v2_ADCE3,micro_pcb_images,https://www.kaggle.com/datasets/frettapper/micropcb-images,CC BY 4.0,https://creativecommons.org/licenses/by/4.0/,raspberry_pi_sbc,raspberry_pi_a_plus,A,D,C,E,3,ADCE,train,train,NOT_VERIFIED,train_coded/train_coded/ADCE3.jpg,585d3aed8b0fb142dee22c2d6bc9e082bbc2903647c3050be0f75d780ab9f821,2056,2392,247,164,1561,2064,20.3169814,0.855423294
micro_pcb_v2_ADCE4,micro_pcb_images,https://www.kaggle.com/datasets/frettapper/micropcb-images,CC BY 4.0,https://creativecommons.org/licenses/by/4.0/,raspberry_pi_sbc,raspberry_pi_a_plus,A,D,C,E,4,ADCE,train,train,NOT_VERIFIED,train_coded/train_coded/ADCE4.jpg,4c65b44d251d9c1ce71c88d4f66fd1a30842513da03cb1ea33d37120f8a9131b,2057,2388,247,164,1563,2060,20.49650913,0.856321581
micro_pcb_v2_ADDA1,micro_pcb_images,https://www.kaggle.com/datasets/frettapper/micropcb-images,CC BY 4.0,https://creativecommons.org/licenses/by/4.0/,raspberry_pi_sbc,raspberry_pi_a_plus,A,D,D,A,1,ADDA,train,train,NOT_VERIFIED,train_coded/train_coded/ADDA1.jpg,e802aefd07a27fcfc6fe24b264a8084a9912b8ce968e88552b812e6fb0c774bb,2227,2454,247,170,1734,2121,15.91062144,1.151318826
micro_pcb_v2_ADDA2,micro_pcb_images,https://www.kaggle.com/datasets/frettapper/micropcb-images,CC BY 4.0,https://creativecommons.org/licenses/by/4.0/,raspberry_pi_sbc,raspberry_pi_a_plus,A,D,D,A,2,ADDA,train,train,NOT_VERIFIED,train_coded/train_coded/ADDA2.jpg,70437fe95a42a03518a6e46b30a26ac065a680e05491ab29130be74a102f1539,2191,2448,247,173,1699,2111,14.58354976,1.152960878
micro_pcb_v2_ADDA3,micro_pcb_images,https://www.kaggle.com/datasets/frettapper/micropcb-images,CC BY 4.0,https://creativecommons.org/licenses/by/4.0/,raspberry_pi_sbc,raspberry_pi_a_plus,A,D,D,A,3,ADDA,train,train,NOT_VERIFIED,train_coded/train_coded/ADDA3.jpg,f916e54b93cad17a3bb91215be39c0ee66a626d46562fe4b02a2f388119ed2ba,2183,2446,248,170,1689,2113,14.24292585,1.150119241
micro_pcb_v2_ADDA4,micro_pcb_images,https://www.kaggle.com/datasets/frettapper/micropcb-images,CC BY 4.0,https://creativecommons.org/licenses/by/4.0/,raspberry_pi_sbc,raspberry_pi_a_plus,A,D,D,A,4,ADDA,train,train,NOT_VERIFIED,train_coded/train_coded/ADDA4.jpg,2810e21fc6cab54dc2da68d76581e0c4dc48f5177a23cf99ceac1ec6265cd8e5,2171,2447,247,172,1678,2111,13.76469185,1.154025159
micro_pcb_v2_ADDB1,micro_pcb_images,https://www.kaggle.com/datasets/frettapper/micropcb-images,CC BY 4.0,https://creativecommons.org/licenses/by/4.0/,raspberry_pi_sbc,raspberry_pi_a_plus,A,D,D,B,1,ADDB,train,train,NOT_VERIFIED,train_coded/train_coded/ADDB1.jpg,8d97b9dae6634d396d5b3e9fc222db481750586610b488387db4864adfb07b3b,2385,2940,247,166,1892,2611,15.67477459,1.07008568
micro_pcb_v2_ADDB2,micro_pcb_images,https://www.kaggle.com/datasets/frettapper/micropcb-images,CC BY 4.0,https://creativecommons.org/licenses/by/4.0/,raspberry_pi_sbc,raspberry_pi_a_plus,A,D,D,B,2,ADDB,train,train,NOT_VERIFIED,train_coded/train_coded/ADDB2.jpg,1c93f514365dd5ced24fe2cd39ca5d5a2f0cc8532370dbd28edf166ef0316d8f,2360,2936,246,165,1868,2608,14.93111227,1.070574666
micro_pcb_v2_ADDB3,micro_pcb_images,https://www.kaggle.com/datasets/frettapper/micropcb-images,CC BY 4.0,https://creativecommons.org/licenses/by/4.0/,raspberry_pi_sbc,raspberry_pi_a_plus,A,D,D,B,3,ADDB,train,train,NOT_VERIFIED,train_coded/train_coded/ADDB3.jpg,10591d62b6acd5125fad44827aad8411cb8f9002a070081f01b40e5e2e11687b,2363,2931,247,166,1870,2602,15.09717167,1.068516876
micro_pcb_v2_ADDB4,micro_pcb_images,https://www.kaggle.com/datasets/frettapper/micropcb-images,CC BY 4.0,https://creativecommons.org/licenses/by/4.0/,raspberry_pi_sbc,raspberry_pi_a_plus,A,D,D,B,4,ADDB,train,train,NOT_VERIFIED,train_coded/train_coded/ADDB4.jpg,d24fa6707ca38d554730c278b27938b674e10518a629cad3adbc0214f57ddc2c,2373,2934,247,168,1880,2603,15.42827396,1.067869566
micro_pcb_v2_ADDC1,micro_pcb_images,https://www.kaggle.com/datasets/frettapper/micropcb-images,CC BY 4.0,https://creativecommons.org/licenses/by/4.0/,raspberry_pi_sbc,raspberry_pi_a_plus,A,D,D,C,1,ADDC,train,train,NOT_VERIFIED,train_coded/train_coded/ADDC1.jpg,275946a6224bd035321dcbfcc6cec1be455f8abc161419c8c06172180bff87d0,1950,2529,269,165,1435,2200,12.00972228,0.991863259
micro_pcb_v2_ADDC2,micro_pcb_images,https://www.kaggle.com/datasets/frettapper/micropcb-images,CC BY 4.0,https://creativecommons.org/licenses/by/4.0/,raspberry_pi_sbc,raspberry_pi_a_plus,A,D,D,C,2,ADDC,train,train,NOT_VERIFIED,train_coded/train_coded/ADDC2.jpg,eb78e1ba1416b8f1cfcc2016b15120c69582e7afb6b81b97336ebaf29db19c3d,1933,2526,265,165,1421,2197,11.99251689,0.977911225
micro_pcb_v2_ADDC3,micro_pcb_images,https://www.kaggle.com/datasets/frettapper/micropcb-images,CC BY 4.0,https://creativecommons.org/licenses/by/4.0/,raspberry_pi_sbc,raspberry_pi_a_plus,A,D,D,C,3,ADDC,train,train,NOT_VERIFIED,train_coded/train_coded/ADDC3.jpg,7c1fcb37fd571b4f33838c87920594369a8947d6e86809c4c59163bac5375639,1920,2518,268,164,1406,2191,11.11058001,0.99139854
micro_pcb_v2_ADDC4,micro_pcb_images,https://www.kaggle.com/datasets/frettapper/micropcb-images,CC BY 4.0,https://creativecommons.org/licenses/by/4.0/,raspberry_pi_sbc,raspberry_pi_a_plus,A,D,D,C,4,ADDC,train,train,NOT_VERIFIED,train_coded/train_coded/ADDC4.jpg,f11bdb8f594e50cb9438508d398cb539c3f026cbee34cc1f2e6803a2d9193587,1937,2525,274,165,1417,2196,11.5937402,0.984639467
micro_pcb_v2_ADDD1,micro_pcb_images,https://www.kaggle.com/datasets/frettapper/micropcb-images,CC BY 4.0,https://creativecommons.org/licenses/by/4.0/,raspberry_pi_sbc,raspberry_pi_a_plus,A,D,D,D,1,ADDD,train,train,NOT_VERIFIED,train_coded/train_coded/ADDD1.jpg,54fed7583620081564090e32f85077f47a4534d8c71a53388fce5b7aa91519c9,1836,2551,246,164,1344,2223,11.34333934,0.911989815
micro_pcb_v2_ADDD2,micro_pcb_images,https://www.kaggle.com/datasets/frettapper/micropcb-images,CC BY 4.0,https://creativecommons.org/licenses/by/4.0/,raspberry_pi_sbc,raspberry_pi_a_plus,A,D,D,D,2,ADDD,train,train,NOT_VERIFIED,train_coded/train_coded/ADDD2.jpg,336b6ad47fecf68a1e75cc5dcb67a681108a046f4a09000d26f13a03d34501cd,1819,2547,246,164,1327,2218,10.53333616,0.914387407
micro_pcb_v2_ADDD3,micro_pcb_images,https://www.kaggle.com/datasets/frettapper/micropcb-images,CC BY 4.0,https://creativecommons.org/licenses/by/4.0/,raspberry_pi_sbc,raspberry_pi_a_plus,A,D,D,D,3,ADDD,train,train,NOT_VERIFIED,train_coded/train_coded/ADDD3.jpg,f049504cf87ec153f06ae5b121ee2bf1f2bb72fb6cd2ee88568339a01b01db84,1806,2541,246,164,1313,2213,9.886077991,0.914330302
micro_pcb_v2_ADDD4,micro_pcb_images,https://www.kaggle.com/datasets/frettapper/micropcb-images,CC BY 4.0,https://creativecommons.org/licenses/by/4.0/,raspberry_pi_sbc,raspberry_pi_a_plus,A,D,D,D,4,ADDD,train,train,NOT_VERIFIED,train_coded/train_coded/ADDD4.jpg,0c2888e3446d2b68bbf43cc187e937386829a0ce7f9b0fe47803e94bbcefd163,1811,2544,246,164,1319,2216,10.14914995,0.914330864
micro_pcb_v2_ADDE1,micro_pcb_images,https://www.kaggle.com/datasets/frettapper/micropcb-images,CC BY 4.0,https://creativecommons.org/licenses/by/4.0/,raspberry_pi_sbc,raspberry_pi_a_plus,A,D,D,E,1,ADDE,train,train,NOT_VERIFIED,train_coded/train_coded/ADDE1.jpg,6a4665081eedb0dcfb353fa9518cfb25490e16bd04915ac2e4ef25333df95181,1715,2286,246,164,1221,1958,12.43522888,0.854417571
micro_pcb_v2_ADDE2,micro_pcb_images,https://www.kaggle.com/datasets/frettapper/micropcb-images,CC BY 4.0,https://creativecommons.org/licenses/by/4.0/,raspberry_pi_sbc,raspberry_pi_a_plus,A,D,D,E,2,ADDE,train,train,NOT_VERIFIED,train_coded/train_coded/ADDE2.jpg,e4a75ef6f78d43a7373837ffe583041efccae6b926f18886c030122aa3e361c9,1691,2272,246,164,1197,1942,11.49139026,0.855073344
micro_pcb_v2_ADDE3,micro_pcb_images,https://www.kaggle.com/datasets/frettapper/micropcb-images,CC BY 4.0,https://creativecommons.org/licenses/by/4.0/,raspberry_pi_sbc,raspberry_pi_a_plus,A,D,D,E,3,ADDE,train,train,NOT_VERIFIED,train_coded/train_coded/ADDE3.jpg,f9f6ca2a4f4e41791ddb6310970eaa8defe09987a69bc48b4d7afa035a2e8950,1681,2267,246,164,1188,1938,11.04750172,0.85629912
micro_pcb_v2_ADDE4,micro_pcb_images,https://www.kaggle.com/datasets/frettapper/micropcb-images,CC BY 4.0,https://creativecommons.org/licenses/by/4.0/,raspberry_pi_sbc,raspberry_pi_a_plus,A,D,D,E,4,ADDE,train,train,NOT_VERIFIED,train_coded/train_coded/ADDE4.jpg,6c8a26162bd834d037b711b6f03fed35b52584ba9f1272d69336692ffdf6c85e,1682,2270,246,164,1189,1941,11.05717523,0.857311981
micro_pcb_v2_ADEA1,micro_pcb_images,https://www.kaggle.com/datasets/frettapper/micropcb-images,CC BY 4.0,https://creativecommons.org/licenses/by/4.0/,raspberry_pi_sbc,raspberry_pi_a_plus,A,D,E,A,1,ADEA,train,train,NOT_VERIFIED,train_coded/train_coded/ADEA1.jpg,854f00c09902dd32d0ea92b92b075b2e6ba6f869f42dc2be068a420b07a5dd46,2068,2224,247,167,1575,1893,19.7794099,1.109633844
micro_pcb_v2_ADEA2,micro_pcb_images,https://www.kaggle.com/datasets/frettapper/micropcb-images,CC BY 4.0,https://creativecommons.org/licenses/by/4.0/,raspberry_pi_sbc,raspberry_pi_a_plus,A,D,E,A,2,ADEA,train,train,NOT_VERIFIED,train_coded/train_coded/ADEA2.jpg,192599a27ca92096b673c0cdfdd976422ebd34126f5551b9295f0a6549985a55,2043,2211,244,165,1553,1882,19.02079795,1.110487008
micro_pcb_v2_ADEA3,micro_pcb_images,https://www.kaggle.com/datasets/frettapper/micropcb-images,CC BY 4.0,https://creativecommons.org/licenses/by/4.0/,raspberry_pi_sbc,raspberry_pi_a_plus,A,D,E,A,3,ADEA,train,train,NOT_VERIFIED,train_coded/train_coded/ADEA3.jpg,b0b296b2052c947f539ca2c07f755750afcc3dc5dc1351e26ffdc6113458fa8d,2023,2203,245,172,1531,1866,18.43117064,1.10805396
micro_pcb_v2_ADEA4,micro_pcb_images,https://www.kaggle.com/datasets/frettapper/micropcb-images,CC BY 4.0,https://creativecommons.org/licenses/by/4.0/,raspberry_pi_sbc,raspberry_pi_a_plus,A,D,E,A,4,ADEA,train,train,NOT_VERIFIED,train_coded/train_coded/ADEA4.jpg,01692a92ef73e6e23d9b483580b22bc13d86551a105df9696a716994a7e84f6b,2006,2209,246,181,1514,1864,17.74992276,1.103452973
micro_pcb_v2_ADEB1,micro_pcb_images,https://www.kaggle.com/datasets/frettapper/micropcb-images,CC BY 4.0,https://creativecommons.org/licenses/by/4.0/,raspberry_pi_sbc,raspberry_pi_a_plus,A,D,E,B,1,ADEB,train,train,NOT_VERIFIED,train_coded/train_coded/ADEB1.jpg,9e95c00a55ea850f886b6b8e855d2081fdc1eac2d9ad5575b45453714f5ff653,2207,2643,251,171,1710,2309,18.49802746,1.062318064
micro_pcb_v2_ADEB2,micro_pcb_images,https://www.kaggle.com/datasets/frettapper/micropcb-images,CC BY 4.0,https://creativecommons.org/licenses/by/4.0/,raspberry_pi_sbc,raspberry_pi_a_plus,A,D,E,B,2,ADEB,train,train,NOT_VERIFIED,train_coded/train_coded/ADEB2.jpg,ced0deee5f21dfb72f22d688cd28fe723498f8297e27747d50b6150db8356bfc,2194,2642,252,170,1696,2309,17.71657176,1.070071714
micro_pcb_v2_ADEB3,micro_pcb_images,https://www.kaggle.com/datasets/frettapper/micropcb-images,CC BY 4.0,https://creativecommons.org/licenses/by/4.0/,raspberry_pi_sbc,raspberry_pi_a_plus,A,D,E,B,3,ADEB,train,train,NOT_VERIFIED,train_coded/train_coded/ADEB3.jpg,c1e4c2f357319bd089dc347d0a9a188cfed60aaf09f7a81edae5b91b047cdda9,2190,2637,253,171,1690,2302,17.73922312,1.061050061
micro_pcb_v2_ADEB4,micro_pcb_images,https://www.kaggle.com/datasets/frettapper/micropcb-images,CC BY 4.0,https://creativecommons.org/licenses/by/4.0/,raspberry_pi_sbc,raspberry_pi_a_plus,A,D,E,B,4,ADEB,train,train,NOT_VERIFIED,train_coded/train_coded/ADEB4.jpg,c0f817d4c6a5484888cf0a8a077634c7a9e4a2e67364df26e1b42de0e4b3550b,2166,2628,246,166,1674,2299,16.97573349,1.062801861
micro_pcb_v2_ADEC1,micro_pcb_images,https://www.kaggle.com/datasets/frettapper/micropcb-images,CC BY 4.0,https://creativecommons.org/licenses/by/4.0/,raspberry_pi_sbc,raspberry_pi_a_plus,A,D,E,C,1,ADEC,train,train,NOT_VERIFIED,train_coded/train_coded/ADEC1.jpg,c63482cce8e2d041acc9f29f37b95a090461bae1afae4d8497f9d1b92d712860,1864,2428,263,164,1355,2100,16.10462009,0.953983423
micro_pcb_v2_ADEC2,micro_pcb_images,https://www.kaggle.com/datasets/frettapper/micropcb-images,CC BY 4.0,https://creativecommons.org/licenses/by/4.0/,raspberry_pi_sbc,raspberry_pi_a_plus,A,D,E,C,2,ADEC,train,train,NOT_VERIFIED,train_coded/train_coded/ADEC2.jpg,cbe55167af88d05edab6929dd31d3534d6ef722ceb463c0cbfa84267d1021e4d,1859,2425,261,165,1352,2096,15.99526739,0.955445414
micro_pcb_v2_ADEC3,micro_pcb_images,https://www.kaggle.com/datasets/frettapper/micropcb-images,CC BY 4.0,https://creativecommons.org/licenses/by/4.0/,raspberry_pi_sbc,raspberry_pi_a_plus,A,D,E,C,3,ADEC,train,train,NOT_VERIFIED,train_coded/train_coded/ADEC3.jpg,2b80d03eb679680b69916a4916c5c80a2e47f4c45c7fdc556b85d9fc45736935,1876,2429,263,165,1367,2100,16.55515975,0.95222993
micro_pcb_v2_ADEC4,micro_pcb_images,https://www.kaggle.com/datasets/frettapper/micropcb-images,CC BY 4.0,https://creativecommons.org/licenses/by/4.0/,raspberry_pi_sbc,raspberry_pi_a_plus,A,D,E,C,4,ADEC,train,train,NOT_VERIFIED,train_coded/train_coded/ADEC4.jpg,cdd1ae7b84b79f9c9917196abaff20e57359cd84743f926144b6ea977e55494c,1874,2430,262,164,1366,2104,16.20853665,0.962982795
micro_pcb_v2_ADED1,micro_pcb_images,https://www.kaggle.com/datasets/frettapper/micropcb-images,CC BY 4.0,https://creativecommons.org/licenses/by/4.0/,raspberry_pi_sbc,raspberry_pi_a_plus,A,D,E,D,1,ADED,train,train,NOT_VERIFIED,train_coded/train_coded/ADED1.jpg,9ed247c78976a573f4608c6c79483001df55ee78d3d6bf8c7005f0f86204cd70,1709,2465,245,164,1217,2136,10.03645822,0.912684228
micro_pcb_v2_ADED2,micro_pcb_images,https://www.kaggle.com/datasets/frettapper/micropcb-images,CC BY 4.0,https://creativecommons.org/licenses/by/4.0/,raspberry_pi_sbc,raspberry_pi_a_plus,A,D,E,D,2,ADED,train,train,NOT_VERIFIED,train_coded/train_coded/ADED2.jpg,4f9defd8f761f2048c8113eb0a53a26e6cbfeb4b179cf5405d3035e4f83bf018,1710,2465,247,164,1216,2136,10.0261799,0.912583205
micro_pcb_v2_ADED3,micro_pcb_images,https://www.kaggle.com/datasets/frettapper/micropcb-images,CC BY 4.0,https://creativecommons.org/licenses/by/4.0/,raspberry_pi_sbc,raspberry_pi_a_plus,A,D,E,D,3,ADED,train,train,NOT_VERIFIED,train_coded/train_coded/ADED3.jpg,a76483ff164d2bb96a43898aec8ccc079fbca73948c2a4d85ab0e28a03c503d6,1698,2460,247,164,1204,2131,9.54522256,0.914720888
micro_pcb_v2_ADED4,micro_pcb_images,https://www.kaggle.com/datasets/frettapper/micropcb-images,CC BY 4.0,https://creativecommons.org/licenses/by/4.0/,raspberry_pi_sbc,raspberry_pi_a_plus,A,D,E,D,4,ADED,train,train,NOT_VERIFIED,train_coded/train_coded/ADED4.jpg,59fab8407c285139a64877c7a115667c87eaaf0e4d5d478f5908dc7593bcbff5,1699,2459,246,164,1207,2130,9.582173037,0.91490603
micro_pcb_v2_ADEE1,micro_pcb_images,https://www.kaggle.com/datasets/frettapper/micropcb-images,CC BY 4.0,https://creativecommons.org/licenses/by/4.0/,raspberry_pi_sbc,raspberry_pi_a_plus,A,D,E,E,1,ADEE,train,train,NOT_VERIFIED,train_coded/train_coded/ADEE1.jpg,f65d6a4b8f5e6f2d47e769de64cbc5b6ea7eb6ea1fa11bc33b4275e390444835,1531,2187,246,164,1038,1859,9.350363998,0.867570471
micro_pcb_v2_ADEE2,micro_pcb_images,https://www.kaggle.com/datasets/frettapper/micropcb-images,CC BY 4.0,https://creativecommons.org/licenses/by/4.0/,raspberry_pi_sbc,raspberry_pi_a_plus,A,D,E,E,2,ADEE,train,train,NOT_VERIFIED,train_coded/train_coded/ADEE2.jpg,8414d6d8bb0dbcfcc79df03920fc1ed15ee330d8fe5bd1bcd5f91572fee23d57,1512,2179,246,164,1019,1852,7.993214808,0.869775519
micro_pcb_v2_ADEE3,micro_pcb_images,https://www.kaggle.com/datasets/frettapper/micropcb-images,CC BY 4.0,https://creativecommons.org/licenses/by/4.0/,raspberry_pi_sbc,raspberry_pi_a_plus,A,D,E,E,3,ADEE,train,train,NOT_VERIFIED,train_coded/train_coded/ADEE3.jpg,c759a94535e3e18f809f8b0090fd9f37c3de5072bedbb1798360dd9faf8bd6ec,1519,2182,246,164,1026,1853,8.379537828,0.871901301
micro_pcb_v2_ADEE4,micro_pcb_images,https://www.kaggle.com/datasets/frettapper/micropcb-images,CC BY 4.0,https://creativecommons.org/licenses/by/4.0/,raspberry_pi_sbc,raspberry_pi_a_plus,A,D,E,E,4,ADEE,train,train,NOT_VERIFIED,train_coded/train_coded/ADEE4.jpg,1629cf0432ac2210642398cdc913b53b2516df42feaafa8fca4a8ade99fedd91,1504,2175,245,163,1012,1848,7.538197522,0.872348603
micro_pcb_v2_AEAA1,micro_pcb_images,https://www.kaggle.com/datasets/frettapper/micropcb-images,CC BY 4.0,https://creativecommons.org/licenses/by/4.0/,raspberry_pi_sbc,raspberry_pi_a_plus,A,E,A,A,1,AEAA,train,train,NOT_VERIFIED,train_coded/train_coded/AEAA1.jpg,dd567a04868effdbc9c94ac229b520fcfb6e5ef1fe0b2e931b0ae50849ed01aa,1693,2174,247,164,1201,1846,13.47778148,1.13364238
micro_pcb_v2_AEAA2,micro_pcb_images,https://www.kaggle.com/datasets/frettapper/micropcb-images,CC BY 4.0,https://creativecommons.org/licenses/by/4.0/,raspberry_pi_sbc,raspberry_pi_a_plus,A,E,A,A,2,AEAA,train,train,NOT_VERIFIED,train_coded/train_coded/AEAA2.jpg,e593fa510d83b080f094c11cd0c7b6ba1bc6b031c2dcba3eab81d1e12f4a55d8,1687,2170,247,164,1194,1842,13.44043061,1.136559426
micro_pcb_v2_AEAA3,micro_pcb_images,https://www.kaggle.com/datasets/frettapper/micropcb-images,CC BY 4.0,https://creativecommons.org/licenses/by/4.0/,raspberry_pi_sbc,raspberry_pi_a_plus,A,E,A,A,3,AEAA,train,train,NOT_VERIFIED,train_coded/train_coded/AEAA3.jpg,5128ba92e92a8f42a008db5c10fefb8308ae7ef57be20c9df63cf1ce4a0e7f83,1683,2165,248,164,1190,1838,13.30377713,1.133711709
micro_pcb_v2_AEAA4,micro_pcb_images,https://www.kaggle.com/datasets/frettapper/micropcb-images,CC BY 4.0,https://creativecommons.org/licenses/by/4.0/,raspberry_pi_sbc,raspberry_pi_a_plus,A,E,A,A,4,AEAA,train,train,NOT_VERIFIED,train_coded/train_coded/AEAA4.jpg,493e10d8ccb36338a47c5e6c005c999a96a259c79925645ba1743fbaa3a20aa2,1677,2161,248,165,1184,1833,13.0387691,1.12857138
micro_pcb_v2_AEAB1,micro_pcb_images,https://www.kaggle.com/datasets/frettapper/micropcb-images,CC BY 4.0,https://creativecommons.org/licenses/by/4.0/,raspberry_pi_sbc,raspberry_pi_a_plus,A,E,A,B,1,AEAB,train,train,NOT_VERIFIED,train_coded/train_coded/AEAB1.jpg,a245a472ca06d63832be283a6778c2f441ce8af1fc2f6f576d88e59d3ad6248c,1891,2428,246,164,1396,2100,17.31636,1.089467812
micro_pcb_v2_AEAB2,micro_pcb_images,https://www.kaggle.com/datasets/frettapper/micropcb-images,CC BY 4.0,https://creativecommons.org/licenses/by/4.0/,raspberry_pi_sbc,raspberry_pi_a_plus,A,E,A,B,2,AEAB,train,train,NOT_VERIFIED,train_coded/train_coded/AEAB2.jpg,ffb4ebad67f384a37b5d55d0c317264c4c1eb202944bb9622a39840581fd6759,1879,2426,246,165,1383,2097,16.76578293,1.080919574
micro_pcb_v2_AEAB3,micro_pcb_images,https://www.kaggle.com/datasets/frettapper/micropcb-images,CC BY 4.0,https://creativecommons.org/licenses/by/4.0/,raspberry_pi_sbc,raspberry_pi_a_plus,A,E,A,B,3,AEAB,train,train,NOT_VERIFIED,train_coded/train_coded/AEAB3.jpg,ec6f70e56dfca35432885a14c34ffb20de4c445936bcd4e6eef506b0602b0791,1875,2430,246,165,1382,2101,16.60556918,1.086577932
micro_pcb_v2_AEAB4,micro_pcb_images,https://www.kaggle.com/datasets/frettapper/micropcb-images,CC BY 4.0,https://creativecommons.org/licenses/by/4.0/,raspberry_pi_sbc,raspberry_pi_a_plus,A,E,A,B,4,AEAB,train,train,NOT_VERIFIED,train_coded/train_coded/AEAB4.jpg,814056a9173ab9236f75e93810a9c97ca809aad8343f8f47882fcda36db2bda7,1885,2431,246,165,1383,2102,16.64168125,1.080260116
micro_pcb_v2_AEAC1,micro_pcb_images,https://www.kaggle.com/datasets/frettapper/micropcb-images,CC BY 4.0,https://creativecommons.org/licenses/by/4.0/,raspberry_pi_sbc,raspberry_pi_a_plus,A,E,A,C,1,AEAC,train,train,NOT_VERIFIED,train_coded/train_coded/AEAC1.jpg,a12476550d66d2bf37f092db30f924a588170c46ad63f926d17f6be06660a111,2283,2705,246,165,1778,2377,22.16715086,0.94959512
micro_pcb_v2_AEAC2,micro_pcb_images,https://www.kaggle.com/datasets/frettapper/micropcb-images,CC BY 4.0,https://creativecommons.org/licenses/by/4.0/,raspberry_pi_sbc,raspberry_pi_a_plus,A,E,A,C,2,AEAC,train,train,NOT_VERIFIED,train_coded/train_coded/AEAC2.jpg,491e88a2e03136128f1990d73fc4ad4a89a7925ebad5b9ef26789ed0bcae01a6,2277,2701,246,164,1772,2373,21.92808558,0.95418068
micro_pcb_v2_AEAC3,micro_pcb_images,https://www.kaggle.com/datasets/frettapper/micropcb-images,CC BY 4.0,https://creativecommons.org/licenses/by/4.0/,raspberry_pi_sbc,raspberry_pi_a_plus,A,E,A,C,3,AEAC,train,train,NOT_VERIFIED,train_coded/train_coded/AEAC3.jpg,2519037f15d4db66bbfded9dc223e471f5d7031b861ee114ea36bfed44045847,2305,2703,246,164,1799,2374,22.82637744,0.960470007
micro_pcb_v2_AEAC4,micro_pcb_images,https://www.kaggle.com/datasets/frettapper/micropcb-images,CC BY 4.0,https://creativecommons.org/licenses/by/4.0/,raspberry_pi_sbc,raspberry_pi_a_plus,A,E,A,C,4,AEAC,train,train,NOT_VERIFIED,train_coded/train_coded/AEAC4.jpg,d0021f9b27f4dff0cd69dbe371a648cdcbdaccd97321ba45a56c517540efaab4,2272,2707,246,164,1762,2378,21.49550095,0.947554434
micro_pcb_v2_AEAD1,micro_pcb_images,https://www.kaggle.com/datasets/frettapper/micropcb-images,CC BY 4.0,https://creativecommons.org/licenses/by/4.0/,raspberry_pi_sbc,raspberry_pi_a_plus,A,E,A,D,1,AEAD,train,train,NOT_VERIFIED,train_coded/train_coded/AEAD1.jpg,69cbd0f6e365f265969e9ac2d0a46aa84232316579d7432c0c02bdc651b191e0,2512,2778,247,165,2010,2450,32.80950736,1.000389775
micro_pcb_v2_AEAD2,micro_pcb_images,https://www.kaggle.com/datasets/frettapper/micropcb-images,CC BY 4.0,https://creativecommons.org/licenses/by/4.0/,raspberry_pi_sbc,raspberry_pi_a_plus,A,E,A,D,2,AEAD,train,train,NOT_VERIFIED,train_coded/train_coded/AEAD2.jpg,c3019f1a23ea8b7081edbb2e3ef2ec8c38a528f5556df18d246e44c564ff6d6a,2514,2777,247,164,2013,2447,32.95716242,0.988685115
micro_pcb_v2_AEAD3,micro_pcb_images,https://www.kaggle.com/datasets/frettapper/micropcb-images,CC BY 4.0,https://creativecommons.org/licenses/by/4.0/,raspberry_pi_sbc,raspberry_pi_a_plus,A,E,A,D,3,AEAD,train,train,NOT_VERIFIED,train_coded/train_coded/AEAD3.jpg,0f53b7c34527264ed2f12f2ff939fcd1ffb6e4b12ad2294d349ea1a81fe19736,2516,2777,246,165,2016,2446,33.04335442,0.996426328
micro_pcb_v2_AEAD4,micro_pcb_images,https://www.kaggle.com/datasets/frettapper/micropcb-images,CC BY 4.0,https://creativecommons.org/licenses/by/4.0/,raspberry_pi_sbc,raspberry_pi_a_plus,A,E,A,D,4,AEAD,train,train,NOT_VERIFIED,train_coded/train_coded/AEAD4.jpg,80748dc62f27c5b5a63d78d7817381644bd3d96ff75efbf9f5123d1b1b37b4fc,2504,2774,246,165,2006,2446,32.66753239,0.997461802
micro_pcb_v2_AEAE1,micro_pcb_images,https://www.kaggle.com/datasets/frettapper/micropcb-images,CC BY 4.0,https://creativecommons.org/licenses/by/4.0/,raspberry_pi_sbc,raspberry_pi_a_plus,A,E,A,E,1,AEAE,train,train,NOT_VERIFIED,train_coded/train_coded/AEAE1.jpg,7d6607c6c755f8cb557202d9a2fb637332157d1400291d8145078289f0011ac7,2178,1986,246,164,1671,1655,36.14266943,0.854273782
micro_pcb_v2_AEAE2,micro_pcb_images,https://www.kaggle.com/datasets/frettapper/micropcb-images,CC BY 4.0,https://creativecommons.org/licenses/by/4.0/,raspberry_pi_sbc,raspberry_pi_a_plus,A,E,A,E,2,AEAE,train,train,NOT_VERIFIED,train_coded/train_coded/AEAE2.jpg,76a96e80167eef098d1db3002f6429b0eed80b474d50afe6e4e70d55633e36e5,2174,1984,245,164,1668,1654,36.00595715,0.876814146
micro_pcb_v2_AEAE3,micro_pcb_images,https://www.kaggle.com/datasets/frettapper/micropcb-images,CC BY 4.0,https://creativecommons.org/licenses/by/4.0/,raspberry_pi_sbc,raspberry_pi_a_plus,A,E,A,E,3,AEAE,train,train,NOT_VERIFIED,train_coded/train_coded/AEAE3.jpg,b3fa78081d51c71ed51d932ae9eae33c227a91600716e5944f290059867fcce0,2177,1988,246,164,1672,1659,35.97387411,0.871105835
micro_pcb_v2_AEAE4,micro_pcb_images,https://www.kaggle.com/datasets/frettapper/micropcb-images,CC BY 4.0,https://creativecommons.org/licenses/by/4.0/,raspberry_pi_sbc,raspberry_pi_a_plus,A,E,A,E,4,AEAE,train,train,NOT_VERIFIED,train_coded/train_coded/AEAE4.jpg,7a6e46b369c897a332e522cd92c1e5bfb6c85e4c25802644fb2ce1b6acbe4042,2174,1989,246,164,1670,1659,35.84161134,0.875304784
micro_pcb_v2_AEBA1,micro_pcb_images,https://www.kaggle.com/datasets/frettapper/micropcb-images,CC BY 4.0,https://creativecommons.org/licenses/by/4.0/,raspberry_pi_sbc,raspberry_pi_a_plus,A,E,B,A,1,AEBA,train,train,NOT_VERIFIED,train_coded/train_coded/AEBA1.jpg,442a1f477328dd677c13d5658bf1f379b6b4ffd79e69ac8b640c75c67958e98f,2132,2388,247,165,1638,2059,22.83999133,1.196552795
micro_pcb_v2_AEBA2,micro_pcb_images,https://www.kaggle.com/datasets/frettapper/micropcb-images,CC BY 4.0,https://creativecommons.org/licenses/by/4.0/,raspberry_pi_sbc,raspberry_pi_a_plus,A,E,B,A,2,AEBA,train,train,NOT_VERIFIED,train_coded/train_coded/AEBA2.jpg,d12a88c2b45cf15105ce2bafacd613f903959c35a76cc78b6dbdf2a214e6f7f0,2117,2392,246,164,1624,2064,21.81899234,1.194118731
micro_pcb_v2_AEBA3,micro_pcb_images,https://www.kaggle.com/datasets/frettapper/micropcb-images,CC BY 4.0,https://creativecommons.org/licenses/by/4.0/,raspberry_pi_sbc,raspberry_pi_a_plus,A,E,B,A,3,AEBA,train,train,NOT_VERIFIED,train_coded/train_coded/AEBA3.jpg,0f70005a21a29e5bfbd977579545f90754a01d3ace9f70fbddf0df0552fa5fbc,2107,2387,247,164,1612,2059,21.36455112,1.194328479
micro_pcb_v2_AEBA4,micro_pcb_images,https://www.kaggle.com/datasets/frettapper/micropcb-images,CC BY 4.0,https://creativecommons.org/licenses/by/4.0/,raspberry_pi_sbc,raspberry_pi_a_plus,A,E,B,A,4,AEBA,train,train,NOT_VERIFIED,train_coded/train_coded/AEBA4.jpg,53bc5f443aad7eeedbcec74051264cd4372b8f7599aa16f68827ea7a88d38b0d,2114,2391,246,164,1621,2063,21.73266248,1.195605169
micro_pcb_v2_AEBB1,micro_pcb_images,https://www.kaggle.com/datasets/frettapper/micropcb-images,CC BY 4.0,https://creativecommons.org/licenses/by/4.0/,raspberry_pi_sbc,raspberry_pi_a_plus,A,E,B,B,1,AEBB,train,train,NOT_VERIFIED,train_coded/train_coded/AEBB1.jpg,df8177f361a7b1e257c830534b47873456fa7cd5f950c43fed27eb76472b0b93,2162,2565,247,164,1666,2237,21.24079252,1.127716562
micro_pcb_v2_AEBB2,micro_pcb_images,https://www.kaggle.com/datasets/frettapper/micropcb-images,CC BY 4.0,https://creativecommons.org/licenses/by/4.0/,raspberry_pi_sbc,raspberry_pi_a_plus,A,E,B,B,2,AEBB,train,train,NOT_VERIFIED,train_coded/train_coded/AEBB2.jpg,69174ece73da37666d067da92ba7a218d07a66a8eb5d735dc5b19d53807edc40,2149,2564,246,164,1656,2236,20.82069241,1.117300816
micro_pcb_v2_AEBB3,micro_pcb_images,https://www.kaggle.com/datasets/frettapper/micropcb-images,CC BY 4.0,https://creativecommons.org/licenses/by/4.0/,raspberry_pi_sbc,raspberry_pi_a_plus,A,E,B,B,3,AEBB,train,train,NOT_VERIFIED,train_coded/train_coded/AEBB3.jpg,d8c8e708a7259cc5e018eebc2458fd48312777adab15689f692061adb6794188,2142,2567,246,164,1650,2239,20.30264386,1.117241006
micro_pcb_v2_AEBB4,micro_pcb_images,https://www.kaggle.com/datasets/frettapper/micropcb-images,CC BY 4.0,https://creativecommons.org/licenses/by/4.0/,raspberry_pi_sbc,raspberry_pi_a_plus,A,E,B,B,4,AEBB,train,train,NOT_VERIFIED,train_coded/train_coded/AEBB4.jpg,2478488c41e0362b025aab7ae78d78ca853fda89b573972b6ecc76a1fdd1e3be,2147,2565,247,164,1653,2237,20.60329183,1.118004008
micro_pcb_v2_AEBC1,micro_pcb_images,https://www.kaggle.com/datasets/frettapper/micropcb-images,CC BY 4.0,https://creativecommons.org/licenses/by/4.0/,raspberry_pi_sbc,raspberry_pi_a_plus,A,E,B,C,1,AEBC,train,train,NOT_VERIFIED,train_coded/train_coded/AEBC1.jpg,7cd6ecd7390c5029794125253720df9ac1c5386723fe0745798840c932b652d0,2418,2775,246,168,1906,2443,24.9413042,1.024782055
micro_pcb_v2_AEBC2,micro_pcb_images,https://www.kaggle.com/datasets/frettapper/micropcb-images,CC BY 4.0,https://creativecommons.org/licenses/by/4.0/,raspberry_pi_sbc,raspberry_pi_a_plus,A,E,B,C,2,AEBC,train,train,NOT_VERIFIED,train_coded/train_coded/AEBC2.jpg,fe0932dff548405a8d47f349720fc4a4d61d406cbcee079c4621017a9df8a067,2407,2779,246,170,1897,2445,24.51323338,1.019219938
micro_pcb_v2_AEBC3,micro_pcb_images,https://www.kaggle.com/datasets/frettapper/micropcb-images,CC BY 4.0,https://creativecommons.org/licenses/by/4.0/,raspberry_pi_sbc,raspberry_pi_a_plus,A,E,B,C,3,AEBC,train,train,NOT_VERIFIED,train_coded/train_coded/AEBC3.jpg,f7a054e6fe7438270f04ba89578fb705e34d6c6b51f531b40bbdb5e170826c1d,2407,2780,246,167,1893,2449,24.20458913,1.020202425
micro_pcb_v2_AEBC4,micro_pcb_images,https://www.kaggle.com/datasets/frettapper/micropcb-images,CC BY 4.0,https://creativecommons.org/licenses/by/4.0/,raspberry_pi_sbc,raspberry_pi_a_plus,A,E,B,C,4,AEBC,train,train,NOT_VERIFIED,train_coded/train_coded/AEBC4.jpg,c4ef65812ec7c08a6d2340339f94f384ec649ef49307a289f584d7f1aa9a98ac,2409,2784,246,168,1897,2452,24.17383502,1.031698469
micro_pcb_v2_AEBD1,micro_pcb_images,https://www.kaggle.com/datasets/frettapper/micropcb-images,CC BY 4.0,https://creativecommons.org/licenses/by/4.0/,raspberry_pi_sbc,raspberry_pi_a_plus,A,E,B,D,1,AEBD,train,train,NOT_VERIFIED,train_coded/train_coded/AEBD1.jpg,83b2e66b6e4e9fe7826009ab8f1c6d46e475a731ee9cf00640ff86db5fa91c3d,2658,3037,246,164,2149,2711,25.07614499,0.919090228
micro_pcb_v2_AEBD2,micro_pcb_images,https://www.kaggle.com/datasets/frettapper/micropcb-images,CC BY 4.0,https://creativecommons.org/licenses/by/4.0/,raspberry_pi_sbc,raspberry_pi_a_plus,A,E,B,D,2,AEBD,train,train,NOT_VERIFIED,train_coded/train_coded/AEBD2.jpg,9ac8029f0e88408f050eebd6aaff26ba4d3d89054c7d3e87ffd36e0ddfa75ec3,2640,2980,246,163,2136,2715,24.54578353,0.923461626
micro_pcb_v2_AEBD3,micro_pcb_images,https://www.kaggle.com/datasets/frettapper/micropcb-images,CC BY 4.0,https://creativecommons.org/licenses/by/4.0/,raspberry_pi_sbc,raspberry_pi_a_plus,A,E,B,D,3,AEBD,train,train,NOT_VERIFIED,train_coded/train_coded/AEBD3.jpg,498f087a6d8981c2d5d67b6432c0565f027a0160bc12a785af5ef39dd9b9c01f,2647,3016,247,164,2144,2712,24.85272838,0.920136952
micro_pcb_v2_AEBD4,micro_pcb_images,https://www.kaggle.com/datasets/frettapper/micropcb-images,CC BY 4.0,https://creativecommons.org/licenses/by/4.0/,raspberry_pi_sbc,raspberry_pi_a_plus,A,E,B,D,4,AEBD,train,train,NOT_VERIFIED,train_coded/train_coded/AEBD4.jpg,76b0fa97e4a01542fa307ce6f75404140dc94a78bedc98b4634088c4df65fbd0,2657,3038,246,163,2157,2711,25.31961668,0.924163684
micro_pcb_v2_AEBE1,micro_pcb_images,https://www.kaggle.com/datasets/frettapper/micropcb-images,CC BY 4.0,https://creativecommons.org/licenses/by/4.0/,raspberry_pi_sbc,raspberry_pi_a_plus,A,E,B,E,1,AEBE,train,train,NOT_VERIFIED,train_coded/train_coded/AEBE1.jpg,119a59685373a00519c3f7a875ccf4b7119f4d4172d2687dda900f2be63a0044,2463,2508,247,164,1969,2180,30.02508463,0.852955684
micro_pcb_v2_AEBE2,micro_pcb_images,https://www.kaggle.com/datasets/frettapper/micropcb-images,CC BY 4.0,https://creativecommons.org/licenses/by/4.0/,raspberry_pi_sbc,raspberry_pi_a_plus,A,E,B,E,2,AEBE,train,train,NOT_VERIFIED,train_coded/train_coded/AEBE2.jpg,5e176b1c76ac2dc8104faee18522e5d014c052a5aa5b31fa0dc40e73c8a2d0ec,2448,2509,246,164,1955,2181,29.36572797,0.853703983
micro_pcb_v2_AEBE3,micro_pcb_images,https://www.kaggle.com/datasets/frettapper/micropcb-images,CC BY 4.0,https://creativecommons.org/licenses/by/4.0/,raspberry_pi_sbc,raspberry_pi_a_plus,A,E,B,E,3,AEBE,train,train,NOT_VERIFIED,train_coded/train_coded/AEBE3.jpg,f2e930c7f5d6081914a557e21432a887fbcf954a19e7ed7ae2c48aa9e6c0de14,2438,2499,247,163,1943,2172,29.07418284,0.855774076
micro_pcb_v2_AEBE4,micro_pcb_images,https://www.kaggle.com/datasets/frettapper/micropcb-images,CC BY 4.0,https://creativecommons.org/licenses/by/4.0/,raspberry_pi_sbc,raspberry_pi_a_plus,A,E,B,E,4,AEBE,train,train,NOT_VERIFIED,train_coded/train_coded/AEBE4.jpg,88316227d4491404e3562c33d455303d216bcf4f03f53addf1f437b697b3cb70,2436,2498,246,163,1943,2170,29.07641262,0.85564718
micro_pcb_v2_AECA1,micro_pcb_images,https://www.kaggle.com/datasets/frettapper/micropcb-images,CC BY 4.0,https://creativecommons.org/licenses/by/4.0/,raspberry_pi_sbc,raspberry_pi_a_plus,A,E,C,A,1,AECA,train,train,NOT_VERIFIED,train_coded/train_coded/AECA1.jpg,ceaf0e930cce03c73e1db788c96a470d69a1d114e7d5edf8d2eb6d0e5f93bc6d,2011,2276,247,166,1518,1947,15.93095233,1.165409404
micro_pcb_v2_AECA2,micro_pcb_images,https://www.kaggle.com/datasets/frettapper/micropcb-images,CC BY 4.0,https://creativecommons.org/licenses/by/4.0/,raspberry_pi_sbc,raspberry_pi_a_plus,A,E,C,A,2,AECA,train,train,NOT_VERIFIED,train_coded/train_coded/AECA2.jpg,412f07b580dc487cf66d9abb2f400545ad5694732858cd7d68ecae66b9651d10,2012,2275,247,170,1519,1942,16.21216277,1.162891779
micro_pcb_v2_AECA3,micro_pcb_images,https://www.kaggle.com/datasets/frettapper/micropcb-images,CC BY 4.0,https://creativecommons.org/licenses/by/4.0/,raspberry_pi_sbc,raspberry_pi_a_plus,A,E,C,A,3,AECA,train,train,NOT_VERIFIED,train_coded/train_coded/AECA3.jpg,fedf70f9c8beab1e8fd43f7eaaeb638dcf238b76b99bea28cda1435149888d03,2005,2271,248,169,1512,1938,15.94562239,1.161990688
micro_pcb_v2_AECA4,micro_pcb_images,https://www.kaggle.com/datasets/frettapper/micropcb-images,CC BY 4.0,https://creativecommons.org/licenses/by/4.0/,raspberry_pi_sbc,raspberry_pi_a_plus,A,E,C,A,4,AECA,train,train,NOT_VERIFIED,train_coded/train_coded/AECA4.jpg,424e70c7654a64940d17982629626b6a24c0c784a13dc7164d72a0e2a274af38,2009,2280,247,170,1516,1946,15.9592313,1.16205353
micro_pcb_v2_AECB1,micro_pcb_images,https://www.kaggle.com/datasets/frettapper/micropcb-images,CC BY 4.0,https://creativecommons.org/licenses/by/4.0/,raspberry_pi_sbc,raspberry_pi_a_plus,A,E,C,B,1,AECB,train,train,NOT_VERIFIED,train_coded/train_coded/AECB1.jpg,df6c841df88b9d36f01f845a00b37295bcca7a5637a5b4e43a88eea6129df85d,2314,2695,246,163,1820,2368,20.34688272,1.092566709
micro_pcb_v2_AECB2,micro_pcb_images,https://www.kaggle.com/datasets/frettapper/micropcb-images,CC BY 4.0,https://creativecommons.org/licenses/by/4.0/,raspberry_pi_sbc,raspberry_pi_a_plus,A,E,C,B,2,AECB,train,train,NOT_VERIFIED,train_coded/train_coded/AECB2.jpg,0ee912140a5578b58a87782788fb2f53beb4b182026e8bb981fc05bc07d57fbc,2309,2690,247,164,1814,2362,20.31573347,1.091347104
micro_pcb_v2_AECB3,micro_pcb_images,https://www.kaggle.com/datasets/frettapper/micropcb-images,CC BY 4.0,https://creativecommons.org/licenses/by/4.0/,raspberry_pi_sbc,raspberry_pi_a_plus,A,E,C,B,3,AECB,train,train,NOT_VERIFIED,train_coded/train_coded/AECB3.jpg,36e1e2ba65af4213125213556257f648cf72f1b3dad3096845763e5a1b2c9216,2301,2691,246,165,1808,2363,19.97632065,1.092809448
micro_pcb_v2_AECB4,micro_pcb_images,https://www.kaggle.com/datasets/frettapper/micropcb-images,CC BY 4.0,https://creativecommons.org/licenses/by/4.0/,raspberry_pi_sbc,raspberry_pi_a_plus,A,E,C,B,4,AECB,train,train,NOT_VERIFIED,train_coded/train_coded/AECB4.jpg,1519bf0dbf670e293b3442dc3a072d52369fb0cc2a31b4868828af52cea5ac50,2305,2686,247,164,1811,2358,20.25988221,1.089737537
micro_pcb_v2_AECC1,micro_pcb_images,https://www.kaggle.com/datasets/frettapper/micropcb-images,CC BY 4.0,https://creativecommons.org/licenses/by/4.0/,raspberry_pi_sbc,raspberry_pi_a_plus,A,E,C,C,1,AECC,train,train,NOT_VERIFIED,train_coded/train_coded/AECC1.jpg,183cd2a054ec8cad5c09626041fc341265e26fcf1cf0e38f7f2261940272514d,2302,2730,248,164,1808,2402,21.183729,0.989120181
micro_pcb_v2_AECC2,micro_pcb_images,https://www.kaggle.com/datasets/frettapper/micropcb-images,CC BY 4.0,https://creativecommons.org/licenses/by/4.0/,raspberry_pi_sbc,raspberry_pi_a_plus,A,E,C,C,2,AECC,train,train,NOT_VERIFIED,train_coded/train_coded/AECC2.jpg,89c9531d384fa1f6a1054b12dda1aab239d651f0ffad226fb7418dda09f1119c,2279,2729,249,164,1784,2400,20.29028248,0.987343001
micro_pcb_v2_AECC3,micro_pcb_images,https://www.kaggle.com/datasets/frettapper/micropcb-images,CC BY 4.0,https://creativecommons.org/licenses/by/4.0/,raspberry_pi_sbc,raspberry_pi_a_plus,A,E,C,C,3,AECC,train,train,NOT_VERIFIED,train_coded/train_coded/AECC3.jpg,9712e8cd2991a5a0301219965d6466d93a90d8c10c30dd71b999274cd8c758c5,2287,2731,247,164,1794,2403,20.5909166,0.988936211
micro_pcb_v2_AECC4,micro_pcb_images,https://www.kaggle.com/datasets/frettapper/micropcb-images,CC BY 4.0,https://creativecommons.org/licenses/by/4.0/,raspberry_pi_sbc,raspberry_pi_a_plus,A,E,C,C,4,AECC,train,train,NOT_VERIFIED,train_coded/train_coded/AECC4.jpg,78fe555a379a77ab1116dfa79044cde71c66dd2823eb3fb5350dc9555a8b4f46,2281,2731,247,164,1788,2403,20.34687692,0.989568958
micro_pcb_v2_AECD1,micro_pcb_images,https://www.kaggle.com/datasets/frettapper/micropcb-images,CC BY 4.0,https://creativecommons.org/licenses/by/4.0/,raspberry_pi_sbc,raspberry_pi_a_plus,A,E,C,D,1,AECD,train,train,NOT_VERIFIED,train_coded/train_coded/AECD1.jpg,cbc296676d11bb905af5f5d17e3075ada414a9842b21ffcbdc0c8b2576262acd,2377,2698,246,164,1885,2370,26.02108649,0.907673743
micro_pcb_v2_AECD2,micro_pcb_images,https://www.kaggle.com/datasets/frettapper/micropcb-images,CC BY 4.0,https://creativecommons.org/licenses/by/4.0/,raspberry_pi_sbc,raspberry_pi_a_plus,A,E,C,D,2,AECD,train,train,NOT_VERIFIED,train_coded/train_coded/AECD2.jpg,615c64b3a1082328d65479c0cf977ad87d5ee879ef7cc42bdc428a8849c29519,2355,2698,247,164,1863,2370,25.11796075,0.908176653
micro_pcb_v2_AECD3,micro_pcb_images,https://www.kaggle.com/datasets/frettapper/micropcb-images,CC BY 4.0,https://creativecommons.org/licenses/by/4.0/,raspberry_pi_sbc,raspberry_pi_a_plus,A,E,C,D,3,AECD,train,train,NOT_VERIFIED,train_coded/train_coded/AECD3.jpg,61b8402666740c094882c384652395f042e2c0a7263378b0875683f2821ea865,2348,2700,246,164,1856,2371,24.79852823,0.907335084
micro_pcb_v2_AECD4,micro_pcb_images,https://www.kaggle.com/datasets/frettapper/micropcb-images,CC BY 4.0,https://creativecommons.org/licenses/by/4.0/,raspberry_pi_sbc,raspberry_pi_a_plus,A,E,C,D,4,AECD,train,train,NOT_VERIFIED,train_coded/train_coded/AECD4.jpg,70f60b1425698b04e03fdec290af28a0679c3053c391fc0ff5ff02834fbba850,2359,2691,246,164,1866,2363,25.43700639,0.909907383
micro_pcb_v2_AECE1,micro_pcb_images,https://www.kaggle.com/datasets/frettapper/micropcb-images,CC BY 4.0,https://creativecommons.org/licenses/by/4.0/,raspberry_pi_sbc,raspberry_pi_a_plus,A,E,C,E,1,AECE,train,train,NOT_VERIFIED,train_coded/train_coded/AECE1.jpg,936652d5322760eb0fc49191b8d51e7f21854a348a2c81b618dbc59892cb694f,2246,2402,248,164,1751,2074,29.00642772,0.850342195
micro_pcb_v2_AECE2,micro_pcb_images,https://www.kaggle.com/datasets/frettapper/micropcb-images,CC BY 4.0,https://creativecommons.org/licenses/by/4.0/,raspberry_pi_sbc,raspberry_pi_a_plus,A,E,C,E,2,AECE,train,train,NOT_VERIFIED,train_coded/train_coded/AECE2.jpg,a0ba24c702bba5a57c287ad8c4f5055aa3fd075037c5540a631f88293dc47bfd,2235,2396,247,164,1741,2067,28.78476416,0.849663168
micro_pcb_v2_AECE3,micro_pcb_images,https://www.kaggle.com/datasets/frettapper/micropcb-images,CC BY 4.0,https://creativecommons.org/licenses/by/4.0/,raspberry_pi_sbc,raspberry_pi_a_plus,A,E,C,E,3,AECE,train,train,NOT_VERIFIED,train_coded/train_coded/AECE3.jpg,7d443e1c332a0904c059541b4e3b2ecaaf4c6637fc084d83826305b35f7c9077,2236,2401,248,164,1741,2072,28.58315839,0.851065096
micro_pcb_v2_AECE4,micro_pcb_images,https://www.kaggle.com/datasets/frettapper/micropcb-images,CC BY 4.0,https://creativecommons.org/licenses/by/4.0/,raspberry_pi_sbc,raspberry_pi_a_plus,A,E,C,E,4,AECE,train,train,NOT_VERIFIED,train_coded/train_coded/AECE4.jpg,f85868efff3bb778d0aa2b04f6ccc6fc665f67dbfff8c8cf465015fc254f2edd,2237,2402,247,164,1743,2073,28.64736464,0.851778728
micro_pcb_v2_AEDA1,micro_pcb_images,https://www.kaggle.com/datasets/frettapper/micropcb-images,CC BY 4.0,https://creativecommons.org/licenses/by/4.0/,raspberry_pi_sbc,raspberry_pi_a_plus,A,E,D,A,1,AEDA,train,train,NOT_VERIFIED,train_coded/train_coded/AEDA1.jpg,f29ff5f938895edc7f17cd6b8e83345d5c41429caae94c895c2ab873d36b0ddf,2466,2526,248,171,1972,2192,24.85302637,1.149197489
micro_pcb_v2_AEDA2,micro_pcb_images,https://www.kaggle.com/datasets/frettapper/micropcb-images,CC BY 4.0,https://creativecommons.org/licenses/by/4.0/,raspberry_pi_sbc,raspberry_pi_a_plus,A,E,D,A,2,AEDA,train,train,NOT_VERIFIED,train_coded/train_coded/AEDA2.jpg,28600cddb301dcde35987997ca89113272e3c7b6b731704495950af9b4642eef,2455,2523,249,171,1960,2189,24.41753576,1.147486903
micro_pcb_v2_AEDA3,micro_pcb_images,https://www.kaggle.com/datasets/frettapper/micropcb-images,CC BY 4.0,https://creativecommons.org/licenses/by/4.0/,raspberry_pi_sbc,raspberry_pi_a_plus,A,E,D,A,3,AEDA,train,train,NOT_VERIFIED,train_coded/train_coded/AEDA3.jpg,aaa28bddeb71cc7f19e03e721b399a140c8e615a5ef964c289b8ece4eff7dbe4,2450,2525,249,172,1955,2189,24.19869107,1.148856977
micro_pcb_v2_AEDA4,micro_pcb_images,https://www.kaggle.com/datasets/frettapper/micropcb-images,CC BY 4.0,https://creativecommons.org/licenses/by/4.0/,raspberry_pi_sbc,raspberry_pi_a_plus,A,E,D,A,4,AEDA,train,train,NOT_VERIFIED,train_coded/train_coded/AEDA4.jpg,6e12dbcd2b391ae5182e3b0ffd71c924fc65ade089b354313cc5e961c4e1730c,2430,2519,250,172,1934,2183,23.4148208,1.149067
micro_pcb_v2_AEDB1,micro_pcb_images,https://www.kaggle.com/datasets/frettapper/micropcb-images,CC BY 4.0,https://creativecommons.org/licenses/by/4.0/,raspberry_pi_sbc,raspberry_pi_a_plus,A,E,D,B,1,AEDB,train,train,NOT_VERIFIED,train_coded/train_coded/AEDB1.jpg,24ee4827badfcd843d5e1a007bd7569a8037e9cc5e2728f48855dc003584819f,2736,3019,247,170,2243,2685,27.3427155,1.059282314
micro_pcb_v2_AEDB2,micro_pcb_images,https://www.kaggle.com/datasets/frettapper/micropcb-images,CC BY 4.0,https://creativecommons.org/licenses/by/4.0/,raspberry_pi_sbc,raspberry_pi_a_plus,A,E,D,B,2,AEDB,train,train,NOT_VERIFIED,train_coded/train_coded/AEDB2.jpg,4d61700593bc2926519e3ff3c38debf132b0a85cbf209d4092d7211eef33d2ee,2742,3020,252,171,2244,2685,27.33361849,1.056821797
micro_pcb_v2_AEDB3,micro_pcb_images,https://www.kaggle.com/datasets/frettapper/micropcb-images,CC BY 4.0,https://creativecommons.org/licenses/by/4.0/,raspberry_pi_sbc,raspberry_pi_a_plus,A,E,D,B,3,AEDB,train,train,NOT_VERIFIED,train_coded/train_coded/AEDB3.jpg,e22272b829fbff668cafac649b005a535c5b211ba21b69772b198e84deba308d,2732,3019,246,172,2240,2683,27.15822391,1.059427798
micro_pcb_v2_AEDB4,micro_pcb_images,https://www.kaggle.com/datasets/frettapper/micropcb-images,CC BY 4.0,https://creativecommons.org/licenses/by/4.0/,raspberry_pi_sbc,raspberry_pi_a_plus,A,E,D,B,4,AEDB,train,train,NOT_VERIFIED,train_coded/train_coded/AEDB4.jpg,dbfa089771e7e39837f0d92286fac5a1d3d9f19491997bbd3852db59b3f01c5f,2723,3019,253,174,2224,2681,26.57244125,1.060680962
micro_pcb_v2_AEDC1,micro_pcb_images,https://www.kaggle.com/datasets/frettapper/micropcb-images,CC BY 4.0,https://creativecommons.org/licenses/by/4.0/,raspberry_pi_sbc,raspberry_pi_a_plus,A,E,D,C,1,AEDC,train,train,NOT_VERIFIED,train_coded/train_coded/AEDC1.jpg,7d13757b9a19fc1f163bd8abe1bf344c28d121b0b78619a0a6f2bcfc0b66d2fa,2154,2581,268,165,1640,2253,19.15855217,0.991117968
micro_pcb_v2_AEDC2,micro_pcb_images,https://www.kaggle.com/datasets/frettapper/micropcb-images,CC BY 4.0,https://creativecommons.org/licenses/by/4.0/,raspberry_pi_sbc,raspberry_pi_a_plus,A,E,D,C,2,AEDC,train,train,NOT_VERIFIED,train_coded/train_coded/AEDC2.jpg,375af4a6df4c14af70f1370737c59385ea7c2715372159e3f25ee762684b0dce,2148,2583,266,165,1636,2254,18.9866533,0.991113318
micro_pcb_v2_AEDC3,micro_pcb_images,https://www.kaggle.com/datasets/frettapper/micropcb-images,CC BY 4.0,https://creativecommons.org/licenses/by/4.0/,raspberry_pi_sbc,raspberry_pi_a_plus,A,E,D,C,3,AEDC,train,train,NOT_VERIFIED,train_coded/train_coded/AEDC3.jpg,302beb5b34cbb89fa5bce115c19542ab2783f1119e0e8eea7cefbc37b3d50f76,2144,2580,267,165,1630,2252,18.80127808,0.989261141
micro_pcb_v2_AEDC4,micro_pcb_images,https://www.kaggle.com/datasets/frettapper/micropcb-images,CC BY 4.0,https://creativecommons.org/licenses/by/4.0/,raspberry_pi_sbc,raspberry_pi_a_plus,A,E,D,C,4,AEDC,train,train,NOT_VERIFIED,train_coded/train_coded/AEDC4.jpg,a88d6ba4182fe344be1bcad9e38d3e7384c493f8b3905faab5bbc93a232bb02c,2149,2580,267,165,1635,2252,19.24629244,0.980758287
micro_pcb_v2_AEDD1,micro_pcb_images,https://www.kaggle.com/datasets/frettapper/micropcb-images,CC BY 4.0,https://creativecommons.org/licenses/by/4.0/,raspberry_pi_sbc,raspberry_pi_a_plus,A,E,D,D,1,AEDD,train,train,NOT_VERIFIED,train_coded/train_coded/AEDD1.jpg,725090368657ad160e583daf6a4d058c2264cf74849aa8adfeac8f4b30922bed,2048,2588,246,165,1554,2259,19.2865407,0.901541552
micro_pcb_v2_AEDD2,micro_pcb_images,https://www.kaggle.com/datasets/frettapper/micropcb-images,CC BY 4.0,https://creativecommons.org/licenses/by/4.0/,raspberry_pi_sbc,raspberry_pi_a_plus,A,E,D,D,2,AEDD,train,train,NOT_VERIFIED,train_coded/train_coded/AEDD2.jpg,462e8088780d1d30b654347c65306a7ca1cf2a115bd338d49b54de7948ec7427,2034,2585,246,165,1541,2256,18.77882781,0.904020067
micro_pcb_v2_AEDD3,micro_pcb_images,https://www.kaggle.com/datasets/frettapper/micropcb-images,CC BY 4.0,https://creativecommons.org/licenses/by/4.0/,raspberry_pi_sbc,raspberry_pi_a_plus,A,E,D,D,3,AEDD,train,train,NOT_VERIFIED,train_coded/train_coded/AEDD3.jpg,71452ed5795e5d88e2877b6b99ed734f8b1487d601de648a0ad8f70653388fff,2019,2582,246,164,1525,2254,18.27800451,0.901167349
micro_pcb_v2_AEDD4,micro_pcb_images,https://www.kaggle.com/datasets/frettapper/micropcb-images,CC BY 4.0,https://creativecommons.org/licenses/by/4.0/,raspberry_pi_sbc,raspberry_pi_a_plus,A,E,D,D,4,AEDD,train,train,NOT_VERIFIED,train_coded/train_coded/AEDD4.jpg,6298c68464c0ee9bf78879f3f83d2463345ae4f9b4b5f5bffda6872b9cb4659d,2042,2585,245,165,1549,2256,19.21350752,0.901627342
micro_pcb_v2_AEDE1,micro_pcb_images,https://www.kaggle.com/datasets/frettapper/micropcb-images,CC BY 4.0,https://creativecommons.org/licenses/by/4.0/,raspberry_pi_sbc,raspberry_pi_a_plus,A,E,D,E,1,AEDE,train,train,NOT_VERIFIED,train_coded/train_coded/AEDE1.jpg,20573cd96f6c431e843883b89c54ff2bac3f4f8fb0ace7deb97849585f4d76f4,1887,2293,246,165,1393,1963,21.89320736,0.844249488
micro_pcb_v2_AEDE2,micro_pcb_images,https://www.kaggle.com/datasets/frettapper/micropcb-images,CC BY 4.0,https://creativecommons.org/licenses/by/4.0/,raspberry_pi_sbc,raspberry_pi_a_plus,A,E,D,E,2,AEDE,train,train,NOT_VERIFIED,train_coded/train_coded/AEDE2.jpg,ece9879df6164fe0809b24911f948ceb77a28d6b27a37dce958e34bf1822a8cb,1890,2286,246,165,1395,1956,21.73531544,0.849531246
micro_pcb_v2_AEDE3,micro_pcb_images,https://www.kaggle.com/datasets/frettapper/micropcb-images,CC BY 4.0,https://creativecommons.org/licenses/by/4.0/,raspberry_pi_sbc,raspberry_pi_a_plus,A,E,D,E,3,AEDE,train,train,NOT_VERIFIED,train_coded/train_coded/AEDE3.jpg,fe2b3d79de54a09b34d4276a8f4ab73073332b56f7710bc1f4a8571bb5894ac0,1885,2284,245,163,1392,1956,21.52172354,0.848199557
micro_pcb_v2_AEDE4,micro_pcb_images,https://www.kaggle.com/datasets/frettapper/micropcb-images,CC BY 4.0,https://creativecommons.org/licenses/by/4.0/,raspberry_pi_sbc,raspberry_pi_a_plus,A,E,D,E,4,AEDE,train,train,NOT_VERIFIED,train_coded/train_coded/AEDE4.jpg,71c730d6eb898c801b63c57e1f7d75fafffe6da0643fee1ebff35f7db39b38e3,1903,2288,245,164,1410,1959,22.32044182,0.848130209
micro_pcb_v2_AEEA1,micro_pcb_images,https://www.kaggle.com/datasets/frettapper/micropcb-images,CC BY 4.0,https://creativecommons.org/licenses/by/4.0/,raspberry_pi_sbc,raspberry_pi_a_plus,A,E,E,A,1,AEEA,train,train,NOT_VERIFIED,train_coded/train_coded/AEEA1.jpg,e8341b6d3873260a394ce03e6f5b0cab232a3c3bc871cbbf294915db10f246b4,2325,2199,248,164,1831,1872,32.34231367,1.109752015
micro_pcb_v2_AEEA2,micro_pcb_images,https://www.kaggle.com/datasets/frettapper/micropcb-images,CC BY 4.0,https://creativecommons.org/licenses/by/4.0/,raspberry_pi_sbc,raspberry_pi_a_plus,A,E,E,A,2,AEEA,train,train,NOT_VERIFIED,train_coded/train_coded/AEEA2.jpg,8092e8aae26e762bbedd49a75f01d86fc6918fe93b758f3d793c65af988c5145,2327,2199,252,164,1829,1872,32.12827776,1.110691871
micro_pcb_v2_AEEA3,micro_pcb_images,https://www.kaggle.com/datasets/frettapper/micropcb-images,CC BY 4.0,https://creativecommons.org/licenses/by/4.0/,raspberry_pi_sbc,raspberry_pi_a_plus,A,E,E,A,3,AEEA,train,train,NOT_VERIFIED,train_coded/train_coded/AEEA3.jpg,d6378802360257fcc0f6383c094c5ed399715a38b1ded19bee2f9696099ad8d2,2326,2203,253,164,1828,1877,31.95102718,1.11456665
micro_pcb_v2_AEEA4,micro_pcb_images,https://www.kaggle.com/datasets/frettapper/micropcb-images,CC BY 4.0,https://creativecommons.org/licenses/by/4.0/,raspberry_pi_sbc,raspberry_pi_a_plus,A,E,E,A,4,AEEA,train,train,NOT_VERIFIED,train_coded/train_coded/AEEA4.jpg,c808ea653f60b14091b250f3402fe2ec535c6f58c3cc2ee0c175249bc628e561,2312,2211,247,164,1820,1884,31.18899089,1.119930733
micro_pcb_v2_AEEB1,micro_pcb_images,https://www.kaggle.com/datasets/frettapper/micropcb-images,CC BY 4.0,https://creativecommons.org/licenses/by/4.0/,raspberry_pi_sbc,raspberry_pi_a_plus,A,E,E,B,1,AEEB,train,train,NOT_VERIFIED,train_coded/train_coded/AEEB1.jpg,1f429296c51085c00c099fef0683c12fe90b19b5ca3966192b8ab8b6cbac0443,2420,2692,246,170,1928,2359,25.55130253,1.059315925
micro_pcb_v2_AEEB2,micro_pcb_images,https://www.kaggle.com/datasets/frettapper/micropcb-images,CC BY 4.0,https://creativecommons.org/licenses/by/4.0/,raspberry_pi_sbc,raspberry_pi_a_plus,A,E,E,B,2,AEEB,train,train,NOT_VERIFIED,train_coded/train_coded/AEEB2.jpg,0a7fb6726431cf19db548228c40ff5c6ed32b3589474e1e928657317aeeac377,2424,2688,251,171,1927,2355,25.58301678,1.058212431
micro_pcb_v2_AEEB3,micro_pcb_images,https://www.kaggle.com/datasets/frettapper/micropcb-images,CC BY 4.0,https://creativecommons.org/licenses/by/4.0/,raspberry_pi_sbc,raspberry_pi_a_plus,A,E,E,B,3,AEEB,train,train,NOT_VERIFIED,train_coded/train_coded/AEEB3.jpg,5ba6c01cec75316dd85f4bdbaca884df9e522985b7b5851818ee8d9362d39984,2419,2688,247,168,1925,2357,25.3723368,1.063641658
micro_pcb_v2_AEEB4,micro_pcb_images,https://www.kaggle.com/datasets/frettapper/micropcb-images,CC BY 4.0,https://creativecommons.org/licenses/by/4.0/,raspberry_pi_sbc,raspberry_pi_a_plus,A,E,E,B,4,AEEB,train,train,NOT_VERIFIED,train_coded/train_coded/AEEB4.jpg,a6601540e89c084652138cacfebb03beb3da78e84d4b6666031f193084bb6a87,2427,2688,254,172,1927,2353,25.6996001,1.050861506
micro_pcb_v2_AEEC1,micro_pcb_images,https://www.kaggle.com/datasets/frettapper/micropcb-images,CC BY 4.0,https://creativecommons.org/licenses/by/4.0/,raspberry_pi_sbc,raspberry_pi_a_plus,A,E,E,C,1,AEEC,train,train,NOT_VERIFIED,train_coded/train_coded/AEEC1.jpg,7a17b98d660c2d09749e9ad0b56b7c22921b12baec0dd24c26166980d698bda9,2103,2451,261,164,1596,2125,25.18532332,0.944476676
micro_pcb_v2_AEEC2,micro_pcb_images,https://www.kaggle.com/datasets/frettapper/micropcb-images,CC BY 4.0,https://creativecommons.org/licenses/by/4.0/,raspberry_pi_sbc,raspberry_pi_a_plus,A,E,E,C,2,AEEC,train,train,NOT_VERIFIED,train_coded/train_coded/AEEC2.jpg,a69d3e686913fdf9c2f91561c17039e570c2ff97e5ec887fbeeb5af750c6d4d2,2092,2453,261,164,1585,2127,24.15242835,0.962918431
micro_pcb_v2_AEEC3,micro_pcb_images,https://www.kaggle.com/datasets/frettapper/micropcb-images,CC BY 4.0,https://creativecommons.org/licenses/by/4.0/,raspberry_pi_sbc,raspberry_pi_a_plus,A,E,E,C,3,AEEC,train,train,NOT_VERIFIED,train_coded/train_coded/AEEC3.jpg,75a5f86ca0e4b5e71b5819bfaf2559f0106c3082cff5d89adc161795ab6f6527,2085,2454,261,164,1578,2128,24.33340452,0.943784827
micro_pcb_v2_AEEC4,micro_pcb_images,https://www.kaggle.com/datasets/frettapper/micropcb-images,CC BY 4.0,https://creativecommons.org/licenses/by/4.0/,raspberry_pi_sbc,raspberry_pi_a_plus,A,E,E,C,4,AEEC,train,train,NOT_VERIFIED,train_coded/train_coded/AEEC4.jpg,d8853f0c742c0011d9802d71586d85fb790fe1804c65b4b90fb5b4fc4189beac,2075,2452,259,164,1570,2125,23.80703612,0.954735034
micro_pcb_v2_AEED1,micro_pcb_images,https://www.kaggle.com/datasets/frettapper/micropcb-images,CC BY 4.0,https://creativecommons.org/licenses/by/4.0/,raspberry_pi_sbc,raspberry_pi_a_plus,A,E,E,D,1,AEED,train,train,NOT_VERIFIED,train_coded/train_coded/AEED1.jpg,5bc84d0aa2e994db5bdd6817c99e9412fa6343e43a98bea00ac523fe2d347293,1906,2491,246,164,1413,2162,19.05997301,0.900802165
micro_pcb_v2_AEED2,micro_pcb_images,https://www.kaggle.com/datasets/frettapper/micropcb-images,CC BY 4.0,https://creativecommons.org/licenses/by/4.0/,raspberry_pi_sbc,raspberry_pi_a_plus,A,E,E,D,2,AEED,train,train,NOT_VERIFIED,train_coded/train_coded/AEED2.jpg,0ce4d2a1b76ab0cfb878f5d65b16750ad859c47698f89435e6925d7669f99266,1890,2493,248,164,1394,2164,18.26594845,0.898506611
micro_pcb_v2_AEED3,micro_pcb_images,https://www.kaggle.com/datasets/frettapper/micropcb-images,CC BY 4.0,https://creativecommons.org/licenses/by/4.0/,raspberry_pi_sbc,raspberry_pi_a_plus,A,E,E,D,3,AEED,train,train,NOT_VERIFIED,train_coded/train_coded/AEED3.jpg,fa7e1211055932c9bed21e2a0ee4d7449234abfdb7e5bf2b3f3ffe66d9030954,1878,2491,247,164,1384,2163,17.74988615,0.900739573
micro_pcb_v2_AEED4,micro_pcb_images,https://www.kaggle.com/datasets/frettapper/micropcb-images,CC BY 4.0,https://creativecommons.org/licenses/by/4.0/,raspberry_pi_sbc,raspberry_pi_a_plus,A,E,E,D,4,AEED,train,train,NOT_VERIFIED,train_coded/train_coded/AEED4.jpg,0b7111ae1414631df614b4d00141f59499a7ec5e44ad308b9fedd8787d731806,1884,2492,247,165,1390,2163,18.07703803,0.900715644
micro_pcb_v2_AEEE1,micro_pcb_images,https://www.kaggle.com/datasets/frettapper/micropcb-images,CC BY 4.0,https://creativecommons.org/licenses/by/4.0/,raspberry_pi_sbc,raspberry_pi_a_plus,A,E,E,E,1,AEEE,train,train,NOT_VERIFIED,train_coded/train_coded/AEEE1.jpg,3b8434ce931c9c033fa3007e0086ec35e2cf4358d502a5332dd55829cb5a3035,1732,2187,245,163,1240,1859,21.37278309,0.854934383
micro_pcb_v2_AEEE2,micro_pcb_images,https://www.kaggle.com/datasets/frettapper/micropcb-images,CC BY 4.0,https://creativecommons.org/licenses/by/4.0/,raspberry_pi_sbc,raspberry_pi_a_plus,A,E,E,E,2,AEEE,train,train,NOT_VERIFIED,train_coded/train_coded/AEEE2.jpg,ac52f0baa830244f3b263ba0f70ccbbb37bd9a393cbd5b1d0de6b43a987cdea9,1730,2194,247,164,1236,1866,20.97692201,0.85315122
micro_pcb_v2_AEEE3,micro_pcb_images,https://www.kaggle.com/datasets/frettapper/micropcb-images,CC BY 4.0,https://creativecommons.org/licenses/by/4.0/,raspberry_pi_sbc,raspberry_pi_a_plus,A,E,E,E,3,AEEE,train,train,NOT_VERIFIED,train_coded/train_coded/AEEE3.jpg,bd354d2eae4149c1de06f4cf40ca182537e836366cedb19955bbb02c3536243e,1739,2195,246,163,1246,1867,21.48246172,0.852770022
micro_pcb_v2_AEEE4,micro_pcb_images,https://www.kaggle.com/datasets/frettapper/micropcb-images,CC BY 4.0,https://creativecommons.org/licenses/by/4.0/,raspberry_pi_sbc,raspberry_pi_a_plus,A,E,E,E,4,AEEE,train,train,NOT_VERIFIED,train_coded/train_coded/AEEE4.jpg,2f1b042b8705550ca33d093e598509c3f7414ba89decd7251d4502b2fa324dab,1738,2197,246,164,1245,1868,21.36965637,0.853462108
micro_pcb_v2_HAAA1,micro_pcb_images,https://www.kaggle.com/datasets/frettapper/micropcb-images,CC BY 4.0,https://creativecommons.org/licenses/by/4.0/,raspberry_pi_sbc,raspberry_pi_3_b_plus,H,A,A,A,1,HAAA,train,train,NOT_VERIFIED,train_coded/train_coded/HAAA1.jpg,8cdecfc643331945c62d7c873b6f8585687e1fc8f21f487c9001d3da91219be1,2036,1722,246,164,1541,1395,32.78602043,1.262788059
micro_pcb_v2_HAAA2,micro_pcb_images,https://www.kaggle.com/datasets/frettapper/micropcb-images,CC BY 4.0,https://creativecommons.org/licenses/by/4.0/,raspberry_pi_sbc,raspberry_pi_3_b_plus,H,A,A,A,2,HAAA,train,train,NOT_VERIFIED,train_coded/train_coded/HAAA2.jpg,82f984391272bc7ad3bc0a341dacc888b45c4b759fd03ad3a86d8792f9996750,2027,1722,246,164,1532,1394,32.21126924,1.26202752
micro_pcb_v2_HAAA3,micro_pcb_images,https://www.kaggle.com/datasets/frettapper/micropcb-images,CC BY 4.0,https://creativecommons.org/licenses/by/4.0/,raspberry_pi_sbc,raspberry_pi_3_b_plus,H,A,A,A,3,HAAA,train,train,NOT_VERIFIED,train_coded/train_coded/HAAA3.jpg,962cb2e1e70bd45b3fc3dd783acfa66a9a386d7fc000818de9bc3242654c441c,2019,1722,246,164,1526,1394,31.87548447,1.257532327
micro_pcb_v2_HAAA4,micro_pcb_images,https://www.kaggle.com/datasets/frettapper/micropcb-images,CC BY 4.0,https://creativecommons.org/licenses/by/4.0/,raspberry_pi_sbc,raspberry_pi_3_b_plus,H,A,A,A,4,HAAA,train,train,NOT_VERIFIED,train_coded/train_coded/HAAA4.jpg,5edd9d3d0110d3a47e2ec27a2825c7fab02f25e17916a912fc85da756ef1d292,2020,1725,246,163,1528,1399,31.93254808,1.241134829
micro_pcb_v2_HAAB1,micro_pcb_images,https://www.kaggle.com/datasets/frettapper/micropcb-images,CC BY 4.0,https://creativecommons.org/licenses/by/4.0/,raspberry_pi_sbc,raspberry_pi_3_b_plus,H,A,A,B,1,HAAB,train,train,NOT_VERIFIED,train_coded/train_coded/HAAB1.jpg,def3fb1387f270ed4db610a3df8394484b5ab8b2d2349c80d2e53cc17baeb175,2101,2034,246,166,1610,1705,30.33760745,1.207610486
micro_pcb_v2_HAAB2,micro_pcb_images,https://www.kaggle.com/datasets/frettapper/micropcb-images,CC BY 4.0,https://creativecommons.org/licenses/by/4.0/,raspberry_pi_sbc,raspberry_pi_3_b_plus,H,A,A,B,2,HAAB,train,train,NOT_VERIFIED,train_coded/train_coded/HAAB2.jpg,91781a2a9902497380d64828452a0402fabbc08ee7d27725bbd0c91c9d07ddf3,2108,2037,246,167,1616,1708,30.34528515,1.210766756
micro_pcb_v2_HAAB3,micro_pcb_images,https://www.kaggle.com/datasets/frettapper/micropcb-images,CC BY 4.0,https://creativecommons.org/licenses/by/4.0/,raspberry_pi_sbc,raspberry_pi_3_b_plus,H,A,A,B,3,HAAB,train,train,NOT_VERIFIED,train_coded/train_coded/HAAB3.jpg,2832ac6959772929c310e49208d27f7829c5b67637932b4a99ea0f6a3f0f02a0,2110,2031,246,165,1619,1704,30.78752854,1.205536061
micro_pcb_v2_HAAB4,micro_pcb_images,https://www.kaggle.com/datasets/frettapper/micropcb-images,CC BY 4.0,https://creativecommons.org/licenses/by/4.0/,raspberry_pi_sbc,raspberry_pi_3_b_plus,H,A,A,B,4,HAAB,train,train,NOT_VERIFIED,train_coded/train_coded/HAAB4.jpg,afa61fdcd5eeb4fc84460ef90b86af9bb80289cd17a86444befcfb7bc157e900,2118,2034,246,167,1627,1704,31.11355878,1.208121579
micro_pcb_v2_HAAC1,micro_pcb_images,https://www.kaggle.com/datasets/frettapper/micropcb-images,CC BY 4.0,https://creativecommons.org/licenses/by/4.0/,raspberry_pi_sbc,raspberry_pi_3_b_plus,H,A,A,C,1,HAAC,train,train,NOT_VERIFIED,train_coded/train_coded/HAAC1.jpg,3e0628018a8a310085a74283971042378960361990e688783d11dffbf9442807,2188,2537,252,164,1687,2209,20.70525029,1.082787784
micro_pcb_v2_HAAC2,micro_pcb_images,https://www.kaggle.com/datasets/frettapper/micropcb-images,CC BY 4.0,https://creativecommons.org/licenses/by/4.0/,raspberry_pi_sbc,raspberry_pi_3_b_plus,H,A,A,C,2,HAAC,train,train,NOT_VERIFIED,train_coded/train_coded/HAAC2.jpg,a8247e7cc224c82b5d7a30964c3f57a919826da77b880a68ecf5ff5f32dbeb11,2178,2540,247,166,1682,2210,20.15105486,1.060282838
micro_pcb_v2_HAAC3,micro_pcb_images,https://www.kaggle.com/datasets/frettapper/micropcb-images,CC BY 4.0,https://creativecommons.org/licenses/by/4.0/,raspberry_pi_sbc,raspberry_pi_3_b_plus,H,A,A,C,3,HAAC,train,train,NOT_VERIFIED,train_coded/train_coded/HAAC3.jpg,bb11ad1b3aa5eee78b7e1a1106ddaa69c68f26cda8e2a1180f65813a404ff8bb,2181,2540,247,164,1686,2213,20.05803079,1.031547814
micro_pcb_v2_HAAC4,micro_pcb_images,https://www.kaggle.com/datasets/frettapper/micropcb-images,CC BY 4.0,https://creativecommons.org/licenses/by/4.0/,raspberry_pi_sbc,raspberry_pi_3_b_plus,H,A,A,C,4,HAAC,train,train,NOT_VERIFIED,train_coded/train_coded/HAAC4.jpg,62d4536ba3aa95bec9e0785e4871af915cba2eb5a4f7c5f92ea3343804aa251b,2182,2542,252,164,1685,2214,20.08335518,1.061492893
micro_pcb_v2_HAAD1,micro_pcb_images,https://www.kaggle.com/datasets/frettapper/micropcb-images,CC BY 4.0,https://creativecommons.org/licenses/by/4.0/,raspberry_pi_sbc,raspberry_pi_3_b_plus,H,A,A,D,1,HAAD,train,train,NOT_VERIFIED,train_coded/train_coded/HAAD1.jpg,69468d404f6ed05fc815d87de9763f82c695f60e0c08d1575687e70295ba42cd,2404,2834,246,511,1893,2147,29.4793703,1.164286944
micro_pcb_v2_HAAD2,micro_pcb_images,https://www.kaggle.com/datasets/frettapper/micropcb-images,CC BY 4.0,https://creativecommons.org/licenses/by/4.0/,raspberry_pi_sbc,raspberry_pi_3_b_plus,H,A,A,D,2,HAAD,train,train,NOT_VERIFIED,train_coded/train_coded/HAAD2.jpg,85f8bc3e1998412e56372e79e2b1e8f5ad0a2cec35c4f3b22c2c2d708f89a8f1,2244,2546,148,200,1888,2143,29.30892767,1.152519431
micro_pcb_v2_HAAD3,micro_pcb_images,https://www.kaggle.com/datasets/frettapper/micropcb-images,CC BY 4.0,https://creativecommons.org/licenses/by/4.0/,raspberry_pi_sbc,raspberry_pi_3_b_plus,H,A,A,D,3,HAAD,train,train,NOT_VERIFIED,train_coded/train_coded/HAAD3.jpg,6afe9ce026c05daadb4acf072a464883c32e27d44fab2fba2e4823d5a26bd729,2403,2691,256,381,1886,2143,29.32265144,1.161987269
micro_pcb_v2_HAAD4,micro_pcb_images,https://www.kaggle.com/datasets/frettapper/micropcb-images,CC BY 4.0,https://creativecommons.org/licenses/by/4.0/,raspberry_pi_sbc,raspberry_pi_3_b_plus,H,A,A,D,4,HAAD,train,train,NOT_VERIFIED,train_coded/train_coded/HAAD4.jpg,88f4add7845c9d6be8746929775df673ea113959141e21777e2fc6c5e561cd57,2419,2718,258,402,1895,2143,29.82856726,1.144507363
micro_pcb_v2_HAAE1,micro_pcb_images,https://www.kaggle.com/datasets/frettapper/micropcb-images,CC BY 4.0,https://creativecommons.org/licenses/by/4.0/,raspberry_pi_sbc,raspberry_pi_3_b_plus,H,A,A,E,1,HAAE,train,train,NOT_VERIFIED,train_coded/train_coded/HAAE1.jpg,d8a229e113ff70dcce53f6e139129c84d030016b587f069f4e05d9bcb7f1f032,1951,2203,247,164,1460,1874,25.47786117,1.041598584
micro_pcb_v2_HAAE2,micro_pcb_images,https://www.kaggle.com/datasets/frettapper/micropcb-images,CC BY 4.0,https://creativecommons.org/licenses/by/4.0/,raspberry_pi_sbc,raspberry_pi_3_b_plus,H,A,A,E,2,HAAE,train,train,NOT_VERIFIED,train_coded/train_coded/HAAE2.jpg,4871c71cd39278cad5fd375f61ae435f7f304de2fe14ef59bfd08b9490a5533f,1950,2214,246,173,1459,1877,25.259504,1.061410374
micro_pcb_v2_HAAE3,micro_pcb_images,https://www.kaggle.com/datasets/frettapper/micropcb-images,CC BY 4.0,https://creativecommons.org/licenses/by/4.0/,raspberry_pi_sbc,raspberry_pi_3_b_plus,H,A,A,E,3,HAAE,train,train,NOT_VERIFIED,train_coded/train_coded/HAAE3.jpg,fc721a1f358a911678f46631b7223c5048b44f68342f00808760fe461f32ed05,1951,2209,247,165,1459,1879,25.21319662,1.03278574
micro_pcb_v2_HAAE4,micro_pcb_images,https://www.kaggle.com/datasets/frettapper/micropcb-images,CC BY 4.0,https://creativecommons.org/licenses/by/4.0/,raspberry_pi_sbc,raspberry_pi_3_b_plus,H,A,A,E,4,HAAE,train,train,NOT_VERIFIED,train_coded/train_coded/HAAE4.jpg,ad8a73b21c9ea650bb23c6908b6a2a4532f27efe5ed0ccef5ff76be767f60f40,1952,2210,247,165,1460,1880,25.02928641,1.037830479
micro_pcb_v2_HABA1,micro_pcb_images,https://www.kaggle.com/datasets/frettapper/micropcb-images,CC BY 4.0,https://creativecommons.org/licenses/by/4.0/,raspberry_pi_sbc,raspberry_pi_3_b_plus,H,A,B,A,1,HABA,train,train,NOT_VERIFIED,train_coded/train_coded/HABA1.jpg,6d3ca49f026df3baaff587666c5f51049bf44c812650cb6660627e49d6fd8bab,2195,1922,246,172,1698,1584,31.18566953,1.282748235
micro_pcb_v2_HABA2,micro_pcb_images,https://www.kaggle.com/datasets/frettapper/micropcb-images,CC BY 4.0,https://creativecommons.org/licenses/by/4.0/,raspberry_pi_sbc,raspberry_pi_3_b_plus,H,A,B,A,2,HABA,train,train,NOT_VERIFIED,train_coded/train_coded/HABA2.jpg,7207de9e11cd5a454fce09039780066b3a2336536c7273ca18aaf865f072c2a9,2193,1925,245,170,1696,1590,30.85472989,1.281809105
micro_pcb_v2_HABA3,micro_pcb_images,https://www.kaggle.com/datasets/frettapper/micropcb-images,CC BY 4.0,https://creativecommons.org/licenses/by/4.0/,raspberry_pi_sbc,raspberry_pi_3_b_plus,H,A,B,A,3,HABA,train,train,NOT_VERIFIED,train_coded/train_coded/HABA3.jpg,06e1e02caa40bb26ed9e9738033830f1af1f5805ecb9fc7eafeef34d7fde11bb,2191,1920,246,171,1695,1585,30.9925313,1.285793348
micro_pcb_v2_HABA4,micro_pcb_images,https://www.kaggle.com/datasets/frettapper/micropcb-images,CC BY 4.0,https://creativecommons.org/licenses/by/4.0/,raspberry_pi_sbc,raspberry_pi_3_b_plus,H,A,B,A,4,HABA,train,train,NOT_VERIFIED,train_coded/train_coded/HABA4.jpg,63a1aa3f39640dba8b0eb72070fcac43a84d186d81dd5f64e6f112de32415c04,2191,1923,246,173,1694,1586,30.73631416,1.277529274
micro_pcb_v2_HABB1,micro_pcb_images,https://www.kaggle.com/datasets/frettapper/micropcb-images,CC BY 4.0,https://creativecommons.org/licenses/by/4.0/,raspberry_pi_sbc,raspberry_pi_3_b_plus,H,A,B,B,1,HABB,train,train,NOT_VERIFIED,train_coded/train_coded/HABB1.jpg,6cc3eec8efcc7c8e679e4bcb31da0c7d06d82e9805f1eb09ad661f3481268ca1,2143,2130,246,187,1643,1779,24.21192737,1.120635441
micro_pcb_v2_HABB2,micro_pcb_images,https://www.kaggle.com/datasets/frettapper/micropcb-images,CC BY 4.0,https://creativecommons.org/licenses/by/4.0/,raspberry_pi_sbc,raspberry_pi_3_b_plus,H,A,B,B,2,HABB,train,train,NOT_VERIFIED,train_coded/train_coded/HABB2.jpg,0aaca8cdd9d433981dcc3d9e826a62b9a6b1f6fc24e6e04d83d3ff4aff60163a,2136,2122,246,184,1632,1773,23.70176028,1.132511663
micro_pcb_v2_HABB3,micro_pcb_images,https://www.kaggle.com/datasets/frettapper/micropcb-images,CC BY 4.0,https://creativecommons.org/licenses/by/4.0/,raspberry_pi_sbc,raspberry_pi_3_b_plus,H,A,B,B,3,HABB,train,train,NOT_VERIFIED,train_coded/train_coded/HABB3.jpg,3b864670fe3b53d600de2b81b535e4611a3bfba8e82f1f77ceae97e91833b6cb,2138,2124,246,186,1637,1774,21.62313885,1.029006812
micro_pcb_v2_HABB4,micro_pcb_images,https://www.kaggle.com/datasets/frettapper/micropcb-images,CC BY 4.0,https://creativecommons.org/licenses/by/4.0/,raspberry_pi_sbc,raspberry_pi_3_b_plus,H,A,B,B,4,HABB,train,train,NOT_VERIFIED,train_coded/train_coded/HABB4.jpg,1fa987a78c0ca5026fb1d1d769e8d941f17abc136633f67fef2a176aaa683ac8,2148,2133,246,192,1646,1776,24.34369661,1.11816922
micro_pcb_v2_HABC1,micro_pcb_images,https://www.kaggle.com/datasets/frettapper/micropcb-images,CC BY 4.0,https://creativecommons.org/licenses/by/4.0/,raspberry_pi_sbc,raspberry_pi_3_b_plus,H,A,B,C,1,HABC,train,train,NOT_VERIFIED,train_coded/train_coded/HABC1.jpg,61a3935b793d95755a3203726bb6411411af4bceac0cc160249054a22af433ec,2437,2578,265,215,1923,2199,27.6897901,1.109274032
micro_pcb_v2_HABC2,micro_pcb_images,https://www.kaggle.com/datasets/frettapper/micropcb-images,CC BY 4.0,https://creativecommons.org/licenses/by/4.0/,raspberry_pi_sbc,raspberry_pi_3_b_plus,H,A,B,C,2,HABC,train,train,NOT_VERIFIED,train_coded/train_coded/HABC2.jpg,5bb4e66b9a2d47a0e83f9d8c143e2d8b5f90b57a3ae2c3b5eb8f74ad995591b9,2424,2576,256,214,1918,2198,27.09188197,1.057487185
micro_pcb_v2_HABC3,micro_pcb_images,https://www.kaggle.com/datasets/frettapper/micropcb-images,CC BY 4.0,https://creativecommons.org/licenses/by/4.0/,raspberry_pi_sbc,raspberry_pi_3_b_plus,H,A,B,C,3,HABC,train,train,NOT_VERIFIED,train_coded/train_coded/HABC3.jpg,65b185d437d9cc3248ee28ab17665a19edc3cdca8bf001ac02b7c6c37e15add8,2427,2575,256,214,1920,2198,27.0881986,1.095864369
micro_pcb_v2_HABC4,micro_pcb_images,https://www.kaggle.com/datasets/frettapper/micropcb-images,CC BY 4.0,https://creativecommons.org/licenses/by/4.0/,raspberry_pi_sbc,raspberry_pi_3_b_plus,H,A,B,C,4,HABC,train,train,NOT_VERIFIED,train_coded/train_coded/HABC4.jpg,ad261704d6266281c5b8f8c1db585b05fd83d90dad36d54a2a76bc795b342c7a,2421,2579,264,222,1906,2194,26.96097099,1.051634344
micro_pcb_v2_HABD1,micro_pcb_images,https://www.kaggle.com/datasets/frettapper/micropcb-images,CC BY 4.0,https://creativecommons.org/licenses/by/4.0/,raspberry_pi_sbc,raspberry_pi_3_b_plus,H,A,B,D,1,HABD,train,train,NOT_VERIFIED,train_coded/train_coded/HABD1.jpg,9e088472408c41c01519bab2577658ffd70de5930aae242ad5414fbbac360350,2536,2843,249,164,2040,2515,20.65772746,0.98551064
micro_pcb_v2_HABD2,micro_pcb_images,https://www.kaggle.com/datasets/frettapper/micropcb-images,CC BY 4.0,https://creativecommons.org/licenses/by/4.0/,raspberry_pi_sbc,raspberry_pi_3_b_plus,H,A,B,D,2,HABD,train,train,NOT_VERIFIED,train_coded/train_coded/HABD2.jpg,3d3a8f58647ad63e2c4522b6dc85e3d9884c44fd0664146c2eb4c6fc6b913c00,2534,2845,247,164,2041,2518,20.54040627,0.983805796
micro_pcb_v2_HABD3,micro_pcb_images,https://www.kaggle.com/datasets/frettapper/micropcb-images,CC BY 4.0,https://creativecommons.org/licenses/by/4.0/,raspberry_pi_sbc,raspberry_pi_3_b_plus,H,A,B,D,3,HABD,train,train,NOT_VERIFIED,train_coded/train_coded/HABD3.jpg,65fbae8c110e80795fc485f3e0349cd71d5b973f6e17a2668c6fac339dac6c3d,2530,2844,249,163,2034,2517,20.3385495,0.984388556
micro_pcb_v2_HABD4,micro_pcb_images,https://www.kaggle.com/datasets/frettapper/micropcb-images,CC BY 4.0,https://creativecommons.org/licenses/by/4.0/,raspberry_pi_sbc,raspberry_pi_3_b_plus,H,A,B,D,4,HABD,train,train,NOT_VERIFIED,train_coded/train_coded/HABD4.jpg,61ff1ca35a4edbe56fd2125fc1afb4fdc25acbd185eb56290d34f7e1ef08aeb1,2528,2843,245,164,2036,2515,20.3032908,0.984572954
micro_pcb_v2_HABE1,micro_pcb_images,https://www.kaggle.com/datasets/frettapper/micropcb-images,CC BY 4.0,https://creativecommons.org/licenses/by/4.0/,raspberry_pi_sbc,raspberry_pi_3_b_plus,H,A,B,E,1,HABE,train,train,NOT_VERIFIED,train_coded/train_coded/HABE1.jpg,29660795e721d6604410826c48a3a29711ef8688aafe16f0db9db565faaa5425,2218,2441,259,164,1713,2111,16.81670461,0.878543758
micro_pcb_v2_HABE2,micro_pcb_images,https://www.kaggle.com/datasets/frettapper/micropcb-images,CC BY 4.0,https://creativecommons.org/licenses/by/4.0/,raspberry_pi_sbc,raspberry_pi_3_b_plus,H,A,B,E,2,HABE,train,train,NOT_VERIFIED,train_coded/train_coded/HABE2.jpg,5f6b84648abff2be60db1e5d3639236b4297ef28593d808715474cb655e64e90,2211,2447,260,164,1706,2117,16.22385391,0.878526409
micro_pcb_v2_HABE3,micro_pcb_images,https://www.kaggle.com/datasets/frettapper/micropcb-images,CC BY 4.0,https://creativecommons.org/licenses/by/4.0/,raspberry_pi_sbc,raspberry_pi_3_b_plus,H,A,B,E,3,HABE,train,train,NOT_VERIFIED,train_coded/train_coded/HABE3.jpg,ff2db5b9cf859ca5a01e2f60b24d4bbe7fa26cc19284056cac0614fc38cfdc81,2201,2443,260,164,1695,2114,15.77041707,0.876810084
micro_pcb_v2_HABE4,micro_pcb_images,https://www.kaggle.com/datasets/frettapper/micropcb-images,CC BY 4.0,https://creativecommons.org/licenses/by/4.0/,raspberry_pi_sbc,raspberry_pi_3_b_plus,H,A,B,E,4,HABE,train,train,NOT_VERIFIED,train_coded/train_coded/HABE4.jpg,dd408c32b23af5acc3e942e7056504ad9801e92e57ab16171e286316edd326b3,2209,2450,263,165,1701,2120,15.80243074,0.876701753
micro_pcb_v2_HACA1,micro_pcb_images,https://www.kaggle.com/datasets/frettapper/micropcb-images,CC BY 4.0,https://creativecommons.org/licenses/by/4.0/,raspberry_pi_sbc,raspberry_pi_3_b_plus,H,A,C,A,1,HACA,train,train,NOT_VERIFIED,train_coded/train_coded/HACA1.jpg,af52ca796fcc56549dc62bfe8a7bbc787a829172f6b87bad43369b743a02c655,1986,1960,226,175,1513,1619,23.06285186,1.175487636
micro_pcb_v2_HACA2,micro_pcb_images,https://www.kaggle.com/datasets/frettapper/micropcb-images,CC BY 4.0,https://creativecommons.org/licenses/by/4.0/,raspberry_pi_sbc,raspberry_pi_3_b_plus,H,A,C,A,2,HACA,train,train,NOT_VERIFIED,train_coded/train_coded/HACA2.jpg,b9872e249e8317e7cd899e96c645612757c151d2a879bece3a5ecd31db5c76c4,1978,1956,226,172,1506,1619,22.28157002,1.164508945
micro_pcb_v2_HACA3,micro_pcb_images,https://www.kaggle.com/datasets/frettapper/micropcb-images,CC BY 4.0,https://creativecommons.org/licenses/by/4.0/,raspberry_pi_sbc,raspberry_pi_3_b_plus,H,A,C,A,3,HACA,train,train,NOT_VERIFIED,train_coded/train_coded/HACA3.jpg,1283f4837f61ec5869f788096606c1efd6ccab048f4e0c18e5aa86906fa5aed6,1972,1950,226,170,1499,1615,21.95489422,1.161842587
micro_pcb_v2_HACA4,micro_pcb_images,https://www.kaggle.com/datasets/frettapper/micropcb-images,CC BY 4.0,https://creativecommons.org/licenses/by/4.0/,raspberry_pi_sbc,raspberry_pi_3_b_plus,H,A,C,A,4,HACA,train,train,NOT_VERIFIED,train_coded/train_coded/HACA4.jpg,a02d052073e614e61ffc8776cd6cfb9615d32a90bb7f947f899de919ca6e9658,1978,1953,227,170,1505,1618,22.15700154,1.161420933
micro_pcb_v2_HACB1,micro_pcb_images,https://www.kaggle.com/datasets/frettapper/micropcb-images,CC BY 4.0,https://creativecommons.org/licenses/by/4.0/,raspberry_pi_sbc,raspberry_pi_3_b_plus,H,A,C,B,1,HACB,train,train,NOT_VERIFIED,train_coded/train_coded/HACB1.jpg,b0065ef3edfe12233f1cedcaf9415b44774586b59a0c1d30a9ec490d94b528c9,2142,2311,251,166,1645,1981,19.12203292,1.112577865
micro_pcb_v2_HACB2,micro_pcb_images,https://www.kaggle.com/datasets/frettapper/micropcb-images,CC BY 4.0,https://creativecommons.org/licenses/by/4.0/,raspberry_pi_sbc,raspberry_pi_3_b_plus,H,A,C,B,2,HACB,train,train,NOT_VERIFIED,train_coded/train_coded/HACB2.jpg,cae5f729faf58ccee1863e0208b6c3499e461e79230b1e7c5aef2a8e422d9682,2113,2302,250,168,1617,1970,17.80409768,1.110022243
micro_pcb_v2_HACB3,micro_pcb_images,https://www.kaggle.com/datasets/frettapper/micropcb-images,CC BY 4.0,https://creativecommons.org/licenses/by/4.0/,raspberry_pi_sbc,raspberry_pi_3_b_plus,H,A,C,B,3,HACB,train,train,NOT_VERIFIED,train_coded/train_coded/HACB3.jpg,9240a366b02e292750dd56d37d5e12a8f55dfe70df314dd9334c24bde8e9daf2,2098,2294,247,166,1604,1964,17.26917959,1.104499821
micro_pcb_v2_HACB4,micro_pcb_images,https://www.kaggle.com/datasets/frettapper/micropcb-images,CC BY 4.0,https://creativecommons.org/licenses/by/4.0/,raspberry_pi_sbc,raspberry_pi_3_b_plus,H,A,C,B,4,HACB,train,train,NOT_VERIFIED,train_coded/train_coded/HACB4.jpg,2afbe493dfcd25ecbd44156dedfdf879177abf5e448f1f7eaac74d3dd98c8d0a,2108,2300,247,169,1614,1967,17.71995141,1.108540386
micro_pcb_v2_HACC1,micro_pcb_images,https://www.kaggle.com/datasets/frettapper/micropcb-images,CC BY 4.0,https://creativecommons.org/licenses/by/4.0/,raspberry_pi_sbc,raspberry_pi_3_b_plus,H,A,C,C,1,HACC,train,train,NOT_VERIFIED,train_coded/train_coded/HACC1.jpg,cc1ae9f340e82dbf41f16dd04eb60c9764ab84bb27ef3256546960999a6c5849,2155,2477,246,164,1662,2149,17.6408364,1.005286329
micro_pcb_v2_HACC2,micro_pcb_images,https://www.kaggle.com/datasets/frettapper/micropcb-images,CC BY 4.0,https://creativecommons.org/licenses/by/4.0/,raspberry_pi_sbc,raspberry_pi_3_b_plus,H,A,C,C,2,HACC,train,train,NOT_VERIFIED,train_coded/train_coded/HACC2.jpg,806127ca0fb0f31492590138c648d11df89bd0f275099068a4b26c4b1562ae6f,2142,2474,246,164,1648,2145,16.98463733,1.00453209
micro_pcb_v2_HACC3,micro_pcb_images,https://www.kaggle.com/datasets/frettapper/micropcb-images,CC BY 4.0,https://creativecommons.org/licenses/by/4.0/,raspberry_pi_sbc,raspberry_pi_3_b_plus,H,A,C,C,3,HACC,train,train,NOT_VERIFIED,train_coded/train_coded/HACC3.jpg,9b264df8734be21c02bad38200729b9a049b2717a6c139121f765b5968ded1aa,2148,2477,246,164,1656,2148,17.31729115,1.006039947
micro_pcb_v2_HACC4,micro_pcb_images,https://www.kaggle.com/datasets/frettapper/micropcb-images,CC BY 4.0,https://creativecommons.org/licenses/by/4.0/,raspberry_pi_sbc,raspberry_pi_3_b_plus,H,A,C,C,4,HACC,train,train,NOT_VERIFIED,train_coded/train_coded/HACC4.jpg,4264e27d40d22fde2e36f7c246612f139a6c8c47fc228fc93f367400d4a113d3,2139,2471,234,164,1656,2142,16.9054748,1.003866817
micro_pcb_v2_HACD1,micro_pcb_images,https://www.kaggle.com/datasets/frettapper/micropcb-images,CC BY 4.0,https://creativecommons.org/licenses/by/4.0/,raspberry_pi_sbc,raspberry_pi_3_b_plus,H,A,C,D,1,HACD,train,train,NOT_VERIFIED,train_coded/train_coded/HACD1.jpg,957a688089e42282c4113ac661a6b303af153c8bf17dd4d0a25ce0c0008891e1,2229,2472,247,164,1736,2143,19.76740213,0.958863605
micro_pcb_v2_HACD2,micro_pcb_images,https://www.kaggle.com/datasets/frettapper/micropcb-images,CC BY 4.0,https://creativecommons.org/licenses/by/4.0/,raspberry_pi_sbc,raspberry_pi_3_b_plus,H,A,C,D,2,HACD,train,train,NOT_VERIFIED,train_coded/train_coded/HACD2.jpg,fd1dc237c4c297cd80df7b28576b621b1372bd8350a6442fc7691f900f0c9b3f,2208,2467,247,164,1715,2138,18.77745477,0.955872462
micro_pcb_v2_HACD3,micro_pcb_images,https://www.kaggle.com/datasets/frettapper/micropcb-images,CC BY 4.0,https://creativecommons.org/licenses/by/4.0/,raspberry_pi_sbc,raspberry_pi_3_b_plus,H,A,C,D,3,HACD,train,train,NOT_VERIFIED,train_coded/train_coded/HACD3.jpg,29c723b06ff8bfb9b5c0caba77f8349d15549b898da24f9452dd4dc818231ee3,2202,2466,247,164,1709,2136,18.56423937,0.953494807
micro_pcb_v2_HACD4,micro_pcb_images,https://www.kaggle.com/datasets/frettapper/micropcb-images,CC BY 4.0,https://creativecommons.org/licenses/by/4.0/,raspberry_pi_sbc,raspberry_pi_3_b_plus,H,A,C,D,4,HACD,train,train,NOT_VERIFIED,train_coded/train_coded/HACD4.jpg,033d5f76df4a0aac6cfa023e4b2b5e844b7b563cddf71154e044a2910d7f1760,2197,2466,247,164,1704,2136,18.26414502,0.952216186
micro_pcb_v2_HACE1,micro_pcb_images,https://www.kaggle.com/datasets/frettapper/micropcb-images,CC BY 4.0,https://creativecommons.org/licenses/by/4.0/,raspberry_pi_sbc,raspberry_pi_3_b_plus,H,A,C,E,1,HACE,train,train,NOT_VERIFIED,train_coded/train_coded/HACE1.jpg,0c3355f8dbc09df38e2accfad9e4592233d331531ffcf44fee5cb508c7b721db,2027,2186,251,165,1530,1854,16.43191913,0.905846666
micro_pcb_v2_HACE2,micro_pcb_images,https://www.kaggle.com/datasets/frettapper/micropcb-images,CC BY 4.0,https://creativecommons.org/licenses/by/4.0/,raspberry_pi_sbc,raspberry_pi_3_b_plus,H,A,C,E,2,HACE,train,train,NOT_VERIFIED,train_coded/train_coded/HACE2.jpg,50f013fd54eb0ba0ab9750e5de24837f746552e9b05ee2ef0c47acab8b76011a,2011,2179,249,164,1517,1849,15.74262138,0.903278394
micro_pcb_v2_HACE3,micro_pcb_images,https://www.kaggle.com/datasets/frettapper/micropcb-images,CC BY 4.0,https://creativecommons.org/licenses/by/4.0/,raspberry_pi_sbc,raspberry_pi_3_b_plus,H,A,C,E,3,HACE,train,train,NOT_VERIFIED,train_coded/train_coded/HACE3.jpg,0ebf0efa456ae08d8e9a1044f19214c08cd5f3600ff869584be720324e9b6736,2006,2176,250,165,1510,1846,15.55227876,0.904506581
micro_pcb_v2_HACE4,micro_pcb_images,https://www.kaggle.com/datasets/frettapper/micropcb-images,CC BY 4.0,https://creativecommons.org/licenses/by/4.0/,raspberry_pi_sbc,raspberry_pi_3_b_plus,H,A,C,E,4,HACE,train,train,NOT_VERIFIED,train_coded/train_coded/HACE4.jpg,a4e8487432ee01c32857ea684af7ce396054689d8dae7a5244659890a438e3d5,2002,2171,248,164,1508,1841,15.54909097,0.903569548
micro_pcb_v2_HADA1,micro_pcb_images,https://www.kaggle.com/datasets/frettapper/micropcb-images,CC BY 4.0,https://creativecommons.org/licenses/by/4.0/,raspberry_pi_sbc,raspberry_pi_3_b_plus,H,A,D,A,1,HADA,train,train,NOT_VERIFIED,train_coded/train_coded/HADA1.jpg,6202d4ec9525d14559b14538a17fd32d938a94377111a82f26b009308e401a64,2248,2330,249,165,1742,2000,26.06239338,1.212425108
micro_pcb_v2_HADA2,micro_pcb_images,https://www.kaggle.com/datasets/frettapper/micropcb-images,CC BY 4.0,https://creativecommons.org/licenses/by/4.0/,raspberry_pi_sbc,raspberry_pi_3_b_plus,H,A,D,A,2,HADA,train,train,NOT_VERIFIED,train_coded/train_coded/HADA2.jpg,eeb84554f7f62fae56b0291aa256cbb4e07a557e44d6f6dabee3fd0a7ad546d6,2227,2320,246,165,1724,1990,24.87608497,1.200863577
micro_pcb_v2_HADA3,micro_pcb_images,https://www.kaggle.com/datasets/frettapper/micropcb-images,CC BY 4.0,https://creativecommons.org/licenses/by/4.0/,raspberry_pi_sbc,raspberry_pi_3_b_plus,H,A,D,A,3,HADA,train,train,NOT_VERIFIED,train_coded/train_coded/HADA3.jpg,0b3e93db96fd3ae380a048741b99bf0e9c4a4a1506923ea74224bfc73d9f9df9,2229,2316,251,164,1721,1988,24.59890394,1.200195636
micro_pcb_v2_HADA4,micro_pcb_images,https://www.kaggle.com/datasets/frettapper/micropcb-images,CC BY 4.0,https://creativecommons.org/licenses/by/4.0/,raspberry_pi_sbc,raspberry_pi_3_b_plus,H,A,D,A,4,HADA,train,train,NOT_VERIFIED,train_coded/train_coded/HADA4.jpg,209f7cf11ae1343ac704716fb91767fe6521244cf3a5658e25ba5103e0a4622c,2209,2311,245,165,1706,1982,24.18099607,1.196649846
micro_pcb_v2_HADB1,micro_pcb_images,https://www.kaggle.com/datasets/frettapper/micropcb-images,CC BY 4.0,https://creativecommons.org/licenses/by/4.0/,raspberry_pi_sbc,raspberry_pi_3_b_plus,H,A,D,B,1,HADB,train,train,NOT_VERIFIED,train_coded/train_coded/HADB1.jpg,561e25ff1e134a29d53782fdd14736d48da34d5bce0297b86c78830db048191f,2408,2723,255,166,1907,2393,22.63558802,1.122593042
micro_pcb_v2_HADB2,micro_pcb_images,https://www.kaggle.com/datasets/frettapper/micropcb-images,CC BY 4.0,https://creativecommons.org/licenses/by/4.0/,raspberry_pi_sbc,raspberry_pi_3_b_plus,H,A,D,B,2,HADB,train,train,NOT_VERIFIED,train_coded/train_coded/HADB2.jpg,4b8816fbe4e23f32dc72103d7b0acdced3028f7fcdd547831b3d3c197d56f772,2403,2722,258,168,1899,2390,22.15437666,1.125568027
micro_pcb_v2_HADB3,micro_pcb_images,https://www.kaggle.com/datasets/frettapper/micropcb-images,CC BY 4.0,https://creativecommons.org/licenses/by/4.0/,raspberry_pi_sbc,raspberry_pi_3_b_plus,H,A,D,B,3,HADB,train,train,NOT_VERIFIED,train_coded/train_coded/HADB3.jpg,1fd1d8d09dd8f24246fab70bf81e36c6221b227674563e4783f1ef0a86c311a9,2396,2717,260,166,1890,2387,21.87916851,1.121055812
micro_pcb_v2_HADB4,micro_pcb_images,https://www.kaggle.com/datasets/frettapper/micropcb-images,CC BY 4.0,https://creativecommons.org/licenses/by/4.0/,raspberry_pi_sbc,raspberry_pi_3_b_plus,H,A,D,B,4,HADB,train,train,NOT_VERIFIED,train_coded/train_coded/HADB4.jpg,bd906f778f48ec10263626893fed1f3a0f8f256257528de5c3b6f0130e9692d3,2386,2711,255,168,1888,2379,21.58251395,1.114330338
micro_pcb_v2_HADC1,micro_pcb_images,https://www.kaggle.com/datasets/frettapper/micropcb-images,CC BY 4.0,https://creativecommons.org/licenses/by/4.0/,raspberry_pi_sbc,raspberry_pi_3_b_plus,H,A,D,C,1,HADC,train,train,NOT_VERIFIED,train_coded/train_coded/HADC1.jpg,a21866b8416dcdd685971b0f88d924ad30ac266ebef4337cec8e007e75c19b6f,2027,2314,268,164,1515,1988,18.55268722,1.101131862
micro_pcb_v2_HADC2,micro_pcb_images,https://www.kaggle.com/datasets/frettapper/micropcb-images,CC BY 4.0,https://creativecommons.org/licenses/by/4.0/,raspberry_pi_sbc,raspberry_pi_3_b_plus,H,A,D,C,2,HADC,train,train,NOT_VERIFIED,train_coded/train_coded/HADC2.jpg,73fc277c3a22ec306739e5a863f706dc816eb7584691f1d6e86a2713a2203875,2022,2314,265,164,1515,1986,18.41449229,1.100574829
micro_pcb_v2_HADC3,micro_pcb_images,https://www.kaggle.com/datasets/frettapper/micropcb-images,CC BY 4.0,https://creativecommons.org/licenses/by/4.0/,raspberry_pi_sbc,raspberry_pi_3_b_plus,H,A,D,C,3,HADC,train,train,NOT_VERIFIED,train_coded/train_coded/HADC3.jpg,ab94697c051987b362fb4c715d6b99f06d300ce2d9fcb49cd4c34c428bc30dac,2023,2310,268,164,1512,1984,18.32762827,1.106770026
micro_pcb_v2_HADC4,micro_pcb_images,https://www.kaggle.com/datasets/frettapper/micropcb-images,CC BY 4.0,https://creativecommons.org/licenses/by/4.0/,raspberry_pi_sbc,raspberry_pi_3_b_plus,H,A,D,C,4,HADC,train,train,NOT_VERIFIED,train_coded/train_coded/HADC4.jpg,b587521d60e2e6072a6afa6d7a1b34b888cc9751c94cfb99cbb9ab5581803784,2024,2314,263,165,1518,1987,18.52102496,1.105999436
micro_pcb_v2_HADD1,micro_pcb_images,https://www.kaggle.com/datasets/frettapper/micropcb-images,CC BY 4.0,https://creativecommons.org/licenses/by/4.0/,raspberry_pi_sbc,raspberry_pi_3_b_plus,H,A,D,D,1,HADD,train,train,NOT_VERIFIED,train_coded/train_coded/HADD1.jpg,d2c643f7ada29c46e15333129e547375e9dbb1709f02eab0787c2c43e62041df,2094,2302,287,165,1562,1970,17.99429914,0.956101473
micro_pcb_v2_HADD2,micro_pcb_images,https://www.kaggle.com/datasets/frettapper/micropcb-images,CC BY 4.0,https://creativecommons.org/licenses/by/4.0/,raspberry_pi_sbc,raspberry_pi_3_b_plus,H,A,D,D,2,HADD,train,train,NOT_VERIFIED,train_coded/train_coded/HADD2.jpg,919fa49e412de6fccb8bf7621bcd760a974b7c30b2e1d4ad35a23e498ef0de92,2103,2301,297,206,1561,1930,18.07876945,0.967019131
micro_pcb_v2_HADD3,micro_pcb_images,https://www.kaggle.com/datasets/frettapper/micropcb-images,CC BY 4.0,https://creativecommons.org/licenses/by/4.0/,raspberry_pi_sbc,raspberry_pi_3_b_plus,H,A,D,D,3,HADD,train,train,NOT_VERIFIED,train_coded/train_coded/HADD3.jpg,71c55ac5a3c504b0804f7d9acbbc79ea1689cb17f71933841004cd1b31bde478,2103,2303,292,198,1566,1940,18.19486588,0.964692206
micro_pcb_v2_HADD4,micro_pcb_images,https://www.kaggle.com/datasets/frettapper/micropcb-images,CC BY 4.0,https://creativecommons.org/licenses/by/4.0/,raspberry_pi_sbc,raspberry_pi_3_b_plus,H,A,D,D,4,HADD,train,train,NOT_VERIFIED,train_coded/train_coded/HADD4.jpg,187b53b67cd68a6d405fa865dbaa8db631cce1704a295c52ffaefc03b7a8045d,2127,2311,294,194,1588,1950,19.03640852,0.969884487
micro_pcb_v2_HADE1,micro_pcb_images,https://www.kaggle.com/datasets/frettapper/micropcb-images,CC BY 4.0,https://creativecommons.org/licenses/by/4.0/,raspberry_pi_sbc,raspberry_pi_3_b_plus,H,A,D,E,1,HADE,train,train,NOT_VERIFIED,train_coded/train_coded/HADE1.jpg,9dda825214b513e2f898b650976762815e429a8039c898e2a27c3e9489623ff8,2006,2008,271,164,1490,1676,21.03895994,0.920268398
micro_pcb_v2_HADE2,micro_pcb_images,https://www.kaggle.com/datasets/frettapper/micropcb-images,CC BY 4.0,https://creativecommons.org/licenses/by/4.0/,raspberry_pi_sbc,raspberry_pi_3_b_plus,H,A,D,E,2,HADE,train,train,NOT_VERIFIED,train_coded/train_coded/HADE2.jpg,d05e742eb50ce5034e6c624d0ef5dd5e4a07afc1d2c554702d9610f73568fb7b,1996,2000,273,184,1478,1649,20.33036869,0.922533033
micro_pcb_v2_HADE3,micro_pcb_images,https://www.kaggle.com/datasets/frettapper/micropcb-images,CC BY 4.0,https://creativecommons.org/licenses/by/4.0/,raspberry_pi_sbc,raspberry_pi_3_b_plus,H,A,D,E,3,HADE,train,train,NOT_VERIFIED,train_coded/train_coded/HADE3.jpg,374fc576708024860c262fbeab3b71b8a6633169cceb06fa9de8f84811e79c09,1999,2001,280,180,1473,1653,20.21729433,0.920398613
micro_pcb_v2_HADE4,micro_pcb_images,https://www.kaggle.com/datasets/frettapper/micropcb-images,CC BY 4.0,https://creativecommons.org/licenses/by/4.0/,raspberry_pi_sbc,raspberry_pi_3_b_plus,H,A,D,E,4,HADE,train,train,NOT_VERIFIED,train_coded/train_coded/HADE4.jpg,f548b2297e6ed0d7dd2505c3c6f73eba0171ffeb2d2b89f207a2a301fd9dae95,2007,2005,278,182,1483,1656,20.56690632,0.922549862
micro_pcb_v2_HAEA1,micro_pcb_images,https://www.kaggle.com/datasets/frettapper/micropcb-images,CC BY 4.0,https://creativecommons.org/licenses/by/4.0/,raspberry_pi_sbc,raspberry_pi_3_b_plus,H,A,E,A,1,HAEA,train,train,NOT_VERIFIED,train_coded/train_coded/HAEA1.jpg,4dbae5e3a4f46ae5ddd9883766d65c6bfb92fa9762c41898279a9f183029466b,1989,2240,250,165,1492,1907,32.17478312,1.360948296
micro_pcb_v2_HAEA2,micro_pcb_images,https://www.kaggle.com/datasets/frettapper/micropcb-images,CC BY 4.0,https://creativecommons.org/licenses/by/4.0/,raspberry_pi_sbc,raspberry_pi_3_b_plus,H,A,E,A,2,HAEA,train,train,NOT_VERIFIED,train_coded/train_coded/HAEA2.jpg,4b665f21965fdadc7083619c7d2ecc3a5f60673255d1ecea8b139dc690a4ffa1,1985,2233,251,164,1487,1905,32.25003709,1.369373228
micro_pcb_v2_HAEA3,micro_pcb_images,https://www.kaggle.com/datasets/frettapper/micropcb-images,CC BY 4.0,https://creativecommons.org/licenses/by/4.0/,raspberry_pi_sbc,raspberry_pi_3_b_plus,H,A,E,A,3,HAEA,train,train,NOT_VERIFIED,train_coded/train_coded/HAEA3.jpg,0598c7fda4716198a6eb303f51046e85550cc52a319cca34ad0a43025ec72464,1995,2236,253,165,1494,1907,32.42483185,1.37527007
micro_pcb_v2_HAEA4,micro_pcb_images,https://www.kaggle.com/datasets/frettapper/micropcb-images,CC BY 4.0,https://creativecommons.org/licenses/by/4.0/,raspberry_pi_sbc,raspberry_pi_3_b_plus,H,A,E,A,4,HAEA,train,train,NOT_VERIFIED,train_coded/train_coded/HAEA4.jpg,7b10ae2198891be861901fb2209a5a988dcc758b547d02b8962da553d4d8d5c3,2001,2236,256,164,1498,1909,32.19122345,1.481763154
micro_pcb_v2_HAEB1,micro_pcb_images,https://www.kaggle.com/datasets/frettapper/micropcb-images,CC BY 4.0,https://creativecommons.org/licenses/by/4.0/,raspberry_pi_sbc,raspberry_pi_3_b_plus,H,A,E,B,1,HAEB,train,train,NOT_VERIFIED,train_coded/train_coded/HAEB1.jpg,242fc9871f9bff487e4054b51b14bac536124667da9cb84a746e7309f42b33d6,2028,2491,256,168,1529,2161,16.78065934,1.290726617
micro_pcb_v2_HAEB2,micro_pcb_images,https://www.kaggle.com/datasets/frettapper/micropcb-images,CC BY 4.0,https://creativecommons.org/licenses/by/4.0/,raspberry_pi_sbc,raspberry_pi_3_b_plus,H,A,E,B,2,HAEB,train,train,NOT_VERIFIED,train_coded/train_coded/HAEB2.jpg,73369a68e4dcc902e74b0f79becf3d3b6348455273fda4962c19767db18f2f8f,2026,2484,259,166,1523,2156,16.74132362,1.294333008
micro_pcb_v2_HAEB3,micro_pcb_images,https://www.kaggle.com/datasets/frettapper/micropcb-images,CC BY 4.0,https://creativecommons.org/licenses/by/4.0/,raspberry_pi_sbc,raspberry_pi_3_b_plus,H,A,E,B,3,HAEB,train,train,NOT_VERIFIED,train_coded/train_coded/HAEB3.jpg,03399d4a349b2a4c842f4cffa60ce15e12443d83cbad52f0abbcd9444d7c9368,2034,2490,266,166,1524,2161,16.58900435,1.291653358
micro_pcb_v2_HAEB4,micro_pcb_images,https://www.kaggle.com/datasets/frettapper/micropcb-images,CC BY 4.0,https://creativecommons.org/licenses/by/4.0/,raspberry_pi_sbc,raspberry_pi_3_b_plus,H,A,E,B,4,HAEB,train,train,NOT_VERIFIED,train_coded/train_coded/HAEB4.jpg,8ecd37ada471dc59ea048508368d387ea7993d308c5d8305081adffdeb4e3aae,2045,2497,269,167,1532,2167,16.93235802,1.296570522
micro_pcb_v2_HAEC1,micro_pcb_images,https://www.kaggle.com/datasets/frettapper/micropcb-images,CC BY 4.0,https://creativecommons.org/licenses/by/4.0/,raspberry_pi_sbc,raspberry_pi_3_b_plus,H,A,E,C,1,HAEC,train,train,NOT_VERIFIED,train_coded/train_coded/HAEC1.jpg,0df8c21155a31441c753f0d0f11368c0dbfd90a1e709c1f9b0e549e342161b76,1902,2227,242,168,1412,1896,21.65947686,1.091519562
micro_pcb_v2_HAEC2,micro_pcb_images,https://www.kaggle.com/datasets/frettapper/micropcb-images,CC BY 4.0,https://creativecommons.org/licenses/by/4.0/,raspberry_pi_sbc,raspberry_pi_3_b_plus,H,A,E,C,2,HAEC,train,train,NOT_VERIFIED,train_coded/train_coded/HAEC2.jpg,83edead69a2794895ab2957d9df22830e1d8aa7af4bbbf911a62ed4b299b8efa,1893,2217,245,165,1401,1889,21.30764573,0.990509617
micro_pcb_v2_HAEC3,micro_pcb_images,https://www.kaggle.com/datasets/frettapper/micropcb-images,CC BY 4.0,https://creativecommons.org/licenses/by/4.0/,raspberry_pi_sbc,raspberry_pi_3_b_plus,H,A,E,C,3,HAEC,train,train,NOT_VERIFIED,train_coded/train_coded/HAEC3.jpg,b321bf25ac82ea52b13fd93376fb7d92aedc0911a254bed55a2100bfd0225dea,1883,2214,243,173,1393,1878,20.88161901,1.186444259
micro_pcb_v2_HAEC4,micro_pcb_images,https://www.kaggle.com/datasets/frettapper/micropcb-images,CC BY 4.0,https://creativecommons.org/licenses/by/4.0/,raspberry_pi_sbc,raspberry_pi_3_b_plus,H,A,E,C,4,HAEC,train,train,NOT_VERIFIED,train_coded/train_coded/HAEC4.jpg,50784ed0190b4f309b007b321c390325c780f11e812c631b0eb6464654e26eed,1884,2213,243,168,1394,1882,20.83504102,1.104179547
micro_pcb_v2_HAED1,micro_pcb_images,https://www.kaggle.com/datasets/frettapper/micropcb-images,CC BY 4.0,https://creativecommons.org/licenses/by/4.0/,raspberry_pi_sbc,raspberry_pi_3_b_plus,H,A,E,D,1,HAED,train,train,NOT_VERIFIED,train_coded/train_coded/HAED1.jpg,221fba307486838973ceb36f6fe9070074bff8cb16ea43893a7670cf0f7632e9,2000,2165,253,164,1500,1836,24.92531823,1.061575473
micro_pcb_v2_HAED2,micro_pcb_images,https://www.kaggle.com/datasets/frettapper/micropcb-images,CC BY 4.0,https://creativecommons.org/licenses/by/4.0/,raspberry_pi_sbc,raspberry_pi_3_b_plus,H,A,E,D,2,HAED,train,train,NOT_VERIFIED,train_coded/train_coded/HAED2.jpg,e4ed1eb6e3da8762e6dba0b1992292a5787a48ded3381452ffa179527cbbc2bc,1998,2163,252,164,1499,1834,25.08517199,1.065864543
micro_pcb_v2_HAED3,micro_pcb_images,https://www.kaggle.com/datasets/frettapper/micropcb-images,CC BY 4.0,https://creativecommons.org/licenses/by/4.0/,raspberry_pi_sbc,raspberry_pi_3_b_plus,H,A,E,D,3,HAED,train,train,NOT_VERIFIED,train_coded/train_coded/HAED3.jpg,ef63cdbab66e80d3962e7b0e31395161aade9359e0e7131c7769fd7b9c145b17,2000,2164,254,164,1500,1836,24.98541599,1.062603584
micro_pcb_v2_HAED4,micro_pcb_images,https://www.kaggle.com/datasets/frettapper/micropcb-images,CC BY 4.0,https://creativecommons.org/licenses/by/4.0/,raspberry_pi_sbc,raspberry_pi_3_b_plus,H,A,E,D,4,HAED,train,train,NOT_VERIFIED,train_coded/train_coded/HAED4.jpg,b2c288906dbbfa9024c007689fb728a8f04eae74feea9ba35104aaa9743cb313,2006,2166,254,164,1507,1837,25.60060456,1.072357966
micro_pcb_v2_HAEE1,micro_pcb_images,https://www.kaggle.com/datasets/frettapper/micropcb-images,CC BY 4.0,https://creativecommons.org/licenses/by/4.0/,raspberry_pi_sbc,raspberry_pi_3_b_plus,H,A,E,E,1,HAEE,train,train,NOT_VERIFIED,train_coded/train_coded/HAEE1.jpg,338040f6648ff2101f80ff2cb955bb177b5b1332a56a2ee337a435ea7d4d17ae,1980,1897,257,164,1478,1569,27.58620622,1.022538185
micro_pcb_v2_HAEE2,micro_pcb_images,https://www.kaggle.com/datasets/frettapper/micropcb-images,CC BY 4.0,https://creativecommons.org/licenses/by/4.0/,raspberry_pi_sbc,raspberry_pi_3_b_plus,H,A,E,E,2,HAEE,train,train,NOT_VERIFIED,train_coded/train_coded/HAEE2.jpg,2da5f1286c25a84ef2adb55e2040285254e2208cccca0f867512c92656dca2be,1982,1897,264,162,1473,1571,27.20416744,1.020588092
micro_pcb_v2_HAEE3,micro_pcb_images,https://www.kaggle.com/datasets/frettapper/micropcb-images,CC BY 4.0,https://creativecommons.org/licenses/by/4.0/,raspberry_pi_sbc,raspberry_pi_3_b_plus,H,A,E,E,3,HAEE,train,train,NOT_VERIFIED,train_coded/train_coded/HAEE3.jpg,f3d0701419222983096316b20eda92e8230900c4523fc24a505e9881d5de5e9e,1975,1893,259,163,1471,1566,27.04533641,1.017658352
micro_pcb_v2_HAEE4,micro_pcb_images,https://www.kaggle.com/datasets/frettapper/micropcb-images,CC BY 4.0,https://creativecommons.org/licenses/by/4.0/,raspberry_pi_sbc,raspberry_pi_3_b_plus,H,A,E,E,4,HAEE,train,train,NOT_VERIFIED,train_coded/train_coded/HAEE4.jpg,70df286536c57384bca452c1612d2343319c4db7668c632bd317ce3911f0a8ef,1983,1895,260,163,1478,1569,27.67916573,1.026284353
micro_pcb_v2_HBAA1,micro_pcb_images,https://www.kaggle.com/datasets/frettapper/micropcb-images,CC BY 4.0,https://creativecommons.org/licenses/by/4.0/,raspberry_pi_sbc,raspberry_pi_3_b_plus,H,B,A,A,1,HBAA,train,train,NOT_VERIFIED,train_coded/train_coded/HBAA1.jpg,ecc4a5461b3bee0d42da33616366818ebef12906a51bfd8ce49a6bf783d64a8f,1860,1677,246,163,1360,1350,22.95803938,1.206546568
micro_pcb_v2_HBAA2,micro_pcb_images,https://www.kaggle.com/datasets/frettapper/micropcb-images,CC BY 4.0,https://creativecommons.org/licenses/by/4.0/,raspberry_pi_sbc,raspberry_pi_3_b_plus,H,B,A,A,2,HBAA,train,train,NOT_VERIFIED,train_coded/train_coded/HBAA2.jpg,a6baf6a21dd9c7ee24cf1558210bec2835da31d29b3f2fd66f750eecf2351ade,1859,1682,246,165,1361,1353,22.85665676,1.214272245
micro_pcb_v2_HBAA3,micro_pcb_images,https://www.kaggle.com/datasets/frettapper/micropcb-images,CC BY 4.0,https://creativecommons.org/licenses/by/4.0/,raspberry_pi_sbc,raspberry_pi_3_b_plus,H,B,A,A,3,HBAA,train,train,NOT_VERIFIED,train_coded/train_coded/HBAA3.jpg,f3d2a34f9c4be95398c7a545dc5f9a91d54be8406ffd0a9dfed3bc61b4212697,1854,1685,246,165,1354,1356,22.45173262,1.224502981
micro_pcb_v2_HBAA4,micro_pcb_images,https://www.kaggle.com/datasets/frettapper/micropcb-images,CC BY 4.0,https://creativecommons.org/licenses/by/4.0/,raspberry_pi_sbc,raspberry_pi_3_b_plus,H,B,A,A,4,HBAA,train,train,NOT_VERIFIED,train_coded/train_coded/HBAA4.jpg,8d1d840e0b988144424687091a4a9efe3389b6960f77084bacef1a76a208c883,1855,1685,245,165,1356,1355,22.20934591,1.196558257
micro_pcb_v2_HBAB1,micro_pcb_images,https://www.kaggle.com/datasets/frettapper/micropcb-images,CC BY 4.0,https://creativecommons.org/licenses/by/4.0/,raspberry_pi_sbc,raspberry_pi_3_b_plus,H,B,A,B,1,HBAB,train,train,NOT_VERIFIED,train_coded/train_coded/HBAB1.jpg,e6920d26c5981d0641971035be2509919bbada1817ff768dda789ceaf2172cc9,1879,1940,247,165,1383,1612,18.3958998,1.150256639
micro_pcb_v2_HBAB2,micro_pcb_images,https://www.kaggle.com/datasets/frettapper/micropcb-images,CC BY 4.0,https://creativecommons.org/licenses/by/4.0/,raspberry_pi_sbc,raspberry_pi_3_b_plus,H,B,A,B,2,HBAB,train,train,NOT_VERIFIED,train_coded/train_coded/HBAB2.jpg,b69bfde282cbdf218c27422a4a532a78a7f115bb518e7c7d063778781c26502f,1872,1936,246,164,1380,1608,18.21776049,1.152329699
micro_pcb_v2_HBAB3,micro_pcb_images,https://www.kaggle.com/datasets/frettapper/micropcb-images,CC BY 4.0,https://creativecommons.org/licenses/by/4.0/,raspberry_pi_sbc,raspberry_pi_3_b_plus,H,B,A,B,3,HBAB,train,train,NOT_VERIFIED,train_coded/train_coded/HBAB3.jpg,32a70ee495546488c1f87a98c3c785796e195b34fbc26dc74034ba7f89ffb2f1,1871,1935,247,165,1377,1607,17.87191377,1.147112175
micro_pcb_v2_HBAB4,micro_pcb_images,https://www.kaggle.com/datasets/frettapper/micropcb-images,CC BY 4.0,https://creativecommons.org/licenses/by/4.0/,raspberry_pi_sbc,raspberry_pi_3_b_plus,H,B,A,B,4,HBAB,train,train,NOT_VERIFIED,train_coded/train_coded/HBAB4.jpg,00a9d3d47e8fa3a1d6e972c3ae69f194c3aaf32d64f723760e5e5b21aad20dd6,1876,1936,246,165,1380,1609,18.10401598,1.14876175
micro_pcb_v2_HBAC1,micro_pcb_images,https://www.kaggle.com/datasets/frettapper/micropcb-images,CC BY 4.0,https://creativecommons.org/licenses/by/4.0/,raspberry_pi_sbc,raspberry_pi_3_b_plus,H,B,A,C,1,HBAC,train,train,NOT_VERIFIED,train_coded/train_coded/HBAC1.jpg,b0aed4d14448abed4952c9c5cc8a2ea2425f2038a6b4f58302fe33d20cb1f5cd,2015,2501,247,165,1517,2172,13.15087576,1.022023645
micro_pcb_v2_HBAC2,micro_pcb_images,https://www.kaggle.com/datasets/frettapper/micropcb-images,CC BY 4.0,https://creativecommons.org/licenses/by/4.0/,raspberry_pi_sbc,raspberry_pi_3_b_plus,H,B,A,C,2,HBAC,train,train,NOT_VERIFIED,train_coded/train_coded/HBAC2.jpg,1e52094947449c8c558ce77851188172ade168757433305ab000e39af5ef990b,2019,2502,247,164,1523,2174,12.80438443,1.023029791
micro_pcb_v2_HBAC3,micro_pcb_images,https://www.kaggle.com/datasets/frettapper/micropcb-images,CC BY 4.0,https://creativecommons.org/licenses/by/4.0/,raspberry_pi_sbc,raspberry_pi_3_b_plus,H,B,A,C,3,HBAC,train,train,NOT_VERIFIED,train_coded/train_coded/HBAC3.jpg,846a01218c0f049fea0694ffdfe92fa6c04dd9a68b80854a8ca30b7f395ee2a5,2021,2502,246,164,1519,2174,12.46339799,1.014150682
micro_pcb_v2_HBAC4,micro_pcb_images,https://www.kaggle.com/datasets/frettapper/micropcb-images,CC BY 4.0,https://creativecommons.org/licenses/by/4.0/,raspberry_pi_sbc,raspberry_pi_3_b_plus,H,B,A,C,4,HBAC,train,train,NOT_VERIFIED,train_coded/train_coded/HBAC4.jpg,56cb475d2c8ad9ff1deb97517777012f7446f13be1a1452505ef389219ca7968,2024,2505,247,166,1521,2175,12.53927489,1.015637263
micro_pcb_v2_HBAD1,micro_pcb_images,https://www.kaggle.com/datasets/frettapper/micropcb-images,CC BY 4.0,https://creativecommons.org/licenses/by/4.0/,raspberry_pi_sbc,raspberry_pi_3_b_plus,H,B,A,D,1,HBAD,train,train,NOT_VERIFIED,train_coded/train_coded/HBAD1.jpg,e4ec8aa95f3e3b4b9547a5a6e5bb3e71b284e3e0865598e3ed229847d5af451e,2274,2482,257,212,1764,2106,23.64933801,1.118698038
micro_pcb_v2_HBAD2,micro_pcb_images,https://www.kaggle.com/datasets/frettapper/micropcb-images,CC BY 4.0,https://creativecommons.org/licenses/by/4.0/,raspberry_pi_sbc,raspberry_pi_3_b_plus,H,B,A,D,2,HBAD,train,train,NOT_VERIFIED,train_coded/train_coded/HBAD2.jpg,8a670661b3463869c9b779d030f97be4574746d94d2a0c99797a71d3788c2d0d,2276,2505,258,231,1766,2109,23.72892221,1.119260668
micro_pcb_v2_HBAD3,micro_pcb_images,https://www.kaggle.com/datasets/frettapper/micropcb-images,CC BY 4.0,https://creativecommons.org/licenses/by/4.0/,raspberry_pi_sbc,raspberry_pi_3_b_plus,H,B,A,D,3,HBAD,train,train,NOT_VERIFIED,train_coded/train_coded/HBAD3.jpg,d9539b778fb96d1c5d29f1d9a5bc1494b7017e9457466adb03d0764049b4962c,2275,2506,258,233,1762,2109,23.63698546,1.12081633
micro_pcb_v2_HBAD4,micro_pcb_images,https://www.kaggle.com/datasets/frettapper/micropcb-images,CC BY 4.0,https://creativecommons.org/licenses/by/4.0/,raspberry_pi_sbc,raspberry_pi_3_b_plus,H,B,A,D,4,HBAD,train,train,NOT_VERIFIED,train_coded/train_coded/HBAD4.jpg,6d44dc1fe0cbbcaa04afa6e1df4afb90102d143ed2597a01fae9133a314b5cda,2278,2498,257,221,1764,2113,23.52790724,1.12494931
micro_pcb_v2_HBAE1,micro_pcb_images,https://www.kaggle.com/datasets/frettapper/micropcb-images,CC BY 4.0,https://creativecommons.org/licenses/by/4.0/,raspberry_pi_sbc,raspberry_pi_3_b_plus,H,B,A,E,1,HBAE,train,train,NOT_VERIFIED,train_coded/train_coded/HBAE1.jpg,22de6d7c8b3e2c6babdbe08a7758caf5045e7c4038ef3f2d46623f0c4c95b60a,1777,2211,248,165,1278,1880,11.4343513,0.981757377
micro_pcb_v2_HBAE2,micro_pcb_images,https://www.kaggle.com/datasets/frettapper/micropcb-images,CC BY 4.0,https://creativecommons.org/licenses/by/4.0/,raspberry_pi_sbc,raspberry_pi_3_b_plus,H,B,A,E,2,HBAE,train,train,NOT_VERIFIED,train_coded/train_coded/HBAE2.jpg,e9940bfa2945fe8733db4253d2f4bfc72014b9b2dc80b64b4a5899ff214aaf86,1744,2197,247,165,1263,1867,10.79305186,0.998329629
micro_pcb_v2_HBAE3,micro_pcb_images,https://www.kaggle.com/datasets/frettapper/micropcb-images,CC BY 4.0,https://creativecommons.org/licenses/by/4.0/,raspberry_pi_sbc,raspberry_pi_3_b_plus,H,B,A,E,3,HBAE,train,train,NOT_VERIFIED,train_coded/train_coded/HBAE3.jpg,ef04d18e97cb0517044700e4373bd33cb80139b2c5bf8888bcf5bc2ab3b8ef8d,1744,2197,248,165,1263,1866,10.83779769,0.966391123
micro_pcb_v2_HBAE4,micro_pcb_images,https://www.kaggle.com/datasets/frettapper/micropcb-images,CC BY 4.0,https://creativecommons.org/licenses/by/4.0/,raspberry_pi_sbc,raspberry_pi_3_b_plus,H,B,A,E,4,HBAE,train,train,NOT_VERIFIED,train_coded/train_coded/HBAE4.jpg,8e6bdf0ffd201ac1cf995e73a78cf668831d30ee18e0add399704b4cdca09af9,1743,2197,247,165,1263,1867,10.82941461,0.970210529
micro_pcb_v2_HBBA1,micro_pcb_images,https://www.kaggle.com/datasets/frettapper/micropcb-images,CC BY 4.0,https://creativecommons.org/licenses/by/4.0/,raspberry_pi_sbc,raspberry_pi_3_b_plus,H,B,B,A,1,HBBA,train,train,NOT_VERIFIED,train_coded/train_coded/HBBA1.jpg,e7fc714eb015f64825af582d02458975c62a44f3e4c1def0e0e8d7d18fa06467,2011,1835,265,174,1497,1497,22.11180157,1.212168501
micro_pcb_v2_HBBA2,micro_pcb_images,https://www.kaggle.com/datasets/frettapper/micropcb-images,CC BY 4.0,https://creativecommons.org/licenses/by/4.0/,raspberry_pi_sbc,raspberry_pi_3_b_plus,H,B,B,A,2,HBBA,train,train,NOT_VERIFIED,train_coded/train_coded/HBBA2.jpg,35d0071de46a93905ead9f42ce0c726d085d72987782bc9f086c40aff910f7b4,2004,1835,264,170,1486,1501,21.43537455,1.213477491
micro_pcb_v2_HBBA3,micro_pcb_images,https://www.kaggle.com/datasets/frettapper/micropcb-images,CC BY 4.0,https://creativecommons.org/licenses/by/4.0/,raspberry_pi_sbc,raspberry_pi_3_b_plus,H,B,B,A,3,HBBA,train,train,NOT_VERIFIED,train_coded/train_coded/HBBA3.jpg,058a11e1cb4d1615b6eea3bcf2413899b1867a5ee4da93ef1670c903056f8182,2004,1838,265,175,1484,1499,21.29575145,1.210310051
micro_pcb_v2_HBBA4,micro_pcb_images,https://www.kaggle.com/datasets/frettapper/micropcb-images,CC BY 4.0,https://creativecommons.org/licenses/by/4.0/,raspberry_pi_sbc,raspberry_pi_3_b_plus,H,B,B,A,4,HBBA,train,train,NOT_VERIFIED,train_coded/train_coded/HBBA4.jpg,91b753869117effd46dea9a89636a297be719558d49e335e8230afa8043987af,2010,1841,255,173,1489,1504,21.3524925,1.210446385
micro_pcb_v2_HBBB1,micro_pcb_images,https://www.kaggle.com/datasets/frettapper/micropcb-images,CC BY 4.0,https://creativecommons.org/licenses/by/4.0/,raspberry_pi_sbc,raspberry_pi_3_b_plus,H,B,B,B,1,HBBB,train,train,NOT_VERIFIED,train_coded/train_coded/HBBB1.jpg,521249e5f9a147121af686bd0e2dda0c8c6dd228b1cbaac2d9c1b917c81380fb,1986,2024,260,178,1462,1683,16.15727387,1.091259081
micro_pcb_v2_HBBB2,micro_pcb_images,https://www.kaggle.com/datasets/frettapper/micropcb-images,CC BY 4.0,https://creativecommons.org/licenses/by/4.0/,raspberry_pi_sbc,raspberry_pi_3_b_plus,H,B,B,B,2,HBBB,train,train,NOT_VERIFIED,train_coded/train_coded/HBBB2.jpg,c976c60022b0da59c6a0f5a2ee46e406089ea1ba420e750e02ee762ead55711a,1966,2026,246,181,1454,1682,15.84173197,1.121388067
micro_pcb_v2_HBBB3,micro_pcb_images,https://www.kaggle.com/datasets/frettapper/micropcb-images,CC BY 4.0,https://creativecommons.org/licenses/by/4.0/,raspberry_pi_sbc,raspberry_pi_3_b_plus,H,B,B,B,3,HBBB,train,train,NOT_VERIFIED,train_coded/train_coded/HBBB3.jpg,93c867eb72f8217586a4694d5ecbd4207137a2e7539669c560ea19dc512336f3,1978,2029,260,181,1448,1684,15.63640024,1.102434148
micro_pcb_v2_HBBB4,micro_pcb_images,https://www.kaggle.com/datasets/frettapper/micropcb-images,CC BY 4.0,https://creativecommons.org/licenses/by/4.0/,raspberry_pi_sbc,raspberry_pi_3_b_plus,H,B,B,B,4,HBBB,train,train,NOT_VERIFIED,train_coded/train_coded/HBBB4.jpg,0a6a1850703b71b920b2794a9d2a865a0cf776b550242ee8f2bc7b3b3d925e62,1983,2034,260,182,1459,1689,15.93031525,1.112899933
micro_pcb_v2_HBBC1,micro_pcb_images,https://www.kaggle.com/datasets/frettapper/micropcb-images,CC BY 4.0,https://creativecommons.org/licenses/by/4.0/,raspberry_pi_sbc,raspberry_pi_3_b_plus,H,B,B,C,1,HBBC,train,train,NOT_VERIFIED,train_coded/train_coded/HBBC1.jpg,2a2532162ef608d633b40e3b927e7f14196f13ebd8685873e716488f3a11fc45,2170,2503,262,213,1654,2128,15.49288821,1.019241969
micro_pcb_v2_HBBC2,micro_pcb_images,https://www.kaggle.com/datasets/frettapper/micropcb-images,CC BY 4.0,https://creativecommons.org/licenses/by/4.0/,raspberry_pi_sbc,raspberry_pi_3_b_plus,H,B,B,C,2,HBBC,train,train,NOT_VERIFIED,train_coded/train_coded/HBBC2.jpg,8dd6c9f6148557fb5afeedd9eac2a38f1b67b8b3a2b93b96f1a08ac48d0d4b4a,2164,2492,258,206,1654,2122,15.70340793,1.029875992
micro_pcb_v2_HBBC3,micro_pcb_images,https://www.kaggle.com/datasets/frettapper/micropcb-images,CC BY 4.0,https://creativecommons.org/licenses/by/4.0/,raspberry_pi_sbc,raspberry_pi_3_b_plus,H,B,B,C,3,HBBC,train,train,NOT_VERIFIED,train_coded/train_coded/HBBC3.jpg,06fbda23b9e94ff378d7d2feed04e9e8c34ee2c2a79f298a9f6700a060485d4b,2144,2488,256,212,1640,2113,15.05298265,1.038827158
micro_pcb_v2_HBBC4,micro_pcb_images,https://www.kaggle.com/datasets/frettapper/micropcb-images,CC BY 4.0,https://creativecommons.org/licenses/by/4.0/,raspberry_pi_sbc,raspberry_pi_3_b_plus,H,B,B,C,4,HBBC,train,train,NOT_VERIFIED,train_coded/train_coded/HBBC4.jpg,7f7851dc4ef1ef89df4afa7b1bf47e7a1ca2c5d1306fbaf8387341eba6df0642,2118,2484,237,205,1634,2115,14.50915863,1.007037522
micro_pcb_v2_HBBD1,micro_pcb_images,https://www.kaggle.com/datasets/frettapper/micropcb-images,CC BY 4.0,https://creativecommons.org/licenses/by/4.0/,raspberry_pi_sbc,raspberry_pi_3_b_plus,H,B,B,D,1,HBBD,train,train,NOT_VERIFIED,train_coded/train_coded/HBBD1.jpg,fb2dbea69abbee0d80d8d29aa1ead7e0cbbdc1fbc971d45ad4940d687ade5952,2293,2777,247,164,1800,2449,12.14640804,0.98186699
micro_pcb_v2_HBBD2,micro_pcb_images,https://www.kaggle.com/datasets/frettapper/micropcb-images,CC BY 4.0,https://creativecommons.org/licenses/by/4.0/,raspberry_pi_sbc,raspberry_pi_3_b_plus,H,B,B,D,2,HBBD,train,train,NOT_VERIFIED,train_coded/train_coded/HBBD2.jpg,040bc39017e768de8e61467f8a8849eed5012b3126191e192f7ee607f1c965de,2271,2767,245,164,1779,2439,11.4422372,0.977936773
micro_pcb_v2_HBBD3,micro_pcb_images,https://www.kaggle.com/datasets/frettapper/micropcb-images,CC BY 4.0,https://creativecommons.org/licenses/by/4.0/,raspberry_pi_sbc,raspberry_pi_3_b_plus,H,B,B,D,3,HBBD,train,train,NOT_VERIFIED,train_coded/train_coded/HBBD3.jpg,374fbfd55522967c020ec49c4ec68c81462124010d63c22e2f1a419f4d4b94c7,2253,2760,246,164,1760,2431,10.86741712,0.973734544
micro_pcb_v2_HBBD4,micro_pcb_images,https://www.kaggle.com/datasets/frettapper/micropcb-images,CC BY 4.0,https://creativecommons.org/licenses/by/4.0/,raspberry_pi_sbc,raspberry_pi_3_b_plus,H,B,B,D,4,HBBD,train,train,NOT_VERIFIED,train_coded/train_coded/HBBD4.jpg,229c1eab41fbffc72c4fc61193bbb95965ff1744c5a7e1a1ec74800d3353ecbb,2256,2758,249,163,1760,2431,10.91985535,0.974549293
micro_pcb_v2_HBBE1,micro_pcb_images,https://www.kaggle.com/datasets/frettapper/micropcb-images,CC BY 4.0,https://creativecommons.org/licenses/by/4.0/,raspberry_pi_sbc,raspberry_pi_3_b_plus,H,B,B,E,1,HBBE,train,train,NOT_VERIFIED,train_coded/train_coded/HBBE1.jpg,3f2e9b4c3490b1641066f7f3241844bb714dc81c21dd8ac6e26b49f84505da22,2062,2413,258,164,1559,2084,9.989326529,0.881307789
micro_pcb_v2_HBBE2,micro_pcb_images,https://www.kaggle.com/datasets/frettapper/micropcb-images,CC BY 4.0,https://creativecommons.org/licenses/by/4.0/,raspberry_pi_sbc,raspberry_pi_3_b_plus,H,B,B,E,2,HBBE,train,train,NOT_VERIFIED,train_coded/train_coded/HBBE2.jpg,8eb205aa6945353870e24ac552330a48979b1d9a54ddc9e89589df3227e12320,2045,2400,259,164,1542,2071,9.541217264,0.881168356
micro_pcb_v2_HBBE3,micro_pcb_images,https://www.kaggle.com/datasets/frettapper/micropcb-images,CC BY 4.0,https://creativecommons.org/licenses/by/4.0/,raspberry_pi_sbc,raspberry_pi_3_b_plus,H,B,B,E,3,HBBE,train,train,NOT_VERIFIED,train_coded/train_coded/HBBE3.jpg,6c191a2ef68dd59fb021ea8d6f86f1d8062973436b6590d1c01b73b253d56816,2045,2402,262,164,1537,2072,9.386360346,0.883073819
micro_pcb_v2_HBBE4,micro_pcb_images,https://www.kaggle.com/datasets/frettapper/micropcb-images,CC BY 4.0,https://creativecommons.org/licenses/by/4.0/,raspberry_pi_sbc,raspberry_pi_3_b_plus,H,B,B,E,4,HBBE,train,train,NOT_VERIFIED,train_coded/train_coded/HBBE4.jpg,9fd70038be758ae2617a0c95f0f6c93876f87bea2f31b47fc8a92dca9929a100,2051,2403,262,164,1544,2074,9.560562142,0.880699037
micro_pcb_v2_HBCA1,micro_pcb_images,https://www.kaggle.com/datasets/frettapper/micropcb-images,CC BY 4.0,https://creativecommons.org/licenses/by/4.0/,raspberry_pi_sbc,raspberry_pi_3_b_plus,H,B,C,A,1,HBCA,train,train,NOT_VERIFIED,train_coded/train_coded/HBCA1.jpg,a964c063279fbd190ce1f3a9f7b1fa59814c427cf9e807a696e180724df9e2c9,1847,1885,221,171,1377,1550,15.31322145,1.13031253
micro_pcb_v2_HBCA2,micro_pcb_images,https://www.kaggle.com/datasets/frettapper/micropcb-images,CC BY 4.0,https://creativecommons.org/licenses/by/4.0/,raspberry_pi_sbc,raspberry_pi_3_b_plus,H,B,C,A,2,HBCA,train,train,NOT_VERIFIED,train_coded/train_coded/HBCA2.jpg,312b962e5334cc1019d6decee45f14ff832d84b1f12025612051dd5b1882cc8a,1830,1875,222,169,1351,1542,14.3896169,1.128501139
micro_pcb_v2_HBCA3,micro_pcb_images,https://www.kaggle.com/datasets/frettapper/micropcb-images,CC BY 4.0,https://creativecommons.org/licenses/by/4.0/,raspberry_pi_sbc,raspberry_pi_3_b_plus,H,B,C,A,3,HBCA,train,train,NOT_VERIFIED,train_coded/train_coded/HBCA3.jpg,5ea0f0a5a9002003c854a7081610c511cb71de502aa4ad2af99a5925384d8684,1833,1879,222,171,1350,1544,14.4927824,1.128806365
micro_pcb_v2_HBCA4,micro_pcb_images,https://www.kaggle.com/datasets/frettapper/micropcb-images,CC BY 4.0,https://creativecommons.org/licenses/by/4.0/,raspberry_pi_sbc,raspberry_pi_3_b_plus,H,B,C,A,4,HBCA,train,train,NOT_VERIFIED,train_coded/train_coded/HBCA4.jpg,8a2d61fabb216eb846ec7f09a5389e23831daeaa5dc3ff3ecb020a4ae6c05c44,1832,1879,222,170,1348,1545,14.43867777,1.128624123
micro_pcb_v2_HBCB1,micro_pcb_images,https://www.kaggle.com/datasets/frettapper/micropcb-images,CC BY 4.0,https://creativecommons.org/licenses/by/4.0/,raspberry_pi_sbc,raspberry_pi_3_b_plus,H,B,C,B,1,HBCB,train,train,NOT_VERIFIED,train_coded/train_coded/HBCB1.jpg,fcc06dded51730316b810f19953ef2396b3f05d311c683179bb65af63d4a4b44,1975,2232,246,166,1466,1902,11.42015589,1.078315659
micro_pcb_v2_HBCB2,micro_pcb_images,https://www.kaggle.com/datasets/frettapper/micropcb-images,CC BY 4.0,https://creativecommons.org/licenses/by/4.0/,raspberry_pi_sbc,raspberry_pi_3_b_plus,H,B,C,B,2,HBCB,train,train,NOT_VERIFIED,train_coded/train_coded/HBCB2.jpg,506f163a367bf683dec2cd7fb8a0cea0f886d402ae87c207a95319bf3fe2d0a1,1935,2218,247,168,1437,1886,10.31822729,1.071687168
micro_pcb_v2_HBCB3,micro_pcb_images,https://www.kaggle.com/datasets/frettapper/micropcb-images,CC BY 4.0,https://creativecommons.org/licenses/by/4.0/,raspberry_pi_sbc,raspberry_pi_3_b_plus,H,B,C,B,3,HBCB,train,train,NOT_VERIFIED,train_coded/train_coded/HBCB3.jpg,693047291df13f6643cd81f69ff9b9f5fd75c8c880658f0150b0c99115a836f1,1939,2219,246,167,1443,1888,10.49120419,1.073013689
micro_pcb_v2_HBCB4,micro_pcb_images,https://www.kaggle.com/datasets/frettapper/micropcb-images,CC BY 4.0,https://creativecommons.org/licenses/by/4.0/,raspberry_pi_sbc,raspberry_pi_3_b_plus,H,B,C,B,4,HBCB,train,train,NOT_VERIFIED,train_coded/train_coded/HBCB4.jpg,ab75779676672e150fac54bd03d113e3eec3b99d520ffa8ccd071139c520df22,1942,2220,247,169,1443,1887,10.58797825,1.074274089
micro_pcb_v2_HBCC1,micro_pcb_images,https://www.kaggle.com/datasets/frettapper/micropcb-images,CC BY 4.0,https://creativecommons.org/licenses/by/4.0/,raspberry_pi_sbc,raspberry_pi_3_b_plus,H,B,C,C,1,HBCC,train,train,NOT_VERIFIED,train_coded/train_coded/HBCC1.jpg,057a60cf081ea3d1c1fcf773eec230a95c910237b9838534da2808df7a3292d7,2006,2406,246,165,1503,2076,10.80190627,0.982277093
micro_pcb_v2_HBCC2,micro_pcb_images,https://www.kaggle.com/datasets/frettapper/micropcb-images,CC BY 4.0,https://creativecommons.org/licenses/by/4.0/,raspberry_pi_sbc,raspberry_pi_3_b_plus,H,B,C,C,2,HBCC,train,train,NOT_VERIFIED,train_coded/train_coded/HBCC2.jpg,f8d76cbd7adca87b10b267d38f0ef08e3166324796e77bd7f52a3f998721c692,1994,2399,247,164,1490,2071,10.31256583,0.981998271
micro_pcb_v2_HBCC3,micro_pcb_images,https://www.kaggle.com/datasets/frettapper/micropcb-images,CC BY 4.0,https://creativecommons.org/licenses/by/4.0/,raspberry_pi_sbc,raspberry_pi_3_b_plus,H,B,C,C,3,HBCC,train,train,NOT_VERIFIED,train_coded/train_coded/HBCC3.jpg,e988658c154a1c700b45e2ad9b489d44cf0434f85bf6cee32f8a279ba6bab4a8,1974,2390,247,164,1471,2061,9.567525599,0.978881406
micro_pcb_v2_HBCC4,micro_pcb_images,https://www.kaggle.com/datasets/frettapper/micropcb-images,CC BY 4.0,https://creativecommons.org/licenses/by/4.0/,raspberry_pi_sbc,raspberry_pi_3_b_plus,H,B,C,C,4,HBCC,train,train,NOT_VERIFIED,train_coded/train_coded/HBCC4.jpg,29a38a66a0f481b47150b315dd04c0c2e74767faade2016152012e28cd2c14ba,1955,2385,246,163,1463,2058,9.252724041,0.976096948
micro_pcb_v2_HBCD1,micro_pcb_images,https://www.kaggle.com/datasets/frettapper/micropcb-images,CC BY 4.0,https://creativecommons.org/licenses/by/4.0/,raspberry_pi_sbc,raspberry_pi_3_b_plus,H,B,C,D,1,HBCD,train,train,NOT_VERIFIED,train_coded/train_coded/HBCD1.jpg,7bed932afcb2b65415e077d1b66cf60b759a95d14e672d588093a38f3f2b8bd7,2045,2401,247,163,1551,2073,12.37376741,0.93107821
micro_pcb_v2_HBCD2,micro_pcb_images,https://www.kaggle.com/datasets/frettapper/micropcb-images,CC BY 4.0,https://creativecommons.org/licenses/by/4.0/,raspberry_pi_sbc,raspberry_pi_3_b_plus,H,B,C,D,2,HBCD,train,train,NOT_VERIFIED,train_coded/train_coded/HBCD2.jpg,95dd3d989c5af1bcc94fa91a5e5532df64696c78e43315b64dcc5b4280267b9e,2003,2377,247,163,1511,2049,10.88220359,0.927518129
micro_pcb_v2_HBCD3,micro_pcb_images,https://www.kaggle.com/datasets/frettapper/micropcb-images,CC BY 4.0,https://creativecommons.org/licenses/by/4.0/,raspberry_pi_sbc,raspberry_pi_3_b_plus,H,B,C,D,3,HBCD,train,train,NOT_VERIFIED,train_coded/train_coded/HBCD3.jpg,e91ec88a4fc43bab5a796e3068c90ad3f40505b5a232323092c3504cabac6dd2,1996,2374,247,163,1504,2046,10.42405308,0.925798591
micro_pcb_v2_HBCD4,micro_pcb_images,https://www.kaggle.com/datasets/frettapper/micropcb-images,CC BY 4.0,https://creativecommons.org/licenses/by/4.0/,raspberry_pi_sbc,raspberry_pi_3_b_plus,H,B,C,D,4,HBCD,train,train,NOT_VERIFIED,train_coded/train_coded/HBCD4.jpg,6fff450f3167c3b539b9bb17ce7d377fe513f82ae1d4ee15d3fb7fa772e75162,1997,2374,247,164,1498,2044,10.37864323,0.926137806
micro_pcb_v2_HBCE1,micro_pcb_images,https://www.kaggle.com/datasets/frettapper/micropcb-images,CC BY 4.0,https://creativecommons.org/licenses/by/4.0/,raspberry_pi_sbc,raspberry_pi_3_b_plus,H,B,C,E,1,HBCE,train,train,NOT_VERIFIED,train_coded/train_coded/HBCE1.jpg,c136e85308fed0f537edb7e88ab1d830dca3b88d82fe7a9e57e7654c495bccb7,1868,2120,252,164,1377,1790,9.261229841,0.87891504
micro_pcb_v2_HBCE2,micro_pcb_images,https://www.kaggle.com/datasets/frettapper/micropcb-images,CC BY 4.0,https://creativecommons.org/licenses/by/4.0/,raspberry_pi_sbc,raspberry_pi_3_b_plus,H,B,C,E,2,HBCE,train,train,NOT_VERIFIED,train_coded/train_coded/HBCE2.jpg,8904bb38a39bf960287197716f3876d9c41554cd3771251883eab60d9742cc2d,1858,2117,251,164,1369,1788,8.73546671,0.877145427
micro_pcb_v2_HBCE3,micro_pcb_images,https://www.kaggle.com/datasets/frettapper/micropcb-images,CC BY 4.0,https://creativecommons.org/licenses/by/4.0/,raspberry_pi_sbc,raspberry_pi_3_b_plus,H,B,C,E,3,HBCE,train,train,NOT_VERIFIED,train_coded/train_coded/HBCE3.jpg,57f69796ab74ecc7699e227ad53ec40c3d1aa74abe0221443d2fcd7a6f7e8a91,1848,2113,250,164,1361,1783,8.412081902,0.876823991
micro_pcb_v2_HBCE4,micro_pcb_images,https://www.kaggle.com/datasets/frettapper/micropcb-images,CC BY 4.0,https://creativecommons.org/licenses/by/4.0/,raspberry_pi_sbc,raspberry_pi_3_b_plus,H,B,C,E,4,HBCE,train,train,NOT_VERIFIED,train_coded/train_coded/HBCE4.jpg,2b90f4eadee9208d24d86835834d7786b8b5898c8c0e68833e426781278da8f8,1838,2104,247,164,1353,1775,8.085893594,0.876847233
micro_pcb_v2_HBDA1,micro_pcb_images,https://www.kaggle.com/datasets/frettapper/micropcb-images,CC BY 4.0,https://creativecommons.org/licenses/by/4.0/,raspberry_pi_sbc,raspberry_pi_3_b_plus,H,B,D,A,1,HBDA,train,train,NOT_VERIFIED,train_coded/train_coded/HBDA1.jpg,48365771035dd07695b884a85498c56c305eda9b1140a4572e2fb39167140d22,2016,2247,246,164,1512,1919,13.50374744,1.13040166
micro_pcb_v2_HBDA2,micro_pcb_images,https://www.kaggle.com/datasets/frettapper/micropcb-images,CC BY 4.0,https://creativecommons.org/licenses/by/4.0/,raspberry_pi_sbc,raspberry_pi_3_b_plus,H,B,D,A,2,HBDA,train,train,NOT_VERIFIED,train_coded/train_coded/HBDA2.jpg,17d5ac237bf584dd49ad08306bd7f3c32127551ec5a2ba482fd90debbfedd595,1996,2235,247,171,1500,1900,12.80951986,1.130705395
micro_pcb_v2_HBDA3,micro_pcb_images,https://www.kaggle.com/datasets/frettapper/micropcb-images,CC BY 4.0,https://creativecommons.org/licenses/by/4.0/,raspberry_pi_sbc,raspberry_pi_3_b_plus,H,B,D,A,3,HBDA,train,train,NOT_VERIFIED,train_coded/train_coded/HBDA3.jpg,09c4a157c862dbd8c1489f2cea56120cec2ab5d8782a3acbf0af600a032408d0,1986,2226,246,164,1494,1898,12.2954789,1.12448694
micro_pcb_v2_HBDA4,micro_pcb_images,https://www.kaggle.com/datasets/frettapper/micropcb-images,CC BY 4.0,https://creativecommons.org/licenses/by/4.0/,raspberry_pi_sbc,raspberry_pi_3_b_plus,H,B,D,A,4,HBDA,train,train,NOT_VERIFIED,train_coded/train_coded/HBDA4.jpg,defea822dc662699f291d9bdb24bdac2fea3686c25ce3e3aa35511d2713d0d0b,1985,2227,247,164,1492,1898,12.38943996,1.127671184
micro_pcb_v2_HBDB1,micro_pcb_images,https://www.kaggle.com/datasets/frettapper/micropcb-images,CC BY 4.0,https://creativecommons.org/licenses/by/4.0/,raspberry_pi_sbc,raspberry_pi_3_b_plus,H,B,D,B,1,HBDB,train,train,NOT_VERIFIED,train_coded/train_coded/HBDB1.jpg,b4a3bce2077666dff0c46f8361022e9145f587478a1843a37bebe426131f1593,2220,2647,282,164,1704,2319,13.56038746,1.098610537
micro_pcb_v2_HBDB2,micro_pcb_images,https://www.kaggle.com/datasets/frettapper/micropcb-images,CC BY 4.0,https://creativecommons.org/licenses/by/4.0/,raspberry_pi_sbc,raspberry_pi_3_b_plus,H,B,D,B,2,HBDB,train,train,NOT_VERIFIED,train_coded/train_coded/HBDB2.jpg,813fa759c801767de91c34cdda49a9a05e4a6a80a82625508889c9adba2238d8,2222,2654,281,165,1695,2325,13.4231491,1.09225235
micro_pcb_v2_HBDB3,micro_pcb_images,https://www.kaggle.com/datasets/frettapper/micropcb-images,CC BY 4.0,https://creativecommons.org/licenses/by/4.0/,raspberry_pi_sbc,raspberry_pi_3_b_plus,H,B,D,B,3,HBDB,train,train,NOT_VERIFIED,train_coded/train_coded/HBDB3.jpg,14e46870cdf80c860a00ae6bedfcc915ee5b7b1d3410c1b9a46813001afb8c61,2211,2639,296,164,1670,2311,12.88680688,1.099913574
micro_pcb_v2_HBDB4,micro_pcb_images,https://www.kaggle.com/datasets/frettapper/micropcb-images,CC BY 4.0,https://creativecommons.org/licenses/by/4.0/,raspberry_pi_sbc,raspberry_pi_3_b_plus,H,B,D,B,4,HBDB,train,train,NOT_VERIFIED,train_coded/train_coded/HBDB4.jpg,4dd10f5f587d7ea5876aab3fe82c88c28c65121c2b36ee55516c6b5f1589d21a,2212,2641,290,165,1675,2312,12.99548005,1.09469544
micro_pcb_v2_HBDC1,micro_pcb_images,https://www.kaggle.com/datasets/frettapper/micropcb-images,CC BY 4.0,https://creativecommons.org/licenses/by/4.0/,raspberry_pi_sbc,raspberry_pi_3_b_plus,H,B,D,C,1,HBDC,train,train,NOT_VERIFIED,train_coded/train_coded/HBDC1.jpg,0c9c8d6adb4e551e0dbcbc4b019025367e3cd1142b432d6def00ec27b03f89bf,1891,2238,279,164,1368,1910,10.95993629,1.068965007
micro_pcb_v2_HBDC2,micro_pcb_images,https://www.kaggle.com/datasets/frettapper/micropcb-images,CC BY 4.0,https://creativecommons.org/licenses/by/4.0/,raspberry_pi_sbc,raspberry_pi_3_b_plus,H,B,D,C,2,HBDC,train,train,NOT_VERIFIED,train_coded/train_coded/HBDC2.jpg,7b7139d0a3469ab82b71697e6e129165999f6a95173ffc23dab0b6dfe2d12e15,1878,2233,274,164,1358,1904,10.51350069,1.064430556
micro_pcb_v2_HBDC3,micro_pcb_images,https://www.kaggle.com/datasets/frettapper/micropcb-images,CC BY 4.0,https://creativecommons.org/licenses/by/4.0/,raspberry_pi_sbc,raspberry_pi_3_b_plus,H,B,D,C,3,HBDC,train,train,NOT_VERIFIED,train_coded/train_coded/HBDC3.jpg,c94866729492b6e05cb451acb59c46dfddd8d0ab3253ceb6078c882a4dc9ddf9,1873,2228,281,164,1349,1900,10.16930184,1.063105846
micro_pcb_v2_HBDC4,micro_pcb_images,https://www.kaggle.com/datasets/frettapper/micropcb-images,CC BY 4.0,https://creativecommons.org/licenses/by/4.0/,raspberry_pi_sbc,raspberry_pi_3_b_plus,H,B,D,C,4,HBDC,train,train,NOT_VERIFIED,train_coded/train_coded/HBDC4.jpg,9142238077ad9d4a9ca5fd7cbc4381650f88becc83fde659cd2c7a63df66b9f1,1875,2230,280,164,1350,1901,10.13081993,1.058854858
micro_pcb_v2_HBDD1,micro_pcb_images,https://www.kaggle.com/datasets/frettapper/micropcb-images,CC BY 4.0,https://creativecommons.org/licenses/by/4.0/,raspberry_pi_sbc,raspberry_pi_3_b_plus,H,B,D,D,1,HBDD,train,train,NOT_VERIFIED,train_coded/train_coded/HBDD1.jpg,b5f0e5b62cc807ed1d2ee5a41abf5b5b3d2ea467eedd1ce225178fcf87287544,1970,2232,293,172,1440,1894,12.09779632,0.935505292
micro_pcb_v2_HBDD2,micro_pcb_images,https://www.kaggle.com/datasets/frettapper/micropcb-images,CC BY 4.0,https://creativecommons.org/licenses/by/4.0/,raspberry_pi_sbc,raspberry_pi_3_b_plus,H,B,D,D,2,HBDD,train,train,NOT_VERIFIED,train_coded/train_coded/HBDD2.jpg,eabc6bac16373856fccc0bd524bfcb3f1e596399bff558a77179ab3aa4f91c86,1935,2217,291,170,1398,1879,10.74656494,0.927486523
micro_pcb_v2_HBDD3,micro_pcb_images,https://www.kaggle.com/datasets/frettapper/micropcb-images,CC BY 4.0,https://creativecommons.org/licenses/by/4.0/,raspberry_pi_sbc,raspberry_pi_3_b_plus,H,B,D,D,3,HBDD,train,train,NOT_VERIFIED,train_coded/train_coded/HBDD3.jpg,3ebd7ecd24bcf7a3bcb9d9ace72f46613ad269136c255fbcbc1b64a6f9169d99,1931,2211,292,168,1394,1878,10.78939168,0.930173361
micro_pcb_v2_HBDD4,micro_pcb_images,https://www.kaggle.com/datasets/frettapper/micropcb-images,CC BY 4.0,https://creativecommons.org/licenses/by/4.0/,raspberry_pi_sbc,raspberry_pi_3_b_plus,H,B,D,D,4,HBDD,train,train,NOT_VERIFIED,train_coded/train_coded/HBDD4.jpg,0c976b52180dc3c830010e9d64eb2003a32c4185267db9bf90aed2ce8acaeaf3,1902,2198,288,164,1369,1870,10.03152404,0.926475351
micro_pcb_v2_HBDE1,micro_pcb_images,https://www.kaggle.com/datasets/frettapper/micropcb-images,CC BY 4.0,https://creativecommons.org/licenses/by/4.0/,raspberry_pi_sbc,raspberry_pi_3_b_plus,H,B,D,E,1,HBDE,train,train,NOT_VERIFIED,train_coded/train_coded/HBDE1.jpg,b40e7b4b0a8a6168c5ea4ee6202971c141a1efd8d4c3e732aa21c110dc8f8d3e,1851,1943,278,166,1327,1610,13.19344189,0.877346431
micro_pcb_v2_HBDE2,micro_pcb_images,https://www.kaggle.com/datasets/frettapper/micropcb-images,CC BY 4.0,https://creativecommons.org/licenses/by/4.0/,raspberry_pi_sbc,raspberry_pi_3_b_plus,H,B,D,E,2,HBDE,train,train,NOT_VERIFIED,train_coded/train_coded/HBDE2.jpg,c1b9f2bda62fa463e4c359720187e9525e6ee0254f5504453df50c030b41c919,1833,1940,274,167,1312,1606,12.09524173,0.858815307
micro_pcb_v2_HBDE3,micro_pcb_images,https://www.kaggle.com/datasets/frettapper/micropcb-images,CC BY 4.0,https://creativecommons.org/licenses/by/4.0/,raspberry_pi_sbc,raspberry_pi_3_b_plus,H,B,D,E,3,HBDE,train,train,NOT_VERIFIED,train_coded/train_coded/HBDE3.jpg,c8743c0f999424bb10de0c853c1bd0a50b84536f752171b0e2212af3c0715a50,1840,1944,275,167,1319,1610,12.40694488,0.868583026
micro_pcb_v2_HBDE4,micro_pcb_images,https://www.kaggle.com/datasets/frettapper/micropcb-images,CC BY 4.0,https://creativecommons.org/licenses/by/4.0/,raspberry_pi_sbc,raspberry_pi_3_b_plus,H,B,D,E,4,HBDE,train,train,NOT_VERIFIED,train_coded/train_coded/HBDE4.jpg,d727c16d2d70603110b11f359929c0feb0d5e7243024a944bfe464913b0357f9,1829,1942,271,165,1311,1610,12.074954,0.862921578
micro_pcb_v2_HBEA1,micro_pcb_images,https://www.kaggle.com/datasets/frettapper/micropcb-images,CC BY 4.0,https://creativecommons.org/licenses/by/4.0/,raspberry_pi_sbc,raspberry_pi_3_b_plus,H,B,E,A,1,HBEA,train,train,NOT_VERIFIED,train_coded/train_coded/HBEA1.jpg,35f83b6eb4d1d40af605d48c11794df325292850053a3ed10edf6d32a12a10be,1861,2233,244,166,1354,1902,19.24724519,1.220311321
micro_pcb_v2_HBEA2,micro_pcb_images,https://www.kaggle.com/datasets/frettapper/micropcb-images,CC BY 4.0,https://creativecommons.org/licenses/by/4.0/,raspberry_pi_sbc,raspberry_pi_3_b_plus,H,B,E,A,2,HBEA,train,train,NOT_VERIFIED,train_coded/train_coded/HBEA2.jpg,d69351196ca152aa7fa7fb21f8e4052c75a159f194e092adb0d041fb6ccb9d5b,1847,2226,242,166,1342,1896,19.39130863,1.252168735
micro_pcb_v2_HBEA3,micro_pcb_images,https://www.kaggle.com/datasets/frettapper/micropcb-images,CC BY 4.0,https://creativecommons.org/licenses/by/4.0/,raspberry_pi_sbc,raspberry_pi_3_b_plus,H,B,E,A,3,HBEA,train,train,NOT_VERIFIED,train_coded/train_coded/HBEA3.jpg,7c0bc80c62d4a1ddac66c2bf8f1ab975007681f40243008b8552c7b4581afd8d,1857,2227,242,165,1351,1898,19.10293903,1.267959227
micro_pcb_v2_HBEA4,micro_pcb_images,https://www.kaggle.com/datasets/frettapper/micropcb-images,CC BY 4.0,https://creativecommons.org/licenses/by/4.0/,raspberry_pi_sbc,raspberry_pi_3_b_plus,H,B,E,A,4,HBEA,train,train,NOT_VERIFIED,train_coded/train_coded/HBEA4.jpg,52433a3666be522fe8fc56d69cf3ed347b72baaf27fadbf3644ecbaa608839ea,1819,2278,201,165,1356,1902,19.85507337,1.358092946
micro_pcb_v2_HBEB1,micro_pcb_images,https://www.kaggle.com/datasets/frettapper/micropcb-images,CC BY 4.0,https://creativecommons.org/licenses/by/4.0/,raspberry_pi_sbc,raspberry_pi_3_b_plus,H,B,E,B,1,HBEB,train,train,NOT_VERIFIED,train_coded/train_coded/HBEB1.jpg,0b3eb1f67d838756c24bcef4b903849531711c434ec2dcb658ddb715c6a3b3d5,1943,2473,285,198,1413,2112,9.844157866,1.14147639
micro_pcb_v2_HBEB2,micro_pcb_images,https://www.kaggle.com/datasets/frettapper/micropcb-images,CC BY 4.0,https://creativecommons.org/licenses/by/4.0/,raspberry_pi_sbc,raspberry_pi_3_b_plus,H,B,E,B,2,HBEB,train,train,NOT_VERIFIED,train_coded/train_coded/HBEB2.jpg,8be384507fc036c2aad431c250f7c018550c62ed26d4d4c55cc7c241eaa3a4a6,1944,2476,288,202,1411,2110,9.666905411,1.142056684
micro_pcb_v2_HBEB3,micro_pcb_images,https://www.kaggle.com/datasets/frettapper/micropcb-images,CC BY 4.0,https://creativecommons.org/licenses/by/4.0/,raspberry_pi_sbc,raspberry_pi_3_b_plus,H,B,E,B,3,HBEB,train,train,NOT_VERIFIED,train_coded/train_coded/HBEB3.jpg,00d0b8948b10b2b143be33e0a780cd0d243ccfb427a156e14f6803f9f26b65b7,1934,2468,285,200,1404,2104,9.379379157,1.139202933
micro_pcb_v2_HBEB4,micro_pcb_images,https://www.kaggle.com/datasets/frettapper/micropcb-images,CC BY 4.0,https://creativecommons.org/licenses/by/4.0/,raspberry_pi_sbc,raspberry_pi_3_b_plus,H,B,E,B,4,HBEB,train,train,NOT_VERIFIED,train_coded/train_coded/HBEB4.jpg,ebc01ddfdc65f0f4894b882f30da9e575055f77c547390b0d5e4ce76c6df3020,1933,2467,285,199,1402,2104,9.090012246,1.13249269
micro_pcb_v2_HBEC1,micro_pcb_images,https://www.kaggle.com/datasets/frettapper/micropcb-images,CC BY 4.0,https://creativecommons.org/licenses/by/4.0/,raspberry_pi_sbc,raspberry_pi_3_b_plus,H,B,E,C,1,HBEC,train,train,NOT_VERIFIED,train_coded/train_coded/HBEC1.jpg,05c79a48aca284b6ae2766d88c5dee0fcd7ec862116a1ad99ce0fae71ad03e92,1757,2150,242,174,1268,1813,13.8365232,1.045580578
micro_pcb_v2_HBEC2,micro_pcb_images,https://www.kaggle.com/datasets/frettapper/micropcb-images,CC BY 4.0,https://creativecommons.org/licenses/by/4.0/,raspberry_pi_sbc,raspberry_pi_3_b_plus,H,B,E,C,2,HBEC,train,train,NOT_VERIFIED,train_coded/train_coded/HBEC2.jpg,909cb9701c17a7e75de62b8da0e9c758d64dd57e20f6fc413a789872fbff95df,1756,2148,244,174,1266,1811,13.70137255,1.045953113
micro_pcb_v2_HBEC3,micro_pcb_images,https://www.kaggle.com/datasets/frettapper/micropcb-images,CC BY 4.0,https://creativecommons.org/licenses/by/4.0/,raspberry_pi_sbc,raspberry_pi_3_b_plus,H,B,E,C,3,HBEC,train,train,NOT_VERIFIED,train_coded/train_coded/HBEC3.jpg,31298b2498a40007f56dd557fffcb5135c9653b6f507563dadcf66fd810f8c70,1761,2149,248,174,1267,1813,13.76539013,1.047172457
micro_pcb_v2_HBEC4,micro_pcb_images,https://www.kaggle.com/datasets/frettapper/micropcb-images,CC BY 4.0,https://creativecommons.org/licenses/by/4.0/,raspberry_pi_sbc,raspberry_pi_3_b_plus,H,B,E,C,4,HBEC,train,train,NOT_VERIFIED,train_coded/train_coded/HBEC4.jpg,476acb71916287e3b3a0cec9d47fa1fdf274085922879bd20b61a7653b1430b6,1755,2148,245,177,1263,1809,13.74120752,1.044501348
micro_pcb_v2_HBED1,micro_pcb_images,https://www.kaggle.com/datasets/frettapper/micropcb-images,CC BY 4.0,https://creativecommons.org/licenses/by/4.0/,raspberry_pi_sbc,raspberry_pi_3_b_plus,H,B,E,D,1,HBED,train,train,NOT_VERIFIED,train_coded/train_coded/HBED1.jpg,a3103d98f5ca3d148a8530f4deb9829764a59738582fa33e7ef36a3d3b211f2c,1841,2099,258,164,1337,1770,15.84900006,1.00668782
micro_pcb_v2_HBED2,micro_pcb_images,https://www.kaggle.com/datasets/frettapper/micropcb-images,CC BY 4.0,https://creativecommons.org/licenses/by/4.0/,raspberry_pi_sbc,raspberry_pi_3_b_plus,H,B,E,D,2,HBED,train,train,NOT_VERIFIED,train_coded/train_coded/HBED2.jpg,12d6bda2874cd00648a209c3cdf777b78402844914f557f3b5dd5c65c6ed76ef,1826,2087,261,164,1310,1758,14.8550143,1.011034353
micro_pcb_v2_HBED3,micro_pcb_images,https://www.kaggle.com/datasets/frettapper/micropcb-images,CC BY 4.0,https://creativecommons.org/licenses/by/4.0/,raspberry_pi_sbc,raspberry_pi_3_b_plus,H,B,E,D,3,HBED,train,train,NOT_VERIFIED,train_coded/train_coded/HBED3.jpg,62bc2a38eeadfe5777c4d90cefb716656c28b7525ba94b1c68b096ec4123e694,1808,2086,257,164,1306,1758,14.61652739,1.007224501
micro_pcb_v2_HBED4,micro_pcb_images,https://www.kaggle.com/datasets/frettapper/micropcb-images,CC BY 4.0,https://creativecommons.org/licenses/by/4.0/,raspberry_pi_sbc,raspberry_pi_3_b_plus,H,B,E,D,4,HBED,train,train,NOT_VERIFIED,train_coded/train_coded/HBED4.jpg,2c4af463059f396b5b015ff05d409f914ca86a0b37af9020096608e78f11e79c,1826,2096,257,164,1333,1766,15.2659643,1.007366916
micro_pcb_v2_HBEE1,micro_pcb_images,https://www.kaggle.com/datasets/frettapper/micropcb-images,CC BY 4.0,https://creativecommons.org/licenses/by/4.0/,raspberry_pi_sbc,raspberry_pi_3_b_plus,H,B,E,E,1,HBEE,train,train,NOT_VERIFIED,train_coded/train_coded/HBEE1.jpg,98b9934ccb269c71e347666f4d0acf4b97524fc7a6fc22b88aa315343da94fc6,1778,1849,263,165,1269,1520,16.35164165,0.984709256
micro_pcb_v2_HBEE2,micro_pcb_images,https://www.kaggle.com/datasets/frettapper/micropcb-images,CC BY 4.0,https://creativecommons.org/licenses/by/4.0/,raspberry_pi_sbc,raspberry_pi_3_b_plus,H,B,E,E,2,HBEE,train,train,NOT_VERIFIED,train_coded/train_coded/HBEE2.jpg,90ac92f5d7e65d8901a6fb83af8996ced06e73465b8ff93e1824a5e80093abd3,1770,1855,263,167,1261,1523,15.80858242,0.983361224
micro_pcb_v2_HBEE3,micro_pcb_images,https://www.kaggle.com/datasets/frettapper/micropcb-images,CC BY 4.0,https://creativecommons.org/licenses/by/4.0/,raspberry_pi_sbc,raspberry_pi_3_b_plus,H,B,E,E,3,HBEE,train,train,NOT_VERIFIED,train_coded/train_coded/HBEE3.jpg,92c8e4ee30cf418590a7645e28e885e66fb376bdd84717f542cc8953216d0a3f,1771,1852,259,168,1266,1520,16.10322767,0.984597823
micro_pcb_v2_HBEE4,micro_pcb_images,https://www.kaggle.com/datasets/frettapper/micropcb-images,CC BY 4.0,https://creativecommons.org/licenses/by/4.0/,raspberry_pi_sbc,raspberry_pi_3_b_plus,H,B,E,E,4,HBEE,train,train,NOT_VERIFIED,train_coded/train_coded/HBEE4.jpg,01138a9a4d7a0528a719f34b12cc857f4e76a0ea7fc9c00526c7fe43ef75f75f,1775,1851,262,167,1267,1520,16.41717961,0.982323051
micro_pcb_v2_HCAA1,micro_pcb_images,https://www.kaggle.com/datasets/frettapper/micropcb-images,CC BY 4.0,https://creativecommons.org/licenses/by/4.0/,raspberry_pi_sbc,raspberry_pi_3_b_plus,H,C,A,A,1,HCAA,train,train,NOT_VERIFIED,train_coded/train_coded/HCAA1.jpg,b0b272f547b7da842e535f301940507e8bb9e0f5c161e2399e6f60c055ca4f9f,1640,1799,246,168,1143,1466,11.55109218,1.260107872
micro_pcb_v2_HCAA2,micro_pcb_images,https://www.kaggle.com/datasets/frettapper/micropcb-images,CC BY 4.0,https://creativecommons.org/licenses/by/4.0/,raspberry_pi_sbc,raspberry_pi_3_b_plus,H,C,A,A,2,HCAA,train,train,NOT_VERIFIED,train_coded/train_coded/HCAA2.jpg,8bdfad3a478c6038875a17392f973b475b1f80cab5f1f6e996702ed5370baec3,1648,1801,245,167,1146,1469,11.65721349,1.23448092
micro_pcb_v2_HCAA3,micro_pcb_images,https://www.kaggle.com/datasets/frettapper/micropcb-images,CC BY 4.0,https://creativecommons.org/licenses/by/4.0/,raspberry_pi_sbc,raspberry_pi_3_b_plus,H,C,A,A,3,HCAA,train,train,NOT_VERIFIED,train_coded/train_coded/HCAA3.jpg,dcc958b3bd13b48216aa37a22dc4742b82d1f7bf62a7a73f68da69d14ec0b215,1652,1807,247,168,1147,1473,11.61384571,1.224908634
micro_pcb_v2_HCAA4,micro_pcb_images,https://www.kaggle.com/datasets/frettapper/micropcb-images,CC BY 4.0,https://creativecommons.org/licenses/by/4.0/,raspberry_pi_sbc,raspberry_pi_3_b_plus,H,C,A,A,4,HCAA,train,train,NOT_VERIFIED,train_coded/train_coded/HCAA4.jpg,3cbb16a5a5dc357f7a0d79e0b9f866d03a4ef606233ebe1e702444057d48c92d,1660,1799,246,167,1156,1467,12.30845617,1.263838759
micro_pcb_v2_HCAB1,micro_pcb_images,https://www.kaggle.com/datasets/frettapper/micropcb-images,CC BY 4.0,https://creativecommons.org/licenses/by/4.0/,raspberry_pi_sbc,raspberry_pi_3_b_plus,H,C,A,B,1,HCAB,train,train,NOT_VERIFIED,train_coded/train_coded/HCAB1.jpg,f22672785524bc8c4aedab34afa9e0ce444281821ee759568332aece1f35f67e,1609,2032,246,174,1118,1693,5.473302463,1.197077395
micro_pcb_v2_HCAB2,micro_pcb_images,https://www.kaggle.com/datasets/frettapper/micropcb-images,CC BY 4.0,https://creativecommons.org/licenses/by/4.0/,raspberry_pi_sbc,raspberry_pi_3_b_plus,H,C,A,B,2,HCAB,train,train,NOT_VERIFIED,train_coded/train_coded/HCAB2.jpg,be11e6a031afd8e3520bf2fb1e692ebc383309214ad9519f3278b95b1f34088a,1612,2028,247,173,1119,1690,5.586681656,1.181492408
micro_pcb_v2_HCAB3,micro_pcb_images,https://www.kaggle.com/datasets/frettapper/micropcb-images,CC BY 4.0,https://creativecommons.org/licenses/by/4.0/,raspberry_pi_sbc,raspberry_pi_3_b_plus,H,C,A,B,3,HCAB,train,train,NOT_VERIFIED,train_coded/train_coded/HCAB3.jpg,cd05659964b9e07f919919710941f77176483aa06640f46225ab19efa96a6dc0,1620,2014,245,169,1125,1681,1.983312302,1.020086997
micro_pcb_v2_HCAB4,micro_pcb_images,https://www.kaggle.com/datasets/frettapper/micropcb-images,CC BY 4.0,https://creativecommons.org/licenses/by/4.0/,raspberry_pi_sbc,raspberry_pi_3_b_plus,H,C,A,B,4,HCAB,train,train,NOT_VERIFIED,train_coded/train_coded/HCAB4.jpg,9c7e55bba00218485b72485a14f6e3b463a5da8ce51d9bdedd0a5d8be4f7d553,1625,2018,247,169,1127,1685,6.156645459,1.204304595
micro_pcb_v2_HCAC1,micro_pcb_images,https://www.kaggle.com/datasets/frettapper/micropcb-images,CC BY 4.0,https://creativecommons.org/licenses/by/4.0/,raspberry_pi_sbc,raspberry_pi_3_b_plus,H,C,A,C,1,HCAC,train,train,NOT_VERIFIED,train_coded/train_coded/HCAC1.jpg,6acc0a536717fdca5a8ceb1ba270faf0bb621a1447321fa3365974c40ad7bef1,1764,2353,246,164,1266,2024,1.083469007,1.074496517
micro_pcb_v2_HCAC2,micro_pcb_images,https://www.kaggle.com/datasets/frettapper/micropcb-images,CC BY 4.0,https://creativecommons.org/licenses/by/4.0/,raspberry_pi_sbc,raspberry_pi_3_b_plus,H,C,A,C,2,HCAC,train,train,NOT_VERIFIED,train_coded/train_coded/HCAC2.jpg,3402aa4a7508e914a49480fc8b1c9e525d0ff646a547508b975a4b2f045a6c76,1761,2361,247,164,1270,2032,1.561354578,1.068435831
micro_pcb_v2_HCAC3,micro_pcb_images,https://www.kaggle.com/datasets/frettapper/micropcb-images,CC BY 4.0,https://creativecommons.org/licenses/by/4.0/,raspberry_pi_sbc,raspberry_pi_3_b_plus,H,C,A,C,3,HCAC,train,train,NOT_VERIFIED,train_coded/train_coded/HCAC3.jpg,347724465db038ec749793918bcb9c7fab3dd47a685be82701abc7afe242b9d3,1769,2364,246,166,1269,2033,1.47351866,1.060614264
micro_pcb_v2_HCAC4,micro_pcb_images,https://www.kaggle.com/datasets/frettapper/micropcb-images,CC BY 4.0,https://creativecommons.org/licenses/by/4.0/,raspberry_pi_sbc,raspberry_pi_3_b_plus,H,C,A,C,4,HCAC,train,train,NOT_VERIFIED,train_coded/train_coded/HCAC4.jpg,d442f267fc6eec55eba39e888d65e1f22fbce89c5234311b12816303b7fb91eb,1776,2359,246,164,1269,2030,1.50477709,1.047755662
micro_pcb_v2_HCAD1,micro_pcb_images,https://www.kaggle.com/datasets/frettapper/micropcb-images,CC BY 4.0,https://creativecommons.org/licenses/by/4.0/,raspberry_pi_sbc,raspberry_pi_3_b_plus,H,C,A,D,1,HCAD,train,train,NOT_VERIFIED,train_coded/train_coded/HCAD1.jpg,6914cb0559a0febca0b80b692eb1648deae5d13376960cea3c52216677964af8,1928,2446,284,368,1287,1904,1.827182534,1.057521151
micro_pcb_v2_HCAD2,micro_pcb_images,https://www.kaggle.com/datasets/frettapper/micropcb-images,CC BY 4.0,https://creativecommons.org/licenses/by/4.0/,raspberry_pi_sbc,raspberry_pi_3_b_plus,H,C,A,D,2,HCAD,train,train,NOT_VERIFIED,train_coded/train_coded/HCAD2.jpg,5137ca556cc5844a7e9e33cb33ef7d9b566464d6a3c089aed5eccfcbfab54a4f,1919,2396,275,314,1296,1906,2.050935281,1.053181591
micro_pcb_v2_HCAD3,micro_pcb_images,https://www.kaggle.com/datasets/frettapper/micropcb-images,CC BY 4.0,https://creativecommons.org/licenses/by/4.0/,raspberry_pi_sbc,raspberry_pi_3_b_plus,H,C,A,D,3,HCAD,train,train,NOT_VERIFIED,train_coded/train_coded/HCAD3.jpg,8ad9030f2e6fc691443772426e11c146379e87d93f7868c2da6b852936623d88,1884,2423,261,340,1301,1907,2.495017006,1.056600368
micro_pcb_v2_HCAD4,micro_pcb_images,https://www.kaggle.com/datasets/frettapper/micropcb-images,CC BY 4.0,https://creativecommons.org/licenses/by/4.0/,raspberry_pi_sbc,raspberry_pi_3_b_plus,H,C,A,D,4,HCAD,train,train,NOT_VERIFIED,train_coded/train_coded/HCAD4.jpg,6962f0fc9c9e89ebbb56224cba145cff4dcdb8f727d578ffbecb29380cebaaa7,1883,2410,266,319,1304,1913,2.474111391,1.050250084
micro_pcb_v2_HCAE1,micro_pcb_images,https://www.kaggle.com/datasets/frettapper/micropcb-images,CC BY 4.0,https://creativecommons.org/licenses/by/4.0/,raspberry_pi_sbc,raspberry_pi_3_b_plus,H,C,A,E,1,HCAE,train,train,NOT_VERIFIED,train_coded/train_coded/HCAE1.jpg,ae8d0a0901a111b2bc987e796852cd0b5c0eedcc959cabf466769e062de8c647,1653,2018,247,164,1148,1689,4.88444829,1.011058145
micro_pcb_v2_HCAE2,micro_pcb_images,https://www.kaggle.com/datasets/frettapper/micropcb-images,CC BY 4.0,https://creativecommons.org/licenses/by/4.0/,raspberry_pi_sbc,raspberry_pi_3_b_plus,H,C,A,E,2,HCAE,train,train,NOT_VERIFIED,train_coded/train_coded/HCAE2.jpg,1498875ae000385e75e130b99b0f233dffeac61b02947ed77e102bfe8d5cd29b,1658,2013,247,165,1150,1682,4.959173275,1.008672213
micro_pcb_v2_HCAE3,micro_pcb_images,https://www.kaggle.com/datasets/frettapper/micropcb-images,CC BY 4.0,https://creativecommons.org/licenses/by/4.0/,raspberry_pi_sbc,raspberry_pi_3_b_plus,H,C,A,E,3,HCAE,train,train,NOT_VERIFIED,train_coded/train_coded/HCAE3.jpg,46df184092249274c4e529dd0f5d0d17471783b9797125346e4ba5b3a9ab1bfa,1650,2011,247,164,1148,1681,4.916477553,1.005273187
micro_pcb_v2_HCAE4,micro_pcb_images,https://www.kaggle.com/datasets/frettapper/micropcb-images,CC BY 4.0,https://creativecommons.org/licenses/by/4.0/,raspberry_pi_sbc,raspberry_pi_3_b_plus,H,C,A,E,4,HCAE,train,train,NOT_VERIFIED,train_coded/train_coded/HCAE4.jpg,648412a78c6c4c7f2592fac21403ad723cbf68e1174d0d5558e587c466333e82,1658,2005,246,164,1147,1676,5.243790464,0.997860647
micro_pcb_v2_HCBA1,micro_pcb_images,https://www.kaggle.com/datasets/frettapper/micropcb-images,CC BY 4.0,https://creativecommons.org/licenses/by/4.0/,raspberry_pi_sbc,raspberry_pi_3_b_plus,H,C,B,A,1,HCBA,train,train,NOT_VERIFIED,train_coded/train_coded/HCBA1.jpg,3cc5c07663bc9e20c0df5b1b8d6cf711ed93db1dfc251be3caedddde27387360,1723,1851,246,171,1231,1516,8.39907784,1.231483324
micro_pcb_v2_HCBA2,micro_pcb_images,https://www.kaggle.com/datasets/frettapper/micropcb-images,CC BY 4.0,https://creativecommons.org/licenses/by/4.0/,raspberry_pi_sbc,raspberry_pi_3_b_plus,H,C,B,A,2,HCBA,train,train,NOT_VERIFIED,train_coded/train_coded/HCBA2.jpg,9088894e9e5ff61198bd362f657e9625caf85f643131d68a3b272bfa2d5d3a36,1723,1847,246,173,1231,1510,7.952744425,1.211377418
micro_pcb_v2_HCBA3,micro_pcb_images,https://www.kaggle.com/datasets/frettapper/micropcb-images,CC BY 4.0,https://creativecommons.org/licenses/by/4.0/,raspberry_pi_sbc,raspberry_pi_3_b_plus,H,C,B,A,3,HCBA,train,train,NOT_VERIFIED,train_coded/train_coded/HCBA3.jpg,2229bb266355c144ca47d88cc744a7d43791c04f443892565e096946cad6ec80,1723,1845,246,166,1231,1514,8.028525422,1.211293167
micro_pcb_v2_HCBA4,micro_pcb_images,https://www.kaggle.com/datasets/frettapper/micropcb-images,CC BY 4.0,https://creativecommons.org/licenses/by/4.0/,raspberry_pi_sbc,raspberry_pi_3_b_plus,H,C,B,A,4,HCBA,train,train,NOT_VERIFIED,train_coded/train_coded/HCBA4.jpg,ffe84c5f3fdac4f10a3da13ee69d45874d0fc535a555f1c198de98f48cfc41ce,1725,1846,246,170,1232,1511,8.437095046,1.229139778
micro_pcb_v2_HCBB1,micro_pcb_images,https://www.kaggle.com/datasets/frettapper/micropcb-images,CC BY 4.0,https://creativecommons.org/licenses/by/4.0/,raspberry_pi_sbc,raspberry_pi_3_b_plus,H,C,B,B,1,HCBB,train,train,NOT_VERIFIED,train_coded/train_coded/HCBB1.jpg,8ee46c218fb3c6295b2a53686231bd11827ebc2e2184d24887b15b86ad6182b6,1738,2038,257,179,1229,1695,6.914708884,1.195147234
micro_pcb_v2_HCBB2,micro_pcb_images,https://www.kaggle.com/datasets/frettapper/micropcb-images,CC BY 4.0,https://creativecommons.org/licenses/by/4.0/,raspberry_pi_sbc,raspberry_pi_3_b_plus,H,C,B,B,2,HCBB,train,train,NOT_VERIFIED,train_coded/train_coded/HCBB2.jpg,dccc626dc98de820c9d2ad46e4f800cb30889ef0d2736761975017671a7f1d9e,1732,2032,257,178,1228,1690,6.251385839,1.173776012
micro_pcb_v2_HCBB3,micro_pcb_images,https://www.kaggle.com/datasets/frettapper/micropcb-images,CC BY 4.0,https://creativecommons.org/licenses/by/4.0/,raspberry_pi_sbc,raspberry_pi_3_b_plus,H,C,B,B,3,HCBB,train,train,NOT_VERIFIED,train_coded/train_coded/HCBB3.jpg,d6d5f14e45000abc10408bebf3b517c4331a5380daf926968cc08d1ac01a1461,1728,2045,257,181,1224,1700,6.558121479,1.204102438
micro_pcb_v2_HCBB4,micro_pcb_images,https://www.kaggle.com/datasets/frettapper/micropcb-images,CC BY 4.0,https://creativecommons.org/licenses/by/4.0/,raspberry_pi_sbc,raspberry_pi_3_b_plus,H,C,B,B,4,HCBB,train,train,NOT_VERIFIED,train_coded/train_coded/HCBB4.jpg,28497baf66ee8bdd24dd7e4b3de25961560c27be75520adadd60cfe770b29b7a,1728,2040,257,177,1228,1699,6.769752103,1.181103358
micro_pcb_v2_HCBC1,micro_pcb_images,https://www.kaggle.com/datasets/frettapper/micropcb-images,CC BY 4.0,https://creativecommons.org/licenses/by/4.0/,raspberry_pi_sbc,raspberry_pi_3_b_plus,H,C,B,C,1,HCBC,train,train,NOT_VERIFIED,train_coded/train_coded/HCBC1.jpg,63fab443bc7d8db4ee4f9cd57fb57f7b02a924cd3ed3dd70949994135e3407e8,1888,2384,260,258,1321,1962,1.258412964,1.047852843
micro_pcb_v2_HCBC2,micro_pcb_images,https://www.kaggle.com/datasets/frettapper/micropcb-images,CC BY 4.0,https://creativecommons.org/licenses/by/4.0/,raspberry_pi_sbc,raspberry_pi_3_b_plus,H,C,B,C,2,HCBC,train,train,NOT_VERIFIED,train_coded/train_coded/HCBC2.jpg,8dbbf9eceaaa34934b8d387d3324f18a7f9f5ee8e61c728a5de385ed88924d83,1887,2402,259,278,1312,1960,1.326614923,1.049339142
micro_pcb_v2_HCBC3,micro_pcb_images,https://www.kaggle.com/datasets/frettapper/micropcb-images,CC BY 4.0,https://creativecommons.org/licenses/by/4.0/,raspberry_pi_sbc,raspberry_pi_3_b_plus,H,C,B,C,3,HCBC,train,train,NOT_VERIFIED,train_coded/train_coded/HCBC3.jpg,4b4c15b566307ece6d2946e27babc2197c2ceeeb99121be070da92964c3b45b4,1878,2367,260,242,1325,1961,1.442793501,1.02182898
micro_pcb_v2_HCBC4,micro_pcb_images,https://www.kaggle.com/datasets/frettapper/micropcb-images,CC BY 4.0,https://creativecommons.org/licenses/by/4.0/,raspberry_pi_sbc,raspberry_pi_3_b_plus,H,C,B,C,4,HCBC,train,train,NOT_VERIFIED,train_coded/train_coded/HCBC4.jpg,2568b1d7299a2fb10a175cd154332744fc92bf622f2e6330123e9202e7fbea39,1890,2363,261,238,1319,1961,1.827117037,1.043482849
micro_pcb_v2_HCBD1,micro_pcb_images,https://www.kaggle.com/datasets/frettapper/micropcb-images,CC BY 4.0,https://creativecommons.org/licenses/by/4.0/,raspberry_pi_sbc,raspberry_pi_3_b_plus,H,C,B,D,1,HCBD,train,train,NOT_VERIFIED,train_coded/train_coded/HCBD1.jpg,d1ef71eb66ef4248219d96e3a5a6273097851e28f30e357f5a571caac026ef4d,1949,2563,249,164,1454,2231,1.507754152,1.030585767
micro_pcb_v2_HCBD2,micro_pcb_images,https://www.kaggle.com/datasets/frettapper/micropcb-images,CC BY 4.0,https://creativecommons.org/licenses/by/4.0/,raspberry_pi_sbc,raspberry_pi_3_b_plus,H,C,B,D,2,HCBD,train,train,NOT_VERIFIED,train_coded/train_coded/HCBD2.jpg,c1eae63e6f20ed11f818584321a3dcbb98285f27c82748f89c8d972e3906952b,1939,2575,251,166,1442,2242,1.832412323,1.005668341
micro_pcb_v2_HCBD3,micro_pcb_images,https://www.kaggle.com/datasets/frettapper/micropcb-images,CC BY 4.0,https://creativecommons.org/licenses/by/4.0/,raspberry_pi_sbc,raspberry_pi_3_b_plus,H,C,B,D,3,HCBD,train,train,NOT_VERIFIED,train_coded/train_coded/HCBD3.jpg,55cb64da8bd381c544504b25528ebec63fa59bc5a2f12782e6e5c14511b0d4e3,1943,2568,250,165,1447,2236,1.203934137,1.032886432
micro_pcb_v2_HCBD4,micro_pcb_images,https://www.kaggle.com/datasets/frettapper/micropcb-images,CC BY 4.0,https://creativecommons.org/licenses/by/4.0/,raspberry_pi_sbc,raspberry_pi_3_b_plus,H,C,B,D,4,HCBD,train,train,NOT_VERIFIED,train_coded/train_coded/HCBD4.jpg,36c64a8877d71a57bb49405265bcdfb025bf56b6bad5a647905f3818e999e658,1938,2571,251,165,1441,2239,0.942438981,1.035641202
micro_pcb_v2_HCBE1,micro_pcb_images,https://www.kaggle.com/datasets/frettapper/micropcb-images,CC BY 4.0,https://creativecommons.org/licenses/by/4.0/,raspberry_pi_sbc,raspberry_pi_3_b_plus,H,C,B,E,1,HCBE,train,train,NOT_VERIFIED,train_coded/train_coded/HCBE1.jpg,ad39afa854cdd8a43d91d735c4c50ec8774020deb1d974a0048c772a64912383,1803,2279,248,166,1309,1943,2.062562284,0.939147365
micro_pcb_v2_HCBE2,micro_pcb_images,https://www.kaggle.com/datasets/frettapper/micropcb-images,CC BY 4.0,https://creativecommons.org/licenses/by/4.0/,raspberry_pi_sbc,raspberry_pi_3_b_plus,H,C,B,E,2,HCBE,train,train,NOT_VERIFIED,train_coded/train_coded/HCBE2.jpg,de42f4f5d055fcec61a6397a108eec7c5cfd667601ca7010bb857b6e1d75c8ea,1803,2285,249,165,1307,1950,1.393151589,0.955220821
micro_pcb_v2_HCBE3,micro_pcb_images,https://www.kaggle.com/datasets/frettapper/micropcb-images,CC BY 4.0,https://creativecommons.org/licenses/by/4.0/,raspberry_pi_sbc,raspberry_pi_3_b_plus,H,C,B,E,3,HCBE,train,train,NOT_VERIFIED,train_coded/train_coded/HCBE3.jpg,543b21b9cf6ff2626c037d47542f940239eccc210e0622b5129f3418062c0d3b,1808,2276,249,165,1305,1942,2.453648314,0.927514202
micro_pcb_v2_HCBE4,micro_pcb_images,https://www.kaggle.com/datasets/frettapper/micropcb-images,CC BY 4.0,https://creativecommons.org/licenses/by/4.0/,raspberry_pi_sbc,raspberry_pi_3_b_plus,H,C,B,E,4,HCBE,train,train,NOT_VERIFIED,train_coded/train_coded/HCBE4.jpg,c7709980b40069dc5eac7fc78b0fc8332d2ec535defcf7cebba0884f9272d550,1807,2278,248,165,1306,1943,2.379384403,0.93079698
micro_pcb_v2_HCCA1,micro_pcb_images,https://www.kaggle.com/datasets/frettapper/micropcb-images,CC BY 4.0,https://creativecommons.org/licenses/by/4.0/,raspberry_pi_sbc,raspberry_pi_3_b_plus,H,C,C,A,1,HCCA,train,train,NOT_VERIFIED,train_coded/train_coded/HCCA1.jpg,e53e0892417905e93e0c746ff6cb5f3f09886154d351da7d84a5e120cfb13ba5,1681,1769,246,171,1188,1434,3.82336528,1.160015913
micro_pcb_v2_HCCA2,micro_pcb_images,https://www.kaggle.com/datasets/frettapper/micropcb-images,CC BY 4.0,https://creativecommons.org/licenses/by/4.0/,raspberry_pi_sbc,raspberry_pi_3_b_plus,H,C,C,A,2,HCCA,train,train,NOT_VERIFIED,train_coded/train_coded/HCCA2.jpg,d6f408899194d614fed73744778308d14ba91d68c69ad36355def21318602f8b,1679,1768,247,169,1186,1435,3.433828562,1.158153427
micro_pcb_v2_HCCA3,micro_pcb_images,https://www.kaggle.com/datasets/frettapper/micropcb-images,CC BY 4.0,https://creativecommons.org/licenses/by/4.0/,raspberry_pi_sbc,raspberry_pi_3_b_plus,H,C,C,A,3,HCCA,train,train,NOT_VERIFIED,train_coded/train_coded/HCCA3.jpg,525d75410c094c95ebe3f902a224e1b06736907d03528a96c572e46a33ae976c,1677,1769,245,171,1185,1434,3.276383669,1.157373879
micro_pcb_v2_HCCA4,micro_pcb_images,https://www.kaggle.com/datasets/frettapper/micropcb-images,CC BY 4.0,https://creativecommons.org/licenses/by/4.0/,raspberry_pi_sbc,raspberry_pi_3_b_plus,H,C,C,A,4,HCCA,train,train,NOT_VERIFIED,train_coded/train_coded/HCCA4.jpg,e3003a46b0cdaa751d991b616b1ab24c0ee6ae308e151caa92f8b23cc4af83fa,1677,1770,245,171,1186,1435,3.236406622,1.156592429
micro_pcb_v2_HCCB1,micro_pcb_images,https://www.kaggle.com/datasets/frettapper/micropcb-images,CC BY 4.0,https://creativecommons.org/licenses/by/4.0/,raspberry_pi_sbc,raspberry_pi_3_b_plus,H,C,C,B,1,HCCB,train,train,NOT_VERIFIED,train_coded/train_coded/HCCB1.jpg,01231d4e802bf82b2c3a3a95a566ee7f8f6945cfc1d5397fdda0b62fb3abe299,1777,2122,248,178,1282,1778,0.985963953,1.117698394
micro_pcb_v2_HCCB2,micro_pcb_images,https://www.kaggle.com/datasets/frettapper/micropcb-images,CC BY 4.0,https://creativecommons.org/licenses/by/4.0/,raspberry_pi_sbc,raspberry_pi_3_b_plus,H,C,C,B,2,HCCB,train,train,NOT_VERIFIED,train_coded/train_coded/HCCB2.jpg,302d1f77600a9a08933632652b95cdb3bb62d99fbd527dc725cb4d14aca6d0e8,1768,2129,248,184,1273,1781,0.483758951,1.117648342
micro_pcb_v2_HCCB3,micro_pcb_images,https://www.kaggle.com/datasets/frettapper/micropcb-images,CC BY 4.0,https://creativecommons.org/licenses/by/4.0/,raspberry_pi_sbc,raspberry_pi_3_b_plus,H,C,C,B,3,HCCB,train,train,NOT_VERIFIED,train_coded/train_coded/HCCB3.jpg,7305ddfedf094bb554d6077347d5bf83cb05b11dd5ebeb9eb08f135bf463c2ba,1768,2123,249,178,1272,1781,0.662584813,1.164744413
micro_pcb_v2_HCCB4,micro_pcb_images,https://www.kaggle.com/datasets/frettapper/micropcb-images,CC BY 4.0,https://creativecommons.org/licenses/by/4.0/,raspberry_pi_sbc,raspberry_pi_3_b_plus,H,C,C,B,4,HCCB,train,train,NOT_VERIFIED,train_coded/train_coded/HCCB4.jpg,4699003ff8cec3971c61f5ceb39de59d0e3f6d58b15af19b1f2537ee1371380c,1767,2126,249,181,1271,1781,0.345744751,1.108445164
micro_pcb_v2_HCCC1,micro_pcb_images,https://www.kaggle.com/datasets/frettapper/micropcb-images,CC BY 4.0,https://creativecommons.org/licenses/by/4.0/,raspberry_pi_sbc,raspberry_pi_3_b_plus,H,C,C,C,1,HCCC,train,train,NOT_VERIFIED,train_coded/train_coded/HCCC1.jpg,7f0cc6238f531713c269bc4e75b5b0283b50b7b54bf7df1c443ea0c0de8e4a87,1753,2250,247,164,1260,1914,0.189220036,1.037988839
micro_pcb_v2_HCCC2,micro_pcb_images,https://www.kaggle.com/datasets/frettapper/micropcb-images,CC BY 4.0,https://creativecommons.org/licenses/by/4.0/,raspberry_pi_sbc,raspberry_pi_3_b_plus,H,C,C,C,2,HCCC,train,train,NOT_VERIFIED,train_coded/train_coded/HCCC2.jpg,9aee5e1280ea1755348307ec3af0e8920ac99d9528197804720721e4726e19d8,1760,2246,255,164,1258,1913,0.0,1.03463158
micro_pcb_v2_HCCC3,micro_pcb_images,https://www.kaggle.com/datasets/frettapper/micropcb-images,CC BY 4.0,https://creativecommons.org/licenses/by/4.0/,raspberry_pi_sbc,raspberry_pi_3_b_plus,H,C,C,C,3,HCCC,train,train,NOT_VERIFIED,train_coded/train_coded/HCCC3.jpg,70c6fe56dce9f6238be6e4a53b0a703bfadc3824da91da15a2dffd30763e7cb0,1754,2248,247,164,1261,1915,0.156176574,0.930156056
micro_pcb_v2_HCCC4,micro_pcb_images,https://www.kaggle.com/datasets/frettapper/micropcb-images,CC BY 4.0,https://creativecommons.org/licenses/by/4.0/,raspberry_pi_sbc,raspberry_pi_3_b_plus,H,C,C,C,4,HCCC,train,train,NOT_VERIFIED,train_coded/train_coded/HCCC4.jpg,e027d1bd55921e4b4f2deab624c0e36952fce13e6a8a79946839783f61ed0352,1763,2253,249,166,1268,1914,0.496115192,0.927987202
micro_pcb_v2_HCCD1,micro_pcb_images,https://www.kaggle.com/datasets/frettapper/micropcb-images,CC BY 4.0,https://creativecommons.org/licenses/by/4.0/,raspberry_pi_sbc,raspberry_pi_3_b_plus,H,C,C,D,1,HCCD,train,train,NOT_VERIFIED,train_coded/train_coded/HCCD1.jpg,df102ce5b3a38359212f7bee8ba6a5a477ec5da980ef6a4db76a75d9a906c79a,1750,2250,248,164,1256,1919,0.148792658,0.869205704
micro_pcb_v2_HCCD2,micro_pcb_images,https://www.kaggle.com/datasets/frettapper/micropcb-images,CC BY 4.0,https://creativecommons.org/licenses/by/4.0/,raspberry_pi_sbc,raspberry_pi_3_b_plus,H,C,C,D,2,HCCD,train,train,NOT_VERIFIED,train_coded/train_coded/HCCD2.jpg,500bfa76dded4b8b952fece258e1a2d2b4d5152649a1889b2525e8e7a447cbca,1757,2249,247,164,1264,1916,0.663091059,0.860412389
micro_pcb_v2_HCCD3,micro_pcb_images,https://www.kaggle.com/datasets/frettapper/micropcb-images,CC BY 4.0,https://creativecommons.org/licenses/by/4.0/,raspberry_pi_sbc,raspberry_pi_3_b_plus,H,C,C,D,3,HCCD,train,train,NOT_VERIFIED,train_coded/train_coded/HCCD3.jpg,97d8c109e36dd3fedc61371826c6dd7944d3e09e9a677ffe65a4cfd9276232bb,1750,2248,248,164,1256,1914,0.389017463,0.908748305
micro_pcb_v2_HCCD4,micro_pcb_images,https://www.kaggle.com/datasets/frettapper/micropcb-images,CC BY 4.0,https://creativecommons.org/licenses/by/4.0/,raspberry_pi_sbc,raspberry_pi_3_b_plus,H,C,C,D,4,HCCD,train,train,NOT_VERIFIED,train_coded/train_coded/HCCD4.jpg,fc1bbfb12f74d0e1fc982710c5a29706371d086f4a40b57122f323d429e68390,1746,2247,247,163,1252,1916,0.166024261,0.865575558
micro_pcb_v2_HCCE1,micro_pcb_images,https://www.kaggle.com/datasets/frettapper/micropcb-images,CC BY 4.0,https://creativecommons.org/licenses/by/4.0/,raspberry_pi_sbc,raspberry_pi_3_b_plus,H,C,C,E,1,HCCE,train,train,NOT_VERIFIED,train_coded/train_coded/HCCE1.jpg,518de4f899ef7c025ae97446bb21392d9c37263d455d29145353f011c791debb,1685,2031,248,165,1191,1699,1.860526085,0.922524302
micro_pcb_v2_HCCE2,micro_pcb_images,https://www.kaggle.com/datasets/frettapper/micropcb-images,CC BY 4.0,https://creativecommons.org/licenses/by/4.0/,raspberry_pi_sbc,raspberry_pi_3_b_plus,H,C,C,E,2,HCCE,train,train,NOT_VERIFIED,train_coded/train_coded/HCCE2.jpg,f2a5a6ac9f3e098150650f175eadf0ca2b899e6f4f640258058db2f0ae06e05a,1682,2030,248,165,1188,1698,1.541078888,0.92250293
micro_pcb_v2_HCCE3,micro_pcb_images,https://www.kaggle.com/datasets/frettapper/micropcb-images,CC BY 4.0,https://creativecommons.org/licenses/by/4.0/,raspberry_pi_sbc,raspberry_pi_3_b_plus,H,C,C,E,3,HCCE,train,train,NOT_VERIFIED,train_coded/train_coded/HCCE3.jpg,3722398f826e36858bbd92d1210bbc805ee934dcd8b1646940b71fd8b70c89c8,1681,2030,247,164,1188,1699,1.582664844,0.92038117
micro_pcb_v2_HCCE4,micro_pcb_images,https://www.kaggle.com/datasets/frettapper/micropcb-images,CC BY 4.0,https://creativecommons.org/licenses/by/4.0/,raspberry_pi_sbc,raspberry_pi_3_b_plus,H,C,C,E,4,HCCE,train,train,NOT_VERIFIED,train_coded/train_coded/HCCE4.jpg,55d38e3c71ac64c53992021f2527f205dfa1d237c7a6adfb5ac21d3487b67a52,1687,2035,248,165,1192,1702,1.915659091,0.920342162
micro_pcb_v2_HCDA1,micro_pcb_images,https://www.kaggle.com/datasets/frettapper/micropcb-images,CC BY 4.0,https://creativecommons.org/licenses/by/4.0/,raspberry_pi_sbc,raspberry_pi_3_b_plus,H,C,D,A,1,HCDA,train,train,NOT_VERIFIED,train_coded/train_coded/HCDA1.jpg,178110864d789077fb9057c54409ebd221c1842278613a400c5ae2b70eac8677,1842,2104,248,172,1348,1767,0.092920266,1.145486302
micro_pcb_v2_HCDA2,micro_pcb_images,https://www.kaggle.com/datasets/frettapper/micropcb-images,CC BY 4.0,https://creativecommons.org/licenses/by/4.0/,raspberry_pi_sbc,raspberry_pi_3_b_plus,H,C,D,A,2,HCDA,train,train,NOT_VERIFIED,train_coded/train_coded/HCDA2.jpg,eb5d391014102cb2ffcd62e0c5ee020c28f960f25114fe087a44bdb0e82fa6ac,1846,2099,251,172,1350,1762,0.16520125,1.141322464
micro_pcb_v2_HCDA3,micro_pcb_images,https://www.kaggle.com/datasets/frettapper/micropcb-images,CC BY 4.0,https://creativecommons.org/licenses/by/4.0/,raspberry_pi_sbc,raspberry_pi_3_b_plus,H,C,D,A,3,HCDA,train,train,NOT_VERIFIED,train_coded/train_coded/HCDA3.jpg,a9b3128c7557ce281d050684cdb68f1b25844b3de2537d250138eb25eb4a4850,1852,2098,255,170,1351,1763,0.180666829,1.144723508
micro_pcb_v2_HCDA4,micro_pcb_images,https://www.kaggle.com/datasets/frettapper/micropcb-images,CC BY 4.0,https://creativecommons.org/licenses/by/4.0/,raspberry_pi_sbc,raspberry_pi_3_b_plus,H,C,D,A,4,HCDA,train,train,NOT_VERIFIED,train_coded/train_coded/HCDA4.jpg,88d41575669fa7110b801fa2331b2d75d3a901011c285b14affdcd7d22c71c2f,1845,2104,249,174,1350,1765,0.042823898,1.145447751
micro_pcb_v2_HCDB1,micro_pcb_images,https://www.kaggle.com/datasets/frettapper/micropcb-images,CC BY 4.0,https://creativecommons.org/licenses/by/4.0/,raspberry_pi_sbc,raspberry_pi_3_b_plus,H,C,D,B,1,HCDB,train,train,NOT_VERIFIED,train_coded/train_coded/HCDB1.jpg,51e612d8ea22d9bc37dfc90507f86cde436c91645f449d9f6fcbfe9bbaa6137f,2010,2482,311,189,1454,2129,0.666409675,1.099888032
micro_pcb_v2_HCDB2,micro_pcb_images,https://www.kaggle.com/datasets/frettapper/micropcb-images,CC BY 4.0,https://creativecommons.org/licenses/by/4.0/,raspberry_pi_sbc,raspberry_pi_3_b_plus,H,C,D,B,2,HCDB,train,train,NOT_VERIFIED,train_coded/train_coded/HCDB2.jpg,307b6e4508612da8fe406dbd13f0becc41b540571dca7ce825ff41edbcdadb03,2004,2476,306,191,1452,2121,0.592051194,1.106210021
micro_pcb_v2_HCDB3,micro_pcb_images,https://www.kaggle.com/datasets/frettapper/micropcb-images,CC BY 4.0,https://creativecommons.org/licenses/by/4.0/,raspberry_pi_sbc,raspberry_pi_3_b_plus,H,C,D,B,3,HCDB,train,train,NOT_VERIFIED,train_coded/train_coded/HCDB3.jpg,bdd54c08a973f6553f3db5435d7b4477eff2c4a7038606f065b8d6c5df7e5c23,2000,2465,309,193,1445,2108,0.079637944,1.101596862
micro_pcb_v2_HCDB4,micro_pcb_images,https://www.kaggle.com/datasets/frettapper/micropcb-images,CC BY 4.0,https://creativecommons.org/licenses/by/4.0/,raspberry_pi_sbc,raspberry_pi_3_b_plus,H,C,D,B,4,HCDB,train,train,NOT_VERIFIED,train_coded/train_coded/HCDB4.jpg,f29495c94bbeee00109e5d9f121e0f23a38780589c86f69d4d172582f62a216c,2002,2468,311,190,1445,2114,0.271362535,1.10225976
micro_pcb_v2_HCDC1,micro_pcb_images,https://www.kaggle.com/datasets/frettapper/micropcb-images,CC BY 4.0,https://creativecommons.org/licenses/by/4.0/,raspberry_pi_sbc,raspberry_pi_3_b_plus,H,C,D,C,1,HCDC,train,train,NOT_VERIFIED,train_coded/train_coded/HCDC1.jpg,7cb76c45e586b1555d6e0d9c59f219400d9f9980a730b69fdda01e00eee6a3de,1720,2108,271,165,1256,1778,0.316661936,1.069407709
micro_pcb_v2_HCDC2,micro_pcb_images,https://www.kaggle.com/datasets/frettapper/micropcb-images,CC BY 4.0,https://creativecommons.org/licenses/by/4.0/,raspberry_pi_sbc,raspberry_pi_3_b_plus,H,C,D,C,2,HCDC,train,train,NOT_VERIFIED,train_coded/train_coded/HCDC2.jpg,46e08404fe3b91aa5ee7c79e1252fd656508804f5c8d5a92f30d77fb0b29b1be,1715,2108,268,164,1254,1779,0.212218252,1.071832111
micro_pcb_v2_HCDC3,micro_pcb_images,https://www.kaggle.com/datasets/frettapper/micropcb-images,CC BY 4.0,https://creativecommons.org/licenses/by/4.0/,raspberry_pi_sbc,raspberry_pi_3_b_plus,H,C,D,C,3,HCDC,train,train,NOT_VERIFIED,train_coded/train_coded/HCDC3.jpg,d50df4a56e5c6ad58ebb5243cd8f39adba02dacdca5724d5a563443afea7c05e,1721,2110,270,165,1258,1781,0.439052774,1.078986531
micro_pcb_v2_HCDC4,micro_pcb_images,https://www.kaggle.com/datasets/frettapper/micropcb-images,CC BY 4.0,https://creativecommons.org/licenses/by/4.0/,raspberry_pi_sbc,raspberry_pi_3_b_plus,H,C,D,C,4,HCDC,train,train,NOT_VERIFIED,train_coded/train_coded/HCDC4.jpg,4b931239194a19809d732e0ba5b40e0c780dfd04cd3070d31936015d1dc45bc4,1715,2109,265,165,1258,1779,0.188255465,1.073909258
micro_pcb_v2_HCDD1,micro_pcb_images,https://www.kaggle.com/datasets/frettapper/micropcb-images,CC BY 4.0,https://creativecommons.org/licenses/by/4.0/,raspberry_pi_sbc,raspberry_pi_3_b_plus,H,C,D,D,1,HCDD,train,train,NOT_VERIFIED,train_coded/train_coded/HCDD1.jpg,124b3f838bb0c1dcbf7ee5e92a2ea0f6b63839da7ae63319a92f5a6b89d12e13,1751,2183,293,156,1212,1863,1.036296372,0.92849465
micro_pcb_v2_HCDD2,micro_pcb_images,https://www.kaggle.com/datasets/frettapper/micropcb-images,CC BY 4.0,https://creativecommons.org/licenses/by/4.0/,raspberry_pi_sbc,raspberry_pi_3_b_plus,H,C,D,D,2,HCDD,train,train,NOT_VERIFIED,train_coded/train_coded/HCDD2.jpg,f93e5f2c3512ea37e8ff8d72f753dbf0f056799a0bf4a5b89c261955c63dda66,1754,2181,296,157,1214,1859,0.865411603,0.918235552
micro_pcb_v2_HCDD3,micro_pcb_images,https://www.kaggle.com/datasets/frettapper/micropcb-images,CC BY 4.0,https://creativecommons.org/licenses/by/4.0/,raspberry_pi_sbc,raspberry_pi_3_b_plus,H,C,D,D,3,HCDD,train,train,NOT_VERIFIED,train_coded/train_coded/HCDD3.jpg,63099ec0207da63fd7e9cd85a305887464d3879d39e122969f55f168bb8cf503,1765,2173,296,154,1225,1855,1.632538561,0.926418027
micro_pcb_v2_HCDD4,micro_pcb_images,https://www.kaggle.com/datasets/frettapper/micropcb-images,CC BY 4.0,https://creativecommons.org/licenses/by/4.0/,raspberry_pi_sbc,raspberry_pi_3_b_plus,H,C,D,D,4,HCDD,train,train,NOT_VERIFIED,train_coded/train_coded/HCDD4.jpg,516d29cd1f97a5e0e64ed77ff442294773710ab04ee0b378ac307b1cf6d93926,1757,2174,294,155,1218,1854,1.147528627,0.920733647
micro_pcb_v2_HCDE1,micro_pcb_images,https://www.kaggle.com/datasets/frettapper/micropcb-images,CC BY 4.0,https://creativecommons.org/licenses/by/4.0/,raspberry_pi_sbc,raspberry_pi_3_b_plus,H,C,D,E,1,HCDE,train,train,NOT_VERIFIED,train_coded/train_coded/HCDE1.jpg,7d57533cb9fe16297f397faabc0cfd855364fe194f775028773c1ef1bdd5e93d,1633,1996,268,166,1121,1665,2.409262635,0.877112818
micro_pcb_v2_HCDE2,micro_pcb_images,https://www.kaggle.com/datasets/frettapper/micropcb-images,CC BY 4.0,https://creativecommons.org/licenses/by/4.0/,raspberry_pi_sbc,raspberry_pi_3_b_plus,H,C,D,E,2,HCDE,train,train,NOT_VERIFIED,train_coded/train_coded/HCDE2.jpg,9136591ce41f9fab2376af8937a69f60de3f2dfc28be8ff619c61b1201ca1071,1635,1994,266,167,1124,1661,2.645482721,0.882773476
micro_pcb_v2_HCDE3,micro_pcb_images,https://www.kaggle.com/datasets/frettapper/micropcb-images,CC BY 4.0,https://creativecommons.org/licenses/by/4.0/,raspberry_pi_sbc,raspberry_pi_3_b_plus,H,C,D,E,3,HCDE,train,train,NOT_VERIFIED,train_coded/train_coded/HCDE3.jpg,a80a238ac1be186d2bfeb128f73e74cdcab10d4ac24cb52b8e369524b746a8c3,1633,1998,265,167,1123,1666,2.662429799,0.883503787
micro_pcb_v2_HCDE4,micro_pcb_images,https://www.kaggle.com/datasets/frettapper/micropcb-images,CC BY 4.0,https://creativecommons.org/licenses/by/4.0/,raspberry_pi_sbc,raspberry_pi_3_b_plus,H,C,D,E,4,HCDE,train,train,NOT_VERIFIED,train_coded/train_coded/HCDE4.jpg,a46f5d7866304d0cac987fcb11a907142fc98d7f6dee316d00eb8ccb928e876a,1633,2003,265,167,1123,1670,2.464685827,0.880293657
micro_pcb_v2_HCEA1,micro_pcb_images,https://www.kaggle.com/datasets/frettapper/micropcb-images,CC BY 4.0,https://creativecommons.org/licenses/by/4.0/,raspberry_pi_sbc,raspberry_pi_3_b_plus,H,C,E,A,1,HCEA,train,train,NOT_VERIFIED,train_coded/train_coded/HCEA1.jpg,e464e965edf6f8a01021ad8f70fef10c6a546c40247dd33aca88764657fbcaae,1702,2013,253,170,1200,1679,1.586424959,1.159675355
micro_pcb_v2_HCEA2,micro_pcb_images,https://www.kaggle.com/datasets/frettapper/micropcb-images,CC BY 4.0,https://creativecommons.org/licenses/by/4.0/,raspberry_pi_sbc,raspberry_pi_3_b_plus,H,C,E,A,2,HCEA,train,train,NOT_VERIFIED,train_coded/train_coded/HCEA2.jpg,e978f595bcb9e608907846e65f3123888d961bfb3a969676a445c596aa5b3067,1691,2012,251,170,1192,1678,1.145818416,1.168164496
micro_pcb_v2_HCEA3,micro_pcb_images,https://www.kaggle.com/datasets/frettapper/micropcb-images,CC BY 4.0,https://creativecommons.org/licenses/by/4.0/,raspberry_pi_sbc,raspberry_pi_3_b_plus,H,C,E,A,3,HCEA,train,train,NOT_VERIFIED,train_coded/train_coded/HCEA3.jpg,daed33956b20da1ef16601ffe7b8132c98ae458bf813e8779b07e69bb23008d6,1685,2015,250,165,1187,1686,1.006568385,1.16116255
micro_pcb_v2_HCEA4,micro_pcb_images,https://www.kaggle.com/datasets/frettapper/micropcb-images,CC BY 4.0,https://creativecommons.org/licenses/by/4.0/,raspberry_pi_sbc,raspberry_pi_3_b_plus,H,C,E,A,4,HCEA,train,train,NOT_VERIFIED,train_coded/train_coded/HCEA4.jpg,a6006e5f0ac10a806ce0c479df1909999097bfeb3fc90ea18e2ebabcb8c7864c,1681,2026,255,171,1178,1690,0.696980926,1.159983392
micro_pcb_v2_HCEB1,micro_pcb_images,https://www.kaggle.com/datasets/frettapper/micropcb-images,CC BY 4.0,https://creativecommons.org/licenses/by/4.0/,raspberry_pi_sbc,raspberry_pi_3_b_plus,H,C,E,B,1,HCEB,train,train,NOT_VERIFIED,train_coded/train_coded/HCEB1.jpg,46d3d075f5b4c29fd03f056128b6bc597f1545a11695cd4f67b02a5a66933cec,1851,2350,268,227,1335,1960,0.985041119,1.156292823
micro_pcb_v2_HCEB2,micro_pcb_images,https://www.kaggle.com/datasets/frettapper/micropcb-images,CC BY 4.0,https://creativecommons.org/licenses/by/4.0/,raspberry_pi_sbc,raspberry_pi_3_b_plus,H,C,E,B,2,HCEB,train,train,NOT_VERIFIED,train_coded/train_coded/HCEB2.jpg,f9deca0d8ddbeb2f9c7cf82c1f39369746392d2f61bf1d7f3e4288fe9fe2574a,1868,2357,295,219,1325,1974,0.344779998,1.157782154
micro_pcb_v2_HCEB3,micro_pcb_images,https://www.kaggle.com/datasets/frettapper/micropcb-images,CC BY 4.0,https://creativecommons.org/licenses/by/4.0/,raspberry_pi_sbc,raspberry_pi_3_b_plus,H,C,E,B,3,HCEB,train,train,NOT_VERIFIED,train_coded/train_coded/HCEB3.jpg,ccd465b85a0c475074be9380ca2719bb15b5cbbb0273f3e5a4af16ee633952d4,1871,2365,289,230,1334,1970,0.954930585,1.145421216
micro_pcb_v2_HCEB4,micro_pcb_images,https://www.kaggle.com/datasets/frettapper/micropcb-images,CC BY 4.0,https://creativecommons.org/licenses/by/4.0/,raspberry_pi_sbc,raspberry_pi_3_b_plus,H,C,E,B,4,HCEB,train,train,NOT_VERIFIED,train_coded/train_coded/HCEB4.jpg,04472e6016d8a28a04d4a612ce461eb61237bf87d83d33d5d5bd0dd3d9e261f9,1867,2359,283,228,1337,1967,0.849604749,1.152475564
micro_pcb_v2_HCEC1,micro_pcb_images,https://www.kaggle.com/datasets/frettapper/micropcb-images,CC BY 4.0,https://creativecommons.org/licenses/by/4.0/,raspberry_pi_sbc,raspberry_pi_3_b_plus,H,C,E,C,1,HCEC,train,train,NOT_VERIFIED,train_coded/train_coded/HCEC1.jpg,74506972fedd868f1af51ff8139cd97fe3284735e17500c91a896fe7f630fdfe,1586,2057,250,165,1083,1728,0.684430052,1.060632386
micro_pcb_v2_HCEC2,micro_pcb_images,https://www.kaggle.com/datasets/frettapper/micropcb-images,CC BY 4.0,https://creativecommons.org/licenses/by/4.0/,raspberry_pi_sbc,raspberry_pi_3_b_plus,H,C,E,C,2,HCEC,train,train,NOT_VERIFIED,train_coded/train_coded/HCEC2.jpg,026382eb4ba3b460516befd68865f0fcc457b23d8e22f4cd9bcf01adc9c220b4,1587,2060,254,164,1082,1730,0.364668335,1.05921826
micro_pcb_v2_HCEC3,micro_pcb_images,https://www.kaggle.com/datasets/frettapper/micropcb-images,CC BY 4.0,https://creativecommons.org/licenses/by/4.0/,raspberry_pi_sbc,raspberry_pi_3_b_plus,H,C,E,C,3,HCEC,train,train,NOT_VERIFIED,train_coded/train_coded/HCEC3.jpg,d65bf1e674a8367de99e11cd5762b8e9943e5387285a1559df6211e60e0a7470,1576,2059,251,165,1088,1730,0.621173365,1.067244459
micro_pcb_v2_HCEC4,micro_pcb_images,https://www.kaggle.com/datasets/frettapper/micropcb-images,CC BY 4.0,https://creativecommons.org/licenses/by/4.0/,raspberry_pi_sbc,raspberry_pi_3_b_plus,H,C,E,C,4,HCEC,train,train,NOT_VERIFIED,train_coded/train_coded/HCEC4.jpg,f09b154c76c00383d5dc639e361f0d9127036f5f04898b7679b1337f0a088536,1569,2060,248,164,1087,1731,0.587422708,1.060500097
micro_pcb_v2_HCED1,micro_pcb_images,https://www.kaggle.com/datasets/frettapper/micropcb-images,CC BY 4.0,https://creativecommons.org/licenses/by/4.0/,raspberry_pi_sbc,raspberry_pi_3_b_plus,H,C,E,D,1,HCED,train,train,NOT_VERIFIED,train_coded/train_coded/HCED1.jpg,cd0ab16b69705794b047196a0e291c88c9e47c241d49b26e604972fcd3e913ff,1529,2106,248,158,1045,1782,1.206518312,0.977785225
micro_pcb_v2_HCED2,micro_pcb_images,https://www.kaggle.com/datasets/frettapper/micropcb-images,CC BY 4.0,https://creativecommons.org/licenses/by/4.0/,raspberry_pi_sbc,raspberry_pi_3_b_plus,H,C,E,D,2,HCED,train,train,NOT_VERIFIED,train_coded/train_coded/HCED2.jpg,7e71c7c8e96ef52273eded1b9edce4b5397ee0350d132d81d0e72e11d4bbd433,1529,2101,250,158,1050,1778,1.473619488,0.959531723
micro_pcb_v2_HCED3,micro_pcb_images,https://www.kaggle.com/datasets/frettapper/micropcb-images,CC BY 4.0,https://creativecommons.org/licenses/by/4.0/,raspberry_pi_sbc,raspberry_pi_3_b_plus,H,C,E,D,3,HCED,train,train,NOT_VERIFIED,train_coded/train_coded/HCED3.jpg,cab6b5801740c7945e436cfbbac9c1a7138098c2008623a614f67fa8a8cc4992,1531,2104,249,158,1053,1781,1.590254065,0.957508216
micro_pcb_v2_HCED4,micro_pcb_images,https://www.kaggle.com/datasets/frettapper/micropcb-images,CC BY 4.0,https://creativecommons.org/licenses/by/4.0/,raspberry_pi_sbc,raspberry_pi_3_b_plus,H,C,E,D,4,HCED,train,train,NOT_VERIFIED,train_coded/train_coded/HCED4.jpg,9cbdbb861fbc8df8cd721f7cda0945cd4af6a50d5c75c6c722107279c4392a93,1530,2105,251,158,1052,1781,1.389627836,0.963376868
micro_pcb_v2_HCEE1,micro_pcb_images,https://www.kaggle.com/datasets/frettapper/micropcb-images,CC BY 4.0,https://creativecommons.org/licenses/by/4.0/,raspberry_pi_sbc,raspberry_pi_3_b_plus,H,C,E,E,1,HCEE,train,train,NOT_VERIFIED,train_coded/train_coded/HCEE1.jpg,ed44de289825e0f66ea7373df5fe987569e17afacb01aa633312e6c8de17c2bc,1516,1979,258,164,1034,1651,2.736341538,0.941157169
micro_pcb_v2_HCEE2,micro_pcb_images,https://www.kaggle.com/datasets/frettapper/micropcb-images,CC BY 4.0,https://creativecommons.org/licenses/by/4.0/,raspberry_pi_sbc,raspberry_pi_3_b_plus,H,C,E,E,2,HCEE,train,train,NOT_VERIFIED,train_coded/train_coded/HCEE2.jpg,2acc5e1e72a3b2cfb392f57751daccb05df192203743f5b268fa59eb5b300cc1,1515,1976,254,163,1037,1648,3.045289317,0.941322098
micro_pcb_v2_HCEE3,micro_pcb_images,https://www.kaggle.com/datasets/frettapper/micropcb-images,CC BY 4.0,https://creativecommons.org/licenses/by/4.0/,raspberry_pi_sbc,raspberry_pi_3_b_plus,H,C,E,E,3,HCEE,train,train,NOT_VERIFIED,train_coded/train_coded/HCEE3.jpg,950a9d5ac27d508fca498c5379b839e757f60211eb279e8728136d40ed3978d5,1517,1972,255,163,1040,1645,3.535849919,0.952086248
micro_pcb_v2_HCEE4,micro_pcb_images,https://www.kaggle.com/datasets/frettapper/micropcb-images,CC BY 4.0,https://creativecommons.org/licenses/by/4.0/,raspberry_pi_sbc,raspberry_pi_3_b_plus,H,C,E,E,4,HCEE,train,train,NOT_VERIFIED,train_coded/train_coded/HCEE4.jpg,ce7a5d3141cec75469f5e3f62be344b998158e47cc68063911c6477993a41244,1511,1982,252,165,1035,1652,3.002021369,0.9423303
micro_pcb_v2_HDAA1,micro_pcb_images,https://www.kaggle.com/datasets/frettapper/micropcb-images,CC BY 4.0,https://creativecommons.org/licenses/by/4.0/,raspberry_pi_sbc,raspberry_pi_3_b_plus,H,D,A,A,1,HDAA,train,train,NOT_VERIFIED,train_coded/train_coded/HDAA1.jpg,240f5da3713f02e5fdecaece2a17a2951f1548f880d99cda0b0f538ccc87a1b3,1634,1933,248,169,1129,1600,5.703575602,1.2462482
micro_pcb_v2_HDAA2,micro_pcb_images,https://www.kaggle.com/datasets/frettapper/micropcb-images,CC BY 4.0,https://creativecommons.org/licenses/by/4.0/,raspberry_pi_sbc,raspberry_pi_3_b_plus,H,D,A,A,2,HDAA,train,train,NOT_VERIFIED,train_coded/train_coded/HDAA2.jpg,f20069e2cf03fc4ddc2b1c36d781152b010b88313c19bd8dc100d0d9b9abd700,1624,1922,246,169,1121,1589,4.82817771,1.25621892
micro_pcb_v2_HDAA3,micro_pcb_images,https://www.kaggle.com/datasets/frettapper/micropcb-images,CC BY 4.0,https://creativecommons.org/licenses/by/4.0/,raspberry_pi_sbc,raspberry_pi_3_b_plus,H,D,A,A,3,HDAA,train,train,NOT_VERIFIED,train_coded/train_coded/HDAA3.jpg,fa7d4ea6bdc7b909dbd82872c94ca953bc15bc5f686cf38c92e5966f2f1703a7,1623,1925,246,170,1119,1590,4.59440365,1.248788672
micro_pcb_v2_HDAA4,micro_pcb_images,https://www.kaggle.com/datasets/frettapper/micropcb-images,CC BY 4.0,https://creativecommons.org/licenses/by/4.0/,raspberry_pi_sbc,raspberry_pi_3_b_plus,H,D,A,A,4,HDAA,train,train,NOT_VERIFIED,train_coded/train_coded/HDAA4.jpg,7d4ea2bb537834234e815bfa2c3a902acac098d11e7673bbad8d9bd6e2383167,1623,1926,249,168,1116,1593,4.451147569,1.261897475
micro_pcb_v2_HDAB1,micro_pcb_images,https://www.kaggle.com/datasets/frettapper/micropcb-images,CC BY 4.0,https://creativecommons.org/licenses/by/4.0/,raspberry_pi_sbc,raspberry_pi_3_b_plus,H,D,A,B,1,HDAB,train,train,NOT_VERIFIED,train_coded/train_coded/HDAB1.jpg,63060f8aa08aed26293e2478f8ea048c093a2d2bdaa59312495bc035ce478540,1704,2140,250,169,1202,1806,11.94050142,1.045678649
micro_pcb_v2_HDAB2,micro_pcb_images,https://www.kaggle.com/datasets/frettapper/micropcb-images,CC BY 4.0,https://creativecommons.org/licenses/by/4.0/,raspberry_pi_sbc,raspberry_pi_3_b_plus,H,D,A,B,2,HDAB,train,train,NOT_VERIFIED,train_coded/train_coded/HDAB2.jpg,926d47bd1dd4da3e0d17dec01aa56cad8f05befae27e147c2f1564860140d9a5,1686,2136,247,171,1192,1801,11.19671649,1.070157378
micro_pcb_v2_HDAB3,micro_pcb_images,https://www.kaggle.com/datasets/frettapper/micropcb-images,CC BY 4.0,https://creativecommons.org/licenses/by/4.0/,raspberry_pi_sbc,raspberry_pi_3_b_plus,H,D,A,B,3,HDAB,train,train,NOT_VERIFIED,train_coded/train_coded/HDAB3.jpg,08d3138eeee2e2055745d6cdabdb09e2606c972ca3339b5fdb8f2e5301231e2b,1699,2141,247,171,1202,1806,11.57195964,1.067865935
micro_pcb_v2_HDAB4,micro_pcb_images,https://www.kaggle.com/datasets/frettapper/micropcb-images,CC BY 4.0,https://creativecommons.org/licenses/by/4.0/,raspberry_pi_sbc,raspberry_pi_3_b_plus,H,D,A,B,4,HDAB,train,train,NOT_VERIFIED,train_coded/train_coded/HDAB4.jpg,cbd603a924642d462d7ddd3ced918616a3ac49370697bf55d1433eaccaf3e3fc,1699,2139,248,170,1200,1805,8.525059074,1.194144639
micro_pcb_v2_HDAC1,micro_pcb_images,https://www.kaggle.com/datasets/frettapper/micropcb-images,CC BY 4.0,https://creativecommons.org/licenses/by/4.0/,raspberry_pi_sbc,raspberry_pi_3_b_plus,H,D,A,C,1,HDAC,train,train,NOT_VERIFIED,train_coded/train_coded/HDAC1.jpg,aace65528272d63c1a1625607ebd74c3d3f9a72bf478273580dedd6ca304195d,2080,2408,246,167,1565,2075,13.27264283,1.128952205
micro_pcb_v2_HDAC2,micro_pcb_images,https://www.kaggle.com/datasets/frettapper/micropcb-images,CC BY 4.0,https://creativecommons.org/licenses/by/4.0/,raspberry_pi_sbc,raspberry_pi_3_b_plus,H,D,A,C,2,HDAC,train,train,NOT_VERIFIED,train_coded/train_coded/HDAC2.jpg,9a7518b1693985cef9c40bc98268010feecfe7e96df3abc0ed780832ea77c434,2070,2398,246,166,1548,2068,12.56194022,1.095408774
micro_pcb_v2_HDAC3,micro_pcb_images,https://www.kaggle.com/datasets/frettapper/micropcb-images,CC BY 4.0,https://creativecommons.org/licenses/by/4.0/,raspberry_pi_sbc,raspberry_pi_3_b_plus,H,D,A,C,3,HDAC,train,train,NOT_VERIFIED,train_coded/train_coded/HDAC3.jpg,e135b3ac559053cc10f497e2d580a3fc117180a89eeb39a6fda01ea939cea942,2072,2391,246,164,1537,2063,12.30963107,1.115040251
micro_pcb_v2_HDAC4,micro_pcb_images,https://www.kaggle.com/datasets/frettapper/micropcb-images,CC BY 4.0,https://creativecommons.org/licenses/by/4.0/,raspberry_pi_sbc,raspberry_pi_3_b_plus,H,D,A,C,4,HDAC,train,train,NOT_VERIFIED,train_coded/train_coded/HDAC4.jpg,0b7c9b3bc4f6f0a150993091bf1b82f2d33995e1287aff9248267f308f214cdb,2061,2392,246,165,1533,2062,12.03723139,1.124210198
micro_pcb_v2_HDAD1,micro_pcb_images,https://www.kaggle.com/datasets/frettapper/micropcb-images,CC BY 4.0,https://creativecommons.org/licenses/by/4.0/,raspberry_pi_sbc,raspberry_pi_3_b_plus,H,D,A,D,1,HDAD,train,train,NOT_VERIFIED,train_coded/train_coded/HDAD1.jpg,8537fa916b180428ae909dcc5e971a8c0c2ba54ec844afe109a1218461933231,1955,2378,248,167,1427,2045,7.991212345,1.130761887
micro_pcb_v2_HDAD2,micro_pcb_images,https://www.kaggle.com/datasets/frettapper/micropcb-images,CC BY 4.0,https://creativecommons.org/licenses/by/4.0/,raspberry_pi_sbc,raspberry_pi_3_b_plus,H,D,A,D,2,HDAD,train,train,NOT_VERIFIED,train_coded/train_coded/HDAD2.jpg,000da76a29866c022c47e80ccddde84754b9b632ede6cefba25c9b16dca2fd40,1942,2366,248,166,1411,2038,7.267937403,1.128104439
micro_pcb_v2_HDAD3,micro_pcb_images,https://www.kaggle.com/datasets/frettapper/micropcb-images,CC BY 4.0,https://creativecommons.org/licenses/by/4.0/,raspberry_pi_sbc,raspberry_pi_3_b_plus,H,D,A,D,3,HDAD,train,train,NOT_VERIFIED,train_coded/train_coded/HDAD3.jpg,99711fe8d8e746d3ab22b4eb1b2c2216f35732eb3e1b4f2728eaac8270c50dc4,1934,2367,247,165,1416,2039,9.259065163,1.058124616
micro_pcb_v2_HDAD4,micro_pcb_images,https://www.kaggle.com/datasets/frettapper/micropcb-images,CC BY 4.0,https://creativecommons.org/licenses/by/4.0/,raspberry_pi_sbc,raspberry_pi_3_b_plus,H,D,A,D,4,HDAD,train,train,NOT_VERIFIED,train_coded/train_coded/HDAD4.jpg,7d68d78439b3f8903752bb7875ec4675c1c921a9728d67c385bdc0730c1f33c1,1908,2356,246,169,1397,2025,10.95140391,0.980568279
micro_pcb_v2_HDAE1,micro_pcb_images,https://www.kaggle.com/datasets/frettapper/micropcb-images,CC BY 4.0,https://creativecommons.org/licenses/by/4.0/,raspberry_pi_sbc,raspberry_pi_3_b_plus,H,D,A,E,1,HDAE,train,train,NOT_VERIFIED,train_coded/train_coded/HDAE1.jpg,5dd2c2a0bf63bcc2c97a726586ea3f84e23d850286cd1f1bf978764c37fbfcb3,2036,1997,246,147,1530,1686,21.48310381,1.007821537
micro_pcb_v2_HDAE2,micro_pcb_images,https://www.kaggle.com/datasets/frettapper/micropcb-images,CC BY 4.0,https://creativecommons.org/licenses/by/4.0/,raspberry_pi_sbc,raspberry_pi_3_b_plus,H,D,A,E,2,HDAE,train,train,NOT_VERIFIED,train_coded/train_coded/HDAE2.jpg,9ecc1662e8e9d3b18b19467a8aa34a4def1fed2f708711f28536118a3f3b2324,2032,2002,246,146,1528,1691,21.23396147,0.978976132
micro_pcb_v2_HDAE3,micro_pcb_images,https://www.kaggle.com/datasets/frettapper/micropcb-images,CC BY 4.0,https://creativecommons.org/licenses/by/4.0/,raspberry_pi_sbc,raspberry_pi_3_b_plus,H,D,A,E,3,HDAE,train,train,NOT_VERIFIED,train_coded/train_coded/HDAE3.jpg,0b1ae656903a6f8b02881fdbb38002347734812c52269f0897f0729dcdafd385,2032,2003,247,148,1527,1691,21.31252677,1.012688377
micro_pcb_v2_HDAE4,micro_pcb_images,https://www.kaggle.com/datasets/frettapper/micropcb-images,CC BY 4.0,https://creativecommons.org/licenses/by/4.0/,raspberry_pi_sbc,raspberry_pi_3_b_plus,H,D,A,E,4,HDAE,train,train,NOT_VERIFIED,train_coded/train_coded/HDAE4.jpg,bc55b0af658bfa73027b0389f5a8077acf100145bcb0f488058f368d9984a293,2037,2001,247,147,1527,1689,21.33901119,0.983181804
micro_pcb_v2_HDBA1,micro_pcb_images,https://www.kaggle.com/datasets/frettapper/micropcb-images,CC BY 4.0,https://creativecommons.org/licenses/by/4.0/,raspberry_pi_sbc,raspberry_pi_3_b_plus,H,D,B,A,1,HDBA,train,train,NOT_VERIFIED,train_coded/train_coded/HDBA1.jpg,f6d217683e12740caa17e625052cfc833dc9c1fbe018a06377acbd5c534af0d7,1798,1978,246,166,1290,1648,7.294157579,1.234062165
micro_pcb_v2_HDBA2,micro_pcb_images,https://www.kaggle.com/datasets/frettapper/micropcb-images,CC BY 4.0,https://creativecommons.org/licenses/by/4.0/,raspberry_pi_sbc,raspberry_pi_3_b_plus,H,D,B,A,2,HDBA,train,train,NOT_VERIFIED,train_coded/train_coded/HDBA2.jpg,e3ff7ddbd988b77ef861c08cb14bc2ae1a921256bdfccb33241dbcecfeec43ca,1791,1978,246,164,1283,1650,6.687530598,1.236635875
micro_pcb_v2_HDBA3,micro_pcb_images,https://www.kaggle.com/datasets/frettapper/micropcb-images,CC BY 4.0,https://creativecommons.org/licenses/by/4.0/,raspberry_pi_sbc,raspberry_pi_3_b_plus,H,D,B,A,3,HDBA,train,train,NOT_VERIFIED,train_coded/train_coded/HDBA3.jpg,6690ed3eac90d2c714d9f638829d0de7aceb56254b7bc2548ecd3d565428113c,1797,1981,246,166,1283,1649,6.394038242,1.244820274
micro_pcb_v2_HDBA4,micro_pcb_images,https://www.kaggle.com/datasets/frettapper/micropcb-images,CC BY 4.0,https://creativecommons.org/licenses/by/4.0/,raspberry_pi_sbc,raspberry_pi_3_b_plus,H,D,B,A,4,HDBA,train,train,NOT_VERIFIED,train_coded/train_coded/HDBA4.jpg,7ef6b855d170d82362732769a503ca922e415233de5a4c4f27de83e291b66b17,1784,1991,245,170,1279,1657,5.88212757,1.247612803
micro_pcb_v2_HDBB1,micro_pcb_images,https://www.kaggle.com/datasets/frettapper/micropcb-images,CC BY 4.0,https://creativecommons.org/licenses/by/4.0/,raspberry_pi_sbc,raspberry_pi_3_b_plus,H,D,B,B,1,HDBB,train,train,NOT_VERIFIED,train_coded/train_coded/HDBB1.jpg,46d43d0b529acaf988b8f8c1c4b667ccfd0bc30f049bb430ff2079c6b827c725,1896,2223,246,175,1373,1884,9.807631931,1.238541042
micro_pcb_v2_HDBB2,micro_pcb_images,https://www.kaggle.com/datasets/frettapper/micropcb-images,CC BY 4.0,https://creativecommons.org/licenses/by/4.0/,raspberry_pi_sbc,raspberry_pi_3_b_plus,H,D,B,B,2,HDBB,train,train,NOT_VERIFIED,train_coded/train_coded/HDBB2.jpg,fda053ce567a14511abd33e70130d343fc3015253082912a8f0c08400ff82754,1891,2227,245,178,1371,1885,9.645050576,1.244863422
micro_pcb_v2_HDBB3,micro_pcb_images,https://www.kaggle.com/datasets/frettapper/micropcb-images,CC BY 4.0,https://creativecommons.org/licenses/by/4.0/,raspberry_pi_sbc,raspberry_pi_3_b_plus,H,D,B,B,3,HDBB,train,train,NOT_VERIFIED,train_coded/train_coded/HDBB3.jpg,44db572a4a1f08dcd706fecc5f1391f7fda64133bf96fbe43b7c534204670792,1897,2224,246,172,1379,1887,9.951987813,1.230745168
micro_pcb_v2_HDBB4,micro_pcb_images,https://www.kaggle.com/datasets/frettapper/micropcb-images,CC BY 4.0,https://creativecommons.org/licenses/by/4.0/,raspberry_pi_sbc,raspberry_pi_3_b_plus,H,D,B,B,4,HDBB,train,train,NOT_VERIFIED,train_coded/train_coded/HDBB4.jpg,5e0f42d025b4c560d993430828dca23b582414c9065d0c24b4f448548721cb0f,1894,2225,245,175,1374,1886,9.494876163,1.232200876
micro_pcb_v2_HDBC1,micro_pcb_images,https://www.kaggle.com/datasets/frettapper/micropcb-images,CC BY 4.0,https://creativecommons.org/licenses/by/4.0/,raspberry_pi_sbc,raspberry_pi_3_b_plus,H,D,B,C,1,HDBC,train,train,NOT_VERIFIED,train_coded/train_coded/HDBC1.jpg,b9be4016ca1551d2f9f137cf2be6d452e4b402125b2553ccb10daf10ead01781,2208,2555,245,262,1653,2129,16.79959312,1.076631211
micro_pcb_v2_HDBC2,micro_pcb_images,https://www.kaggle.com/datasets/frettapper/micropcb-images,CC BY 4.0,https://creativecommons.org/licenses/by/4.0/,raspberry_pi_sbc,raspberry_pi_3_b_plus,H,D,B,C,2,HDBC,train,train,NOT_VERIFIED,train_coded/train_coded/HDBC2.jpg,e9428a1f3585a0361ba783c4a1744bd9748ce26f53d6b98fec40230bbc003089,2188,2564,246,274,1642,2126,16.33933764,1.079862144
micro_pcb_v2_HDBC3,micro_pcb_images,https://www.kaggle.com/datasets/frettapper/micropcb-images,CC BY 4.0,https://creativecommons.org/licenses/by/4.0/,raspberry_pi_sbc,raspberry_pi_3_b_plus,H,D,B,C,3,HDBC,train,train,NOT_VERIFIED,train_coded/train_coded/HDBC3.jpg,7d20de8f8fb8c4ee583ed7c26d4e8722c62e61eca2ec169247f24d8830a72ced,2184,2575,246,284,1636,2127,15.96905049,1.053117963
micro_pcb_v2_HDBC4,micro_pcb_images,https://www.kaggle.com/datasets/frettapper/micropcb-images,CC BY 4.0,https://creativecommons.org/licenses/by/4.0/,raspberry_pi_sbc,raspberry_pi_3_b_plus,H,D,B,C,4,HDBC,train,train,NOT_VERIFIED,train_coded/train_coded/HDBC4.jpg,a447b0254133a7589db3f4864837ccda0c7b741881277509e80fa576b4d7595e,2197,2584,245,292,1641,2128,16.00621422,1.053196038
micro_pcb_v2_HDBD1,micro_pcb_images,https://www.kaggle.com/datasets/frettapper/micropcb-images,CC BY 4.0,https://creativecommons.org/licenses/by/4.0/,raspberry_pi_sbc,raspberry_pi_3_b_plus,H,D,B,D,1,HDBD,train,train,NOT_VERIFIED,train_coded/train_coded/HDBD1.jpg,ce9531680a2896113cd9bc4f07539418899441237d0949c4017e3b8419b37040,2368,2737,247,167,1841,2405,15.78069311,1.075116942
micro_pcb_v2_HDBD2,micro_pcb_images,https://www.kaggle.com/datasets/frettapper/micropcb-images,CC BY 4.0,https://creativecommons.org/licenses/by/4.0/,raspberry_pi_sbc,raspberry_pi_3_b_plus,H,D,B,D,2,HDBD,train,train,NOT_VERIFIED,train_coded/train_coded/HDBD2.jpg,8fa5274a6e5327ead42bb8b474b7f28bab276785ae9c474dfc222422221b723b,2362,2733,247,168,1833,2400,15.51355362,1.075799828
micro_pcb_v2_HDBD3,micro_pcb_images,https://www.kaggle.com/datasets/frettapper/micropcb-images,CC BY 4.0,https://creativecommons.org/licenses/by/4.0/,raspberry_pi_sbc,raspberry_pi_3_b_plus,H,D,B,D,3,HDBD,train,train,NOT_VERIFIED,train_coded/train_coded/HDBD3.jpg,68bc9f692265da83835f9a0c8637ac246742ea76434fd744794267300ffb0446,2352,2733,247,167,1828,2402,15.23880757,1.074444838
micro_pcb_v2_HDBD4,micro_pcb_images,https://www.kaggle.com/datasets/frettapper/micropcb-images,CC BY 4.0,https://creativecommons.org/licenses/by/4.0/,raspberry_pi_sbc,raspberry_pi_3_b_plus,H,D,B,D,4,HDBD,train,train,NOT_VERIFIED,train_coded/train_coded/HDBD4.jpg,294aa3abced373d57662a5f249fabdd68e4257c2fff1e24b2ec381e53353c8d4,2361,2736,246,163,1832,2409,15.24851024,1.073873941
micro_pcb_v2_HDBE1,micro_pcb_images,https://www.kaggle.com/datasets/frettapper/micropcb-images,CC BY 4.0,https://creativecommons.org/licenses/by/4.0/,raspberry_pi_sbc,raspberry_pi_3_b_plus,H,D,B,E,1,HDBE,train,train,NOT_VERIFIED,train_coded/train_coded/HDBE1.jpg,f73aa8866c7138869a21efe925f873c93b83c1f5aaabc56357f3e80fbfaf25a5,2179,2303,246,163,1687,1976,18.80733004,1.006596122
micro_pcb_v2_HDBE2,micro_pcb_images,https://www.kaggle.com/datasets/frettapper/micropcb-images,CC BY 4.0,https://creativecommons.org/licenses/by/4.0/,raspberry_pi_sbc,raspberry_pi_3_b_plus,H,D,B,E,2,HDBE,train,train,NOT_VERIFIED,train_coded/train_coded/HDBE2.jpg,7f5334b422c5e2424d2be760d9b4e9362059faede8bd8015927391de07f35f52,2170,2295,247,163,1674,1968,18.36493577,1.00689523
micro_pcb_v2_HDBE3,micro_pcb_images,https://www.kaggle.com/datasets/frettapper/micropcb-images,CC BY 4.0,https://creativecommons.org/licenses/by/4.0/,raspberry_pi_sbc,raspberry_pi_3_b_plus,H,D,B,E,3,HDBE,train,train,NOT_VERIFIED,train_coded/train_coded/HDBE3.jpg,ff5f0680c80cef3d98abe9996ccadb5dae3d0fbec5b17c73bf137eaa41cb702c,2152,2289,247,167,1657,1958,17.62290692,1.00959974
micro_pcb_v2_HDBE4,micro_pcb_images,https://www.kaggle.com/datasets/frettapper/micropcb-images,CC BY 4.0,https://creativecommons.org/licenses/by/4.0/,raspberry_pi_sbc,raspberry_pi_3_b_plus,H,D,B,E,4,HDBE,train,train,NOT_VERIFIED,train_coded/train_coded/HDBE4.jpg,80fb8255f22c56e1cc53df655671dbd4fa0b7850896de2a2a15ace657e4aa414,2145,2288,247,169,1652,1955,17.29281241,1.012119305
micro_pcb_v2_HDCA1,micro_pcb_images,https://www.kaggle.com/datasets/frettapper/micropcb-images,CC BY 4.0,https://creativecommons.org/licenses/by/4.0/,raspberry_pi_sbc,raspberry_pi_3_b_plus,H,D,C,A,1,HDCA,train,train,NOT_VERIFIED,train_coded/train_coded/HDCA1.jpg,a54e949b55a19057f48dfb0430383e44c2bab27199ad56c5c5f26df6e7dccd73,1897,1892,246,164,1404,1563,13.72833142,1.14008514
micro_pcb_v2_HDCA2,micro_pcb_images,https://www.kaggle.com/datasets/frettapper/micropcb-images,CC BY 4.0,https://creativecommons.org/licenses/by/4.0/,raspberry_pi_sbc,raspberry_pi_3_b_plus,H,D,C,A,2,HDCA,train,train,NOT_VERIFIED,train_coded/train_coded/HDCA2.jpg,993b4abfa4b643edabd6e32f067c64346145218c0c9deee2598c20c36dd2b078,1894,1892,245,163,1400,1564,13.56272858,1.14276196
micro_pcb_v2_HDCA3,micro_pcb_images,https://www.kaggle.com/datasets/frettapper/micropcb-images,CC BY 4.0,https://creativecommons.org/licenses/by/4.0/,raspberry_pi_sbc,raspberry_pi_3_b_plus,H,D,C,A,3,HDCA,train,train,NOT_VERIFIED,train_coded/train_coded/HDCA3.jpg,4f9debc292cf0165af4993e8bf32fc9213fea301ad12ac0d3d4cfd16aa64350c,1885,1891,245,165,1388,1562,12.7650947,1.148252051
micro_pcb_v2_HDCA4,micro_pcb_images,https://www.kaggle.com/datasets/frettapper/micropcb-images,CC BY 4.0,https://creativecommons.org/licenses/by/4.0/,raspberry_pi_sbc,raspberry_pi_3_b_plus,H,D,C,A,4,HDCA,train,train,NOT_VERIFIED,train_coded/train_coded/HDCA4.jpg,9a8f5de1b1efd725e682d2da4f488ad71f8e9cec7672e9807c8bdd9817b0203d,1877,1895,245,166,1381,1564,12.25106864,1.149645494
micro_pcb_v2_HDCB1,micro_pcb_images,https://www.kaggle.com/datasets/frettapper/micropcb-images,CC BY 4.0,https://creativecommons.org/licenses/by/4.0/,raspberry_pi_sbc,raspberry_pi_3_b_plus,H,D,C,B,1,HDCB,train,train,NOT_VERIFIED,train_coded/train_coded/HDCB1.jpg,69f7e00e31433011929c1f7657b3cb89effa23fd61866daa195c7f3c8a1880e5,2040,2274,247,169,1530,1941,12.01825286,1.132924076
micro_pcb_v2_HDCB2,micro_pcb_images,https://www.kaggle.com/datasets/frettapper/micropcb-images,CC BY 4.0,https://creativecommons.org/licenses/by/4.0/,raspberry_pi_sbc,raspberry_pi_3_b_plus,H,D,C,B,2,HDCB,train,train,NOT_VERIFIED,train_coded/train_coded/HDCB2.jpg,1041068743150134dda485097a8f721d7d21e250b7dbad2b8202793a813d2239,2041,2284,246,179,1529,1941,11.93431146,1.13385299
micro_pcb_v2_HDCB3,micro_pcb_images,https://www.kaggle.com/datasets/frettapper/micropcb-images,CC BY 4.0,https://creativecommons.org/licenses/by/4.0/,raspberry_pi_sbc,raspberry_pi_3_b_plus,H,D,C,B,3,HDCB,train,train,NOT_VERIFIED,train_coded/train_coded/HDCB3.jpg,c127128a6d62f6244581e1d0cfcb5144f7cdb3a313a9a028672746eae863b9e9,2027,2270,247,167,1519,1939,11.45871293,1.134563357
micro_pcb_v2_HDCB4,micro_pcb_images,https://www.kaggle.com/datasets/frettapper/micropcb-images,CC BY 4.0,https://creativecommons.org/licenses/by/4.0/,raspberry_pi_sbc,raspberry_pi_3_b_plus,H,D,C,B,4,HDCB,train,train,NOT_VERIFIED,train_coded/train_coded/HDCB4.jpg,8b9f118637651e8fd0edb38d0e8e3bdb0503a58c6623ef8bfa4a7f3c3ba11bbe,2021,2269,246,168,1515,1936,11.28856315,1.136647708
micro_pcb_v2_HDCC1,micro_pcb_images,https://www.kaggle.com/datasets/frettapper/micropcb-images,CC BY 4.0,https://creativecommons.org/licenses/by/4.0/,raspberry_pi_sbc,raspberry_pi_3_b_plus,H,D,C,C,1,HDCC,train,train,NOT_VERIFIED,train_coded/train_coded/HDCC1.jpg,2d56802186ae3bc10fcb10e2a782456c93f05f87a8b22952488b73abf7d47c11,2132,2465,252,165,1634,2135,16.93155769,1.039908215
micro_pcb_v2_HDCC2,micro_pcb_images,https://www.kaggle.com/datasets/frettapper/micropcb-images,CC BY 4.0,https://creativecommons.org/licenses/by/4.0/,raspberry_pi_sbc,raspberry_pi_3_b_plus,H,D,C,C,2,HDCC,train,train,NOT_VERIFIED,train_coded/train_coded/HDCC2.jpg,aa2bba0835edde3e7eab47380727903d6dd2c98f751c1fadf264ebc58149d5e6,2125,2462,247,160,1631,2137,16.83744551,1.041406105
micro_pcb_v2_HDCC3,micro_pcb_images,https://www.kaggle.com/datasets/frettapper/micropcb-images,CC BY 4.0,https://creativecommons.org/licenses/by/4.0/,raspberry_pi_sbc,raspberry_pi_3_b_plus,H,D,C,C,3,HDCC,train,train,NOT_VERIFIED,train_coded/train_coded/HDCC3.jpg,72799167afb1556aff95bf10a222892e2249852baed82f53d3bd41a5d8063827,2124,2462,247,160,1630,2137,16.73112376,1.041412342
micro_pcb_v2_HDCC4,micro_pcb_images,https://www.kaggle.com/datasets/frettapper/micropcb-images,CC BY 4.0,https://creativecommons.org/licenses/by/4.0/,raspberry_pi_sbc,raspberry_pi_3_b_plus,H,D,C,C,4,HDCC,train,train,NOT_VERIFIED,train_coded/train_coded/HDCC4.jpg,8c19ebce3c92dca511f7444697973449ce713870272496de882fdede7add0902,2123,2461,247,159,1630,2137,16.63220975,1.041199929
micro_pcb_v2_HDCD1,micro_pcb_images,https://www.kaggle.com/datasets/frettapper/micropcb-images,CC BY 4.0,https://creativecommons.org/licenses/by/4.0/,raspberry_pi_sbc,raspberry_pi_3_b_plus,H,D,C,D,1,HDCD,train,train,NOT_VERIFIED,train_coded/train_coded/HDCD1.jpg,2742690df514951077cfdc4ad8cd8b6a199a99feb32b528f193b42a63f98059f,2009,2420,248,164,1515,2092,13.21656652,0.99177155
micro_pcb_v2_HDCD2,micro_pcb_images,https://www.kaggle.com/datasets/frettapper/micropcb-images,CC BY 4.0,https://creativecommons.org/licenses/by/4.0/,raspberry_pi_sbc,raspberry_pi_3_b_plus,H,D,C,D,2,HDCD,train,train,NOT_VERIFIED,train_coded/train_coded/HDCD2.jpg,1086213d4c59953c36e1e5413f8d78b97be3d8434831759b7db5fc190616ac9f,1999,2412,248,164,1505,2083,13.05912696,0.991079428
micro_pcb_v2_HDCD3,micro_pcb_images,https://www.kaggle.com/datasets/frettapper/micropcb-images,CC BY 4.0,https://creativecommons.org/licenses/by/4.0/,raspberry_pi_sbc,raspberry_pi_3_b_plus,H,D,C,D,3,HDCD,train,train,NOT_VERIFIED,train_coded/train_coded/HDCD3.jpg,a64e739d8ed753eba37eb986c65cd73001a3b416fb186b0f3618c4177c243b6c,1995,2413,248,165,1501,2083,12.80399852,0.991779738
micro_pcb_v2_HDCD4,micro_pcb_images,https://www.kaggle.com/datasets/frettapper/micropcb-images,CC BY 4.0,https://creativecommons.org/licenses/by/4.0/,raspberry_pi_sbc,raspberry_pi_3_b_plus,H,D,C,D,4,HDCD,train,train,NOT_VERIFIED,train_coded/train_coded/HDCD4.jpg,33dbf8e694dc8cc643e79b465bfe401ce8e91f94b4730a0c19487c1257edb34c,1977,2403,248,164,1483,2074,12.22271102,0.989970095
micro_pcb_v2_HDCE1,micro_pcb_images,https://www.kaggle.com/datasets/frettapper/micropcb-images,CC BY 4.0,https://creativecommons.org/licenses/by/4.0/,raspberry_pi_sbc,raspberry_pi_3_b_plus,H,D,C,E,1,HDCE,train,train,NOT_VERIFIED,train_coded/train_coded/HDCE1.jpg,e0e113be1f8b6e354df17e3ec8abb959a66638d1ec598e73ff1a9590e72f3119,1880,2161,247,164,1387,1833,14.56098917,0.941428237
micro_pcb_v2_HDCE2,micro_pcb_images,https://www.kaggle.com/datasets/frettapper/micropcb-images,CC BY 4.0,https://creativecommons.org/licenses/by/4.0/,raspberry_pi_sbc,raspberry_pi_3_b_plus,H,D,C,E,2,HDCE,train,train,NOT_VERIFIED,train_coded/train_coded/HDCE2.jpg,4f2961c57f66ca9b4529acc4c428e809ec2bad09557352b01e470ea6f918ca1e,1878,2160,247,164,1385,1832,14.48345201,0.938152682
micro_pcb_v2_HDCE3,micro_pcb_images,https://www.kaggle.com/datasets/frettapper/micropcb-images,CC BY 4.0,https://creativecommons.org/licenses/by/4.0/,raspberry_pi_sbc,raspberry_pi_3_b_plus,H,D,C,E,3,HDCE,train,train,NOT_VERIFIED,train_coded/train_coded/HDCE3.jpg,1c80bb99ab7554167ee8c5fe8b9c72b7851ecc488787638f3b1c12ef9589b157,1878,2163,246,164,1385,1835,14.42554651,0.93883508
micro_pcb_v2_HDCE4,micro_pcb_images,https://www.kaggle.com/datasets/frettapper/micropcb-images,CC BY 4.0,https://creativecommons.org/licenses/by/4.0/,raspberry_pi_sbc,raspberry_pi_3_b_plus,H,D,C,E,4,HDCE,train,train,NOT_VERIFIED,train_coded/train_coded/HDCE4.jpg,31e42915826c7a65c58a022e55437e012060a01880fa658530a740498ac5dbfe,1858,2153,246,164,1365,1825,13.49075493,0.941379221
micro_pcb_v2_HDDA1,micro_pcb_images,https://www.kaggle.com/datasets/frettapper/micropcb-images,CC BY 4.0,https://creativecommons.org/licenses/by/4.0/,raspberry_pi_sbc,raspberry_pi_3_b_plus,H,D,D,A,1,HDDA,train,train,NOT_VERIFIED,train_coded/train_coded/HDDA1.jpg,79deafe53a0d9ca6d77d0aa3642ed15fde1912fe7011a19dbb9b55df6a1d1268,2235,2092,246,176,1701,1750,16.14132378,1.143399628
micro_pcb_v2_HDDA2,micro_pcb_images,https://www.kaggle.com/datasets/frettapper/micropcb-images,CC BY 4.0,https://creativecommons.org/licenses/by/4.0/,raspberry_pi_sbc,raspberry_pi_3_b_plus,H,D,D,A,2,HDDA,train,train,NOT_VERIFIED,train_coded/train_coded/HDDA2.jpg,1caf05b4ab27c6214305ca0a94b32fff249b1bec382fe8a0442c7b05630eb6fe,2227,2094,247,173,1693,1756,15.79679018,1.139527891
micro_pcb_v2_HDDA3,micro_pcb_images,https://www.kaggle.com/datasets/frettapper/micropcb-images,CC BY 4.0,https://creativecommons.org/licenses/by/4.0/,raspberry_pi_sbc,raspberry_pi_3_b_plus,H,D,D,A,3,HDDA,train,train,NOT_VERIFIED,train_coded/train_coded/HDDA3.jpg,0bfdecfb11685ff76c85522e5561976a4c0a371ab93a5585b4a63f631b7df8f9,2219,2093,249,175,1682,1753,15.32758658,1.141366717
micro_pcb_v2_HDDA4,micro_pcb_images,https://www.kaggle.com/datasets/frettapper/micropcb-images,CC BY 4.0,https://creativecommons.org/licenses/by/4.0/,raspberry_pi_sbc,raspberry_pi_3_b_plus,H,D,D,A,4,HDDA,train,train,NOT_VERIFIED,train_coded/train_coded/HDDA4.jpg,2fed9c000218ec882db3876ab30420154edbad5064cbdf1e7ede78549de4fdbc,2227,2103,249,177,1692,1761,15.4902916,1.14434603
micro_pcb_v2_HDDB1,micro_pcb_images,https://www.kaggle.com/datasets/frettapper/micropcb-images,CC BY 4.0,https://creativecommons.org/licenses/by/4.0/,raspberry_pi_sbc,raspberry_pi_3_b_plus,H,D,D,B,1,HDDB,train,train,NOT_VERIFIED,train_coded/train_coded/HDDB1.jpg,8beafa1dd570948ab0fe3e2c4a5f8a9e910ce2f9ffc59f51afe69e142e0b3113,2554,2648,246,197,2011,2287,21.46191866,1.050814841
micro_pcb_v2_HDDB2,micro_pcb_images,https://www.kaggle.com/datasets/frettapper/micropcb-images,CC BY 4.0,https://creativecommons.org/licenses/by/4.0/,raspberry_pi_sbc,raspberry_pi_3_b_plus,H,D,D,B,2,HDDB,train,train,NOT_VERIFIED,train_coded/train_coded/HDDB2.jpg,1418b141b41c2bae564d08a30c6935153e4ad6c1d594ad1d967c88ac24b7364c,2519,2630,246,189,1975,2277,19.95501687,1.061601772
micro_pcb_v2_HDDB3,micro_pcb_images,https://www.kaggle.com/datasets/frettapper/micropcb-images,CC BY 4.0,https://creativecommons.org/licenses/by/4.0/,raspberry_pi_sbc,raspberry_pi_3_b_plus,H,D,D,B,3,HDDB,train,train,NOT_VERIFIED,train_coded/train_coded/HDDB3.jpg,05b8ea70c8ee77bff3ae245d0a037c0baf974cacd7c0deb01b5fad4243d78236,2535,2638,255,200,1983,2274,20.50105356,0.946145084
micro_pcb_v2_HDDB4,micro_pcb_images,https://www.kaggle.com/datasets/frettapper/micropcb-images,CC BY 4.0,https://creativecommons.org/licenses/by/4.0/,raspberry_pi_sbc,raspberry_pi_3_b_plus,H,D,D,B,4,HDDB,train,train,NOT_VERIFIED,train_coded/train_coded/HDDB4.jpg,3def5323d9d82765a6e96518ea1327d2a76803a0f761502312cc6c774a00f08b,2517,2630,256,195,1966,2272,19.74328028,0.957141284
micro_pcb_v2_HDDC1,micro_pcb_images,https://www.kaggle.com/datasets/frettapper/micropcb-images,CC BY 4.0,https://creativecommons.org/licenses/by/4.0/,raspberry_pi_sbc,raspberry_pi_3_b_plus,H,D,D,C,1,HDDC,train,train,NOT_VERIFIED,train_coded/train_coded/HDDC1.jpg,eef7fd53352dceefd677c35c48e4bfb88e2630d41aa11d6055c12709b1f34afc,2033,2301,255,194,1532,1943,14.37035452,1.018122134
micro_pcb_v2_HDDC2,micro_pcb_images,https://www.kaggle.com/datasets/frettapper/micropcb-images,CC BY 4.0,https://creativecommons.org/licenses/by/4.0/,raspberry_pi_sbc,raspberry_pi_3_b_plus,H,D,D,C,2,HDDC,train,train,NOT_VERIFIED,train_coded/train_coded/HDDC2.jpg,e0863351751871b044357ffdca13a33f225e9ba4b27995eb282e893f6f87b29c,2014,2289,260,190,1508,1935,13.30655734,1.064600893
micro_pcb_v2_HDDC3,micro_pcb_images,https://www.kaggle.com/datasets/frettapper/micropcb-images,CC BY 4.0,https://creativecommons.org/licenses/by/4.0/,raspberry_pi_sbc,raspberry_pi_3_b_plus,H,D,D,C,3,HDDC,train,train,NOT_VERIFIED,train_coded/train_coded/HDDC3.jpg,dbef85d1e450409c09468d79c3f8c5eb94c8f2a0776894dc00aa571c752a5e15,1997,2275,254,183,1499,1928,12.29753442,1.078689893
micro_pcb_v2_HDDC4,micro_pcb_images,https://www.kaggle.com/datasets/frettapper/micropcb-images,CC BY 4.0,https://creativecommons.org/licenses/by/4.0/,raspberry_pi_sbc,raspberry_pi_3_b_plus,H,D,D,C,4,HDDC,train,train,NOT_VERIFIED,train_coded/train_coded/HDDC4.jpg,4fa63fafa92770a6a90c329be9e855ef38a3f7876a8e79752ffe6e350e16c847,1979,2272,253,187,1486,1921,11.64477788,1.079684444
micro_pcb_v2_HDDD1,micro_pcb_images,https://www.kaggle.com/datasets/frettapper/micropcb-images,CC BY 4.0,https://creativecommons.org/licenses/by/4.0/,raspberry_pi_sbc,raspberry_pi_3_b_plus,H,D,D,D,1,HDDD,train,train,NOT_VERIFIED,train_coded/train_coded/HDDD1.jpg,f7ba91b8c125f6a031390900dcfda427c14407ea42d004d6ca355a0f3c2aede0,1954,2358,247,166,1430,2028,13.78195691,0.933985092
micro_pcb_v2_HDDD2,micro_pcb_images,https://www.kaggle.com/datasets/frettapper/micropcb-images,CC BY 4.0,https://creativecommons.org/licenses/by/4.0/,raspberry_pi_sbc,raspberry_pi_3_b_plus,H,D,D,D,2,HDDD,train,train,NOT_VERIFIED,train_coded/train_coded/HDDD2.jpg,52fbe999829e978f07691f07c3a2ed5417646b139663038b04a17dcbdaa866c3,1891,2364,257,166,1389,2034,13.3907876,0.939152033
micro_pcb_v2_HDDD3,micro_pcb_images,https://www.kaggle.com/datasets/frettapper/micropcb-images,CC BY 4.0,https://creativecommons.org/licenses/by/4.0/,raspberry_pi_sbc,raspberry_pi_3_b_plus,H,D,D,D,3,HDDD,train,train,NOT_VERIFIED,train_coded/train_coded/HDDD3.jpg,c1f300962077548f7bb24cafb8e395541e9f332d099b95820f11980bd86c68c0,1891,2363,258,166,1415,2033,13.56114292,0.935801066
micro_pcb_v2_HDDD4,micro_pcb_images,https://www.kaggle.com/datasets/frettapper/micropcb-images,CC BY 4.0,https://creativecommons.org/licenses/by/4.0/,raspberry_pi_sbc,raspberry_pi_3_b_plus,H,D,D,D,4,HDDD,train,train,NOT_VERIFIED,train_coded/train_coded/HDDD4.jpg,a0d5cc598bbcfce75838e2dc6bfa1ad96db1adbddf27a5a775622ee114302a6a,1880,2356,258,166,1419,2026,13.35656513,0.933534097
micro_pcb_v2_HDDE1,micro_pcb_images,https://www.kaggle.com/datasets/frettapper/micropcb-images,CC BY 4.0,https://creativecommons.org/licenses/by/4.0/,raspberry_pi_sbc,raspberry_pi_3_b_plus,H,D,D,E,1,HDDE,train,train,NOT_VERIFIED,train_coded/train_coded/HDDE1.jpg,3a2dcc808fb5e7962e0e69e939e2644483a1e1af53115a9ee018338399b4d2bc,1711,2117,246,164,1219,1788,12.77706008,0.882313018
micro_pcb_v2_HDDE2,micro_pcb_images,https://www.kaggle.com/datasets/frettapper/micropcb-images,CC BY 4.0,https://creativecommons.org/licenses/by/4.0/,raspberry_pi_sbc,raspberry_pi_3_b_plus,H,D,D,E,2,HDDE,train,train,NOT_VERIFIED,train_coded/train_coded/HDDE2.jpg,38a0d48468955305f41adb9d0b36474dbb33303c1fe3644d67bf2c044566e268,1704,2114,247,165,1211,1784,11.82607477,0.897689864
micro_pcb_v2_HDDE3,micro_pcb_images,https://www.kaggle.com/datasets/frettapper/micropcb-images,CC BY 4.0,https://creativecommons.org/licenses/by/4.0/,raspberry_pi_sbc,raspberry_pi_3_b_plus,H,D,D,E,3,HDDE,train,train,NOT_VERIFIED,train_coded/train_coded/HDDE3.jpg,531a8c874ee12a2813e89e02ec09484570272bdbc113173f2b13ad804ac29925,1700,2112,248,165,1207,1782,11.54746177,0.961837493
micro_pcb_v2_HDDE4,micro_pcb_images,https://www.kaggle.com/datasets/frettapper/micropcb-images,CC BY 4.0,https://creativecommons.org/licenses/by/4.0/,raspberry_pi_sbc,raspberry_pi_3_b_plus,H,D,D,E,4,HDDE,train,train,NOT_VERIFIED,train_coded/train_coded/HDDE4.jpg,3c7cc631e94bb1abdeb2ff85913413bc6802c75db00ba15e0da97e0449346cfa,1700,2115,247,166,1213,1785,11.77314379,0.887270203
micro_pcb_v2_HDEA1,micro_pcb_images,https://www.kaggle.com/datasets/frettapper/micropcb-images,CC BY 4.0,https://creativecommons.org/licenses/by/4.0/,raspberry_pi_sbc,raspberry_pi_3_b_plus,H,D,E,A,1,HDEA,train,train,NOT_VERIFIED,train_coded/train_coded/HDEA1.jpg,1c97faa4567c14e41a24456896a0f9d227fc541fd9b0bed6f96e7eee57a02810,2047,1826,245,165,1556,1498,18.1186753,1.15839851
micro_pcb_v2_HDEA2,micro_pcb_images,https://www.kaggle.com/datasets/frettapper/micropcb-images,CC BY 4.0,https://creativecommons.org/licenses/by/4.0/,raspberry_pi_sbc,raspberry_pi_3_b_plus,H,D,E,A,2,HDEA,train,train,NOT_VERIFIED,train_coded/train_coded/HDEA2.jpg,c1e55dc5f10e99902f87e2517108f3515f2fc4c65deaaced22bdad6a22003641,2049,1824,240,166,1563,1495,18.21493817,1.187867259
micro_pcb_v2_HDEA3,micro_pcb_images,https://www.kaggle.com/datasets/frettapper/micropcb-images,CC BY 4.0,https://creativecommons.org/licenses/by/4.0/,raspberry_pi_sbc,raspberry_pi_3_b_plus,H,D,E,A,3,HDEA,train,train,NOT_VERIFIED,train_coded/train_coded/HDEA3.jpg,5dfab7999247ab6d80af9f0fab0e4317f5c3aa30ec0b4c97c6e243748d8ba281,2050,1827,245,166,1547,1497,18.17911397,1.214703248
micro_pcb_v2_HDEA4,micro_pcb_images,https://www.kaggle.com/datasets/frettapper/micropcb-images,CC BY 4.0,https://creativecommons.org/licenses/by/4.0/,raspberry_pi_sbc,raspberry_pi_3_b_plus,H,D,E,A,4,HDEA,train,train,NOT_VERIFIED,train_coded/train_coded/HDEA4.jpg,b7262a171bb2c26bf91b6ca69880963ab64caffd625db4d344891e3e24e37128,2051,1826,245,164,1520,1498,18.06737569,1.224365045
micro_pcb_v2_HDEB1,micro_pcb_images,https://www.kaggle.com/datasets/frettapper/micropcb-images,CC BY 4.0,https://creativecommons.org/licenses/by/4.0/,raspberry_pi_sbc,raspberry_pi_3_b_plus,H,D,E,B,1,HDEB,train,train,NOT_VERIFIED,train_coded/train_coded/HDEB1.jpg,efee77f918eeda895a5617ad418ba6dd667def22ecb96661b244d9f7a7f61207,2286,2364,245,210,1794,1989,18.063058,1.146065181
micro_pcb_v2_HDEB2,micro_pcb_images,https://www.kaggle.com/datasets/frettapper/micropcb-images,CC BY 4.0,https://creativecommons.org/licenses/by/4.0/,raspberry_pi_sbc,raspberry_pi_3_b_plus,H,D,E,B,2,HDEB,train,train,NOT_VERIFIED,train_coded/train_coded/HDEB2.jpg,e51e765cbb6de4f0109a4c0b65dedd429e2800e0462be6a77ee4fac092c69843,2263,2348,248,202,1768,1982,17.35403899,1.145543968
micro_pcb_v2_HDEB3,micro_pcb_images,https://www.kaggle.com/datasets/frettapper/micropcb-images,CC BY 4.0,https://creativecommons.org/licenses/by/4.0/,raspberry_pi_sbc,raspberry_pi_3_b_plus,H,D,E,B,3,HDEB,train,train,NOT_VERIFIED,train_coded/train_coded/HDEB3.jpg,aa6e30b8da356c20dde52f85740e13026a22e1f5b85c2e0c431a1f8f219bf06c,2256,2350,251,202,1758,1984,16.84837121,1.149017013
micro_pcb_v2_HDEB4,micro_pcb_images,https://www.kaggle.com/datasets/frettapper/micropcb-images,CC BY 4.0,https://creativecommons.org/licenses/by/4.0/,raspberry_pi_sbc,raspberry_pi_3_b_plus,H,D,E,B,4,HDEB,train,train,NOT_VERIFIED,train_coded/train_coded/HDEB4.jpg,3f42329d2cc7ec0851674dfe75817cf927551444fe1e01420320a3eabfbf91fe,2245,2349,247,198,1751,1986,16.09072758,1.154458056
micro_pcb_v2_HDEC1,micro_pcb_images,https://www.kaggle.com/datasets/frettapper/micropcb-images,CC BY 4.0,https://creativecommons.org/licenses/by/4.0/,raspberry_pi_sbc,raspberry_pi_3_b_plus,H,D,E,C,1,HDEC,train,train,NOT_VERIFIED,train_coded/train_coded/HDEC1.jpg,dbeede9119f9dc205f3756d46ef87f82f3774f39c4f892ae952d91390d635f03,1804,2190,248,165,1313,1861,11.85175975,1.055357912
micro_pcb_v2_HDEC2,micro_pcb_images,https://www.kaggle.com/datasets/frettapper/micropcb-images,CC BY 4.0,https://creativecommons.org/licenses/by/4.0/,raspberry_pi_sbc,raspberry_pi_3_b_plus,H,D,E,C,2,HDEC,train,train,NOT_VERIFIED,train_coded/train_coded/HDEC2.jpg,505343e007a840cb8dcb603cbc7ca575d9bbaf40aab1f5b60f06929e8ec4548d,1883,2192,250,166,1385,1862,11.19830341,1.05494549
micro_pcb_v2_HDEC3,micro_pcb_images,https://www.kaggle.com/datasets/frettapper/micropcb-images,CC BY 4.0,https://creativecommons.org/licenses/by/4.0/,raspberry_pi_sbc,raspberry_pi_3_b_plus,H,D,E,C,3,HDEC,train,train,NOT_VERIFIED,train_coded/train_coded/HDEC3.jpg,30b1cbe09cc0a4a745595225cba0c97c0713df8cfc101ca210b9e1a6b261b676,1881,2192,251,166,1384,1862,11.0180741,1.063361508
micro_pcb_v2_HDEC4,micro_pcb_images,https://www.kaggle.com/datasets/frettapper/micropcb-images,CC BY 4.0,https://creativecommons.org/licenses/by/4.0/,raspberry_pi_sbc,raspberry_pi_3_b_plus,H,D,E,C,4,HDEC,train,train,NOT_VERIFIED,train_coded/train_coded/HDEC4.jpg,27fe01496b5e6effd61645e6d25edb64b97148ab1329649f1cb1491bdcaffb56,1889,2191,249,166,1392,1861,11.75200625,1.051488531
micro_pcb_v2_HDED1,micro_pcb_images,https://www.kaggle.com/datasets/frettapper/micropcb-images,CC BY 4.0,https://creativecommons.org/licenses/by/4.0/,raspberry_pi_sbc,raspberry_pi_3_b_plus,H,D,E,D,1,HDED,train,train,NOT_VERIFIED,train_coded/train_coded/HDED1.jpg,5fe7b27d043cfafcec3fd7bf3a14fc7ba78751752d25b1b490b242726ee7ed21,1850,2270,257,168,1319,1937,14.33342865,0.962742129
micro_pcb_v2_HDED2,micro_pcb_images,https://www.kaggle.com/datasets/frettapper/micropcb-images,CC BY 4.0,https://creativecommons.org/licenses/by/4.0/,raspberry_pi_sbc,raspberry_pi_3_b_plus,H,D,E,D,2,HDED,train,train,NOT_VERIFIED,train_coded/train_coded/HDED2.jpg,7ce6122efda29f4161b4e8c5c1c845d0fd94f5eee516f0eb4b67fd3680b9ba62,1757,2270,257,168,1308,1938,14.31765994,0.945247772
micro_pcb_v2_HDED3,micro_pcb_images,https://www.kaggle.com/datasets/frettapper/micropcb-images,CC BY 4.0,https://creativecommons.org/licenses/by/4.0/,raspberry_pi_sbc,raspberry_pi_3_b_plus,H,D,E,D,3,HDED,train,train,NOT_VERIFIED,train_coded/train_coded/HDED3.jpg,afe829375d54193c75e1e4e7542585da52d7c20bfb0b7d495cdce4fe4ed35ce4,1756,2269,263,168,1306,1937,13.47354532,0.955024366
micro_pcb_v2_HDED4,micro_pcb_images,https://www.kaggle.com/datasets/frettapper/micropcb-images,CC BY 4.0,https://creativecommons.org/licenses/by/4.0/,raspberry_pi_sbc,raspberry_pi_3_b_plus,H,D,E,D,4,HDED,train,train,NOT_VERIFIED,train_coded/train_coded/HDED4.jpg,587ea68fe209613bcae64f24fd20be1288c1ae2343d7365944156c31c5ef6186,1751,2269,260,168,1296,1937,13.57174654,0.952483194
micro_pcb_v2_HDEE1,micro_pcb_images,https://www.kaggle.com/datasets/frettapper/micropcb-images,CC BY 4.0,https://creativecommons.org/licenses/by/4.0/,raspberry_pi_sbc,raspberry_pi_3_b_plus,H,D,E,E,1,HDEE,train,train,NOT_VERIFIED,train_coded/train_coded/HDEE1.jpg,584380e5bb6dd1043b5698bf593c645b69f13fa364e7636b58206cd3f39c4e44,1739,2102,247,164,1246,1774,16.07223783,0.910168811
micro_pcb_v2_HDEE2,micro_pcb_images,https://www.kaggle.com/datasets/frettapper/micropcb-images,CC BY 4.0,https://creativecommons.org/licenses/by/4.0/,raspberry_pi_sbc,raspberry_pi_3_b_plus,H,D,E,E,2,HDEE,train,train,NOT_VERIFIED,train_coded/train_coded/HDEE2.jpg,e2c1f6ab72e284b6db7ec386739c966ce24e77db47ed4ad2f4501b67e8dbb9f8,1729,2100,247,164,1236,1771,15.56414946,0.919207272
micro_pcb_v2_HDEE3,micro_pcb_images,https://www.kaggle.com/datasets/frettapper/micropcb-images,CC BY 4.0,https://creativecommons.org/licenses/by/4.0/,raspberry_pi_sbc,raspberry_pi_3_b_plus,H,D,E,E,3,HDEE,train,train,NOT_VERIFIED,train_coded/train_coded/HDEE3.jpg,87c2db4c35f485cc20d5cd662b67c9e1e47cfa2e7c209e1189503bc9e688ada5,1729,2099,250,164,1233,1770,15.49578708,0.916593084
micro_pcb_v2_HDEE4,micro_pcb_images,https://www.kaggle.com/datasets/frettapper/micropcb-images,CC BY 4.0,https://creativecommons.org/licenses/by/4.0/,raspberry_pi_sbc,raspberry_pi_3_b_plus,H,D,E,E,4,HDEE,train,train,NOT_VERIFIED,train_coded/train_coded/HDEE4.jpg,6719dd8b883b01aa9b10a729024333236d1f96a22f47744d055321eec6c8fb57,1722,2099,250,164,1226,1771,14.84809127,0.918570946
micro_pcb_v2_HEAA1,micro_pcb_images,https://www.kaggle.com/datasets/frettapper/micropcb-images,CC BY 4.0,https://creativecommons.org/licenses/by/4.0/,raspberry_pi_sbc,raspberry_pi_3_b_plus,H,E,A,A,1,HEAA,train,train,NOT_VERIFIED,train_coded/train_coded/HEAA1.jpg,527bbedb6f089e0bc491cda0d327cb4d7cb7061e699de137d14e6b4863334b5a,1747,1961,253,167,1246,1629,15.17472009,1.252581865
micro_pcb_v2_HEAA2,micro_pcb_images,https://www.kaggle.com/datasets/frettapper/micropcb-images,CC BY 4.0,https://creativecommons.org/licenses/by/4.0/,raspberry_pi_sbc,raspberry_pi_3_b_plus,H,E,A,A,2,HEAA,train,train,NOT_VERIFIED,train_coded/train_coded/HEAA2.jpg,0fda4d7b7347b9b8b305bbe8d444fc892b2e3a67193df18a296356d7812d5501,1745,1968,249,170,1243,1633,15.00919584,1.244856115
micro_pcb_v2_HEAA3,micro_pcb_images,https://www.kaggle.com/datasets/frettapper/micropcb-images,CC BY 4.0,https://creativecommons.org/licenses/by/4.0/,raspberry_pi_sbc,raspberry_pi_3_b_plus,H,E,A,A,3,HEAA,train,train,NOT_VERIFIED,train_coded/train_coded/HEAA3.jpg,4e357e283917421e619390a03e9ddec5457622d32e47d4528daadb3f9411c5aa,1745,1963,251,167,1244,1631,14.61575146,1.258137412
micro_pcb_v2_HEAA4,micro_pcb_images,https://www.kaggle.com/datasets/frettapper/micropcb-images,CC BY 4.0,https://creativecommons.org/licenses/by/4.0/,raspberry_pi_sbc,raspberry_pi_3_b_plus,H,E,A,A,4,HEAA,train,train,NOT_VERIFIED,train_coded/train_coded/HEAA4.jpg,cc6cdce30463cd0230e8bddc9a0266c82fc3096f9503e532a3de46576726e964,1742,1963,248,165,1245,1634,14.42475185,1.264243791
micro_pcb_v2_HEAB1,micro_pcb_images,https://www.kaggle.com/datasets/frettapper/micropcb-images,CC BY 4.0,https://creativecommons.org/licenses/by/4.0/,raspberry_pi_sbc,raspberry_pi_3_b_plus,H,E,A,B,1,HEAB,train,train,NOT_VERIFIED,train_coded/train_coded/HEAB1.jpg,cd4d905dea69645611479b89521292dd4e5127bb152b51fe0ea215970787ff19,1789,2161,248,171,1292,1826,17.71098112,1.071569141
micro_pcb_v2_HEAB2,micro_pcb_images,https://www.kaggle.com/datasets/frettapper/micropcb-images,CC BY 4.0,https://creativecommons.org/licenses/by/4.0/,raspberry_pi_sbc,raspberry_pi_3_b_plus,H,E,A,B,2,HEAB,train,train,NOT_VERIFIED,train_coded/train_coded/HEAB2.jpg,5d2a6ebd60e7904b3a54dd9004ad4a268c82e8cf3de2c8bb42b48529638b93d1,1789,2164,248,170,1294,1829,17.73658138,1.069129782
micro_pcb_v2_HEAB3,micro_pcb_images,https://www.kaggle.com/datasets/frettapper/micropcb-images,CC BY 4.0,https://creativecommons.org/licenses/by/4.0/,raspberry_pi_sbc,raspberry_pi_3_b_plus,H,E,A,B,3,HEAB,train,train,NOT_VERIFIED,train_coded/train_coded/HEAB3.jpg,abc188482d2286007830e6fbfc9f2747c23fe9dbc7da39e9910c4280575f56ee,1786,2162,249,172,1292,1826,17.67985464,1.033599245
micro_pcb_v2_HEAB4,micro_pcb_images,https://www.kaggle.com/datasets/frettapper/micropcb-images,CC BY 4.0,https://creativecommons.org/licenses/by/4.0/,raspberry_pi_sbc,raspberry_pi_3_b_plus,H,E,A,B,4,HEAB,train,train,NOT_VERIFIED,train_coded/train_coded/HEAB4.jpg,13b6fde512b73592cd1568d8d8e558437c5c8d03cd37df7a17642f84e76a5d7b,1790,2164,249,171,1296,1829,17.60178518,1.067806568
micro_pcb_v2_HEAC1,micro_pcb_images,https://www.kaggle.com/datasets/frettapper/micropcb-images,CC BY 4.0,https://creativecommons.org/licenses/by/4.0/,raspberry_pi_sbc,raspberry_pi_3_b_plus,H,E,A,C,1,HEAC,train,train,NOT_VERIFIED,train_coded/train_coded/HEAC1.jpg,52e527b7f750a81a29c7fc826cdb81be134c414db6ece85a8fb8c940b355e0da,2259,2488,247,166,1739,2157,22.0430604,1.087029209
micro_pcb_v2_HEAC2,micro_pcb_images,https://www.kaggle.com/datasets/frettapper/micropcb-images,CC BY 4.0,https://creativecommons.org/licenses/by/4.0/,raspberry_pi_sbc,raspberry_pi_3_b_plus,H,E,A,C,2,HEAC,train,train,NOT_VERIFIED,train_coded/train_coded/HEAC2.jpg,f12e92259bdddde0a368574dfab720d5b188067cddeaee4ddd902e2718ec25ae,2265,2487,246,164,1737,2157,21.81726654,1.089862883
micro_pcb_v2_HEAC3,micro_pcb_images,https://www.kaggle.com/datasets/frettapper/micropcb-images,CC BY 4.0,https://creativecommons.org/licenses/by/4.0/,raspberry_pi_sbc,raspberry_pi_3_b_plus,H,E,A,C,3,HEAC,train,train,NOT_VERIFIED,train_coded/train_coded/HEAC3.jpg,f20df5b24891ca3d305b054bff32035bc15d42ceaaf20a688cdadca2d9835172,2261,2482,245,164,1734,2153,21.6086927,1.104104458
micro_pcb_v2_HEAC4,micro_pcb_images,https://www.kaggle.com/datasets/frettapper/micropcb-images,CC BY 4.0,https://creativecommons.org/licenses/by/4.0/,raspberry_pi_sbc,raspberry_pi_3_b_plus,H,E,A,C,4,HEAC,train,train,NOT_VERIFIED,train_coded/train_coded/HEAC4.jpg,f82b206ea09936cd5c4c3f77e75649ea2730a707adad586f80327e6131ca836a,2257,2483,246,165,1730,2153,21.53581724,1.094254063
micro_pcb_v2_HEAD1,micro_pcb_images,https://www.kaggle.com/datasets/frettapper/micropcb-images,CC BY 4.0,https://creativecommons.org/licenses/by/4.0/,raspberry_pi_sbc,raspberry_pi_3_b_plus,H,E,A,D,1,HEAD,train,train,NOT_VERIFIED,train_coded/train_coded/HEAD1.jpg,7efabc30cdf4917446288710b3bd2bb2684cb2f10e3d551e9f0229225766dab7,2135,2468,246,167,1583,2136,14.79853664,1.128382848
micro_pcb_v2_HEAD2,micro_pcb_images,https://www.kaggle.com/datasets/frettapper/micropcb-images,CC BY 4.0,https://creativecommons.org/licenses/by/4.0/,raspberry_pi_sbc,raspberry_pi_3_b_plus,H,E,A,D,2,HEAD,train,train,NOT_VERIFIED,train_coded/train_coded/HEAD2.jpg,0fb8872dcb96051987786fd5c85afcdd635d55d2472d4756577950a9f9c685f4,2121,2469,246,171,1568,2133,14.48942524,1.140848189
micro_pcb_v2_HEAD3,micro_pcb_images,https://www.kaggle.com/datasets/frettapper/micropcb-images,CC BY 4.0,https://creativecommons.org/licenses/by/4.0/,raspberry_pi_sbc,raspberry_pi_3_b_plus,H,E,A,D,3,HEAD,train,train,NOT_VERIFIED,train_coded/train_coded/HEAD3.jpg,f229c0efd7a518037dc89bee7035ec5f06c9ce47e028c81dbf1c2b4d0a10ecbe,2103,2466,246,164,1576,2137,14.29274908,1.132513118
micro_pcb_v2_HEAD4,micro_pcb_images,https://www.kaggle.com/datasets/frettapper/micropcb-images,CC BY 4.0,https://creativecommons.org/licenses/by/4.0/,raspberry_pi_sbc,raspberry_pi_3_b_plus,H,E,A,D,4,HEAD,train,train,NOT_VERIFIED,train_coded/train_coded/HEAD4.jpg,4735ed9c52d280e580632c1593255af0092e53cf610179f280babca9d6f7d480,2100,2466,246,169,1567,2133,14.16168248,1.150069729
micro_pcb_v2_HEAE1,micro_pcb_images,https://www.kaggle.com/datasets/frettapper/micropcb-images,CC BY 4.0,https://creativecommons.org/licenses/by/4.0/,raspberry_pi_sbc,raspberry_pi_3_b_plus,H,E,A,E,1,HEAE,train,train,NOT_VERIFIED,train_coded/train_coded/HEAE1.jpg,ff3d80eb26ebb42e15e212019ac37a72ab849594112c24d8373861ec3e9d627c,2143,1922,246,148,1639,1611,32.39507489,0.964089945
micro_pcb_v2_HEAE2,micro_pcb_images,https://www.kaggle.com/datasets/frettapper/micropcb-images,CC BY 4.0,https://creativecommons.org/licenses/by/4.0/,raspberry_pi_sbc,raspberry_pi_3_b_plus,H,E,A,E,2,HEAE,train,train,NOT_VERIFIED,train_coded/train_coded/HEAE2.jpg,fa5aef2d33655dced6ea8c31914c218311400b1ffa44df617c3a90672cc838f3,2144,1932,247,149,1639,1619,32.26712777,0.962476491
micro_pcb_v2_HEAE3,micro_pcb_images,https://www.kaggle.com/datasets/frettapper/micropcb-images,CC BY 4.0,https://creativecommons.org/licenses/by/4.0/,raspberry_pi_sbc,raspberry_pi_3_b_plus,H,E,A,E,3,HEAE,train,train,NOT_VERIFIED,train_coded/train_coded/HEAE3.jpg,442732c611514cef8c3511fda5ed54722315a232e1b21b8736d23943537473d3,2146,1938,247,149,1642,1624,32.19582806,0.968339009
micro_pcb_v2_HEAE4,micro_pcb_images,https://www.kaggle.com/datasets/frettapper/micropcb-images,CC BY 4.0,https://creativecommons.org/licenses/by/4.0/,raspberry_pi_sbc,raspberry_pi_3_b_plus,H,E,A,E,4,HEAE,train,train,NOT_VERIFIED,train_coded/train_coded/HEAE4.jpg,2099876830b42f5653f4f44693428f019c3cd764d474ab4868161bfdae7d23a6,2153,1938,246,148,1646,1626,32.5127436,0.979833675
micro_pcb_v2_HEBA1,micro_pcb_images,https://www.kaggle.com/datasets/frettapper/micropcb-images,CC BY 4.0,https://creativecommons.org/licenses/by/4.0/,raspberry_pi_sbc,raspberry_pi_3_b_plus,H,E,B,A,1,HEBA,train,train,NOT_VERIFIED,train_coded/train_coded/HEBA1.jpg,7c7665bfe6ed297497e91e8b7a06bcd8798c43227f6047b17282d95cf06eded0,1994,2059,246,166,1497,1728,21.14003191,1.11775655
micro_pcb_v2_HEBA2,micro_pcb_images,https://www.kaggle.com/datasets/frettapper/micropcb-images,CC BY 4.0,https://creativecommons.org/licenses/by/4.0/,raspberry_pi_sbc,raspberry_pi_3_b_plus,H,E,B,A,2,HEBA,train,train,NOT_VERIFIED,train_coded/train_coded/HEBA2.jpg,bde3e05540d998a1df900a39a0f2245430d363ab77ba1d342ead466331c015b4,1979,2051,247,167,1486,1719,20.40266851,1.127373832
micro_pcb_v2_HEBA3,micro_pcb_images,https://www.kaggle.com/datasets/frettapper/micropcb-images,CC BY 4.0,https://creativecommons.org/licenses/by/4.0/,raspberry_pi_sbc,raspberry_pi_3_b_plus,H,E,B,A,3,HEBA,train,train,NOT_VERIFIED,train_coded/train_coded/HEBA3.jpg,47060f52512992ebc44f84a8c2bb4b39ad3b84d8109ec9020cff83f2fdcfffbe,1976,2058,246,168,1484,1726,20.11048755,1.132172433
micro_pcb_v2_HEBA4,micro_pcb_images,https://www.kaggle.com/datasets/frettapper/micropcb-images,CC BY 4.0,https://creativecommons.org/licenses/by/4.0/,raspberry_pi_sbc,raspberry_pi_3_b_plus,H,E,B,A,4,HEBA,train,train,NOT_VERIFIED,train_coded/train_coded/HEBA4.jpg,39d32b7723fb11ed47955fcbaf299ccc10531e460cb400f60cafc703b930a2b0,1982,2067,246,172,1490,1730,20.51674559,1.131618945
micro_pcb_v2_HEBB1,micro_pcb_images,https://www.kaggle.com/datasets/frettapper/micropcb-images,CC BY 4.0,https://creativecommons.org/licenses/by/4.0/,raspberry_pi_sbc,raspberry_pi_3_b_plus,H,E,B,B,1,HEBB,train,train,NOT_VERIFIED,train_coded/train_coded/HEBB1.jpg,385745d97286debbeb9e0c0eecf626cadc3bec923a8762ade4d5ee208af2cf28,2009,2238,246,165,1504,1908,18.56436633,1.19299304
micro_pcb_v2_HEBB2,micro_pcb_images,https://www.kaggle.com/datasets/frettapper/micropcb-images,CC BY 4.0,https://creativecommons.org/licenses/by/4.0/,raspberry_pi_sbc,raspberry_pi_3_b_plus,H,E,B,B,2,HEBB,train,train,NOT_VERIFIED,train_coded/train_coded/HEBB2.jpg,18013f38d09e0e1910f3a9df8e562f391cdcb80549c445ec8b12525241fe18da,2004,2239,246,165,1499,1909,18.32822586,1.167492618
micro_pcb_v2_HEBB3,micro_pcb_images,https://www.kaggle.com/datasets/frettapper/micropcb-images,CC BY 4.0,https://creativecommons.org/licenses/by/4.0/,raspberry_pi_sbc,raspberry_pi_3_b_plus,H,E,B,B,3,HEBB,train,train,NOT_VERIFIED,train_coded/train_coded/HEBB3.jpg,404c9a928609a28bce7243d860120269855223c734c2c42692e4164c0008fee8,2005,2242,246,165,1502,1913,18.69802822,1.183352994
micro_pcb_v2_HEBB4,micro_pcb_images,https://www.kaggle.com/datasets/frettapper/micropcb-images,CC BY 4.0,https://creativecommons.org/licenses/by/4.0/,raspberry_pi_sbc,raspberry_pi_3_b_plus,H,E,B,B,4,HEBB,train,train,NOT_VERIFIED,train_coded/train_coded/HEBB4.jpg,305288cdd5eb076df81ba6a2fb4f83035a2d051e28e5fe6a11a8df90eda252c6,1997,2238,246,166,1496,1908,18.43506677,1.173630509
micro_pcb_v2_HEBC1,micro_pcb_images,https://www.kaggle.com/datasets/frettapper/micropcb-images,CC BY 4.0,https://creativecommons.org/licenses/by/4.0/,raspberry_pi_sbc,raspberry_pi_3_b_plus,H,E,B,C,1,HEBC,train,train,NOT_VERIFIED,train_coded/train_coded/HEBC1.jpg,13dd0e939d2ace623f52eebe721566fc357d1a568fbb2355d8f6ed79590524bf,2393,2553,246,173,1840,2217,26.76548552,1.022282532
micro_pcb_v2_HEBC2,micro_pcb_images,https://www.kaggle.com/datasets/frettapper/micropcb-images,CC BY 4.0,https://creativecommons.org/licenses/by/4.0/,raspberry_pi_sbc,raspberry_pi_3_b_plus,H,E,B,C,2,HEBC,train,train,NOT_VERIFIED,train_coded/train_coded/HEBC2.jpg,8cc48e3ea26f0ad00108557a884a023def942ac6931dec289754b9af26c67b35,2392,2555,246,174,1847,2217,26.24008563,1.030303863
micro_pcb_v2_HEBC3,micro_pcb_images,https://www.kaggle.com/datasets/frettapper/micropcb-images,CC BY 4.0,https://creativecommons.org/licenses/by/4.0/,raspberry_pi_sbc,raspberry_pi_3_b_plus,H,E,B,C,3,HEBC,train,train,NOT_VERIFIED,train_coded/train_coded/HEBC3.jpg,f518392523cc4b2b670204bbdcc0653d928e16f28612332bb15888f9d291c281,2381,2555,246,175,1829,2216,25.95610977,1.039647824
micro_pcb_v2_HEBC4,micro_pcb_images,https://www.kaggle.com/datasets/frettapper/micropcb-images,CC BY 4.0,https://creativecommons.org/licenses/by/4.0/,raspberry_pi_sbc,raspberry_pi_3_b_plus,H,E,B,C,4,HEBC,train,train,NOT_VERIFIED,train_coded/train_coded/HEBC4.jpg,c69a4305875f338e5901f098f804192684a04a0fa7e6428f12d96752b0a04a6e,2394,2557,246,173,1840,2219,26.09481035,1.051543225
micro_pcb_v2_HEBD1,micro_pcb_images,https://www.kaggle.com/datasets/frettapper/micropcb-images,CC BY 4.0,https://creativecommons.org/licenses/by/4.0/,raspberry_pi_sbc,raspberry_pi_3_b_plus,H,E,B,D,1,HEBD,train,train,NOT_VERIFIED,train_coded/train_coded/HEBD1.jpg,05e3845e4f051d2d570cc72389d175c8952467da5841c28a56425b908813125a,2659,2838,246,166,2126,2506,27.58580936,1.043850105
micro_pcb_v2_HEBD2,micro_pcb_images,https://www.kaggle.com/datasets/frettapper/micropcb-images,CC BY 4.0,https://creativecommons.org/licenses/by/4.0/,raspberry_pi_sbc,raspberry_pi_3_b_plus,H,E,B,D,2,HEBD,train,train,NOT_VERIFIED,train_coded/train_coded/HEBD2.jpg,f87b6b6ef2679e32455d11b3f1e0b478f58cb349af2b8e78dae858c252c4bca5,2654,2836,246,166,2126,2504,27.29931299,1.050456807
micro_pcb_v2_HEBD3,micro_pcb_images,https://www.kaggle.com/datasets/frettapper/micropcb-images,CC BY 4.0,https://creativecommons.org/licenses/by/4.0/,raspberry_pi_sbc,raspberry_pi_3_b_plus,H,E,B,D,3,HEBD,train,train,NOT_VERIFIED,train_coded/train_coded/HEBD3.jpg,27cc790875780047cf559cee8aec5b261348f42501296f84cdef0c0eff072e2e,2662,2837,246,168,2119,2503,27.26891518,1.046474675
micro_pcb_v2_HEBD4,micro_pcb_images,https://www.kaggle.com/datasets/frettapper/micropcb-images,CC BY 4.0,https://creativecommons.org/licenses/by/4.0/,raspberry_pi_sbc,raspberry_pi_3_b_plus,H,E,B,D,4,HEBD,train,train,NOT_VERIFIED,train_coded/train_coded/HEBD4.jpg,4b51f1fa18e28eaa2ceaea9532bea2b20bf2905fc045e5aa4c58d895ed7f88c7,2654,2837,246,168,2122,2503,27.29731492,1.051651938
micro_pcb_v2_HEBE1,micro_pcb_images,https://www.kaggle.com/datasets/frettapper/micropcb-images,CC BY 4.0,https://creativecommons.org/licenses/by/4.0/,raspberry_pi_sbc,raspberry_pi_3_b_plus,H,E,B,E,1,HEBE,train,train,NOT_VERIFIED,train_coded/train_coded/HEBE1.jpg,80846c486dc9b28984e16b1d8c5bc0236232caf05a3d8894275aecf9a07fbcde,2381,2297,246,83,1883,2050,28.34310149,0.98327846
micro_pcb_v2_HEBE2,micro_pcb_images,https://www.kaggle.com/datasets/frettapper/micropcb-images,CC BY 4.0,https://creativecommons.org/licenses/by/4.0/,raspberry_pi_sbc,raspberry_pi_3_b_plus,H,E,B,E,2,HEBE,train,train,NOT_VERIFIED,train_coded/train_coded/HEBE2.jpg,081f4f34d6c7b6c5b28878a54dc1e41b5446ac93cdb6f38199e185a5239f137a,2373,2299,246,83,1879,2051,27.97956008,0.984856463
micro_pcb_v2_HEBE3,micro_pcb_images,https://www.kaggle.com/datasets/frettapper/micropcb-images,CC BY 4.0,https://creativecommons.org/licenses/by/4.0/,raspberry_pi_sbc,raspberry_pi_3_b_plus,H,E,B,E,3,HEBE,train,train,NOT_VERIFIED,train_coded/train_coded/HEBE3.jpg,b2f779f20398e3ead3936f4b9ff9b3f0160548c651aa1e2d0e422357ff3d5a3e,2375,2309,246,85,1882,2059,27.8767421,0.983675835
micro_pcb_v2_HEBE4,micro_pcb_images,https://www.kaggle.com/datasets/frettapper/micropcb-images,CC BY 4.0,https://creativecommons.org/licenses/by/4.0/,raspberry_pi_sbc,raspberry_pi_3_b_plus,H,E,B,E,4,HEBE,train,train,NOT_VERIFIED,train_coded/train_coded/HEBE4.jpg,87f17202ec6c0eca446a529aef94e585aa6a1fd3365684cf7560a44ec49856d9,2375,2312,246,84,1881,2063,27.65704573,0.986142406
micro_pcb_v2_HECA1,micro_pcb_images,https://www.kaggle.com/datasets/frettapper/micropcb-images,CC BY 4.0,https://creativecommons.org/licenses/by/4.0/,raspberry_pi_sbc,raspberry_pi_3_b_plus,H,E,C,A,1,HECA,train,train,NOT_VERIFIED,train_coded/train_coded/HECA1.jpg,64255b57820fa06919ad0730f5ffcf8201142caec56aa9a89cebf2cafffcf9d7,2033,1948,246,164,1542,1620,22.08876234,1.079481711
micro_pcb_v2_HECA2,micro_pcb_images,https://www.kaggle.com/datasets/frettapper/micropcb-images,CC BY 4.0,https://creativecommons.org/licenses/by/4.0/,raspberry_pi_sbc,raspberry_pi_3_b_plus,H,E,C,A,2,HECA,train,train,NOT_VERIFIED,train_coded/train_coded/HECA2.jpg,5ab0e17d89742a2bac368eceebfe559600694ebd6a5c64c1c70a151e62d47737,2023,1955,247,170,1529,1621,21.20272645,1.084326693
micro_pcb_v2_HECA3,micro_pcb_images,https://www.kaggle.com/datasets/frettapper/micropcb-images,CC BY 4.0,https://creativecommons.org/licenses/by/4.0/,raspberry_pi_sbc,raspberry_pi_3_b_plus,H,E,C,A,3,HECA,train,train,NOT_VERIFIED,train_coded/train_coded/HECA3.jpg,5debac216dd66a69d9175585efd9bc908f31557e21f9abb034f88f600b1332a0,2018,1954,247,168,1524,1623,20.75561056,1.087257031
micro_pcb_v2_HECA4,micro_pcb_images,https://www.kaggle.com/datasets/frettapper/micropcb-images,CC BY 4.0,https://creativecommons.org/licenses/by/4.0/,raspberry_pi_sbc,raspberry_pi_3_b_plus,H,E,C,A,4,HECA,train,train,NOT_VERIFIED,train_coded/train_coded/HECA4.jpg,a070f3ab4881be53a1acfc51987acd72cf33d3aa0e32aa94d06104f9490c5505,2023,1955,247,169,1530,1622,21.31481789,1.083371937
micro_pcb_v2_HECB1,micro_pcb_images,https://www.kaggle.com/datasets/frettapper/micropcb-images,CC BY 4.0,https://creativecommons.org/licenses/by/4.0/,raspberry_pi_sbc,raspberry_pi_3_b_plus,H,E,C,B,1,HECB,train,train,NOT_VERIFIED,train_coded/train_coded/HECB1.jpg,b932b9da34567e31b974c770273f3bf55369bd150014bce20745e26f32b4fa09,2192,2343,246,171,1698,2008,19.72524355,1.091458125
micro_pcb_v2_HECB2,micro_pcb_images,https://www.kaggle.com/datasets/frettapper/micropcb-images,CC BY 4.0,https://creativecommons.org/licenses/by/4.0/,raspberry_pi_sbc,raspberry_pi_3_b_plus,H,E,C,B,2,HECB,train,train,NOT_VERIFIED,train_coded/train_coded/HECB2.jpg,91251c47094519de4323ba6540380eb1e1484587d1008e4bc7dff1e265eb54f2,2194,2339,246,166,1700,2009,20.02586172,1.084292111
micro_pcb_v2_HECB3,micro_pcb_images,https://www.kaggle.com/datasets/frettapper/micropcb-images,CC BY 4.0,https://creativecommons.org/licenses/by/4.0/,raspberry_pi_sbc,raspberry_pi_3_b_plus,H,E,C,B,3,HECB,train,train,NOT_VERIFIED,train_coded/train_coded/HECB3.jpg,4a0291b03db2e20a3725c03f39f9d60e7c3c604484cd5aa67811fe0bb1a73c2d,2184,2340,246,172,1690,2005,19.39630462,1.092990688
micro_pcb_v2_HECB4,micro_pcb_images,https://www.kaggle.com/datasets/frettapper/micropcb-images,CC BY 4.0,https://creativecommons.org/licenses/by/4.0/,raspberry_pi_sbc,raspberry_pi_3_b_plus,H,E,C,B,4,HECB,train,train,NOT_VERIFIED,train_coded/train_coded/HECB4.jpg,b52c9e862a81b911f36d57cf985a0bb7a55de888ea539d3c386e30ea9d240155,2190,2345,245,170,1696,2011,19.66552048,1.090607203
micro_pcb_v2_HECC1,micro_pcb_images,https://www.kaggle.com/datasets/frettapper/micropcb-images,CC BY 4.0,https://creativecommons.org/licenses/by/4.0/,raspberry_pi_sbc,raspberry_pi_3_b_plus,H,E,C,C,1,HECC,train,train,NOT_VERIFIED,train_coded/train_coded/HECC1.jpg,45e64f64d2d989657968b37b435e30293c727334d4da7a384e35e3a9ada5f2d8,2328,2513,249,165,1833,2182,25.912036,0.998132222
micro_pcb_v2_HECC2,micro_pcb_images,https://www.kaggle.com/datasets/frettapper/micropcb-images,CC BY 4.0,https://creativecommons.org/licenses/by/4.0/,raspberry_pi_sbc,raspberry_pi_3_b_plus,H,E,C,C,2,HECC,train,train,NOT_VERIFIED,train_coded/train_coded/HECC2.jpg,1a7d6e733904db22d2fac87542e75b08da44a65b06c5f172ddf2c6e109b4cdfd,2326,2515,249,165,1831,2183,25.89047849,0.998706586
micro_pcb_v2_HECC3,micro_pcb_images,https://www.kaggle.com/datasets/frettapper/micropcb-images,CC BY 4.0,https://creativecommons.org/licenses/by/4.0/,raspberry_pi_sbc,raspberry_pi_3_b_plus,H,E,C,C,3,HECC,train,train,NOT_VERIFIED,train_coded/train_coded/HECC3.jpg,67a1885513664324c5dfe84b3c919121fee4b9f528cdb900c3457f982ee115e8,2320,2511,249,164,1825,2182,25.64795333,0.999749022
micro_pcb_v2_HECC4,micro_pcb_images,https://www.kaggle.com/datasets/frettapper/micropcb-images,CC BY 4.0,https://creativecommons.org/licenses/by/4.0/,raspberry_pi_sbc,raspberry_pi_3_b_plus,H,E,C,C,4,HECC,train,train,NOT_VERIFIED,train_coded/train_coded/HECC4.jpg,960f2001e27a49759452b836316feafb2c51d6621e84eff6c08b6912dd1781d1,2326,2514,249,166,1831,2183,25.94449073,0.997176448
micro_pcb_v2_HECD1,micro_pcb_images,https://www.kaggle.com/datasets/frettapper/micropcb-images,CC BY 4.0,https://creativecommons.org/licenses/by/4.0/,raspberry_pi_sbc,raspberry_pi_3_b_plus,H,E,C,D,1,HECD,train,train,NOT_VERIFIED,train_coded/train_coded/HECD1.jpg,6d340ed9f05a004037d8a7b75fcf5bd78633e1be877ac1bac1217f9a90b9bb1b,2218,2492,247,164,1725,2163,21.88926465,0.945299502
micro_pcb_v2_HECD2,micro_pcb_images,https://www.kaggle.com/datasets/frettapper/micropcb-images,CC BY 4.0,https://creativecommons.org/licenses/by/4.0/,raspberry_pi_sbc,raspberry_pi_3_b_plus,H,E,C,D,2,HECD,train,train,NOT_VERIFIED,train_coded/train_coded/HECD2.jpg,2f9c337a64adc2b74b5183cf40b5aebe01455c31b9a6f4afc7f88513f77fc726,2208,2485,247,163,1715,2157,21.57840103,0.952761683
micro_pcb_v2_HECD3,micro_pcb_images,https://www.kaggle.com/datasets/frettapper/micropcb-images,CC BY 4.0,https://creativecommons.org/licenses/by/4.0/,raspberry_pi_sbc,raspberry_pi_3_b_plus,H,E,C,D,3,HECD,train,train,NOT_VERIFIED,train_coded/train_coded/HECD3.jpg,43d8e1d48e27961548daf936635352121e8cd35427ec717aba1cb30c6f797591,2196,2480,247,164,1703,2151,21.06083015,0.956658551
micro_pcb_v2_HECD4,micro_pcb_images,https://www.kaggle.com/datasets/frettapper/micropcb-images,CC BY 4.0,https://creativecommons.org/licenses/by/4.0/,raspberry_pi_sbc,raspberry_pi_3_b_plus,H,E,C,D,4,HECD,train,train,NOT_VERIFIED,train_coded/train_coded/HECD4.jpg,24201bf946cc1c11c22dd2ad8f9dcb6dce269b0b4beff29f02dc42772790fa5d,2207,2483,247,165,1714,2153,21.59587163,0.94605917
micro_pcb_v2_HECE1,micro_pcb_images,https://www.kaggle.com/datasets/frettapper/micropcb-images,CC BY 4.0,https://creativecommons.org/licenses/by/4.0/,raspberry_pi_sbc,raspberry_pi_3_b_plus,H,E,C,E,1,HECE,train,train,NOT_VERIFIED,train_coded/train_coded/HECE1.jpg,911a6de300de36308a1401cf9adcc2e6ad8e388fb985b608342aa48256a594d2,2069,2235,247,164,1576,1905,23.19887559,0.877894794
micro_pcb_v2_HECE2,micro_pcb_images,https://www.kaggle.com/datasets/frettapper/micropcb-images,CC BY 4.0,https://creativecommons.org/licenses/by/4.0/,raspberry_pi_sbc,raspberry_pi_3_b_plus,H,E,C,E,2,HECE,train,train,NOT_VERIFIED,train_coded/train_coded/HECE2.jpg,bfba2e4eed214263286e4d06c8f468f024e38989111decbf49faaa766833fca7,2062,2232,246,164,1570,1903,22.90729104,0.880682915
micro_pcb_v2_HECE3,micro_pcb_images,https://www.kaggle.com/datasets/frettapper/micropcb-images,CC BY 4.0,https://creativecommons.org/licenses/by/4.0/,raspberry_pi_sbc,raspberry_pi_3_b_plus,H,E,C,E,3,HECE,train,train,NOT_VERIFIED,train_coded/train_coded/HECE3.jpg,61e1e2d8294f2cf85b22762160e5439a9089e7871dfaca1c75022d31e5652de0,2064,2231,246,164,1572,1902,22.7230711,0.889498491
micro_pcb_v2_HECE4,micro_pcb_images,https://www.kaggle.com/datasets/frettapper/micropcb-images,CC BY 4.0,https://creativecommons.org/licenses/by/4.0/,raspberry_pi_sbc,raspberry_pi_3_b_plus,H,E,C,E,4,HECE,train,train,NOT_VERIFIED,train_coded/train_coded/HECE4.jpg,52de234863579a8bcf6b3ea39d7850ec12bda0e376df64c2981b9a447c9d4481,2060,2230,247,163,1567,1902,22.79849781,0.881470075
micro_pcb_v2_HEDA1,micro_pcb_images,https://www.kaggle.com/datasets/frettapper/micropcb-images,CC BY 4.0,https://creativecommons.org/licenses/by/4.0/,raspberry_pi_sbc,raspberry_pi_3_b_plus,H,E,D,A,1,HEDA,train,train,NOT_VERIFIED,train_coded/train_coded/HEDA1.jpg,30b9a93ba2c3edcb3c51cacb4621a68761fdd04bbec93d95fb249409623daa35,2463,2191,250,176,1957,1851,29.50202837,1.115869678
micro_pcb_v2_HEDA2,micro_pcb_images,https://www.kaggle.com/datasets/frettapper/micropcb-images,CC BY 4.0,https://creativecommons.org/licenses/by/4.0/,raspberry_pi_sbc,raspberry_pi_3_b_plus,H,E,D,A,2,HEDA,train,train,NOT_VERIFIED,train_coded/train_coded/HEDA2.jpg,1a3cf9c18fb8b00b9ea64c5f3fffdb1a27abfdd5a0014786389222c00fb64786,2460,2186,257,176,1956,1847,29.51879272,1.129679965
micro_pcb_v2_HEDA3,micro_pcb_images,https://www.kaggle.com/datasets/frettapper/micropcb-images,CC BY 4.0,https://creativecommons.org/licenses/by/4.0/,raspberry_pi_sbc,raspberry_pi_3_b_plus,H,E,D,A,3,HEDA,train,train,NOT_VERIFIED,train_coded/train_coded/HEDA3.jpg,10bfd59bc13be378f9f4d77e81c332d2449a97278febda72343994c91c6a624a,2453,2184,251,179,1955,1841,29.67398749,1.118392077
micro_pcb_v2_HEDA4,micro_pcb_images,https://www.kaggle.com/datasets/frettapper/micropcb-images,CC BY 4.0,https://creativecommons.org/licenses/by/4.0/,raspberry_pi_sbc,raspberry_pi_3_b_plus,H,E,D,A,4,HEDA,train,train,NOT_VERIFIED,train_coded/train_coded/HEDA4.jpg,8a5166afdd88bdac790662229751888b1f34d3029a2f1bd29b06ff2d310a19e2,2453,2188,254,178,1953,1846,29.10435598,1.112714131
micro_pcb_v2_HEDB1,micro_pcb_images,https://www.kaggle.com/datasets/frettapper/micropcb-images,CC BY 4.0,https://creativecommons.org/licenses/by/4.0/,raspberry_pi_sbc,raspberry_pi_3_b_plus,H,E,D,B,1,HEDB,train,train,NOT_VERIFIED,train_coded/train_coded/HEDB1.jpg,ca44f4ddd02d25e3dd112a73b23cc5fe919d20b87fd3f4ec5121d1276045e788,2727,2712,248,222,2231,2327,29.34397346,0.805727079
micro_pcb_v2_HEDB2,micro_pcb_images,https://www.kaggle.com/datasets/frettapper/micropcb-images,CC BY 4.0,https://creativecommons.org/licenses/by/4.0/,raspberry_pi_sbc,raspberry_pi_3_b_plus,H,E,D,B,2,HEDB,train,train,NOT_VERIFIED,train_coded/train_coded/HEDB2.jpg,a051e93548aa5e381087c7dcf87cfaf6ccb29af948339ea94d5085ceaf1e1f52,2728,2705,258,218,2222,2324,28.85755659,0.995153023
micro_pcb_v2_HEDB3,micro_pcb_images,https://www.kaggle.com/datasets/frettapper/micropcb-images,CC BY 4.0,https://creativecommons.org/licenses/by/4.0/,raspberry_pi_sbc,raspberry_pi_3_b_plus,H,E,D,B,3,HEDB,train,train,NOT_VERIFIED,train_coded/train_coded/HEDB3.jpg,07d7aa446c5270139c8d291ef9eb5a1b3b521f27904f0f499d2e0abab6a6ca15,2720,2708,249,217,2224,2328,28.74570417,0.999639418
micro_pcb_v2_HEDB4,micro_pcb_images,https://www.kaggle.com/datasets/frettapper/micropcb-images,CC BY 4.0,https://creativecommons.org/licenses/by/4.0/,raspberry_pi_sbc,raspberry_pi_3_b_plus,H,E,D,B,4,HEDB,train,train,NOT_VERIFIED,train_coded/train_coded/HEDB4.jpg,a815946bc8069bcd1e4732160ebc4e74eee9eee356f8677912a36de1ccd632f9,2742,2692,261,207,2235,2322,29.51606387,0.826956588
micro_pcb_v2_HEDC1,micro_pcb_images,https://www.kaggle.com/datasets/frettapper/micropcb-images,CC BY 4.0,https://creativecommons.org/licenses/by/4.0/,raspberry_pi_sbc,raspberry_pi_3_b_plus,H,E,D,C,1,HEDC,train,train,NOT_VERIFIED,train_coded/train_coded/HEDC1.jpg,8c544ccb9a2f5d4e71e2ef907cda30a152a7e1732d7aeeeddbad1a6e58b17155,2185,2332,259,186,1680,1982,20.82765794,1.059647348
micro_pcb_v2_HEDC2,micro_pcb_images,https://www.kaggle.com/datasets/frettapper/micropcb-images,CC BY 4.0,https://creativecommons.org/licenses/by/4.0/,raspberry_pi_sbc,raspberry_pi_3_b_plus,H,E,D,C,2,HEDC,train,train,NOT_VERIFIED,train_coded/train_coded/HEDC2.jpg,47f5730155093d41461e7a1b25315a44c535ec41a2ae4f09fcd8495b132d17c4,2190,2323,258,179,1686,1980,20.97727443,1.053862695
micro_pcb_v2_HEDC3,micro_pcb_images,https://www.kaggle.com/datasets/frettapper/micropcb-images,CC BY 4.0,https://creativecommons.org/licenses/by/4.0/,raspberry_pi_sbc,raspberry_pi_3_b_plus,H,E,D,C,3,HEDC,train,train,NOT_VERIFIED,train_coded/train_coded/HEDC3.jpg,3a6d72a6d9b0c2c56cc7a46d22219e7b66d1d2ae37484ac2ef582ce3ac46a7a4,2182,2319,258,176,1678,1979,20.76194263,1.051556817
micro_pcb_v2_HEDC4,micro_pcb_images,https://www.kaggle.com/datasets/frettapper/micropcb-images,CC BY 4.0,https://creativecommons.org/licenses/by/4.0/,raspberry_pi_sbc,raspberry_pi_3_b_plus,H,E,D,C,4,HEDC,train,train,NOT_VERIFIED,train_coded/train_coded/HEDC4.jpg,f693ee156f81995a1590af11484f5aa8a8d85d8bf7363e8a4fc11524c733439b,2172,2320,255,178,1671,1978,20.29601775,1.047689662
micro_pcb_v2_HEDD1,micro_pcb_images,https://www.kaggle.com/datasets/frettapper/micropcb-images,CC BY 4.0,https://creativecommons.org/licenses/by/4.0/,raspberry_pi_sbc,raspberry_pi_3_b_plus,H,E,D,D,1,HEDD,train,train,NOT_VERIFIED,train_coded/train_coded/HEDD1.jpg,d769bf1397f3351e67eb5d3bcbc92fdcbf2153c4ad1ea0db217404ed7d0e15f7,2156,2416,248,167,1662,2084,22.91846321,0.86884974
micro_pcb_v2_HEDD2,micro_pcb_images,https://www.kaggle.com/datasets/frettapper/micropcb-images,CC BY 4.0,https://creativecommons.org/licenses/by/4.0/,raspberry_pi_sbc,raspberry_pi_3_b_plus,H,E,D,D,2,HEDD,train,train,NOT_VERIFIED,train_coded/train_coded/HEDD2.jpg,ee58a6c9fa020b29b3931a58ceff7d483a60acfa32716514b7b08d91a3e0997c,2158,2419,247,168,1665,2087,22.95216764,0.869306302
micro_pcb_v2_HEDD3,micro_pcb_images,https://www.kaggle.com/datasets/frettapper/micropcb-images,CC BY 4.0,https://creativecommons.org/licenses/by/4.0/,raspberry_pi_sbc,raspberry_pi_3_b_plus,H,E,D,D,3,HEDD,train,train,NOT_VERIFIED,train_coded/train_coded/HEDD3.jpg,219f0572ccbfa2b302a6e83567f1af9ce14df5009157e51722ae8fe08d9c5ddc,2155,2415,247,166,1662,2085,22.51281256,0.885291272
micro_pcb_v2_HEDD4,micro_pcb_images,https://www.kaggle.com/datasets/frettapper/micropcb-images,CC BY 4.0,https://creativecommons.org/licenses/by/4.0/,raspberry_pi_sbc,raspberry_pi_3_b_plus,H,E,D,D,4,HEDD,train,train,NOT_VERIFIED,train_coded/train_coded/HEDD4.jpg,fa68a04db1e2f60383231034a4f2769a22de2f2ec943aef45120e517291db629,2149,2416,247,168,1656,2083,22.59270158,0.873552886
micro_pcb_v2_HEDE1,micro_pcb_images,https://www.kaggle.com/datasets/frettapper/micropcb-images,CC BY 4.0,https://creativecommons.org/licenses/by/4.0/,raspberry_pi_sbc,raspberry_pi_3_b_plus,H,E,D,E,1,HEDE,train,train,NOT_VERIFIED,train_coded/train_coded/HEDE1.jpg,1aeeec7b7b0aa31ca2cd2b4f6f2c969468e6fb296439694e63878b3b2e839795,1899,2139,245,164,1407,1810,21.04549458,0.837476887
micro_pcb_v2_HEDE2,micro_pcb_images,https://www.kaggle.com/datasets/frettapper/micropcb-images,CC BY 4.0,https://creativecommons.org/licenses/by/4.0/,raspberry_pi_sbc,raspberry_pi_3_b_plus,H,E,D,E,2,HEDE,train,train,NOT_VERIFIED,train_coded/train_coded/HEDE2.jpg,2d7b93a73b9c7cfaee2b9dde0c252c0a7be559b1936e4b139aedc092b6d0ec91,1890,2133,245,164,1398,1804,20.84106554,0.833623513
micro_pcb_v2_HEDE3,micro_pcb_images,https://www.kaggle.com/datasets/frettapper/micropcb-images,CC BY 4.0,https://creativecommons.org/licenses/by/4.0/,raspberry_pi_sbc,raspberry_pi_3_b_plus,H,E,D,E,3,HEDE,train,train,NOT_VERIFIED,train_coded/train_coded/HEDE3.jpg,6d7f9c078e389fd975f61dc881ba0d93535cb0a27e2c264ffa1f8792398cd0c9,1896,2136,246,163,1403,1808,20.88584089,0.829619578
micro_pcb_v2_HEDE4,micro_pcb_images,https://www.kaggle.com/datasets/frettapper/micropcb-images,CC BY 4.0,https://creativecommons.org/licenses/by/4.0/,raspberry_pi_sbc,raspberry_pi_3_b_plus,H,E,D,E,4,HEDE,train,train,NOT_VERIFIED,train_coded/train_coded/HEDE4.jpg,7cef7790f1123eda54bfdc305c26315001ba4924e7076becc9e238e3268df700,1899,2137,246,164,1406,1809,21.07159507,0.831361838
micro_pcb_v2_HEEA1,micro_pcb_images,https://www.kaggle.com/datasets/frettapper/micropcb-images,CC BY 4.0,https://creativecommons.org/licenses/by/4.0/,raspberry_pi_sbc,raspberry_pi_3_b_plus,H,E,E,A,1,HEEA,train,train,NOT_VERIFIED,train_coded/train_coded/HEEA1.jpg,133be1db58c6c7bf959cfb553f0293e9693336004825e11e2dbfafb16de978e6,2271,1855,253,165,1738,1525,31.09084877,1.181435607
micro_pcb_v2_HEEA2,micro_pcb_images,https://www.kaggle.com/datasets/frettapper/micropcb-images,CC BY 4.0,https://creativecommons.org/licenses/by/4.0/,raspberry_pi_sbc,raspberry_pi_3_b_plus,H,E,E,A,2,HEEA,train,train,NOT_VERIFIED,train_coded/train_coded/HEEA2.jpg,a63162626d3e209e8b28f75f325165337c08ff9372a3362466c0bb04015b3de2,2272,1854,250,173,1743,1517,31.84060967,1.195574898
micro_pcb_v2_HEEA3,micro_pcb_images,https://www.kaggle.com/datasets/frettapper/micropcb-images,CC BY 4.0,https://creativecommons.org/licenses/by/4.0/,raspberry_pi_sbc,raspberry_pi_3_b_plus,H,E,E,A,3,HEEA,train,train,NOT_VERIFIED,train_coded/train_coded/HEEA3.jpg,c3077eb8b420fdfb68e6f3d03df95c9b59fa8d469e6b20572781e21ad9b00edf,2274,1850,253,164,1743,1522,31.93287486,1.188882221
micro_pcb_v2_HEEA4,micro_pcb_images,https://www.kaggle.com/datasets/frettapper/micropcb-images,CC BY 4.0,https://creativecommons.org/licenses/by/4.0/,raspberry_pi_sbc,raspberry_pi_3_b_plus,H,E,E,A,4,HEEA,train,train,NOT_VERIFIED,train_coded/train_coded/HEEA4.jpg,0efb2a7ea51b2e463a80e5df0a7b121a1aec687666c2b10075a9c2d76276d411,2275,1851,254,167,1742,1521,31.78954442,1.190124198
micro_pcb_v2_HEEB1,micro_pcb_images,https://www.kaggle.com/datasets/frettapper/micropcb-images,CC BY 4.0,https://creativecommons.org/licenses/by/4.0/,raspberry_pi_sbc,raspberry_pi_3_b_plus,H,E,E,B,1,HEEB,train,train,NOT_VERIFIED,train_coded/train_coded/HEEB1.jpg,2cd43608648fbd957c1fb26e7338ec9afcd3f233866778a07f0b9b9ab29ac39f,2467,2426,245,208,1975,2055,26.12202834,1.13982166
micro_pcb_v2_HEEB2,micro_pcb_images,https://www.kaggle.com/datasets/frettapper/micropcb-images,CC BY 4.0,https://creativecommons.org/licenses/by/4.0/,raspberry_pi_sbc,raspberry_pi_3_b_plus,H,E,E,B,2,HEEB,train,train,NOT_VERIFIED,train_coded/train_coded/HEEB2.jpg,45b8763af650125d7746ba0886697c1131e13b265da6aa2820f13c3ffb89b860,2453,2420,246,206,1961,2051,25.24337619,1.140478548
micro_pcb_v2_HEEB3,micro_pcb_images,https://www.kaggle.com/datasets/frettapper/micropcb-images,CC BY 4.0,https://creativecommons.org/licenses/by/4.0/,raspberry_pi_sbc,raspberry_pi_3_b_plus,H,E,E,B,3,HEEB,train,train,NOT_VERIFIED,train_coded/train_coded/HEEB3.jpg,9e5ca7281574a056bb0a22894da16204d0c6d93641f12f276770b88c6c006bb6,2443,2413,246,205,1951,2045,24.87904411,1.142694297
micro_pcb_v2_HEEB4,micro_pcb_images,https://www.kaggle.com/datasets/frettapper/micropcb-images,CC BY 4.0,https://creativecommons.org/licenses/by/4.0/,raspberry_pi_sbc,raspberry_pi_3_b_plus,H,E,E,B,4,HEEB,train,train,NOT_VERIFIED,train_coded/train_coded/HEEB4.jpg,9ce13db6ac0f331de5bb9e7e77c2515e20c73059980cb18d1c71cf6a6c5fcf14,2439,2401,246,193,1947,2046,24.81781977,1.134628767
micro_pcb_v2_HEEC1,micro_pcb_images,https://www.kaggle.com/datasets/frettapper/micropcb-images,CC BY 4.0,https://creativecommons.org/licenses/by/4.0/,raspberry_pi_sbc,raspberry_pi_3_b_plus,H,E,E,C,1,HEEC,train,train,NOT_VERIFIED,train_coded/train_coded/HEEC1.jpg,5e8c096babadef0c0dc860ad2c2efc7ebc785886ec5d5f9d51bc5029121c302f,2041,2241,255,166,1541,1911,19.16404886,1.040070214
micro_pcb_v2_HEEC2,micro_pcb_images,https://www.kaggle.com/datasets/frettapper/micropcb-images,CC BY 4.0,https://creativecommons.org/licenses/by/4.0/,raspberry_pi_sbc,raspberry_pi_3_b_plus,H,E,E,C,2,HEEC,train,train,NOT_VERIFIED,train_coded/train_coded/HEEC2.jpg,868ff938e5792b9e77fd3e4933c66b7955722c6188bbbd00f1b337b996506c0b,2038,2244,250,166,1542,1914,18.81396613,1.040800893
micro_pcb_v2_HEEC3,micro_pcb_images,https://www.kaggle.com/datasets/frettapper/micropcb-images,CC BY 4.0,https://creativecommons.org/licenses/by/4.0/,raspberry_pi_sbc,raspberry_pi_3_b_plus,H,E,E,C,3,HEEC,train,train,NOT_VERIFIED,train_coded/train_coded/HEEC3.jpg,51d79754d2d0b6ffc407b9ee9b237abb1a9a729f6e5eb8ce8725799ae7729874,2033,2247,255,174,1532,1909,18.5569591,1.045645019
micro_pcb_v2_HEEC4,micro_pcb_images,https://www.kaggle.com/datasets/frettapper/micropcb-images,CC BY 4.0,https://creativecommons.org/licenses/by/4.0/,raspberry_pi_sbc,raspberry_pi_3_b_plus,H,E,E,C,4,HEEC,train,train,NOT_VERIFIED,train_coded/train_coded/HEEC4.jpg,01177688d7ca40776aa8ad603b0a025c8772ee3e0c1d363343fd9dcd931eb680,2027,2235,250,164,1530,1906,18.53846077,1.041401827
micro_pcb_v2_HEED1,micro_pcb_images,https://www.kaggle.com/datasets/frettapper/micropcb-images,CC BY 4.0,https://creativecommons.org/licenses/by/4.0/,raspberry_pi_sbc,raspberry_pi_3_b_plus,H,E,E,D,1,HEED,train,train,NOT_VERIFIED,train_coded/train_coded/HEED1.jpg,4d93244f99681251d9d77ad608ad5cfc4fe24bc136e6e84dd224b4aaaa170b9f,1856,2285,256,167,1425,1953,22.13279586,0.92361616
micro_pcb_v2_HEED2,micro_pcb_images,https://www.kaggle.com/datasets/frettapper/micropcb-images,CC BY 4.0,https://creativecommons.org/licenses/by/4.0/,raspberry_pi_sbc,raspberry_pi_3_b_plus,H,E,E,D,2,HEED,train,train,NOT_VERIFIED,train_coded/train_coded/HEED2.jpg,c5e16a4454f018105b1f4eea0be453b38cfb2edba7405ef9e685d0f3abdf64a4,1855,2287,259,167,1416,1956,21.88198281,0.922910616
micro_pcb_v2_HEED3,micro_pcb_images,https://www.kaggle.com/datasets/frettapper/micropcb-images,CC BY 4.0,https://creativecommons.org/licenses/by/4.0/,raspberry_pi_sbc,raspberry_pi_3_b_plus,H,E,E,D,3,HEED,train,train,NOT_VERIFIED,train_coded/train_coded/HEED3.jpg,0df62df579bc9ca7a1b7861b156708301a81dd9987f6e942c61c799f83a0d608,1859,2292,257,167,1432,1960,21.91890605,0.913325581
micro_pcb_v2_HEED4,micro_pcb_images,https://www.kaggle.com/datasets/frettapper/micropcb-images,CC BY 4.0,https://creativecommons.org/licenses/by/4.0/,raspberry_pi_sbc,raspberry_pi_3_b_plus,H,E,E,D,4,HEED,train,train,NOT_VERIFIED,train_coded/train_coded/HEED4.jpg,b2dfee5c9569ab73d72fa1e2fc3780a3a6bdf4c17afbf3cf6a93a5a12bbdae2c,1859,2294,256,168,1424,1962,21.89656637,0.920164401
micro_pcb_v2_HEEE1,micro_pcb_images,https://www.kaggle.com/datasets/frettapper/micropcb-images,CC BY 4.0,https://creativecommons.org/licenses/by/4.0/,raspberry_pi_sbc,raspberry_pi_3_b_plus,H,E,E,E,1,HEEE,train,train,NOT_VERIFIED,train_coded/train_coded/HEEE1.jpg,ffe4fd9acd34673209b2ef42cf2f64de17279d41d2695e3b91ea657fb93b01ca,1883,2116,248,165,1389,1787,24.94663439,0.838160374
micro_pcb_v2_HEEE2,micro_pcb_images,https://www.kaggle.com/datasets/frettapper/micropcb-images,CC BY 4.0,https://creativecommons.org/licenses/by/4.0/,raspberry_pi_sbc,raspberry_pi_3_b_plus,H,E,E,E,2,HEEE,train,train,NOT_VERIFIED,train_coded/train_coded/HEEE2.jpg,2ab605852920c0cabdeb4503f2733eacbf05ed6a0b271ca7d98dc669e48fb48f,1884,2133,248,167,1390,1801,24.52443938,0.837782204
micro_pcb_v2_HEEE3,micro_pcb_images,https://www.kaggle.com/datasets/frettapper/micropcb-images,CC BY 4.0,https://creativecommons.org/licenses/by/4.0/,raspberry_pi_sbc,raspberry_pi_3_b_plus,H,E,E,E,3,HEEE,train,train,NOT_VERIFIED,train_coded/train_coded/HEEE3.jpg,76b1691d4915a9b412aa1ffd9079f40aca53041558f8cecdd8ab69af9c6714f2,1888,2133,249,166,1393,1802,24.44895271,0.841547103
micro_pcb_v2_HEEE4,micro_pcb_images,https://www.kaggle.com/datasets/frettapper/micropcb-images,CC BY 4.0,https://creativecommons.org/licenses/by/4.0/,raspberry_pi_sbc,raspberry_pi_3_b_plus,H,E,E,E,4,HEEE,train,train,NOT_VERIFIED,train_coded/train_coded/HEEE4.jpg,79dab2cca69ad1d7fc2b5ddbd5bac895afea75449f9fb4c521aeb7def9d2b66b,1883,2134,248,166,1389,1803,24.35266621,0.844498393
micro_pcb_v2_IAAA1,micro_pcb_images,https://www.kaggle.com/datasets/frettapper/micropcb-images,CC BY 4.0,https://creativecommons.org/licenses/by/4.0/,raspberry_pi_sbc,raspberry_pi_1_b_plus,I,A,A,A,1,IAAA,train,train,NOT_VERIFIED,train_coded/train_coded/IAAA1.jpg,ba040a1a4b68dbff46d08bb3ab32d2f336cc2bad0799c1e8c22893d04a73ea57,1839,1509,246,164,1343,1182,28.69169762,1.088626456
micro_pcb_v2_IAAA2,micro_pcb_images,https://www.kaggle.com/datasets/frettapper/micropcb-images,CC BY 4.0,https://creativecommons.org/licenses/by/4.0/,raspberry_pi_sbc,raspberry_pi_1_b_plus,I,A,A,A,2,IAAA,train,train,NOT_VERIFIED,train_coded/train_coded/IAAA2.jpg,89e6e671a323fd7dabff0136388e0bccc37e92d9ba62a58813691b42610a806a,1850,1507,246,164,1341,1179,28.5982954,1.085889061
micro_pcb_v2_IAAA3,micro_pcb_images,https://www.kaggle.com/datasets/frettapper/micropcb-images,CC BY 4.0,https://creativecommons.org/licenses/by/4.0/,raspberry_pi_sbc,raspberry_pi_1_b_plus,I,A,A,A,3,IAAA,train,train,NOT_VERIFIED,train_coded/train_coded/IAAA3.jpg,69ab80c664c24c1b7d1f26b15541b5f22c7511c00f21b1dc13995dbd6cdf35b4,1852,1508,245,163,1346,1181,28.80928429,1.083048409
micro_pcb_v2_IAAA4,micro_pcb_images,https://www.kaggle.com/datasets/frettapper/micropcb-images,CC BY 4.0,https://creativecommons.org/licenses/by/4.0/,raspberry_pi_sbc,raspberry_pi_1_b_plus,I,A,A,A,4,IAAA,train,train,NOT_VERIFIED,train_coded/train_coded/IAAA4.jpg,dfee77b7c34e17b831c2ad16210095f210be27e781e63725d3e0b9bb953cc866,1850,1507,245,163,1345,1181,28.85758904,1.090074772
micro_pcb_v2_IAAB1,micro_pcb_images,https://www.kaggle.com/datasets/frettapper/micropcb-images,CC BY 4.0,https://creativecommons.org/licenses/by/4.0/,raspberry_pi_sbc,raspberry_pi_1_b_plus,I,A,A,B,1,IAAB,train,train,NOT_VERIFIED,train_coded/train_coded/IAAB1.jpg,228072a8b8067e4ba1d293b84316b4258fc14e9618acd679074dfa9af0855357,1913,1755,246,164,1414,1427,26.82931454,1.026576852
micro_pcb_v2_IAAB2,micro_pcb_images,https://www.kaggle.com/datasets/frettapper/micropcb-images,CC BY 4.0,https://creativecommons.org/licenses/by/4.0/,raspberry_pi_sbc,raspberry_pi_1_b_plus,I,A,A,B,2,IAAB,train,train,NOT_VERIFIED,train_coded/train_coded/IAAB2.jpg,5c329833afa7b6fe0246ddbc9b8c5254a1330c39331d2046e5eea681c2687989,1913,1756,245,165,1417,1427,26.92049307,1.027094133
micro_pcb_v2_IAAB3,micro_pcb_images,https://www.kaggle.com/datasets/frettapper/micropcb-images,CC BY 4.0,https://creativecommons.org/licenses/by/4.0/,raspberry_pi_sbc,raspberry_pi_1_b_plus,I,A,A,B,3,IAAB,train,train,NOT_VERIFIED,train_coded/train_coded/IAAB3.jpg,0e6dd0c43640cf4dad37e4962201fbba84b1e3fea1c403b7a027a7d8b5ddc9e7,1909,1753,246,164,1413,1425,26.8838787,1.025076665
micro_pcb_v2_IAAB4,micro_pcb_images,https://www.kaggle.com/datasets/frettapper/micropcb-images,CC BY 4.0,https://creativecommons.org/licenses/by/4.0/,raspberry_pi_sbc,raspberry_pi_1_b_plus,I,A,A,B,4,IAAB,train,train,NOT_VERIFIED,train_coded/train_coded/IAAB4.jpg,052d4eeb89cc552a6b975afffcdf6976a0d53f3107b483a7229bc562b2502328,1915,1754,246,165,1417,1425,27.15952252,1.02951248
micro_pcb_v2_IAAC1,micro_pcb_images,https://www.kaggle.com/datasets/frettapper/micropcb-images,CC BY 4.0,https://creativecommons.org/licenses/by/4.0/,raspberry_pi_sbc,raspberry_pi_1_b_plus,I,A,A,C,1,IAAC,train,train,NOT_VERIFIED,train_coded/train_coded/IAAC1.jpg,2f15383d774ff6d92bdfc39c2a7f46250e8798a25cc1320c06f5874978315865,1952,2077,247,164,1455,1748,15.62280351,0.896366894
micro_pcb_v2_IAAC2,micro_pcb_images,https://www.kaggle.com/datasets/frettapper/micropcb-images,CC BY 4.0,https://creativecommons.org/licenses/by/4.0/,raspberry_pi_sbc,raspberry_pi_1_b_plus,I,A,A,C,2,IAAC,train,train,NOT_VERIFIED,train_coded/train_coded/IAAC2.jpg,270402e12c2beb83dea2642b6376cabeb97fa370f8c8326381dc0e0ef6e50174,1943,2076,247,165,1445,1745,15.22319,0.911365469
micro_pcb_v2_IAAC3,micro_pcb_images,https://www.kaggle.com/datasets/frettapper/micropcb-images,CC BY 4.0,https://creativecommons.org/licenses/by/4.0/,raspberry_pi_sbc,raspberry_pi_1_b_plus,I,A,A,C,3,IAAC,train,train,NOT_VERIFIED,train_coded/train_coded/IAAC3.jpg,ec3183eb370ad52f078d3d9323cfa440ee746a27d84c8880d8ebd004e953a3c9,1941,2073,247,165,1443,1742,14.89734982,0.904779763
micro_pcb_v2_IAAC4,micro_pcb_images,https://www.kaggle.com/datasets/frettapper/micropcb-images,CC BY 4.0,https://creativecommons.org/licenses/by/4.0/,raspberry_pi_sbc,raspberry_pi_1_b_plus,I,A,A,C,4,IAAC,train,train,NOT_VERIFIED,train_coded/train_coded/IAAC4.jpg,86145430cde2d0bab10d98e9bc30edd7cfe78400b9a81a8f07c4b6ae26529127,1933,2072,247,164,1442,1742,15.0800079,0.910390917
micro_pcb_v2_IAAD1,micro_pcb_images,https://www.kaggle.com/datasets/frettapper/micropcb-images,CC BY 4.0,https://creativecommons.org/licenses/by/4.0/,raspberry_pi_sbc,raspberry_pi_1_b_plus,I,A,A,D,1,IAAD,train,train,NOT_VERIFIED,train_coded/train_coded/IAAD1.jpg,154f00e8abdf4e40e0b3c2c0c860ee80ca5820e6a1acf89f7323c7e1dc0cc5cb,2083,2059,247,165,1569,1727,22.0053292,0.927951369
micro_pcb_v2_IAAD2,micro_pcb_images,https://www.kaggle.com/datasets/frettapper/micropcb-images,CC BY 4.0,https://creativecommons.org/licenses/by/4.0/,raspberry_pi_sbc,raspberry_pi_1_b_plus,I,A,A,D,2,IAAD,train,train,NOT_VERIFIED,train_coded/train_coded/IAAD2.jpg,db3948849619ed3e53b454c53a0c641759726066a3e9d5d6e95589b6e3e4dd60,2086,2058,247,166,1575,1726,22.29554174,0.925984092
micro_pcb_v2_IAAD3,micro_pcb_images,https://www.kaggle.com/datasets/frettapper/micropcb-images,CC BY 4.0,https://creativecommons.org/licenses/by/4.0/,raspberry_pi_sbc,raspberry_pi_1_b_plus,I,A,A,D,3,IAAD,train,train,NOT_VERIFIED,train_coded/train_coded/IAAD3.jpg,af6ce3adf5d9bfe2bc412f5ec1bc63fe29f4e53a26311e5d67511eb839561ccb,2084,2058,247,165,1573,1725,22.10570266,0.924475226
micro_pcb_v2_IAAD4,micro_pcb_images,https://www.kaggle.com/datasets/frettapper/micropcb-images,CC BY 4.0,https://creativecommons.org/licenses/by/4.0/,raspberry_pi_sbc,raspberry_pi_1_b_plus,I,A,A,D,4,IAAD,train,train,NOT_VERIFIED,train_coded/train_coded/IAAD4.jpg,842780eba763f6b12c1884db22a767b0437b4c0bf0c6981fbb9ee1c539092fe6,2091,2059,247,165,1577,1727,22.30362252,0.922582396
micro_pcb_v2_IAAE1,micro_pcb_images,https://www.kaggle.com/datasets/frettapper/micropcb-images,CC BY 4.0,https://creativecommons.org/licenses/by/4.0/,raspberry_pi_sbc,raspberry_pi_1_b_plus,I,A,A,E,1,IAAE,train,train,NOT_VERIFIED,train_coded/train_coded/IAAE1.jpg,df4c0b5b5640168f1b798972f5bd4452fa851f201e1eed2963b82744e4a0a6f9,1795,1838,247,165,1304,1508,28.29481108,0.927516814
micro_pcb_v2_IAAE2,micro_pcb_images,https://www.kaggle.com/datasets/frettapper/micropcb-images,CC BY 4.0,https://creativecommons.org/licenses/by/4.0/,raspberry_pi_sbc,raspberry_pi_1_b_plus,I,A,A,E,2,IAAE,train,train,NOT_VERIFIED,train_coded/train_coded/IAAE2.jpg,7ad87f1c44ce839fa509afbde499a6cc583c32e9969ba696303cdc76726ff5e3,1797,1840,247,167,1305,1509,28.25893023,0.930455358
micro_pcb_v2_IAAE3,micro_pcb_images,https://www.kaggle.com/datasets/frettapper/micropcb-images,CC BY 4.0,https://creativecommons.org/licenses/by/4.0/,raspberry_pi_sbc,raspberry_pi_1_b_plus,I,A,A,E,3,IAAE,train,train,NOT_VERIFIED,train_coded/train_coded/IAAE3.jpg,0d2bcc7ff65ae049c9aefb92818e2d2ddf31222f75005164276250d621584298,1780,1830,249,167,1292,1499,27.50613235,0.927504676
micro_pcb_v2_IAAE4,micro_pcb_images,https://www.kaggle.com/datasets/frettapper/micropcb-images,CC BY 4.0,https://creativecommons.org/licenses/by/4.0/,raspberry_pi_sbc,raspberry_pi_1_b_plus,I,A,A,E,4,IAAE,train,train,NOT_VERIFIED,train_coded/train_coded/IAAE4.jpg,a21814bf4c0af8f2d05922625511bdf71ebabefb58302a77bf2b23ff46b3936d,1781,1831,248,165,1292,1501,27.4293328,0.929053471
micro_pcb_v2_IABA1,micro_pcb_images,https://www.kaggle.com/datasets/frettapper/micropcb-images,CC BY 4.0,https://creativecommons.org/licenses/by/4.0/,raspberry_pi_sbc,raspberry_pi_1_b_plus,I,A,B,A,1,IABA,train,train,NOT_VERIFIED,train_coded/train_coded/IABA1.jpg,82db40cf485ea19e65a12cf9ac43422e30a6245bcd7b53f46889799a8a0d1932,2066,1783,246,167,1559,1451,32.03680067,1.07589968
micro_pcb_v2_IABA2,micro_pcb_images,https://www.kaggle.com/datasets/frettapper/micropcb-images,CC BY 4.0,https://creativecommons.org/licenses/by/4.0/,raspberry_pi_sbc,raspberry_pi_1_b_plus,I,A,B,A,2,IABA,train,train,NOT_VERIFIED,train_coded/train_coded/IABA2.jpg,82bf2aa08b187a831c751ed202f427eef9b1f696b6169ef9cf2499b7420ed439,2057,1781,246,167,1553,1450,31.60283113,1.081216889
micro_pcb_v2_IABA3,micro_pcb_images,https://www.kaggle.com/datasets/frettapper/micropcb-images,CC BY 4.0,https://creativecommons.org/licenses/by/4.0/,raspberry_pi_sbc,raspberry_pi_1_b_plus,I,A,B,A,3,IABA,train,train,NOT_VERIFIED,train_coded/train_coded/IABA3.jpg,25a126ae0f636e61271a74b432fd1b54d87a4e4e1475d97758999b5c2d28b906,2056,1775,245,166,1550,1445,31.60694156,1.091600631
micro_pcb_v2_IABA4,micro_pcb_images,https://www.kaggle.com/datasets/frettapper/micropcb-images,CC BY 4.0,https://creativecommons.org/licenses/by/4.0/,raspberry_pi_sbc,raspberry_pi_1_b_plus,I,A,B,A,4,IABA,train,train,NOT_VERIFIED,train_coded/train_coded/IABA4.jpg,77fab005ab9a089a56d35d26074858d43df6c2b89bb55a290f3a2647222234ca,2056,1775,245,167,1550,1444,31.73742231,1.083822125
micro_pcb_v2_IABB1,micro_pcb_images,https://www.kaggle.com/datasets/frettapper/micropcb-images,CC BY 4.0,https://creativecommons.org/licenses/by/4.0/,raspberry_pi_sbc,raspberry_pi_1_b_plus,I,A,B,B,1,IABB,train,train,NOT_VERIFIED,train_coded/train_coded/IABB1.jpg,f6390e326dc6f6c4684e4cf9848051a925ca59629887b8f0ac38562b3420a411,1991,1823,246,166,1487,1493,25.38012278,1.03875142
micro_pcb_v2_IABB2,micro_pcb_images,https://www.kaggle.com/datasets/frettapper/micropcb-images,CC BY 4.0,https://creativecommons.org/licenses/by/4.0/,raspberry_pi_sbc,raspberry_pi_1_b_plus,I,A,B,B,2,IABB,train,train,NOT_VERIFIED,train_coded/train_coded/IABB2.jpg,f0cf7e8b16d5357a05a07db792799093d0c9b0c73c4df8aa740ed76a00ef4720,1996,1825,245,168,1490,1493,25.30304268,1.039360093
micro_pcb_v2_IABB3,micro_pcb_images,https://www.kaggle.com/datasets/frettapper/micropcb-images,CC BY 4.0,https://creativecommons.org/licenses/by/4.0/,raspberry_pi_sbc,raspberry_pi_1_b_plus,I,A,B,B,3,IABB,train,train,NOT_VERIFIED,train_coded/train_coded/IABB3.jpg,2aab8349675bac9afbecf4c055f9a1f7155c8fb02041ef66b3929262f0880879,1996,1823,246,166,1482,1492,25.04871013,1.038656149
micro_pcb_v2_IABB4,micro_pcb_images,https://www.kaggle.com/datasets/frettapper/micropcb-images,CC BY 4.0,https://creativecommons.org/licenses/by/4.0/,raspberry_pi_sbc,raspberry_pi_1_b_plus,I,A,B,B,4,IABB,train,train,NOT_VERIFIED,train_coded/train_coded/IABB4.jpg,eb8f3bad9dda090ca71452e341ae74a31ff5d0762f8408500357f9e0ffec1f25,1989,1823,246,166,1487,1493,25.12589286,1.042738927
micro_pcb_v2_IABC1,micro_pcb_images,https://www.kaggle.com/datasets/frettapper/micropcb-images,CC BY 4.0,https://creativecommons.org/licenses/by/4.0/,raspberry_pi_sbc,raspberry_pi_1_b_plus,I,A,B,C,1,IABC,train,train,NOT_VERIFIED,train_coded/train_coded/IABC1.jpg,58161afe889236dccecb891e5ceade7652c76adfe515f0d4e99564ffe8603cef,2099,2097,246,170,1613,1762,21.6607455,0.990274197
micro_pcb_v2_IABC2,micro_pcb_images,https://www.kaggle.com/datasets/frettapper/micropcb-images,CC BY 4.0,https://creativecommons.org/licenses/by/4.0/,raspberry_pi_sbc,raspberry_pi_1_b_plus,I,A,B,C,2,IABC,train,train,NOT_VERIFIED,train_coded/train_coded/IABC2.jpg,97746b46665305633151717c5a7a3be3dbf40671e5374b6d91a579350393ba89,2099,2093,247,171,1606,1758,21.46958248,0.982701326
micro_pcb_v2_IABC3,micro_pcb_images,https://www.kaggle.com/datasets/frettapper/micropcb-images,CC BY 4.0,https://creativecommons.org/licenses/by/4.0/,raspberry_pi_sbc,raspberry_pi_1_b_plus,I,A,B,C,3,IABC,train,train,NOT_VERIFIED,train_coded/train_coded/IABC3.jpg,111b2ed9c725ef6f7af94af22cc27d25fc106718ad904dea3f32b8595fc577ad,2091,2090,247,171,1599,1755,21.01304766,0.979688435
micro_pcb_v2_IABC4,micro_pcb_images,https://www.kaggle.com/datasets/frettapper/micropcb-images,CC BY 4.0,https://creativecommons.org/licenses/by/4.0/,raspberry_pi_sbc,raspberry_pi_1_b_plus,I,A,B,C,4,IABC,train,train,NOT_VERIFIED,train_coded/train_coded/IABC4.jpg,a2bbf5a8432158c999b72d576cbe78960101886b733807dec087fbb06c4a446b,2096,2090,247,169,1604,1757,21.25937757,1.000717631
micro_pcb_v2_IABD1,micro_pcb_images,https://www.kaggle.com/datasets/frettapper/micropcb-images,CC BY 4.0,https://creativecommons.org/licenses/by/4.0/,raspberry_pi_sbc,raspberry_pi_1_b_plus,I,A,B,D,1,IABD,train,train,NOT_VERIFIED,train_coded/train_coded/IABD1.jpg,5f770facff8526eb4d3adf18d0af700f4e9c5835617017f57b4d509b03dbc4b5,2283,2298,246,165,1790,1969,20.50741159,0.910259696
micro_pcb_v2_IABD2,micro_pcb_images,https://www.kaggle.com/datasets/frettapper/micropcb-images,CC BY 4.0,https://creativecommons.org/licenses/by/4.0/,raspberry_pi_sbc,raspberry_pi_1_b_plus,I,A,B,D,2,IABD,train,train,NOT_VERIFIED,train_coded/train_coded/IABD2.jpg,cba327c69ee96367479bd259d44a4079efd2d1de60891e4112762a76609efd18,2280,2294,247,164,1780,1966,20.08943217,0.91190214
micro_pcb_v2_IABD3,micro_pcb_images,https://www.kaggle.com/datasets/frettapper/micropcb-images,CC BY 4.0,https://creativecommons.org/licenses/by/4.0/,raspberry_pi_sbc,raspberry_pi_1_b_plus,I,A,B,D,3,IABD,train,train,NOT_VERIFIED,train_coded/train_coded/IABD3.jpg,108c1cdf4b7ff016fb45bfb73795e5b36b7603a4ce2f38de3b2f7044f19610cb,2267,2291,247,165,1774,1963,19.84966921,0.912429313
micro_pcb_v2_IABD4,micro_pcb_images,https://www.kaggle.com/datasets/frettapper/micropcb-images,CC BY 4.0,https://creativecommons.org/licenses/by/4.0/,raspberry_pi_sbc,raspberry_pi_1_b_plus,I,A,B,D,4,IABD,train,train,NOT_VERIFIED,train_coded/train_coded/IABD4.jpg,22a6da73076eae0f1ff8d9755f0643f90f62a064d9e9c5b9a7fd75f2bfa87687,2268,2292,246,165,1774,1964,19.77724295,0.912906898
micro_pcb_v2_IABE1,micro_pcb_images,https://www.kaggle.com/datasets/frettapper/micropcb-images,CC BY 4.0,https://creativecommons.org/licenses/by/4.0/,raspberry_pi_sbc,raspberry_pi_1_b_plus,I,A,B,E,1,IABE,train,train,NOT_VERIFIED,train_coded/train_coded/IABE1.jpg,91e43084212deb78398ce3042516436983c9fccf8f1936002a01ec88adee8215,2077,1931,247,165,1586,1601,22.60339524,0.879599426
micro_pcb_v2_IABE2,micro_pcb_images,https://www.kaggle.com/datasets/frettapper/micropcb-images,CC BY 4.0,https://creativecommons.org/licenses/by/4.0/,raspberry_pi_sbc,raspberry_pi_1_b_plus,I,A,B,E,2,IABE,train,train,NOT_VERIFIED,train_coded/train_coded/IABE2.jpg,d13f3f76f6b546745ec17780268d19bd961b0e2988570f798e61609a472bd1f2,2071,1937,247,164,1579,1608,21.60417941,0.877605682
micro_pcb_v2_IABE3,micro_pcb_images,https://www.kaggle.com/datasets/frettapper/micropcb-images,CC BY 4.0,https://creativecommons.org/licenses/by/4.0/,raspberry_pi_sbc,raspberry_pi_1_b_plus,I,A,B,E,3,IABE,train,train,NOT_VERIFIED,train_coded/train_coded/IABE3.jpg,84b5ae7911c56a2620366e33c421d38fd87067ebdbcb188e08582414b942e568,2065,1933,247,164,1572,1604,21.15897965,0.876676035
micro_pcb_v2_IABE4,micro_pcb_images,https://www.kaggle.com/datasets/frettapper/micropcb-images,CC BY 4.0,https://creativecommons.org/licenses/by/4.0/,raspberry_pi_sbc,raspberry_pi_1_b_plus,I,A,B,E,4,IABE,train,train,NOT_VERIFIED,train_coded/train_coded/IABE4.jpg,a0c19f926cd3393656dec784106635b979884eebd0e00a1421ed5dde08d27296,2060,1927,246,164,1568,1598,21.06001581,0.880258928
micro_pcb_v2_IACA1,micro_pcb_images,https://www.kaggle.com/datasets/frettapper/micropcb-images,CC BY 4.0,https://creativecommons.org/licenses/by/4.0/,raspberry_pi_sbc,raspberry_pi_1_b_plus,I,A,C,A,1,IACA,train,train,NOT_VERIFIED,train_coded/train_coded/IACA1.jpg,79b7bbb215a05e8fdf4d33955abca04815c501bdd8d6b4e87cbdbd135379b6a2,1818,1681,245,165,1326,1352,20.48458662,1.11160325
micro_pcb_v2_IACA2,micro_pcb_images,https://www.kaggle.com/datasets/frettapper/micropcb-images,CC BY 4.0,https://creativecommons.org/licenses/by/4.0/,raspberry_pi_sbc,raspberry_pi_1_b_plus,I,A,C,A,2,IACA,train,train,NOT_VERIFIED,train_coded/train_coded/IACA2.jpg,ad088e3649243e639783289335e940f42500ba3fd5921b2fd1ecc5b987ed1cb9,1809,1676,246,166,1317,1346,19.88763923,1.111639874
micro_pcb_v2_IACA3,micro_pcb_images,https://www.kaggle.com/datasets/frettapper/micropcb-images,CC BY 4.0,https://creativecommons.org/licenses/by/4.0/,raspberry_pi_sbc,raspberry_pi_1_b_plus,I,A,C,A,3,IACA,train,train,NOT_VERIFIED,train_coded/train_coded/IACA3.jpg,1697afefb7a21b4473a7335023501810255e7aa5df41f5918c37b5103fbe3794,1812,1680,245,165,1321,1351,20.06844451,1.111480956
micro_pcb_v2_IACA4,micro_pcb_images,https://www.kaggle.com/datasets/frettapper/micropcb-images,CC BY 4.0,https://creativecommons.org/licenses/by/4.0/,raspberry_pi_sbc,raspberry_pi_1_b_plus,I,A,C,A,4,IACA,train,train,NOT_VERIFIED,train_coded/train_coded/IACA4.jpg,1682744792645e3579a59b0fc4568762c0ad0c4af9800b3cf75041616996033d,1812,1678,246,165,1318,1349,20.07164712,1.112517815
micro_pcb_v2_IACB1,micro_pcb_images,https://www.kaggle.com/datasets/frettapper/micropcb-images,CC BY 4.0,https://creativecommons.org/licenses/by/4.0/,raspberry_pi_sbc,raspberry_pi_1_b_plus,I,A,C,B,1,IACB,train,train,NOT_VERIFIED,train_coded/train_coded/IACB1.jpg,ef782a31cf425a9bb08dc2801a2a050498d8a32712141f6b7c7211d6a642750c,1955,1946,246,165,1463,1617,17.77997082,1.069705666
micro_pcb_v2_IACB2,micro_pcb_images,https://www.kaggle.com/datasets/frettapper/micropcb-images,CC BY 4.0,https://creativecommons.org/licenses/by/4.0/,raspberry_pi_sbc,raspberry_pi_1_b_plus,I,A,C,B,2,IACB,train,train,NOT_VERIFIED,train_coded/train_coded/IACB2.jpg,d8231be95872558256172687caf4c0319b97a6c0a20fe6625315a56364ce275f,1948,1939,247,165,1454,1610,17.4677398,1.07156108
micro_pcb_v2_IACB3,micro_pcb_images,https://www.kaggle.com/datasets/frettapper/micropcb-images,CC BY 4.0,https://creativecommons.org/licenses/by/4.0/,raspberry_pi_sbc,raspberry_pi_1_b_plus,I,A,C,B,3,IACB,train,train,NOT_VERIFIED,train_coded/train_coded/IACB3.jpg,ab7d81a615027943e641617c31f942ed0bdd175bcc5366f0ee8be83c9487ce91,1944,1937,246,165,1451,1608,17.23947659,1.070123207
micro_pcb_v2_IACB4,micro_pcb_images,https://www.kaggle.com/datasets/frettapper/micropcb-images,CC BY 4.0,https://creativecommons.org/licenses/by/4.0/,raspberry_pi_sbc,raspberry_pi_1_b_plus,I,A,C,B,4,IACB,train,train,NOT_VERIFIED,train_coded/train_coded/IACB4.jpg,a9eaa356393bc616c408993704a9c538259117d93c3aafe4de83f75f419eb769,1946,1938,246,165,1453,1609,17.31602317,1.069794397
micro_pcb_v2_IACC1,micro_pcb_images,https://www.kaggle.com/datasets/frettapper/micropcb-images,CC BY 4.0,https://creativecommons.org/licenses/by/4.0/,raspberry_pi_sbc,raspberry_pi_1_b_plus,I,A,C,C,1,IACC,train,train,NOT_VERIFIED,train_coded/train_coded/IACC1.jpg,1117a2e9f0b768a1e7b0204e33d505bf1b79ee972eaf2e45a274dac6c1e3eb1e,2008,2029,247,164,1507,1700,18.0954533,0.98879013
micro_pcb_v2_IACC2,micro_pcb_images,https://www.kaggle.com/datasets/frettapper/micropcb-images,CC BY 4.0,https://creativecommons.org/licenses/by/4.0/,raspberry_pi_sbc,raspberry_pi_1_b_plus,I,A,C,C,2,IACC,train,train,NOT_VERIFIED,train_coded/train_coded/IACC2.jpg,7d208c206dbc1a84d5dd960e8329e68eb358ade8d6cacf3acdca5f6cd0b78fa3,1997,2026,247,165,1501,1696,17.79361997,0.987363451
micro_pcb_v2_IACC3,micro_pcb_images,https://www.kaggle.com/datasets/frettapper/micropcb-images,CC BY 4.0,https://creativecommons.org/licenses/by/4.0/,raspberry_pi_sbc,raspberry_pi_1_b_plus,I,A,C,C,3,IACC,train,train,NOT_VERIFIED,train_coded/train_coded/IACC3.jpg,86a5bd779f972a08856aebd1ef1d4b756c320f371b997a8334f04cf6b7fd97b9,1997,2022,247,164,1496,1694,17.53095886,0.98807522
micro_pcb_v2_IACC4,micro_pcb_images,https://www.kaggle.com/datasets/frettapper/micropcb-images,CC BY 4.0,https://creativecommons.org/licenses/by/4.0/,raspberry_pi_sbc,raspberry_pi_1_b_plus,I,A,C,C,4,IACC,train,train,NOT_VERIFIED,train_coded/train_coded/IACC4.jpg,81df8fc3bdb21ed7c4b240034d6380b8fc2ede795a58aa8443f99b5776b2059d,1990,2020,246,164,1493,1692,17.28243743,0.988516477
micro_pcb_v2_IACD1,micro_pcb_images,https://www.kaggle.com/datasets/frettapper/micropcb-images,CC BY 4.0,https://creativecommons.org/licenses/by/4.0/,raspberry_pi_sbc,raspberry_pi_1_b_plus,I,A,C,D,1,IACD,train,train,NOT_VERIFIED,train_coded/train_coded/IACD1.jpg,5db04cf80489d2adbb7eeb5a8673eb3d7302d29f77816fa0a34ef9f159559d19,2037,1982,246,164,1544,1652,20.40364623,0.930376807
micro_pcb_v2_IACD2,micro_pcb_images,https://www.kaggle.com/datasets/frettapper/micropcb-images,CC BY 4.0,https://creativecommons.org/licenses/by/4.0/,raspberry_pi_sbc,raspberry_pi_1_b_plus,I,A,C,D,2,IACD,train,train,NOT_VERIFIED,train_coded/train_coded/IACD2.jpg,afdc57422263bb6b746de0d6599df70970252ad7cf933bade6c31dfdf67fcc8f,2021,1972,246,165,1528,1642,19.44185044,0.93016126
micro_pcb_v2_IACD3,micro_pcb_images,https://www.kaggle.com/datasets/frettapper/micropcb-images,CC BY 4.0,https://creativecommons.org/licenses/by/4.0/,raspberry_pi_sbc,raspberry_pi_1_b_plus,I,A,C,D,3,IACD,train,train,NOT_VERIFIED,train_coded/train_coded/IACD3.jpg,29f7e9506c6d8094bc7d9f06c7afb5987230ae73236dfc2c1814e87df8db4b8a,2021,1971,247,165,1527,1640,19.47332153,0.931125424
micro_pcb_v2_IACD4,micro_pcb_images,https://www.kaggle.com/datasets/frettapper/micropcb-images,CC BY 4.0,https://creativecommons.org/licenses/by/4.0/,raspberry_pi_sbc,raspberry_pi_1_b_plus,I,A,C,D,4,IACD,train,train,NOT_VERIFIED,train_coded/train_coded/IACD4.jpg,9a91ced16141738aa50bdc1aa6f74205354ffc851009bac60e0ef7cb04d21575,2014,1964,247,164,1522,1635,19.33002939,0.931472023
micro_pcb_v2_IACE1,micro_pcb_images,https://www.kaggle.com/datasets/frettapper/micropcb-images,CC BY 4.0,https://creativecommons.org/licenses/by/4.0/,raspberry_pi_sbc,raspberry_pi_1_b_plus,I,A,C,E,1,IACE,train,train,NOT_VERIFIED,train_coded/train_coded/IACE1.jpg,f85f817e3e1fb4588adfcabe5a4f800d5032a9534aa7e869974251ae2a530bf6,1859,1697,247,164,1366,1369,16.85354257,0.89454543
micro_pcb_v2_IACE2,micro_pcb_images,https://www.kaggle.com/datasets/frettapper/micropcb-images,CC BY 4.0,https://creativecommons.org/licenses/by/4.0/,raspberry_pi_sbc,raspberry_pi_1_b_plus,I,A,C,E,2,IACE,train,train,NOT_VERIFIED,train_coded/train_coded/IACE2.jpg,80e8dcdbb9e927f14e2566659cb8509ca77aa51db109e3dead03c5ca35357d6f,1851,1694,247,164,1358,1365,16.20829696,0.893693778
micro_pcb_v2_IACE3,micro_pcb_images,https://www.kaggle.com/datasets/frettapper/micropcb-images,CC BY 4.0,https://creativecommons.org/licenses/by/4.0/,raspberry_pi_sbc,raspberry_pi_1_b_plus,I,A,C,E,3,IACE,train,train,NOT_VERIFIED,train_coded/train_coded/IACE3.jpg,558d8010d05a97400552017b005dd2c3779038e7a4ba5200328699817b3a2771,1856,1699,248,164,1362,1370,16.5912596,0.892711967
micro_pcb_v2_IACE4,micro_pcb_images,https://www.kaggle.com/datasets/frettapper/micropcb-images,CC BY 4.0,https://creativecommons.org/licenses/by/4.0/,raspberry_pi_sbc,raspberry_pi_1_b_plus,I,A,C,E,4,IACE,train,train,NOT_VERIFIED,train_coded/train_coded/IACE4.jpg,1c5521e3c1929a75b0d99718f7fa59c93f28f71e1144cd26b6c55918f419a2bb,1864,1704,247,164,1372,1376,17.14007961,0.895032413
micro_pcb_v2_IADA1,micro_pcb_images,https://www.kaggle.com/datasets/frettapper/micropcb-images,CC BY 4.0,https://creativecommons.org/licenses/by/4.0/,raspberry_pi_sbc,raspberry_pi_1_b_plus,I,A,D,A,1,IADA,train,train,NOT_VERIFIED,train_coded/train_coded/IADA1.jpg,8a78b425cc18b8d2696bb63ef03b6173f81bab4a35f562aa7fcdbc28c8a04025,2054,2049,246,165,1561,1720,23.56289911,1.138163907
micro_pcb_v2_IADA2,micro_pcb_images,https://www.kaggle.com/datasets/frettapper/micropcb-images,CC BY 4.0,https://creativecommons.org/licenses/by/4.0/,raspberry_pi_sbc,raspberry_pi_1_b_plus,I,A,D,A,2,IADA,train,train,NOT_VERIFIED,train_coded/train_coded/IADA2.jpg,d83d8cae760f404900ceee46f1542ef4d43efbe31d6dbb0b513b864da06b9403,2056,2052,246,164,1564,1724,23.67947091,1.140534962
micro_pcb_v2_IADA3,micro_pcb_images,https://www.kaggle.com/datasets/frettapper/micropcb-images,CC BY 4.0,https://creativecommons.org/licenses/by/4.0/,raspberry_pi_sbc,raspberry_pi_1_b_plus,I,A,D,A,3,IADA,train,train,NOT_VERIFIED,train_coded/train_coded/IADA3.jpg,b564c47c3b68581ee441d92df6682ee83436147ab59f8a9a4a3f2bc8e3bb4521,2052,2053,245,165,1560,1724,23.6161999,1.141469461
micro_pcb_v2_IADA4,micro_pcb_images,https://www.kaggle.com/datasets/frettapper/micropcb-images,CC BY 4.0,https://creativecommons.org/licenses/by/4.0/,raspberry_pi_sbc,raspberry_pi_1_b_plus,I,A,D,A,4,IADA,train,train,NOT_VERIFIED,train_coded/train_coded/IADA4.jpg,f67da69699f6e602850d32ffd1b157179f3be2a373fb95ec912d21ea1b99378b,2047,2045,246,164,1555,1716,23.23199613,1.137014884
micro_pcb_v2_IADB1,micro_pcb_images,https://www.kaggle.com/datasets/frettapper/micropcb-images,CC BY 4.0,https://creativecommons.org/licenses/by/4.0/,raspberry_pi_sbc,raspberry_pi_1_b_plus,I,A,D,B,1,IADB,train,train,NOT_VERIFIED,train_coded/train_coded/IADB1.jpg,f3ba1d6f1ca992b1672faa5e7aa1e10e249b1604e4ee06766d9d3d8a4b893cc4,2254,2317,246,163,1761,1986,23.62572113,1.073899939
micro_pcb_v2_IADB2,micro_pcb_images,https://www.kaggle.com/datasets/frettapper/micropcb-images,CC BY 4.0,https://creativecommons.org/licenses/by/4.0/,raspberry_pi_sbc,raspberry_pi_1_b_plus,I,A,D,B,2,IADB,train,train,NOT_VERIFIED,train_coded/train_coded/IADB2.jpg,2a43553779e0f7f67f52b6200be9324bcff897b1d15087ef6f71efcca3fd26bf,2249,2315,247,164,1756,1983,23.23322166,1.074961901
micro_pcb_v2_IADB3,micro_pcb_images,https://www.kaggle.com/datasets/frettapper/micropcb-images,CC BY 4.0,https://creativecommons.org/licenses/by/4.0/,raspberry_pi_sbc,raspberry_pi_1_b_plus,I,A,D,B,3,IADB,train,train,NOT_VERIFIED,train_coded/train_coded/IADB3.jpg,961598a17307469eb4b381cb3249048913761b6fcbbd8e6fd2fcc26d61c7e56d,2249,2317,246,165,1756,1984,23.23651721,1.074277717
micro_pcb_v2_IADB4,micro_pcb_images,https://www.kaggle.com/datasets/frettapper/micropcb-images,CC BY 4.0,https://creativecommons.org/licenses/by/4.0/,raspberry_pi_sbc,raspberry_pi_1_b_plus,I,A,D,B,4,IADB,train,train,NOT_VERIFIED,train_coded/train_coded/IADB4.jpg,5b2b5a96cc3834e89373d4209c911b5502039396ad180264e5fe09e411c95bde,2255,2321,247,164,1761,1988,23.49212792,1.07206763
micro_pcb_v2_IADC1,micro_pcb_images,https://www.kaggle.com/datasets/frettapper/micropcb-images,CC BY 4.0,https://creativecommons.org/licenses/by/4.0/,raspberry_pi_sbc,raspberry_pi_1_b_plus,I,A,D,C,1,IADC,train,train,NOT_VERIFIED,train_coded/train_coded/IADC1.jpg,b7a941848602ecabc5a3e1af3b3585ff09b16922b6277725ba17d423258e9331,1880,1904,249,165,1385,1573,15.68994485,0.972325871
micro_pcb_v2_IADC2,micro_pcb_images,https://www.kaggle.com/datasets/frettapper/micropcb-images,CC BY 4.0,https://creativecommons.org/licenses/by/4.0/,raspberry_pi_sbc,raspberry_pi_1_b_plus,I,A,D,C,2,IADC,train,train,NOT_VERIFIED,train_coded/train_coded/IADC2.jpg,fd006eec16d6fe44d599282a5bc56918157346b7f4b6e57bf9ed92d39a19512c,1873,1895,255,165,1372,1564,14.61890072,0.963810792
micro_pcb_v2_IADC3,micro_pcb_images,https://www.kaggle.com/datasets/frettapper/micropcb-images,CC BY 4.0,https://creativecommons.org/licenses/by/4.0/,raspberry_pi_sbc,raspberry_pi_1_b_plus,I,A,D,C,3,IADC,train,train,NOT_VERIFIED,train_coded/train_coded/IADC3.jpg,d563c74fae17b4263a58c8d647f9edbfbb59a85df3ca72aeda100f47a3ff6368,1866,1894,246,164,1374,1567,14.82811953,0.965019317
micro_pcb_v2_IADC4,micro_pcb_images,https://www.kaggle.com/datasets/frettapper/micropcb-images,CC BY 4.0,https://creativecommons.org/licenses/by/4.0/,raspberry_pi_sbc,raspberry_pi_1_b_plus,I,A,D,C,4,IADC,train,train,NOT_VERIFIED,train_coded/train_coded/IADC4.jpg,dd4621fab9c5ed027af44d96355c7e12e95f8ff0b9a28c196c88af2e7f4708c1,1882,1902,250,166,1386,1571,15.67735625,0.970713181
micro_pcb_v2_IADD1,micro_pcb_images,https://www.kaggle.com/datasets/frettapper/micropcb-images,CC BY 4.0,https://creativecommons.org/licenses/by/4.0/,raspberry_pi_sbc,raspberry_pi_1_b_plus,I,A,D,D,1,IADD,train,train,NOT_VERIFIED,train_coded/train_coded/IADD1.jpg,0d1d0dd8f783968982431f4eb05f127351ec84bfac28376176b290d51aa85390,1953,1832,269,163,1438,1499,18.09666598,0.935865611
micro_pcb_v2_IADD2,micro_pcb_images,https://www.kaggle.com/datasets/frettapper/micropcb-images,CC BY 4.0,https://creativecommons.org/licenses/by/4.0/,raspberry_pi_sbc,raspberry_pi_1_b_plus,I,A,D,D,2,IADD,train,train,NOT_VERIFIED,train_coded/train_coded/IADD2.jpg,df988397faa7395252c021c1ca478b372521abd548fc143fbf8ab453af46ca8c,1942,1829,262,164,1435,1498,17.28843889,0.926898453
micro_pcb_v2_IADD3,micro_pcb_images,https://www.kaggle.com/datasets/frettapper/micropcb-images,CC BY 4.0,https://creativecommons.org/licenses/by/4.0/,raspberry_pi_sbc,raspberry_pi_1_b_plus,I,A,D,D,3,IADD,train,train,NOT_VERIFIED,train_coded/train_coded/IADD3.jpg,50524f113eacdc0156d15b7731c87c362e3f62de3c4e4bf4db55493506b3e212,1945,1825,261,164,1438,1495,17.89393758,0.939547567
micro_pcb_v2_IADD4,micro_pcb_images,https://www.kaggle.com/datasets/frettapper/micropcb-images,CC BY 4.0,https://creativecommons.org/licenses/by/4.0/,raspberry_pi_sbc,raspberry_pi_1_b_plus,I,A,D,D,4,IADD,train,train,NOT_VERIFIED,train_coded/train_coded/IADD4.jpg,24b6335cd8c2d7beed746c1adf974f97a5a61052c856b222b55df137c6dfd98d,1954,1825,270,164,1439,1495,18.60535749,0.949370844
micro_pcb_v2_IADE1,micro_pcb_images,https://www.kaggle.com/datasets/frettapper/micropcb-images,CC BY 4.0,https://creativecommons.org/licenses/by/4.0/,raspberry_pi_sbc,raspberry_pi_1_b_plus,I,A,D,E,1,IADE,train,train,NOT_VERIFIED,train_coded/train_coded/IADE1.jpg,ddb096d4caab457991bc4ea07beaf06f9f636689f5e9182fffa476b198f83077,1887,1563,261,165,1382,1233,24.52184264,0.907906946
micro_pcb_v2_IADE2,micro_pcb_images,https://www.kaggle.com/datasets/frettapper/micropcb-images,CC BY 4.0,https://creativecommons.org/licenses/by/4.0/,raspberry_pi_sbc,raspberry_pi_1_b_plus,I,A,D,E,2,IADE,train,train,NOT_VERIFIED,train_coded/train_coded/IADE2.jpg,e1049a21719fa3262d7f39632a49b4786263b81567efd70cd7ad7cc6f2796710,1879,1560,263,165,1372,1229,24.39005049,0.912819956
micro_pcb_v2_IADE3,micro_pcb_images,https://www.kaggle.com/datasets/frettapper/micropcb-images,CC BY 4.0,https://creativecommons.org/licenses/by/4.0/,raspberry_pi_sbc,raspberry_pi_1_b_plus,I,A,D,E,3,IADE,train,train,NOT_VERIFIED,train_coded/train_coded/IADE3.jpg,2ba59255bca5696746216419f6b43cd37638c0f2a6a6d1350098e39e4b5136cd,1877,1561,263,166,1370,1230,24.02043402,0.907408657
micro_pcb_v2_IADE4,micro_pcb_images,https://www.kaggle.com/datasets/frettapper/micropcb-images,CC BY 4.0,https://creativecommons.org/licenses/by/4.0/,raspberry_pi_sbc,raspberry_pi_1_b_plus,I,A,D,E,4,IADE,train,train,NOT_VERIFIED,train_coded/train_coded/IADE4.jpg,62c41755b219bba6063d2e61851231d07a87c6db8b3785e086b26e8d65d3ce53,1883,1560,260,165,1379,1230,24.74844592,0.91186394
micro_pcb_v2_IAEA1,micro_pcb_images,https://www.kaggle.com/datasets/frettapper/micropcb-images,CC BY 4.0,https://creativecommons.org/licenses/by/4.0/,raspberry_pi_sbc,raspberry_pi_1_b_plus,I,A,E,A,1,IAEA,train,train,NOT_VERIFIED,train_coded/train_coded/IAEA1.jpg,6d24560b6b85725fb26289757944741e2faed0ae380b5949a69731dea6e0c262,1771,1877,240,164,1285,1547,28.9683871,1.078587897
micro_pcb_v2_IAEA2,micro_pcb_images,https://www.kaggle.com/datasets/frettapper/micropcb-images,CC BY 4.0,https://creativecommons.org/licenses/by/4.0/,raspberry_pi_sbc,raspberry_pi_1_b_plus,I,A,E,A,2,IAEA,train,train,NOT_VERIFIED,train_coded/train_coded/IAEA2.jpg,c4842b79ea00efc1ed9894a7f6fd5b46254636831bff56e467240ead694299fe,1770,1876,244,164,1279,1547,27.85262928,1.061679404
micro_pcb_v2_IAEA3,micro_pcb_images,https://www.kaggle.com/datasets/frettapper/micropcb-images,CC BY 4.0,https://creativecommons.org/licenses/by/4.0/,raspberry_pi_sbc,raspberry_pi_1_b_plus,I,A,E,A,3,IAEA,train,train,NOT_VERIFIED,train_coded/train_coded/IAEA3.jpg,0881caee06f8e5a76a526ae70d4abaaedcafa0c411de67415b79c2f3c25cbb4a,1771,1878,239,164,1286,1547,27.50893486,1.05796493
micro_pcb_v2_IAEA4,micro_pcb_images,https://www.kaggle.com/datasets/frettapper/micropcb-images,CC BY 4.0,https://creativecommons.org/licenses/by/4.0/,raspberry_pi_sbc,raspberry_pi_1_b_plus,I,A,E,A,4,IAEA,train,train,NOT_VERIFIED,train_coded/train_coded/IAEA4.jpg,ed037b5d1dfa73a75822d822ba45853f7f9b9f870f8a742b4a4d211f74d0829f,1776,1876,245,164,1285,1547,27.2228322,1.054997166
micro_pcb_v2_IAEB1,micro_pcb_images,https://www.kaggle.com/datasets/frettapper/micropcb-images,CC BY 4.0,https://creativecommons.org/licenses/by/4.0/,raspberry_pi_sbc,raspberry_pi_1_b_plus,I,A,E,B,1,IAEB,train,train,NOT_VERIFIED,train_coded/train_coded/IAEB1.jpg,8e5a23073417af52d1683c93f84db05a08adf18b9dbf524973324bb33ab23d40,1997,2132,247,166,1503,1802,19.05574983,1.079959776
micro_pcb_v2_IAEB2,micro_pcb_images,https://www.kaggle.com/datasets/frettapper/micropcb-images,CC BY 4.0,https://creativecommons.org/licenses/by/4.0/,raspberry_pi_sbc,raspberry_pi_1_b_plus,I,A,E,B,2,IAEB,train,train,NOT_VERIFIED,train_coded/train_coded/IAEB2.jpg,d1603b1d70953c4e55e48ebdee4a148d6de5eacc505fa8eb81be967536e3ba76,1987,2129,254,166,1486,1799,18.36058305,1.068833304
micro_pcb_v2_IAEB3,micro_pcb_images,https://www.kaggle.com/datasets/frettapper/micropcb-images,CC BY 4.0,https://creativecommons.org/licenses/by/4.0/,raspberry_pi_sbc,raspberry_pi_1_b_plus,I,A,E,B,3,IAEB,train,train,NOT_VERIFIED,train_coded/train_coded/IAEB3.jpg,6fed57097c9fd1943e125a4900d51a6689bbc90edc2f3215e3d852c2af1d3b65,1977,2125,243,166,1486,1795,17.80856289,1.065915817
micro_pcb_v2_IAEB4,micro_pcb_images,https://www.kaggle.com/datasets/frettapper/micropcb-images,CC BY 4.0,https://creativecommons.org/licenses/by/4.0/,raspberry_pi_sbc,raspberry_pi_1_b_plus,I,A,E,B,4,IAEB,train,train,NOT_VERIFIED,train_coded/train_coded/IAEB4.jpg,d6add2f305f99b23506e5382cd2b3fffa949793c848d42dd8904e8a18d51d83e,1972,2119,254,164,1471,1792,17.53735071,1.074054143
micro_pcb_v2_IAEC1,micro_pcb_images,https://www.kaggle.com/datasets/frettapper/micropcb-images,CC BY 4.0,https://creativecommons.org/licenses/by/4.0/,raspberry_pi_sbc,raspberry_pi_1_b_plus,I,A,E,C,1,IAEC,train,train,NOT_VERIFIED,train_coded/train_coded/IAEC1.jpg,90cc6d75101bae83dc699825b16e53547dac8e1050e0eb76d406a000a7ae78d4,1844,1884,248,165,1349,1552,18.69307085,0.99451481
micro_pcb_v2_IAEC2,micro_pcb_images,https://www.kaggle.com/datasets/frettapper/micropcb-images,CC BY 4.0,https://creativecommons.org/licenses/by/4.0/,raspberry_pi_sbc,raspberry_pi_1_b_plus,I,A,E,C,2,IAEC,train,train,NOT_VERIFIED,train_coded/train_coded/IAEC2.jpg,6209920827cc4ea2a64b64003a4fbc60c241ef5f2cdbb8837f9a5fc3f482195b,1839,1877,247,164,1345,1546,18.84658312,1.003031095
micro_pcb_v2_IAEC3,micro_pcb_images,https://www.kaggle.com/datasets/frettapper/micropcb-images,CC BY 4.0,https://creativecommons.org/licenses/by/4.0/,raspberry_pi_sbc,raspberry_pi_1_b_plus,I,A,E,C,3,IAEC,train,train,NOT_VERIFIED,train_coded/train_coded/IAEC3.jpg,d101199bb1b2d0eecd8bd2900bb4e37e09b8bb63ee99bd92e662893eb7858dab,1842,1874,252,165,1344,1545,18.95593152,1.01025461
micro_pcb_v2_IAEC4,micro_pcb_images,https://www.kaggle.com/datasets/frettapper/micropcb-images,CC BY 4.0,https://creativecommons.org/licenses/by/4.0/,raspberry_pi_sbc,raspberry_pi_1_b_plus,I,A,E,C,4,IAEC,train,train,NOT_VERIFIED,train_coded/train_coded/IAEC4.jpg,288e0a5d1342fd4909a9b178a9dc6d083627ab01f14c7695098a91309cf9fffc,1840,1876,251,164,1342,1544,18.85950957,1.001289704
micro_pcb_v2_IAED1,micro_pcb_images,https://www.kaggle.com/datasets/frettapper/micropcb-images,CC BY 4.0,https://creativecommons.org/licenses/by/4.0/,raspberry_pi_sbc,raspberry_pi_1_b_plus,I,A,E,D,1,IAED,train,train,NOT_VERIFIED,train_coded/train_coded/IAED1.jpg,3a220e2ba0fecca5af86b58a91dc7fd1df1a59c1e1f36f27e12a6f62a0d85436,1883,1735,257,163,1381,1405,24.37974166,0.977945758
micro_pcb_v2_IAED2,micro_pcb_images,https://www.kaggle.com/datasets/frettapper/micropcb-images,CC BY 4.0,https://creativecommons.org/licenses/by/4.0/,raspberry_pi_sbc,raspberry_pi_1_b_plus,I,A,E,D,2,IAED,train,train,NOT_VERIFIED,train_coded/train_coded/IAED2.jpg,5874b19cb24087915160d2082c7f86f8a8b8773e70576467f515893d7e6a650f,1882,1733,258,164,1378,1404,24.12338551,0.975910267
micro_pcb_v2_IAED3,micro_pcb_images,https://www.kaggle.com/datasets/frettapper/micropcb-images,CC BY 4.0,https://creativecommons.org/licenses/by/4.0/,raspberry_pi_sbc,raspberry_pi_1_b_plus,I,A,E,D,3,IAED,train,train,NOT_VERIFIED,train_coded/train_coded/IAED3.jpg,fc1a6f2edc448cbcadad3d5232574a2d009cb36d85bd9487b078ea53772ab009,1883,1735,258,164,1379,1402,24.19489003,0.977926715
micro_pcb_v2_IAED4,micro_pcb_images,https://www.kaggle.com/datasets/frettapper/micropcb-images,CC BY 4.0,https://creativecommons.org/licenses/by/4.0/,raspberry_pi_sbc,raspberry_pi_1_b_plus,I,A,E,D,4,IAED,train,train,NOT_VERIFIED,train_coded/train_coded/IAED4.jpg,f425331fa5560278ae3fd7c3b744a68f12d4efd921705080d4850ceb23a40509,1883,1732,259,164,1379,1402,24.31623728,0.980180128
micro_pcb_v2_IAEE1,micro_pcb_images,https://www.kaggle.com/datasets/frettapper/micropcb-images,CC BY 4.0,https://creativecommons.org/licenses/by/4.0/,raspberry_pi_sbc,raspberry_pi_1_b_plus,I,A,E,E,1,IAEE,train,train,NOT_VERIFIED,train_coded/train_coded/IAEE1.jpg,8be69c67d86b469148710f434797ffd68982b469e72594600e2421d86ffce8bd,1812,1516,254,165,1313,1188,26.1202139,0.93731681
micro_pcb_v2_IAEE2,micro_pcb_images,https://www.kaggle.com/datasets/frettapper/micropcb-images,CC BY 4.0,https://creativecommons.org/licenses/by/4.0/,raspberry_pi_sbc,raspberry_pi_1_b_plus,I,A,E,E,2,IAEE,train,train,NOT_VERIFIED,train_coded/train_coded/IAEE2.jpg,4d08fab4445bd15491903e81c9248599705fcddda1756e4d4e8a6eda7da0db72,1804,1517,255,164,1303,1189,25.48417847,0.936257258
micro_pcb_v2_IAEE3,micro_pcb_images,https://www.kaggle.com/datasets/frettapper/micropcb-images,CC BY 4.0,https://creativecommons.org/licenses/by/4.0/,raspberry_pi_sbc,raspberry_pi_1_b_plus,I,A,E,E,3,IAEE,train,train,NOT_VERIFIED,train_coded/train_coded/IAEE3.jpg,fe32795c2d21ad4e35bdbf1f101ef762c5746a2978e481be888f4ce02faa7e57,1803,1516,254,164,1304,1189,25.2806169,0.929045348
micro_pcb_v2_IAEE4,micro_pcb_images,https://www.kaggle.com/datasets/frettapper/micropcb-images,CC BY 4.0,https://creativecommons.org/licenses/by/4.0/,raspberry_pi_sbc,raspberry_pi_1_b_plus,I,A,E,E,4,IAEE,train,train,NOT_VERIFIED,train_coded/train_coded/IAEE4.jpg,5fb726358cd2637a70f8a03afb9e4c934da8e63220655850916473ef3d4ddf1f,1805,1515,255,164,1304,1188,25.66836976,0.93356975
micro_pcb_v2_IBAA1,micro_pcb_images,https://www.kaggle.com/datasets/frettapper/micropcb-images,CC BY 4.0,https://creativecommons.org/licenses/by/4.0/,raspberry_pi_sbc,raspberry_pi_1_b_plus,I,B,A,A,1,IBAA,train,train,NOT_VERIFIED,train_coded/train_coded/IBAA1.jpg,5e021cf08867cbfab7133488ce6e9a6d3ff30f710c9472a74705ee9c77d29027,1702,1434,245,164,1208,1106,19.12864062,1.091034604
micro_pcb_v2_IBAA2,micro_pcb_images,https://www.kaggle.com/datasets/frettapper/micropcb-images,CC BY 4.0,https://creativecommons.org/licenses/by/4.0/,raspberry_pi_sbc,raspberry_pi_1_b_plus,I,B,A,A,2,IBAA,train,train,NOT_VERIFIED,train_coded/train_coded/IBAA2.jpg,04a4e08cf25b60c2a82f400091c7b51b742d0c579fbbd6247d3c90ad857e4d0f,1697,1436,246,164,1200,1108,18.76564467,1.087895903
micro_pcb_v2_IBAA3,micro_pcb_images,https://www.kaggle.com/datasets/frettapper/micropcb-images,CC BY 4.0,https://creativecommons.org/licenses/by/4.0/,raspberry_pi_sbc,raspberry_pi_1_b_plus,I,B,A,A,3,IBAA,train,train,NOT_VERIFIED,train_coded/train_coded/IBAA3.jpg,85442754c202b862aac56cb72e4a534036bfc6ffcc14605c56dfb7ac758df0c4,1698,1434,246,164,1201,1106,18.78249579,1.084519326
micro_pcb_v2_IBAA4,micro_pcb_images,https://www.kaggle.com/datasets/frettapper/micropcb-images,CC BY 4.0,https://creativecommons.org/licenses/by/4.0/,raspberry_pi_sbc,raspberry_pi_1_b_plus,I,B,A,A,4,IBAA,train,train,NOT_VERIFIED,train_coded/train_coded/IBAA4.jpg,b770cdaeb903960eae6e949b617f6eed02a364ad914f3101dd779c7361227d48,1698,1433,246,164,1202,1105,18.93775662,1.080317996
micro_pcb_v2_IBAB1,micro_pcb_images,https://www.kaggle.com/datasets/frettapper/micropcb-images,CC BY 4.0,https://creativecommons.org/licenses/by/4.0/,raspberry_pi_sbc,raspberry_pi_1_b_plus,I,B,A,B,1,IBAB,train,train,NOT_VERIFIED,train_coded/train_coded/IBAB1.jpg,12e36eac80352c11979159edf64ba648901b3d1b43c801a2154bc592356f8fc8,1809,1680,246,165,1310,1351,19.65785819,1.031652339
micro_pcb_v2_IBAB2,micro_pcb_images,https://www.kaggle.com/datasets/frettapper/micropcb-images,CC BY 4.0,https://creativecommons.org/licenses/by/4.0/,raspberry_pi_sbc,raspberry_pi_1_b_plus,I,B,A,B,2,IBAB,train,train,NOT_VERIFIED,train_coded/train_coded/IBAB2.jpg,20d4edcdf9e2ce1d3fd1a20928526227140c8a0b25dd31a667c31094087e7415,1802,1674,246,165,1304,1345,19.22307405,1.027415876
micro_pcb_v2_IBAB3,micro_pcb_images,https://www.kaggle.com/datasets/frettapper/micropcb-images,CC BY 4.0,https://creativecommons.org/licenses/by/4.0/,raspberry_pi_sbc,raspberry_pi_1_b_plus,I,B,A,B,3,IBAB,train,train,NOT_VERIFIED,train_coded/train_coded/IBAB3.jpg,09c2c2aaad57bccddb10d1e23e4c3c220190f97bce9006d66a142aa5d967b56e,1802,1672,245,164,1304,1345,19.26463458,1.030378517
micro_pcb_v2_IBAB4,micro_pcb_images,https://www.kaggle.com/datasets/frettapper/micropcb-images,CC BY 4.0,https://creativecommons.org/licenses/by/4.0/,raspberry_pi_sbc,raspberry_pi_1_b_plus,I,B,A,B,4,IBAB,train,train,NOT_VERIFIED,train_coded/train_coded/IBAB4.jpg,6a5defdfd437f6642922459edbb37f0f32877ae080933c694252161a0461b06a,1803,1676,246,164,1307,1348,19.43452412,1.028479561
micro_pcb_v2_IBAC1,micro_pcb_images,https://www.kaggle.com/datasets/frettapper/micropcb-images,CC BY 4.0,https://creativecommons.org/licenses/by/4.0/,raspberry_pi_sbc,raspberry_pi_1_b_plus,I,B,A,C,1,IBAC,train,train,NOT_VERIFIED,train_coded/train_coded/IBAC1.jpg,573ed932db277855297c3225699b93a5d8b1f16b8c34c110d939e02473687817,1820,2011,246,164,1318,1683,7.856584881,0.917776129
micro_pcb_v2_IBAC2,micro_pcb_images,https://www.kaggle.com/datasets/frettapper/micropcb-images,CC BY 4.0,https://creativecommons.org/licenses/by/4.0/,raspberry_pi_sbc,raspberry_pi_1_b_plus,I,B,A,C,2,IBAC,train,train,NOT_VERIFIED,train_coded/train_coded/IBAC2.jpg,35b4441527ae7b2fe25576f4d9e18ea29caaa101147a0d5036b05b2f96c6441f,1821,2008,247,164,1312,1679,7.519545974,0.926263024
micro_pcb_v2_IBAC3,micro_pcb_images,https://www.kaggle.com/datasets/frettapper/micropcb-images,CC BY 4.0,https://creativecommons.org/licenses/by/4.0/,raspberry_pi_sbc,raspberry_pi_1_b_plus,I,B,A,C,3,IBAC,train,train,NOT_VERIFIED,train_coded/train_coded/IBAC3.jpg,68984662282a374cefbeac7bdb4fe38278236b21da4d9ab4ebdda2890a9eaeea,1806,2003,247,164,1313,1674,7.219704286,0.916012499
micro_pcb_v2_IBAC4,micro_pcb_images,https://www.kaggle.com/datasets/frettapper/micropcb-images,CC BY 4.0,https://creativecommons.org/licenses/by/4.0/,raspberry_pi_sbc,raspberry_pi_1_b_plus,I,B,A,C,4,IBAC,train,train,NOT_VERIFIED,train_coded/train_coded/IBAC4.jpg,e377e44d437a7ef0aaaa2cf342a03f62b62989612c7ae1375cdf8ac310485323,1801,2000,246,165,1300,1670,6.937715399,0.925395024
micro_pcb_v2_IBAD1,micro_pcb_images,https://www.kaggle.com/datasets/frettapper/micropcb-images,CC BY 4.0,https://creativecommons.org/licenses/by/4.0/,raspberry_pi_sbc,raspberry_pi_1_b_plus,I,B,A,D,1,IBAD,train,train,NOT_VERIFIED,train_coded/train_coded/IBAD1.jpg,d894266e5614bf75a92038e1250e526f61e836c2f67ab117570723d347fdbc77,1969,1994,246,164,1460,1665,14.6584086,0.934140428
micro_pcb_v2_IBAD2,micro_pcb_images,https://www.kaggle.com/datasets/frettapper/micropcb-images,CC BY 4.0,https://creativecommons.org/licenses/by/4.0/,raspberry_pi_sbc,raspberry_pi_1_b_plus,I,B,A,D,2,IBAD,train,train,NOT_VERIFIED,train_coded/train_coded/IBAD2.jpg,f9b018f51e9953b4e46b6271c5242ffe54ad4f41a55f67fc00a7e62ab39f0877,1977,1997,246,164,1465,1668,14.91892619,0.91661457
micro_pcb_v2_IBAD3,micro_pcb_images,https://www.kaggle.com/datasets/frettapper/micropcb-images,CC BY 4.0,https://creativecommons.org/licenses/by/4.0/,raspberry_pi_sbc,raspberry_pi_1_b_plus,I,B,A,D,3,IBAD,train,train,NOT_VERIFIED,train_coded/train_coded/IBAD3.jpg,83ec694e75610b5de202605149491e7705c8cd61750fe7ec0cce99a7b92e31e4,1967,1995,247,164,1456,1665,14.57046352,0.929499964
micro_pcb_v2_IBAD4,micro_pcb_images,https://www.kaggle.com/datasets/frettapper/micropcb-images,CC BY 4.0,https://creativecommons.org/licenses/by/4.0/,raspberry_pi_sbc,raspberry_pi_1_b_plus,I,B,A,D,4,IBAD,train,train,NOT_VERIFIED,train_coded/train_coded/IBAD4.jpg,0895d47e8a273339e2f0e92182fa544e244715b093e52e42e142f24372450355,1970,1997,246,165,1461,1667,14.64566177,0.933811479
micro_pcb_v2_IBAE1,micro_pcb_images,https://www.kaggle.com/datasets/frettapper/micropcb-images,CC BY 4.0,https://creativecommons.org/licenses/by/4.0/,raspberry_pi_sbc,raspberry_pi_1_b_plus,I,B,A,E,1,IBAE,train,train,NOT_VERIFIED,train_coded/train_coded/IBAE1.jpg,18e08821a38f56a33df74c04fa0eec7f75443c757079438ee97b91719fded720,1624,1788,248,164,1139,1459,10.71274271,0.904800432
micro_pcb_v2_IBAE2,micro_pcb_images,https://www.kaggle.com/datasets/frettapper/micropcb-images,CC BY 4.0,https://creativecommons.org/licenses/by/4.0/,raspberry_pi_sbc,raspberry_pi_1_b_plus,I,B,A,E,2,IBAE,train,train,NOT_VERIFIED,train_coded/train_coded/IBAE2.jpg,384205347d4cc361e1ef00c2d96e638268c05a430a056264f296506a2a5ac091,1639,1797,247,165,1149,1468,10.79770192,0.903222156
micro_pcb_v2_IBAE3,micro_pcb_images,https://www.kaggle.com/datasets/frettapper/micropcb-images,CC BY 4.0,https://creativecommons.org/licenses/by/4.0/,raspberry_pi_sbc,raspberry_pi_1_b_plus,I,B,A,E,3,IBAE,train,train,NOT_VERIFIED,train_coded/train_coded/IBAE3.jpg,340122c383f38ecc0b078c4dcf657b34eaddeef51bd15d947e9fd6543ea8a375,1651,1799,248,165,1154,1469,10.86107723,0.906238165
micro_pcb_v2_IBAE4,micro_pcb_images,https://www.kaggle.com/datasets/frettapper/micropcb-images,CC BY 4.0,https://creativecommons.org/licenses/by/4.0/,raspberry_pi_sbc,raspberry_pi_1_b_plus,I,B,A,E,4,IBAE,train,train,NOT_VERIFIED,train_coded/train_coded/IBAE4.jpg,118fded3db3adddfa5c129706f5da6d29257df4849df870760bc6bee025c959e,1674,1805,246,164,1168,1477,11.41716838,0.893714754
micro_pcb_v2_IBBA1,micro_pcb_images,https://www.kaggle.com/datasets/frettapper/micropcb-images,CC BY 4.0,https://creativecommons.org/licenses/by/4.0/,raspberry_pi_sbc,raspberry_pi_1_b_plus,I,B,B,A,1,IBBA,train,train,NOT_VERIFIED,train_coded/train_coded/IBBA1.jpg,ad05cab0e3968cc678606d2549c6590550fa0f4f47b4082b02bdeaf82efebb6b,1894,1666,246,166,1391,1336,20.50859076,1.091322525
micro_pcb_v2_IBBA2,micro_pcb_images,https://www.kaggle.com/datasets/frettapper/micropcb-images,CC BY 4.0,https://creativecommons.org/licenses/by/4.0/,raspberry_pi_sbc,raspberry_pi_1_b_plus,I,B,B,A,2,IBBA,train,train,NOT_VERIFIED,train_coded/train_coded/IBBA2.jpg,a7e61444d6bd72fa5e510e9d6551fb380a821493e05840fede3bbc1a090e6b33,1896,1662,246,166,1384,1332,20.03628396,1.090423868
micro_pcb_v2_IBBA3,micro_pcb_images,https://www.kaggle.com/datasets/frettapper/micropcb-images,CC BY 4.0,https://creativecommons.org/licenses/by/4.0/,raspberry_pi_sbc,raspberry_pi_1_b_plus,I,B,B,A,3,IBBA,train,train,NOT_VERIFIED,train_coded/train_coded/IBBA3.jpg,c0ef4b2b8e27947cc8332acc59d5f37c89475c8a044a7ee630d39d2f8e22b15d,1884,1660,246,167,1381,1329,19.75663317,1.097745673
micro_pcb_v2_IBBA4,micro_pcb_images,https://www.kaggle.com/datasets/frettapper/micropcb-images,CC BY 4.0,https://creativecommons.org/licenses/by/4.0/,raspberry_pi_sbc,raspberry_pi_1_b_plus,I,B,B,A,4,IBBA,train,train,NOT_VERIFIED,train_coded/train_coded/IBBA4.jpg,407aac15c16e1448df25e62a60f83a48840515d523ea9cbfce5194e600119ee7,1890,1662,246,166,1386,1331,20.28669249,1.092249484
micro_pcb_v2_IBBB1,micro_pcb_images,https://www.kaggle.com/datasets/frettapper/micropcb-images,CC BY 4.0,https://creativecommons.org/licenses/by/4.0/,raspberry_pi_sbc,raspberry_pi_1_b_plus,I,B,B,B,1,IBBB,train,train,NOT_VERIFIED,train_coded/train_coded/IBBB1.jpg,1a642877edc6f41206a35af196ef881f644ad460b1f8414b8b661c48145dd898,1876,1731,246,166,1365,1401,17.809101,1.04196647
micro_pcb_v2_IBBB2,micro_pcb_images,https://www.kaggle.com/datasets/frettapper/micropcb-images,CC BY 4.0,https://creativecommons.org/licenses/by/4.0/,raspberry_pi_sbc,raspberry_pi_1_b_plus,I,B,B,B,2,IBBB,train,train,NOT_VERIFIED,train_coded/train_coded/IBBB2.jpg,f60cdbd6ed8d59746e8b69ff189c2b1f812b652a2a3206495c82647e6fd4a3e1,1856,1723,246,166,1350,1393,16.9819796,1.046249115
micro_pcb_v2_IBBB3,micro_pcb_images,https://www.kaggle.com/datasets/frettapper/micropcb-images,CC BY 4.0,https://creativecommons.org/licenses/by/4.0/,raspberry_pi_sbc,raspberry_pi_1_b_plus,I,B,B,B,3,IBBB,train,train,NOT_VERIFIED,train_coded/train_coded/IBBB3.jpg,53e897827e9ebd5c2486659086abc8970432d4b6b7eff6561ca6d3fc15d93506,1858,1726,246,166,1354,1396,17.05793002,1.04977731
micro_pcb_v2_IBBB4,micro_pcb_images,https://www.kaggle.com/datasets/frettapper/micropcb-images,CC BY 4.0,https://creativecommons.org/licenses/by/4.0/,raspberry_pi_sbc,raspberry_pi_1_b_plus,I,B,B,B,4,IBBB,train,train,NOT_VERIFIED,train_coded/train_coded/IBBB4.jpg,05b6dc11d0925e2243de2942b291398ab9c06651b55862fc7a864cb33b75ea0c,1854,1727,246,166,1350,1397,16.89026287,1.047761347
micro_pcb_v2_IBBC1,micro_pcb_images,https://www.kaggle.com/datasets/frettapper/micropcb-images,CC BY 4.0,https://creativecommons.org/licenses/by/4.0/,raspberry_pi_sbc,raspberry_pi_1_b_plus,I,B,B,C,1,IBBC,train,train,NOT_VERIFIED,train_coded/train_coded/IBBC1.jpg,c51fb52635fa4ed4f55d3338ec62928db08a49fade3f62f833ccef6e0b65aefc,1977,2034,247,176,1471,1695,13.92660052,1.003199141
micro_pcb_v2_IBBC2,micro_pcb_images,https://www.kaggle.com/datasets/frettapper/micropcb-images,CC BY 4.0,https://creativecommons.org/licenses/by/4.0/,raspberry_pi_sbc,raspberry_pi_1_b_plus,I,B,B,C,2,IBBC,train,train,NOT_VERIFIED,train_coded/train_coded/IBBC2.jpg,4f01acd373f8a3328f4052f3b93e0d7af09f4564eab1d48fb39c14807b61245a,1960,2023,246,176,1451,1684,12.90576013,1.001301279
micro_pcb_v2_IBBC3,micro_pcb_images,https://www.kaggle.com/datasets/frettapper/micropcb-images,CC BY 4.0,https://creativecommons.org/licenses/by/4.0/,raspberry_pi_sbc,raspberry_pi_1_b_plus,I,B,B,C,3,IBBC,train,train,NOT_VERIFIED,train_coded/train_coded/IBBC3.jpg,d9ba61b3edc3cfa2c1dcc2b5c29e44ffbde6fdf05c44bf3b533e5258af5d4d2f,1956,2012,246,170,1444,1679,12.4776927,0.977646394
micro_pcb_v2_IBBC4,micro_pcb_images,https://www.kaggle.com/datasets/frettapper/micropcb-images,CC BY 4.0,https://creativecommons.org/licenses/by/4.0/,raspberry_pi_sbc,raspberry_pi_1_b_plus,I,B,B,C,4,IBBC,train,train,NOT_VERIFIED,train_coded/train_coded/IBBC4.jpg,42ffc97e8f2fef728aac8fc52f20fd3ff080ac6e53a965508dc766917ad06c8d,1935,2006,245,172,1430,1671,11.9752028,1.00918534
micro_pcb_v2_IBBD1,micro_pcb_images,https://www.kaggle.com/datasets/frettapper/micropcb-images,CC BY 4.0,https://creativecommons.org/licenses/by/4.0/,raspberry_pi_sbc,raspberry_pi_1_b_plus,I,B,B,D,1,IBBD,train,train,NOT_VERIFIED,train_coded/train_coded/IBBD1.jpg,161d1650c66fc61d35a1e49059bec5bb4658ad060c00e2a56b565c528b5ac880,2097,2215,246,164,1600,1888,11.35467947,0.931701519
micro_pcb_v2_IBBD2,micro_pcb_images,https://www.kaggle.com/datasets/frettapper/micropcb-images,CC BY 4.0,https://creativecommons.org/licenses/by/4.0/,raspberry_pi_sbc,raspberry_pi_1_b_plus,I,B,B,D,2,IBBD,train,train,NOT_VERIFIED,train_coded/train_coded/IBBD2.jpg,f5ffb7229c7121f7103b0992f76a00467b7e90f558b46a443c398603447b70cd,2084,2210,247,164,1589,1882,10.89340404,0.931531692
micro_pcb_v2_IBBD3,micro_pcb_images,https://www.kaggle.com/datasets/frettapper/micropcb-images,CC BY 4.0,https://creativecommons.org/licenses/by/4.0/,raspberry_pi_sbc,raspberry_pi_1_b_plus,I,B,B,D,3,IBBD,train,train,NOT_VERIFIED,train_coded/train_coded/IBBD3.jpg,251166f2cac75ad72ac424362cb112edfff6fc7e1751ad3bc7e044eb76812a31,2077,2206,246,164,1582,1878,10.69615956,0.932801779
micro_pcb_v2_IBBD4,micro_pcb_images,https://www.kaggle.com/datasets/frettapper/micropcb-images,CC BY 4.0,https://creativecommons.org/licenses/by/4.0/,raspberry_pi_sbc,raspberry_pi_1_b_plus,I,B,B,D,4,IBBD,train,train,NOT_VERIFIED,train_coded/train_coded/IBBD4.jpg,ad905a7866472895b90a238bf2c16b024486b3c0f838fe4236db4a0be5cb5288,2074,2204,246,165,1579,1874,10.59303336,0.933872839
micro_pcb_v2_IBBE1,micro_pcb_images,https://www.kaggle.com/datasets/frettapper/micropcb-images,CC BY 4.0,https://creativecommons.org/licenses/by/4.0/,raspberry_pi_sbc,raspberry_pi_1_b_plus,I,B,B,E,1,IBBE,train,train,NOT_VERIFIED,train_coded/train_coded/IBBE1.jpg,bfa959954d5c9321522c6c740c87eb547aabe72680b4357b848b7cd0b90296e4,1914,1861,246,164,1423,1533,12.21847244,0.888269789
micro_pcb_v2_IBBE2,micro_pcb_images,https://www.kaggle.com/datasets/frettapper/micropcb-images,CC BY 4.0,https://creativecommons.org/licenses/by/4.0/,raspberry_pi_sbc,raspberry_pi_1_b_plus,I,B,B,E,2,IBBE,train,train,NOT_VERIFIED,train_coded/train_coded/IBBE2.jpg,e4f0dc9bc623a4e0fb548f232f545fd89a08695f1cfc094760a99607a0eb06b3,1911,1859,246,163,1419,1532,11.98243373,0.888210585
micro_pcb_v2_IBBE3,micro_pcb_images,https://www.kaggle.com/datasets/frettapper/micropcb-images,CC BY 4.0,https://creativecommons.org/licenses/by/4.0/,raspberry_pi_sbc,raspberry_pi_1_b_plus,I,B,B,E,3,IBBE,train,train,NOT_VERIFIED,train_coded/train_coded/IBBE3.jpg,c14dbee1635599c3781e6e47f6f910861edcd0877f1332452f579bfca25b824c,1913,1865,247,163,1421,1536,11.95568513,0.887855686
micro_pcb_v2_IBBE4,micro_pcb_images,https://www.kaggle.com/datasets/frettapper/micropcb-images,CC BY 4.0,https://creativecommons.org/licenses/by/4.0/,raspberry_pi_sbc,raspberry_pi_1_b_plus,I,B,B,E,4,IBBE,train,train,NOT_VERIFIED,train_coded/train_coded/IBBE4.jpg,26eb39c8fc9406c2dcc197eb2631c032eac1973784d75176479627db4b6c2cbb,1914,1862,247,164,1422,1534,12.08835872,0.890299641
micro_pcb_v2_IBCA1,micro_pcb_images,https://www.kaggle.com/datasets/frettapper/micropcb-images,CC BY 4.0,https://creativecommons.org/licenses/by/4.0/,raspberry_pi_sbc,raspberry_pi_1_b_plus,I,B,C,A,1,IBCA,train,train,NOT_VERIFIED,train_coded/train_coded/IBCA1.jpg,d8e6a0b18e2dbb77a1221625cc72c3ee79e192ccd7e1e1b678dfc9421604176d,1710,1604,246,167,1216,1273,13.44123392,1.118179501
micro_pcb_v2_IBCA2,micro_pcb_images,https://www.kaggle.com/datasets/frettapper/micropcb-images,CC BY 4.0,https://creativecommons.org/licenses/by/4.0/,raspberry_pi_sbc,raspberry_pi_1_b_plus,I,B,C,A,2,IBCA,train,train,NOT_VERIFIED,train_coded/train_coded/IBCA2.jpg,4ad090f92f45c20b71d33d3bd6bb1fa938855a06f6e71b8ec0a707c354603961,1686,1585,246,166,1193,1255,11.87028833,1.119280867
micro_pcb_v2_IBCA3,micro_pcb_images,https://www.kaggle.com/datasets/frettapper/micropcb-images,CC BY 4.0,https://creativecommons.org/licenses/by/4.0/,raspberry_pi_sbc,raspberry_pi_1_b_plus,I,B,C,A,3,IBCA,train,train,NOT_VERIFIED,train_coded/train_coded/IBCA3.jpg,bae71643a5084175c0fcb28c94b81ac838d42f6c45f7fbde8a3290d32601cdd9,1685,1584,246,166,1192,1253,11.92559119,1.118163076
micro_pcb_v2_IBCA4,micro_pcb_images,https://www.kaggle.com/datasets/frettapper/micropcb-images,CC BY 4.0,https://creativecommons.org/licenses/by/4.0/,raspberry_pi_sbc,raspberry_pi_1_b_plus,I,B,C,A,4,IBCA,train,train,NOT_VERIFIED,train_coded/train_coded/IBCA4.jpg,c63d442213b404286b84e6d54cacb8ecc80aaee0050d484ff196220cc96df970,1685,1582,247,166,1191,1252,11.90964088,1.12104904
micro_pcb_v2_IBCB1,micro_pcb_images,https://www.kaggle.com/datasets/frettapper/micropcb-images,CC BY 4.0,https://creativecommons.org/licenses/by/4.0/,raspberry_pi_sbc,raspberry_pi_1_b_plus,I,B,C,B,1,IBCB,train,train,NOT_VERIFIED,train_coded/train_coded/IBCB1.jpg,91976090a732bd3cf2d7ace122bafbaaf1a61b09eb347eef4af97ce61521eac4,1848,1873,247,165,1354,1544,11.82764979,1.074008817
micro_pcb_v2_IBCB2,micro_pcb_images,https://www.kaggle.com/datasets/frettapper/micropcb-images,CC BY 4.0,https://creativecommons.org/licenses/by/4.0/,raspberry_pi_sbc,raspberry_pi_1_b_plus,I,B,C,B,2,IBCB,train,train,NOT_VERIFIED,train_coded/train_coded/IBCB2.jpg,4783960b6e73b9151d7ca27afa57273c4d6277f962044b2ce74793eade88ad0c,1834,1861,247,165,1341,1532,11.20880968,1.07135618
micro_pcb_v2_IBCB3,micro_pcb_images,https://www.kaggle.com/datasets/frettapper/micropcb-images,CC BY 4.0,https://creativecommons.org/licenses/by/4.0/,raspberry_pi_sbc,raspberry_pi_1_b_plus,I,B,C,B,3,IBCB,train,train,NOT_VERIFIED,train_coded/train_coded/IBCB3.jpg,bd6e0eab0714a9ed0fdeb3f1fb83078efea1be766951d5802e2aac4bfab872ce,1831,1857,247,164,1337,1529,11.05393375,1.072867636
micro_pcb_v2_IBCB4,micro_pcb_images,https://www.kaggle.com/datasets/frettapper/micropcb-images,CC BY 4.0,https://creativecommons.org/licenses/by/4.0/,raspberry_pi_sbc,raspberry_pi_1_b_plus,I,B,C,B,4,IBCB,train,train,NOT_VERIFIED,train_coded/train_coded/IBCB4.jpg,19212e8aeefc7c0420dcb17349849449440eeecd016ff506d3ca67b576d58fd9,1826,1853,247,165,1332,1524,10.8812744,1.07345975
micro_pcb_v2_IBCC1,micro_pcb_images,https://www.kaggle.com/datasets/frettapper/micropcb-images,CC BY 4.0,https://creativecommons.org/licenses/by/4.0/,raspberry_pi_sbc,raspberry_pi_1_b_plus,I,B,C,C,1,IBCC,train,train,NOT_VERIFIED,train_coded/train_coded/IBCC1.jpg,ddab92fc699bd07f0fa746e72798f3bd1160021316cb283d082255ce2e215daf,1866,1950,247,165,1368,1620,10.44583036,0.989147039
micro_pcb_v2_IBCC2,micro_pcb_images,https://www.kaggle.com/datasets/frettapper/micropcb-images,CC BY 4.0,https://creativecommons.org/licenses/by/4.0/,raspberry_pi_sbc,raspberry_pi_1_b_plus,I,B,C,C,2,IBCC,train,train,NOT_VERIFIED,train_coded/train_coded/IBCC2.jpg,4359fc65582fa5909600f4c2789a05ea684bd38c071762390e4deedac9949f4a,1849,1937,247,164,1348,1608,9.443699917,0.988832323
micro_pcb_v2_IBCC3,micro_pcb_images,https://www.kaggle.com/datasets/frettapper/micropcb-images,CC BY 4.0,https://creativecommons.org/licenses/by/4.0/,raspberry_pi_sbc,raspberry_pi_1_b_plus,I,B,C,C,3,IBCC,train,train,NOT_VERIFIED,train_coded/train_coded/IBCC3.jpg,b740c4e125174e87ccab6a88536b6c387886152430110591590cf886575fbbc4,1836,1929,247,164,1336,1600,8.920296649,0.988795871
micro_pcb_v2_IBCC4,micro_pcb_images,https://www.kaggle.com/datasets/frettapper/micropcb-images,CC BY 4.0,https://creativecommons.org/licenses/by/4.0/,raspberry_pi_sbc,raspberry_pi_1_b_plus,I,B,C,C,4,IBCC,train,train,NOT_VERIFIED,train_coded/train_coded/IBCC4.jpg,18ed9aed016ef72971945d4bf87459fc5a06d22df40799c5afb9a8b0e54cc73f,1883,1929,247,164,1338,1600,8.94759657,0.988530856
micro_pcb_v2_IBCD1,micro_pcb_images,https://www.kaggle.com/datasets/frettapper/micropcb-images,CC BY 4.0,https://creativecommons.org/licenses/by/4.0/,raspberry_pi_sbc,raspberry_pi_1_b_plus,I,B,C,D,1,IBCD,train,train,NOT_VERIFIED,train_coded/train_coded/IBCD1.jpg,eb93ef0023be09ddd334c904e9ad3a14323732fcbd531f191734523f40c9c034,1871,1887,248,165,1377,1557,10.65263817,0.938067333
micro_pcb_v2_IBCD2,micro_pcb_images,https://www.kaggle.com/datasets/frettapper/micropcb-images,CC BY 4.0,https://creativecommons.org/licenses/by/4.0/,raspberry_pi_sbc,raspberry_pi_1_b_plus,I,B,C,D,2,IBCD,train,train,NOT_VERIFIED,train_coded/train_coded/IBCD2.jpg,14b906c4ab0dee4d71e094c16d5d131afd5c32afeb5104e76585df83605842e2,1858,1876,248,164,1363,1547,9.968025826,0.936844523
micro_pcb_v2_IBCD3,micro_pcb_images,https://www.kaggle.com/datasets/frettapper/micropcb-images,CC BY 4.0,https://creativecommons.org/licenses/by/4.0/,raspberry_pi_sbc,raspberry_pi_1_b_plus,I,B,C,D,3,IBCD,train,train,NOT_VERIFIED,train_coded/train_coded/IBCD3.jpg,1147687b0b88deddac81fe66a068a8e29eee5b97a42d1385004dccc2a8938f78,1855,1874,247,164,1361,1545,9.898227337,0.940356114
micro_pcb_v2_IBCD4,micro_pcb_images,https://www.kaggle.com/datasets/frettapper/micropcb-images,CC BY 4.0,https://creativecommons.org/licenses/by/4.0/,raspberry_pi_sbc,raspberry_pi_1_b_plus,I,B,C,D,4,IBCD,train,train,NOT_VERIFIED,train_coded/train_coded/IBCD4.jpg,34f5a7cd5afdd2cc17e0a628c50d5d962d31609dc73e4cd56c80e209bd84c726,1859,1876,247,164,1365,1547,10.0889118,0.936932245
micro_pcb_v2_IBCE1,micro_pcb_images,https://www.kaggle.com/datasets/frettapper/micropcb-images,CC BY 4.0,https://creativecommons.org/licenses/by/4.0/,raspberry_pi_sbc,raspberry_pi_1_b_plus,I,B,C,E,1,IBCE,train,train,NOT_VERIFIED,train_coded/train_coded/IBCE1.jpg,46d3a2bf85c143f552b03d96b198186d19d94ea572c196d54359ad6bdb39d2fb,1717,1672,247,165,1225,1341,7.643463412,0.898543541
micro_pcb_v2_IBCE2,micro_pcb_images,https://www.kaggle.com/datasets/frettapper/micropcb-images,CC BY 4.0,https://creativecommons.org/licenses/by/4.0/,raspberry_pi_sbc,raspberry_pi_1_b_plus,I,B,C,E,2,IBCE,train,train,NOT_VERIFIED,train_coded/train_coded/IBCE2.jpg,72f0256a07273ac120144b958887449acc1503776ce3890d16806396baf0b1f8,1719,1669,247,165,1226,1339,7.77186917,0.900653627
micro_pcb_v2_IBCE3,micro_pcb_images,https://www.kaggle.com/datasets/frettapper/micropcb-images,CC BY 4.0,https://creativecommons.org/licenses/by/4.0/,raspberry_pi_sbc,raspberry_pi_1_b_plus,I,B,C,E,3,IBCE,train,train,NOT_VERIFIED,train_coded/train_coded/IBCE3.jpg,b7d9e037054c2e85a87a29270ae1dcb0177aaf93e3599da8f587778e62d3f456,1719,1671,246,165,1227,1341,7.743330158,0.899322154
micro_pcb_v2_IBCE4,micro_pcb_images,https://www.kaggle.com/datasets/frettapper/micropcb-images,CC BY 4.0,https://creativecommons.org/licenses/by/4.0/,raspberry_pi_sbc,raspberry_pi_1_b_plus,I,B,C,E,4,IBCE,train,train,NOT_VERIFIED,train_coded/train_coded/IBCE4.jpg,4a748a0625c6aa7b8e9e6fc71bb32d5265c4bd581738d8f389c26ff0704ed9c0,1723,1673,247,164,1231,1343,7.927662949,0.901017175
micro_pcb_v2_IBDA1,micro_pcb_images,https://www.kaggle.com/datasets/frettapper/micropcb-images,CC BY 4.0,https://creativecommons.org/licenses/by/4.0/,raspberry_pi_sbc,raspberry_pi_1_b_plus,I,B,D,A,1,IBDA,train,train,NOT_VERIFIED,train_coded/train_coded/IBDA1.jpg,2f0b8f310edc24c35f4d768257ddcccbf1c0e5fffce2a42e99c79e924057911a,1885,1974,246,165,1393,1645,12.25037377,1.114793544
micro_pcb_v2_IBDA2,micro_pcb_images,https://www.kaggle.com/datasets/frettapper/micropcb-images,CC BY 4.0,https://creativecommons.org/licenses/by/4.0/,raspberry_pi_sbc,raspberry_pi_1_b_plus,I,B,D,A,2,IBDA,train,train,NOT_VERIFIED,train_coded/train_coded/IBDA2.jpg,b00511f24648d0e771526a7378f91a7b97f59ce88ac13c8d5912955fdc22dc8a,1873,1966,247,166,1380,1636,11.59775615,1.114379077
micro_pcb_v2_IBDA3,micro_pcb_images,https://www.kaggle.com/datasets/frettapper/micropcb-images,CC BY 4.0,https://creativecommons.org/licenses/by/4.0/,raspberry_pi_sbc,raspberry_pi_1_b_plus,I,B,D,A,3,IBDA,train,train,NOT_VERIFIED,train_coded/train_coded/IBDA3.jpg,dbcd22a817d854a136b97f84299d238d66b71d2e63f7b68703ac0b4b8701438e,1873,1964,247,166,1380,1634,11.4849617,1.111890329
micro_pcb_v2_IBDA4,micro_pcb_images,https://www.kaggle.com/datasets/frettapper/micropcb-images,CC BY 4.0,https://creativecommons.org/licenses/by/4.0/,raspberry_pi_sbc,raspberry_pi_1_b_plus,I,B,D,A,4,IBDA,train,train,NOT_VERIFIED,train_coded/train_coded/IBDA4.jpg,76770bcb767745dc406020d617eb8c4acc782603f253d81ee174e1d012ac9858,1871,1960,247,165,1377,1631,11.4673496,1.111094729
micro_pcb_v2_IBDB1,micro_pcb_images,https://www.kaggle.com/datasets/frettapper/micropcb-images,CC BY 4.0,https://creativecommons.org/licenses/by/4.0/,raspberry_pi_sbc,raspberry_pi_1_b_plus,I,B,D,B,1,IBDB,train,train,NOT_VERIFIED,train_coded/train_coded/IBDB1.jpg,773402505c3a3c02b8fc1b0f5eecb4873627caf4b7f7a70ed50413c3db2b4a77,2072,2220,258,166,1568,1886,12.56988931,1.060572954
micro_pcb_v2_IBDB2,micro_pcb_images,https://www.kaggle.com/datasets/frettapper/micropcb-images,CC BY 4.0,https://creativecommons.org/licenses/by/4.0/,raspberry_pi_sbc,raspberry_pi_1_b_plus,I,B,D,B,2,IBDB,train,train,NOT_VERIFIED,train_coded/train_coded/IBDB2.jpg,f3b6733f53481df4eadc6012769ef45d6c80c51d675308dc34026ba3fe5ff823,2081,2220,262,166,1572,1886,13.08870198,1.064636566
micro_pcb_v2_IBDB3,micro_pcb_images,https://www.kaggle.com/datasets/frettapper/micropcb-images,CC BY 4.0,https://creativecommons.org/licenses/by/4.0/,raspberry_pi_sbc,raspberry_pi_1_b_plus,I,B,D,B,3,IBDB,train,train,NOT_VERIFIED,train_coded/train_coded/IBDB3.jpg,2016dc51ecf309e13eb7fc40d5dc32424ca97e53233564eed45f401ca8ecb943,2076,2215,259,165,1570,1886,13.15135529,1.062499767
micro_pcb_v2_IBDB4,micro_pcb_images,https://www.kaggle.com/datasets/frettapper/micropcb-images,CC BY 4.0,https://creativecommons.org/licenses/by/4.0/,raspberry_pi_sbc,raspberry_pi_1_b_plus,I,B,D,B,4,IBDB,train,train,NOT_VERIFIED,train_coded/train_coded/IBDB4.jpg,7e92a3edf25a1c8adc7c1e8c1b98e1004b2f6d7779cf12639989d89e4cfaf663,2079,2217,255,164,1577,1889,13.4306408,1.058350096
micro_pcb_v2_IBDC1,micro_pcb_images,https://www.kaggle.com/datasets/frettapper/micropcb-images,CC BY 4.0,https://creativecommons.org/licenses/by/4.0/,raspberry_pi_sbc,raspberry_pi_1_b_plus,I,B,D,C,1,IBDC,train,train,NOT_VERIFIED,train_coded/train_coded/IBDC1.jpg,d16710a17b6be765af67bd6fff1361958f45c976884faa5588c328833ab2c766,1757,1827,252,164,1259,1498,7.91501483,0.963273346
micro_pcb_v2_IBDC2,micro_pcb_images,https://www.kaggle.com/datasets/frettapper/micropcb-images,CC BY 4.0,https://creativecommons.org/licenses/by/4.0/,raspberry_pi_sbc,raspberry_pi_1_b_plus,I,B,D,C,2,IBDC,train,train,NOT_VERIFIED,train_coded/train_coded/IBDC2.jpg,a2f2039baf8df661c4a7d86038283c2e7aee688db4861e95d8bf94a6e969483b,1743,1810,261,164,1236,1482,6.860160564,0.964091635
micro_pcb_v2_IBDC3,micro_pcb_images,https://www.kaggle.com/datasets/frettapper/micropcb-images,CC BY 4.0,https://creativecommons.org/licenses/by/4.0/,raspberry_pi_sbc,raspberry_pi_1_b_plus,I,B,D,C,3,IBDC,train,train,NOT_VERIFIED,train_coded/train_coded/IBDC3.jpg,2b8705db66b109a101a5f1284dd784ec7a39f59ac75e2353debf9df3a05fe977,1711,1795,250,163,1215,1466,5.564635661,0.964994562
micro_pcb_v2_IBDC4,micro_pcb_images,https://www.kaggle.com/datasets/frettapper/micropcb-images,CC BY 4.0,https://creativecommons.org/licenses/by/4.0/,raspberry_pi_sbc,raspberry_pi_1_b_plus,I,B,D,C,4,IBDC,train,train,NOT_VERIFIED,train_coded/train_coded/IBDC4.jpg,cbb31cc37507a6602f65943745c1eb57d3c824178bb86f5210f49038ec78846d,1711,1797,247,164,1218,1468,5.453034872,0.958550525
micro_pcb_v2_IBDD1,micro_pcb_images,https://www.kaggle.com/datasets/frettapper/micropcb-images,CC BY 4.0,https://creativecommons.org/licenses/by/4.0/,raspberry_pi_sbc,raspberry_pi_1_b_plus,I,B,D,D,1,IBDD,train,train,NOT_VERIFIED,train_coded/train_coded/IBDD1.jpg,0fabc60b4be4f1d598958addeac8d7296b83ea7c4bcc43b85d90f9147f00b9bb,1799,1799,259,164,1294,1466,10.26260055,0.941466562
micro_pcb_v2_IBDD2,micro_pcb_images,https://www.kaggle.com/datasets/frettapper/micropcb-images,CC BY 4.0,https://creativecommons.org/licenses/by/4.0/,raspberry_pi_sbc,raspberry_pi_1_b_plus,I,B,D,D,2,IBDD,train,train,NOT_VERIFIED,train_coded/train_coded/IBDD2.jpg,26e581cd93752aa6d349ac4302470c0292b139a21f6e1e83db14eb9cccebb824,1794,1803,263,165,1284,1468,9.326349737,0.920717864
micro_pcb_v2_IBDD3,micro_pcb_images,https://www.kaggle.com/datasets/frettapper/micropcb-images,CC BY 4.0,https://creativecommons.org/licenses/by/4.0/,raspberry_pi_sbc,raspberry_pi_1_b_plus,I,B,D,D,3,IBDD,train,train,NOT_VERIFIED,train_coded/train_coded/IBDD3.jpg,7d01ba177bb14a89890f48154905280630c85b6a28122581dc56a91d1be53308,1783,1801,258,164,1278,1470,9.463817264,0.937687797
micro_pcb_v2_IBDD4,micro_pcb_images,https://www.kaggle.com/datasets/frettapper/micropcb-images,CC BY 4.0,https://creativecommons.org/licenses/by/4.0/,raspberry_pi_sbc,raspberry_pi_1_b_plus,I,B,D,D,4,IBDD,train,train,NOT_VERIFIED,train_coded/train_coded/IBDD4.jpg,d1f5b642721c0cdfbb2b5012780aa30f22603b0ce0b1f4bdf5c30cd88ec6a534,1784,1803,267,164,1270,1471,8.340032581,0.908583133
micro_pcb_v2_IBDE1,micro_pcb_images,https://www.kaggle.com/datasets/frettapper/micropcb-images,CC BY 4.0,https://creativecommons.org/licenses/by/4.0/,raspberry_pi_sbc,raspberry_pi_1_b_plus,I,B,D,E,1,IBDE,train,train,NOT_VERIFIED,train_coded/train_coded/IBDE1.jpg,8883e1ac1563664f63caf250fec7585ed3c3dc17ae9360a89b1d7eb1ddf5c3e0,1763,1582,261,165,1256,1252,15.34015519,0.894239109
micro_pcb_v2_IBDE2,micro_pcb_images,https://www.kaggle.com/datasets/frettapper/micropcb-images,CC BY 4.0,https://creativecommons.org/licenses/by/4.0/,raspberry_pi_sbc,raspberry_pi_1_b_plus,I,B,D,E,2,IBDE,train,train,NOT_VERIFIED,train_coded/train_coded/IBDE2.jpg,5a8bc7c79978e41cc6d6a2333d81c127fd2ff5917d4c77616698225fe7e02f4f,1763,1583,263,165,1254,1252,14.86863736,0.884041229
micro_pcb_v2_IBDE3,micro_pcb_images,https://www.kaggle.com/datasets/frettapper/micropcb-images,CC BY 4.0,https://creativecommons.org/licenses/by/4.0/,raspberry_pi_sbc,raspberry_pi_1_b_plus,I,B,D,E,3,IBDE,train,train,NOT_VERIFIED,train_coded/train_coded/IBDE3.jpg,4f3579490721585b205cdfcf20cbf5d4d194cfc73d085f4a490ca2081bd9c32e,1760,1581,261,164,1253,1253,14.59827202,0.879763593
micro_pcb_v2_IBDE4,micro_pcb_images,https://www.kaggle.com/datasets/frettapper/micropcb-images,CC BY 4.0,https://creativecommons.org/licenses/by/4.0/,raspberry_pi_sbc,raspberry_pi_1_b_plus,I,B,D,E,4,IBDE,train,train,NOT_VERIFIED,train_coded/train_coded/IBDE4.jpg,d7b0a161574377b04ff2e9cec62b15fdc7cd7e36175e0f25ff6a51c4bbde21ba,1761,1583,262,164,1253,1253,14.89159343,0.890620621
micro_pcb_v2_IBEA1,micro_pcb_images,https://www.kaggle.com/datasets/frettapper/micropcb-images,CC BY 4.0,https://creativecommons.org/licenses/by/4.0/,raspberry_pi_sbc,raspberry_pi_1_b_plus,I,B,E,A,1,IBEA,train,train,NOT_VERIFIED,train_coded/train_coded/IBEA1.jpg,d5b44eef04cfcb443c8fbd07da4874c19528c6322cae6ec4ac47c0aa8f0982ae,1641,1839,245,165,1148,1509,13.28894845,1.065561288
micro_pcb_v2_IBEA2,micro_pcb_images,https://www.kaggle.com/datasets/frettapper/micropcb-images,CC BY 4.0,https://creativecommons.org/licenses/by/4.0/,raspberry_pi_sbc,raspberry_pi_1_b_plus,I,B,E,A,2,IBEA,train,train,NOT_VERIFIED,train_coded/train_coded/IBEA2.jpg,de942297c2d61b6ad272f17f458f89325b23475d66daed14cdb1ef3689f4d916,1640,1838,251,164,1142,1509,12.95302018,1.050560773
micro_pcb_v2_IBEA3,micro_pcb_images,https://www.kaggle.com/datasets/frettapper/micropcb-images,CC BY 4.0,https://creativecommons.org/licenses/by/4.0/,raspberry_pi_sbc,raspberry_pi_1_b_plus,I,B,E,A,3,IBEA,train,train,NOT_VERIFIED,train_coded/train_coded/IBEA3.jpg,d3e12afdc6928d7486228b13a7e35bfb36cf6f1f33142351ce2dc6cf74e0f0bd,1641,1839,244,165,1151,1509,13.46598936,1.063783644
micro_pcb_v2_IBEA4,micro_pcb_images,https://www.kaggle.com/datasets/frettapper/micropcb-images,CC BY 4.0,https://creativecommons.org/licenses/by/4.0/,raspberry_pi_sbc,raspberry_pi_1_b_plus,I,B,E,A,4,IBEA,train,train,NOT_VERIFIED,train_coded/train_coded/IBEA4.jpg,84dd2bd9fd6a86215c5d81d8b44b54d67d69ed25ad2ff4638d57a19ee38b8afa,1640,1840,239,164,1154,1511,13.6428889,1.061724683
micro_pcb_v2_IBEB1,micro_pcb_images,https://www.kaggle.com/datasets/frettapper/micropcb-images,CC BY 4.0,https://creativecommons.org/licenses/by/4.0/,raspberry_pi_sbc,raspberry_pi_1_b_plus,I,B,E,B,1,IBEB,train,train,NOT_VERIFIED,train_coded/train_coded/IBEB1.jpg,3e37d7a491204252b612d7e4d2b9f0ad37c79dcdefc20ee66c5416675940b377,1858,2060,256,166,1355,1729,10.46692213,1.053825785
micro_pcb_v2_IBEB2,micro_pcb_images,https://www.kaggle.com/datasets/frettapper/micropcb-images,CC BY 4.0,https://creativecommons.org/licenses/by/4.0/,raspberry_pi_sbc,raspberry_pi_1_b_plus,I,B,E,B,2,IBEB,train,train,NOT_VERIFIED,train_coded/train_coded/IBEB2.jpg,fa00fbbb6ac43a2518bceaa56edc5ccd7f982139cd951e82eb9837b5110c9cd6,1862,2060,258,167,1357,1729,10.73872835,1.061734067
micro_pcb_v2_IBEB3,micro_pcb_images,https://www.kaggle.com/datasets/frettapper/micropcb-images,CC BY 4.0,https://creativecommons.org/licenses/by/4.0/,raspberry_pi_sbc,raspberry_pi_1_b_plus,I,B,E,B,3,IBEB,train,train,NOT_VERIFIED,train_coded/train_coded/IBEB3.jpg,6821ca1f9f13eb5e0879fc9cbfdd44469bac3b3f480d82a3541a603077d945d7,1861,2055,264,165,1350,1726,10.13311529,1.054056609
micro_pcb_v2_IBEB4,micro_pcb_images,https://www.kaggle.com/datasets/frettapper/micropcb-images,CC BY 4.0,https://creativecommons.org/licenses/by/4.0/,raspberry_pi_sbc,raspberry_pi_1_b_plus,I,B,E,B,4,IBEB,train,train,NOT_VERIFIED,train_coded/train_coded/IBEB4.jpg,15ad486f089306e55b2dc44bede1d1e1d1cb0fc3bac4996ffb1e3918bf2e911b,1865,2059,260,165,1358,1730,10.31295134,1.051398249
micro_pcb_v2_IBEC1,micro_pcb_images,https://www.kaggle.com/datasets/frettapper/micropcb-images,CC BY 4.0,https://creativecommons.org/licenses/by/4.0/,raspberry_pi_sbc,raspberry_pi_1_b_plus,I,B,E,C,1,IBEC,train,train,NOT_VERIFIED,train_coded/train_coded/IBEC1.jpg,acaa166ebc6301e0935ddfae7cdeb3bb943a314f7c33b44bb7f6970a3460fa4c,1739,1815,252,164,1241,1482,12.09940453,1.000805166
micro_pcb_v2_IBEC2,micro_pcb_images,https://www.kaggle.com/datasets/frettapper/micropcb-images,CC BY 4.0,https://creativecommons.org/licenses/by/4.0/,raspberry_pi_sbc,raspberry_pi_1_b_plus,I,B,E,C,2,IBEC,train,train,NOT_VERIFIED,train_coded/train_coded/IBEC2.jpg,cc23620ff460c9e1bc0ff650c7fc407a12484e9325842455149d5d0cb10d991e,1724,1806,248,164,1230,1475,11.59237809,0.999263624
micro_pcb_v2_IBEC3,micro_pcb_images,https://www.kaggle.com/datasets/frettapper/micropcb-images,CC BY 4.0,https://creativecommons.org/licenses/by/4.0/,raspberry_pi_sbc,raspberry_pi_1_b_plus,I,B,E,C,3,IBEC,train,train,NOT_VERIFIED,train_coded/train_coded/IBEC3.jpg,d55843300183a35a42417b6381dcfea10fdd3cd87b078348bcd1de966f622431,1716,1803,246,165,1223,1472,11.19654653,0.998862734
micro_pcb_v2_IBEC4,micro_pcb_images,https://www.kaggle.com/datasets/frettapper/micropcb-images,CC BY 4.0,https://creativecommons.org/licenses/by/4.0/,raspberry_pi_sbc,raspberry_pi_1_b_plus,I,B,E,C,4,IBEC,train,train,NOT_VERIFIED,train_coded/train_coded/IBEC4.jpg,868362584b1efadc31a7bed42bd2e2414f78186f55a91b5c1c4972e696cd8f28,1714,1796,251,164,1216,1467,10.92354378,0.992252389
micro_pcb_v2_IBED1,micro_pcb_images,https://www.kaggle.com/datasets/frettapper/micropcb-images,CC BY 4.0,https://creativecommons.org/licenses/by/4.0/,raspberry_pi_sbc,raspberry_pi_1_b_plus,I,B,E,D,1,IBED,train,train,NOT_VERIFIED,train_coded/train_coded/IBED1.jpg,a6047b1cbafa24c174df30baf84c92b170fbcb52c04c9d5ed6611828e6fb373e,1758,1710,256,164,1257,1381,15.67795957,0.967455393
micro_pcb_v2_IBED2,micro_pcb_images,https://www.kaggle.com/datasets/frettapper/micropcb-images,CC BY 4.0,https://creativecommons.org/licenses/by/4.0/,raspberry_pi_sbc,raspberry_pi_1_b_plus,I,B,E,D,2,IBED,train,train,NOT_VERIFIED,train_coded/train_coded/IBED2.jpg,f61583316104feb9fd7f0d9a27297ab3ab8eafc40b4a65b8690e3a1f09f85f9c,1749,1710,256,164,1247,1381,14.87595662,0.95859883
micro_pcb_v2_IBED3,micro_pcb_images,https://www.kaggle.com/datasets/frettapper/micropcb-images,CC BY 4.0,https://creativecommons.org/licenses/by/4.0/,raspberry_pi_sbc,raspberry_pi_1_b_plus,I,B,E,D,3,IBED,train,train,NOT_VERIFIED,train_coded/train_coded/IBED3.jpg,dd689f2cdc3cc3321ed7845ed1c7949ede03ff2237fc3d170bf40544890b3e7f,1748,1710,255,165,1248,1380,14.80172432,0.958340447
micro_pcb_v2_IBED4,micro_pcb_images,https://www.kaggle.com/datasets/frettapper/micropcb-images,CC BY 4.0,https://creativecommons.org/licenses/by/4.0/,raspberry_pi_sbc,raspberry_pi_1_b_plus,I,B,E,D,4,IBED,train,train,NOT_VERIFIED,train_coded/train_coded/IBED4.jpg,d4d630329e812c3c1194ed4be777917861b2d99bc970398dfa0343eea7220aa1,1759,1711,263,165,1250,1381,15.0866504,0.960238164
micro_pcb_v2_IBEE1,micro_pcb_images,https://www.kaggle.com/datasets/frettapper/micropcb-images,CC BY 4.0,https://creativecommons.org/licenses/by/4.0/,raspberry_pi_sbc,raspberry_pi_1_b_plus,I,B,E,E,1,IBEE,train,train,NOT_VERIFIED,train_coded/train_coded/IBEE1.jpg,1d78beef31ed92a07cad663a1e8a987e7f853955eef3ae56fa614a1e0a12b09a,1678,1547,254,164,1178,1219,15.38097703,0.860815353
micro_pcb_v2_IBEE2,micro_pcb_images,https://www.kaggle.com/datasets/frettapper/micropcb-images,CC BY 4.0,https://creativecommons.org/licenses/by/4.0/,raspberry_pi_sbc,raspberry_pi_1_b_plus,I,B,E,E,2,IBEE,train,train,NOT_VERIFIED,train_coded/train_coded/IBEE2.jpg,d18bf09e9691569390a68f7c661caf479d63805bdbc8fe1aba14bacc3d37d5b3,1665,1545,252,164,1166,1217,14.84603177,0.848835849
micro_pcb_v2_IBEE3,micro_pcb_images,https://www.kaggle.com/datasets/frettapper/micropcb-images,CC BY 4.0,https://creativecommons.org/licenses/by/4.0/,raspberry_pi_sbc,raspberry_pi_1_b_plus,I,B,E,E,3,IBEE,train,train,NOT_VERIFIED,train_coded/train_coded/IBEE3.jpg,3454d26abad6cd247677b66189945f5e8c36dddcb8ef6b44e3bcc7ca5f847282,1665,1545,254,164,1166,1217,14.70971791,0.847049223
micro_pcb_v2_IBEE4,micro_pcb_images,https://www.kaggle.com/datasets/frettapper/micropcb-images,CC BY 4.0,https://creativecommons.org/licenses/by/4.0/,raspberry_pi_sbc,raspberry_pi_1_b_plus,I,B,E,E,4,IBEE,train,train,NOT_VERIFIED,train_coded/train_coded/IBEE4.jpg,3c3813a919f103886acf54cf1c97bc4e5645e58c7faa733dccca1663354a1c02,1669,1545,256,164,1166,1217,15.01492413,0.854566457
micro_pcb_v2_ICAA1,micro_pcb_images,https://www.kaggle.com/datasets/frettapper/micropcb-images,CC BY 4.0,https://creativecommons.org/licenses/by/4.0/,raspberry_pi_sbc,raspberry_pi_1_b_plus,I,C,A,A,1,ICAA,train,train,NOT_VERIFIED,train_coded/train_coded/ICAA1.jpg,efae7074a361a6b213c6058cd02e38301786094c00704aabc5fd4c490c0230d6,1506,1571,247,166,1011,1241,7.221140728,1.097304945
micro_pcb_v2_ICAA2,micro_pcb_images,https://www.kaggle.com/datasets/frettapper/micropcb-images,CC BY 4.0,https://creativecommons.org/licenses/by/4.0/,raspberry_pi_sbc,raspberry_pi_1_b_plus,I,C,A,A,2,ICAA,train,train,NOT_VERIFIED,train_coded/train_coded/ICAA2.jpg,f923cdbb295e29f7ac903f63b5367277a50689b5e9c86f64620b02a07da88d62,1507,1577,246,167,1008,1246,6.97413648,1.098010659
micro_pcb_v2_ICAA3,micro_pcb_images,https://www.kaggle.com/datasets/frettapper/micropcb-images,CC BY 4.0,https://creativecommons.org/licenses/by/4.0/,raspberry_pi_sbc,raspberry_pi_1_b_plus,I,C,A,A,3,ICAA,train,train,NOT_VERIFIED,train_coded/train_coded/ICAA3.jpg,17469a68f2eb1a7c6af569e4eb4e1d099947cb4f0c931ca94b660899def3991f,1506,1573,247,167,1009,1242,7.12966959,1.103892546
micro_pcb_v2_ICAA4,micro_pcb_images,https://www.kaggle.com/datasets/frettapper/micropcb-images,CC BY 4.0,https://creativecommons.org/licenses/by/4.0/,raspberry_pi_sbc,raspberry_pi_1_b_plus,I,C,A,A,4,ICAA,train,train,NOT_VERIFIED,train_coded/train_coded/ICAA4.jpg,b7d41b6f5b9cf893a9d13c791e87e95f0840046b87753db3ec44ebb42dbe6bbc,1506,1575,246,168,1010,1242,7.159263397,1.104548012
micro_pcb_v2_ICAB1,micro_pcb_images,https://www.kaggle.com/datasets/frettapper/micropcb-images,CC BY 4.0,https://creativecommons.org/licenses/by/4.0/,raspberry_pi_sbc,raspberry_pi_1_b_plus,I,C,A,B,1,ICAB,train,train,NOT_VERIFIED,train_coded/train_coded/ICAB1.jpg,0febc5ea98c6be9b6c0b7ad71c8b96e97f82a177fc11fc36a5690c1aca7e4b5b,1544,1666,246,170,1045,1332,5.452214047,1.056294577
micro_pcb_v2_ICAB2,micro_pcb_images,https://www.kaggle.com/datasets/frettapper/micropcb-images,CC BY 4.0,https://creativecommons.org/licenses/by/4.0/,raspberry_pi_sbc,raspberry_pi_1_b_plus,I,C,A,B,2,ICAB,train,train,NOT_VERIFIED,train_coded/train_coded/ICAB2.jpg,0205c5af898bbaffa2249760dedcdf1890c8ed9ea16564a1f83ec2317aa0f384,1555,1661,247,170,1054,1326,5.863144206,1.057718573
micro_pcb_v2_ICAB3,micro_pcb_images,https://www.kaggle.com/datasets/frettapper/micropcb-images,CC BY 4.0,https://creativecommons.org/licenses/by/4.0/,raspberry_pi_sbc,raspberry_pi_1_b_plus,I,C,A,B,3,ICAB,train,train,NOT_VERIFIED,train_coded/train_coded/ICAB3.jpg,3bcf10ff57a671250977adf07c1fd0d0baf2ca7d17dfdeedd19078be546e838f,1553,1662,247,170,1055,1328,5.815074525,1.058965282
micro_pcb_v2_ICAB4,micro_pcb_images,https://www.kaggle.com/datasets/frettapper/micropcb-images,CC BY 4.0,https://creativecommons.org/licenses/by/4.0/,raspberry_pi_sbc,raspberry_pi_1_b_plus,I,C,A,B,4,ICAB,train,train,NOT_VERIFIED,train_coded/train_coded/ICAB4.jpg,203244383a5b648af6381cccb98826fa45827fbd6d401b8d3e6377f748db6137,1563,1655,247,169,1064,1322,6.193699459,1.046943853
micro_pcb_v2_ICAC1,micro_pcb_images,https://www.kaggle.com/datasets/frettapper/micropcb-images,CC BY 4.0,https://creativecommons.org/licenses/by/4.0/,raspberry_pi_sbc,raspberry_pi_1_b_plus,I,C,A,C,1,ICAC,train,train,NOT_VERIFIED,train_coded/train_coded/ICAC1.jpg,b5bcbb2615ef51b3fc37330394f8d3bc4122ecff12b154e18b73b0db2e5ea2de,1705,1873,248,165,1208,1540,4.423256341,0.947696168
micro_pcb_v2_ICAC2,micro_pcb_images,https://www.kaggle.com/datasets/frettapper/micropcb-images,CC BY 4.0,https://creativecommons.org/licenses/by/4.0/,raspberry_pi_sbc,raspberry_pi_1_b_plus,I,C,A,C,2,ICAC,train,train,NOT_VERIFIED,train_coded/train_coded/ICAC2.jpg,ec15006fe70c664ee370cbf16944d5b84b968256e0649ee10389be46274b7246,1718,1870,248,165,1222,1538,4.927314583,0.948272243
micro_pcb_v2_ICAC3,micro_pcb_images,https://www.kaggle.com/datasets/frettapper/micropcb-images,CC BY 4.0,https://creativecommons.org/licenses/by/4.0/,raspberry_pi_sbc,raspberry_pi_1_b_plus,I,C,A,C,3,ICAC,train,train,NOT_VERIFIED,train_coded/train_coded/ICAC3.jpg,859fc1296a6b44a782f1da77983c3e549dd7a95772852f3d4954be260410d6c0,1722,1871,247,164,1225,1541,4.958370791,0.9301891
micro_pcb_v2_ICAC4,micro_pcb_images,https://www.kaggle.com/datasets/frettapper/micropcb-images,CC BY 4.0,https://creativecommons.org/licenses/by/4.0/,raspberry_pi_sbc,raspberry_pi_1_b_plus,I,C,A,C,4,ICAC,train,train,NOT_VERIFIED,train_coded/train_coded/ICAC4.jpg,d125ebba865494dca5e8bb6b518fac2abd52802f88779a81b07a8160e3a376d3,1717,1870,247,164,1219,1540,4.756332463,0.936934932
micro_pcb_v2_ICAD1,micro_pcb_images,https://www.kaggle.com/datasets/frettapper/micropcb-images,CC BY 4.0,https://creativecommons.org/licenses/by/4.0/,raspberry_pi_sbc,raspberry_pi_1_b_plus,I,C,A,D,1,ICAD,train,train,NOT_VERIFIED,train_coded/train_coded/ICAD1.jpg,745e009e8c5eeafb0d975f5808fe260dfe66797ed666bd6c50af095437261356,1719,1830,246,164,1221,1503,2.83139607,0.948122
micro_pcb_v2_ICAD2,micro_pcb_images,https://www.kaggle.com/datasets/frettapper/micropcb-images,CC BY 4.0,https://creativecommons.org/licenses/by/4.0/,raspberry_pi_sbc,raspberry_pi_1_b_plus,I,C,A,D,2,ICAD,train,train,NOT_VERIFIED,train_coded/train_coded/ICAD2.jpg,88c4a1e0acb4a92760d0d636ce53ac2b0327ad8ce78b0f8de699d4dec92ed470,1697,1821,247,164,1199,1496,1.96305141,0.946286762
micro_pcb_v2_ICAD3,micro_pcb_images,https://www.kaggle.com/datasets/frettapper/micropcb-images,CC BY 4.0,https://creativecommons.org/licenses/by/4.0/,raspberry_pi_sbc,raspberry_pi_1_b_plus,I,C,A,D,3,ICAD,train,train,NOT_VERIFIED,train_coded/train_coded/ICAD3.jpg,807985be4431315888814322d9f5736b48722b8ab5391b84d59fe759425f344e,1698,1825,246,163,1207,1498,2.310742534,0.96376159
micro_pcb_v2_ICAD4,micro_pcb_images,https://www.kaggle.com/datasets/frettapper/micropcb-images,CC BY 4.0,https://creativecommons.org/licenses/by/4.0/,raspberry_pi_sbc,raspberry_pi_1_b_plus,I,C,A,D,4,ICAD,train,train,NOT_VERIFIED,train_coded/train_coded/ICAD4.jpg,5d50f58f1c423c4513177cad7423e9c131fc5f7e8d693530aa527e9838856acd,1717,1830,246,164,1211,1502,2.330565669,0.935531648
micro_pcb_v2_ICAE1,micro_pcb_images,https://www.kaggle.com/datasets/frettapper/micropcb-images,CC BY 4.0,https://creativecommons.org/licenses/by/4.0/,raspberry_pi_sbc,raspberry_pi_1_b_plus,I,C,A,E,1,ICAE,train,train,NOT_VERIFIED,train_coded/train_coded/ICAE1.jpg,c9a9dd132f7671db9364a79355dbac9965c659f5b89e103a6ba62f33281d87d5,1546,1707,246,164,1053,1377,0.654095282,0.90086601
micro_pcb_v2_ICAE2,micro_pcb_images,https://www.kaggle.com/datasets/frettapper/micropcb-images,CC BY 4.0,https://creativecommons.org/licenses/by/4.0/,raspberry_pi_sbc,raspberry_pi_1_b_plus,I,C,A,E,2,ICAE,train,train,NOT_VERIFIED,train_coded/train_coded/ICAE2.jpg,bd089f5364c71e6e740b47527fd699b8702bac09dea902216a2ae50943bb83a3,1547,1703,246,164,1052,1374,1.205367212,0.909155522
micro_pcb_v2_ICAE3,micro_pcb_images,https://www.kaggle.com/datasets/frettapper/micropcb-images,CC BY 4.0,https://creativecommons.org/licenses/by/4.0/,raspberry_pi_sbc,raspberry_pi_1_b_plus,I,C,A,E,3,ICAE,train,train,NOT_VERIFIED,train_coded/train_coded/ICAE3.jpg,4a97a555b52e7f1bcdc0dab20eab2b29d0be9b2c109a14ad64785c37629fd4b9,1555,1704,246,164,1061,1376,1.384814992,0.903098026
micro_pcb_v2_ICAE4,micro_pcb_images,https://www.kaggle.com/datasets/frettapper/micropcb-images,CC BY 4.0,https://creativecommons.org/licenses/by/4.0/,raspberry_pi_sbc,raspberry_pi_1_b_plus,I,C,A,E,4,ICAE,train,train,NOT_VERIFIED,train_coded/train_coded/ICAE4.jpg,b33f9665c5915a9b674cff1f138f183fd198cead09178ca62aefc1bf930e8812,1556,1711,246,164,1057,1382,1.247211307,0.90645817
micro_pcb_v2_ICBA1,micro_pcb_images,https://www.kaggle.com/datasets/frettapper/micropcb-images,CC BY 4.0,https://creativecommons.org/licenses/by/4.0/,raspberry_pi_sbc,raspberry_pi_1_b_plus,I,C,B,A,1,ICBA,train,train,NOT_VERIFIED,train_coded/train_coded/ICBA1.jpg,a3bfb5fdc2e21e9e51e773d26dc146a8a9336ab201af7eecd8db5d0c006e808d,1690,1614,247,169,1170,1281,7.245475822,1.086686009
micro_pcb_v2_ICBA2,micro_pcb_images,https://www.kaggle.com/datasets/frettapper/micropcb-images,CC BY 4.0,https://creativecommons.org/licenses/by/4.0/,raspberry_pi_sbc,raspberry_pi_1_b_plus,I,C,B,A,2,ICBA,train,train,NOT_VERIFIED,train_coded/train_coded/ICBA2.jpg,72b582d6a37085eb44905b8167111df970783de55bbc0e00e3cfa6628730be4d,1689,1609,247,170,1178,1275,7.657360464,1.0836899
micro_pcb_v2_ICBA3,micro_pcb_images,https://www.kaggle.com/datasets/frettapper/micropcb-images,CC BY 4.0,https://creativecommons.org/licenses/by/4.0/,raspberry_pi_sbc,raspberry_pi_1_b_plus,I,C,B,A,3,ICBA,train,train,NOT_VERIFIED,train_coded/train_coded/ICBA3.jpg,800266beb47f1a318405630e5dabc548e7a30041c06c1c83100dc1f603a819cb,1686,1613,246,167,1175,1282,7.470845886,1.08479318
micro_pcb_v2_ICBA4,micro_pcb_images,https://www.kaggle.com/datasets/frettapper/micropcb-images,CC BY 4.0,https://creativecommons.org/licenses/by/4.0/,raspberry_pi_sbc,raspberry_pi_1_b_plus,I,C,B,A,4,ICBA,train,train,NOT_VERIFIED,train_coded/train_coded/ICBA4.jpg,0cc9eacb250d78639b4c84012a5f3df5382d1cfb92b003374c2f57d3f12f5c74,1699,1607,246,170,1181,1274,7.858403319,1.086142091
micro_pcb_v2_ICBB1,micro_pcb_images,https://www.kaggle.com/datasets/frettapper/micropcb-images,CC BY 4.0,https://creativecommons.org/licenses/by/4.0/,raspberry_pi_sbc,raspberry_pi_1_b_plus,I,C,B,B,1,ICBB,train,train,NOT_VERIFIED,train_coded/train_coded/ICBB1.jpg,8fb0cc84e886bec1e9eb427ec233349399d7976e82556b119c9ea1e12a816826,1651,1686,245,170,1142,1352,5.849988942,1.053310145
micro_pcb_v2_ICBB2,micro_pcb_images,https://www.kaggle.com/datasets/frettapper/micropcb-images,CC BY 4.0,https://creativecommons.org/licenses/by/4.0/,raspberry_pi_sbc,raspberry_pi_1_b_plus,I,C,B,B,2,ICBB,train,train,NOT_VERIFIED,train_coded/train_coded/ICBB2.jpg,2fffe48d0a15cfff9324b169bffccec29cd40d8e2ab7a51bf89426bd3a715f5d,1652,1687,245,167,1144,1356,5.775355977,1.051657004
micro_pcb_v2_ICBB3,micro_pcb_images,https://www.kaggle.com/datasets/frettapper/micropcb-images,CC BY 4.0,https://creativecommons.org/licenses/by/4.0/,raspberry_pi_sbc,raspberry_pi_1_b_plus,I,C,B,B,3,ICBB,train,train,NOT_VERIFIED,train_coded/train_coded/ICBB3.jpg,2e41f71cbd611f6f583d9645ad7217954d064c1b4fa8762db9be2d9b0be04b23,1646,1690,245,169,1138,1357,5.599710813,1.053404739
micro_pcb_v2_ICBB4,micro_pcb_images,https://www.kaggle.com/datasets/frettapper/micropcb-images,CC BY 4.0,https://creativecommons.org/licenses/by/4.0/,raspberry_pi_sbc,raspberry_pi_1_b_plus,I,C,B,B,4,ICBB,train,train,NOT_VERIFIED,train_coded/train_coded/ICBB4.jpg,9090d8e93fbc1fb2666033155b5d5f5650ed7813b67e3a16490480cd86713db2,1662,1688,245,171,1145,1352,5.846961231,1.051948472
micro_pcb_v2_ICBC1,micro_pcb_images,https://www.kaggle.com/datasets/frettapper/micropcb-images,CC BY 4.0,https://creativecommons.org/licenses/by/4.0/,raspberry_pi_sbc,raspberry_pi_1_b_plus,I,C,B,C,1,ICBC,train,train,NOT_VERIFIED,train_coded/train_coded/ICBC1.jpg,bfd1982299a3f82cd3de864edb2e7c829d6b5cb5d63a771e76cc7c8b2f4863d1,1727,1884,246,180,1217,1540,0.065975696,1.015214721
micro_pcb_v2_ICBC2,micro_pcb_images,https://www.kaggle.com/datasets/frettapper/micropcb-images,CC BY 4.0,https://creativecommons.org/licenses/by/4.0/,raspberry_pi_sbc,raspberry_pi_1_b_plus,I,C,B,C,2,ICBC,train,train,NOT_VERIFIED,train_coded/train_coded/ICBC2.jpg,b4f6d285a8ddd14c13e5aaed79ff240e86fbfb6bda72f16e7f04f3ef233a836d,1731,1887,246,180,1216,1543,0.079012337,1.019252888
micro_pcb_v2_ICBC3,micro_pcb_images,https://www.kaggle.com/datasets/frettapper/micropcb-images,CC BY 4.0,https://creativecommons.org/licenses/by/4.0/,raspberry_pi_sbc,raspberry_pi_1_b_plus,I,C,B,C,3,ICBC,train,train,NOT_VERIFIED,train_coded/train_coded/ICBC3.jpg,41ad1f5940976ee94a5d2aaa89da8221a95902b214be45821f1129598cc9c1e0,1733,1886,245,175,1212,1547,0.214494323,1.040380493
micro_pcb_v2_ICBC4,micro_pcb_images,https://www.kaggle.com/datasets/frettapper/micropcb-images,CC BY 4.0,https://creativecommons.org/licenses/by/4.0/,raspberry_pi_sbc,raspberry_pi_1_b_plus,I,C,B,C,4,ICBC,train,train,NOT_VERIFIED,train_coded/train_coded/ICBC4.jpg,ea1c209ed661bb5afa84d6fff7db44932a59eaf186fa66d305a6965e1d81c075,1735,1892,245,179,1216,1549,0.202156364,1.050745425
micro_pcb_v2_ICBD1,micro_pcb_images,https://www.kaggle.com/datasets/frettapper/micropcb-images,CC BY 4.0,https://creativecommons.org/licenses/by/4.0/,raspberry_pi_sbc,raspberry_pi_1_b_plus,I,C,B,D,1,ICBD,train,train,NOT_VERIFIED,train_coded/train_coded/ICBD1.jpg,3e15cbb0582612c1ba100f88a395c94118c556f4f416196109a7df9eae847fad,1851,2087,249,165,1332,1751,1.320291969,0.936079327
micro_pcb_v2_ICBD2,micro_pcb_images,https://www.kaggle.com/datasets/frettapper/micropcb-images,CC BY 4.0,https://creativecommons.org/licenses/by/4.0/,raspberry_pi_sbc,raspberry_pi_1_b_plus,I,C,B,D,2,ICBD,train,train,NOT_VERIFIED,train_coded/train_coded/ICBD2.jpg,4d9e23657c11166b2c812dde2a961dd6437028bb96c0b2c92398384e51916663,1849,2081,248,165,1330,1749,1.263236677,0.936725924
micro_pcb_v2_ICBD3,micro_pcb_images,https://www.kaggle.com/datasets/frettapper/micropcb-images,CC BY 4.0,https://creativecommons.org/licenses/by/4.0/,raspberry_pi_sbc,raspberry_pi_1_b_plus,I,C,B,D,3,ICBD,train,train,NOT_VERIFIED,train_coded/train_coded/ICBD3.jpg,dc0515e07a0b4960d8ddd708b862b76d301bcc86ba1cfdf366cbbba00601d0e5,1868,2085,247,165,1331,1748,1.309270613,0.93683522
micro_pcb_v2_ICBD4,micro_pcb_images,https://www.kaggle.com/datasets/frettapper/micropcb-images,CC BY 4.0,https://creativecommons.org/licenses/by/4.0/,raspberry_pi_sbc,raspberry_pi_1_b_plus,I,C,B,D,4,ICBD,train,train,NOT_VERIFIED,train_coded/train_coded/ICBD4.jpg,1470b8a1a31e93d399833fe906c437bc208546b86d08a20f0a2971426104a589,1859,2083,247,165,1331,1749,1.122782439,0.93478104
micro_pcb_v2_ICBE1,micro_pcb_images,https://www.kaggle.com/datasets/frettapper/micropcb-images,CC BY 4.0,https://creativecommons.org/licenses/by/4.0/,raspberry_pi_sbc,raspberry_pi_1_b_plus,I,C,B,E,1,ICBE,train,train,NOT_VERIFIED,train_coded/train_coded/ICBE1.jpg,9fc18be3cbe211ccf36f781f40c3327acbd2b71b8bd3870ec0670904bd08acfa,1725,1805,247,165,1231,1472,1.939653944,0.889077656
micro_pcb_v2_ICBE2,micro_pcb_images,https://www.kaggle.com/datasets/frettapper/micropcb-images,CC BY 4.0,https://creativecommons.org/licenses/by/4.0/,raspberry_pi_sbc,raspberry_pi_1_b_plus,I,C,B,E,2,ICBE,train,train,NOT_VERIFIED,train_coded/train_coded/ICBE2.jpg,a541b024c190dd6e75e91c029502fe13e1521c4a22fbf4df92efac8528ccd4b7,1726,1808,247,164,1232,1476,2.079458018,0.889551531
micro_pcb_v2_ICBE3,micro_pcb_images,https://www.kaggle.com/datasets/frettapper/micropcb-images,CC BY 4.0,https://creativecommons.org/licenses/by/4.0/,raspberry_pi_sbc,raspberry_pi_1_b_plus,I,C,B,E,3,ICBE,train,train,NOT_VERIFIED,train_coded/train_coded/ICBE3.jpg,3ef73b3d17b4815a4e78fe7865a99836ca45757d38278e46b084f2f8d19a9275,1732,1803,247,165,1229,1471,1.758228815,0.89037653
micro_pcb_v2_ICBE4,micro_pcb_images,https://www.kaggle.com/datasets/frettapper/micropcb-images,CC BY 4.0,https://creativecommons.org/licenses/by/4.0/,raspberry_pi_sbc,raspberry_pi_1_b_plus,I,C,B,E,4,ICBE,train,train,NOT_VERIFIED,train_coded/train_coded/ICBE4.jpg,a7774d975ea352713de3a4fbc60b0d97cea8a4c72c98422e7ccaf84fba89a3bb,1723,1802,247,165,1228,1468,1.773228246,0.8892112
micro_pcb_v2_ICCA1,micro_pcb_images,https://www.kaggle.com/datasets/frettapper/micropcb-images,CC BY 4.0,https://creativecommons.org/licenses/by/4.0/,raspberry_pi_sbc,raspberry_pi_1_b_plus,I,C,C,A,1,ICCA,train,train,NOT_VERIFIED,train_coded/train_coded/ICCA1.jpg,9655fc25634937ce5c0c85cdff12740888f9776f50bf3fcf2699c6ebf5ae094d,1557,1515,247,168,1063,1184,2.915036174,1.122004727
micro_pcb_v2_ICCA2,micro_pcb_images,https://www.kaggle.com/datasets/frettapper/micropcb-images,CC BY 4.0,https://creativecommons.org/licenses/by/4.0/,raspberry_pi_sbc,raspberry_pi_1_b_plus,I,C,C,A,2,ICCA,train,train,NOT_VERIFIED,train_coded/train_coded/ICCA2.jpg,20d525a580d0de9faaf8fc8450e9b26c06cee0438d2723f6f31e0a3378a10324,1556,1516,246,168,1064,1185,3.029248527,1.121453405
micro_pcb_v2_ICCA3,micro_pcb_images,https://www.kaggle.com/datasets/frettapper/micropcb-images,CC BY 4.0,https://creativecommons.org/licenses/by/4.0/,raspberry_pi_sbc,raspberry_pi_1_b_plus,I,C,C,A,3,ICCA,train,train,NOT_VERIFIED,train_coded/train_coded/ICCA3.jpg,307557148ae5be7b7f3bd7eca93f2cf79d81c2bf836a307ff1bbb7710679bbec,1557,1524,246,172,1064,1189,2.944904128,1.123866366
micro_pcb_v2_ICCA4,micro_pcb_images,https://www.kaggle.com/datasets/frettapper/micropcb-images,CC BY 4.0,https://creativecommons.org/licenses/by/4.0/,raspberry_pi_sbc,raspberry_pi_1_b_plus,I,C,C,A,4,ICCA,train,train,NOT_VERIFIED,train_coded/train_coded/ICCA4.jpg,fab1e3c5823a6f23ea8f7224eee33509fb66a9543b79353d5f59b277d539000e,1557,1516,246,169,1064,1184,3.05214646,1.123080357
micro_pcb_v2_ICCB1,micro_pcb_images,https://www.kaggle.com/datasets/frettapper/micropcb-images,CC BY 4.0,https://creativecommons.org/licenses/by/4.0/,raspberry_pi_sbc,raspberry_pi_1_b_plus,I,C,C,B,1,ICCB,train,train,NOT_VERIFIED,train_coded/train_coded/ICCB1.jpg,d803ecae123ab1c8da9563d081af9da226156347aa95194cc7eda44a245cdaaf,1660,1783,247,176,1162,1439,1.780199118,1.073211443
micro_pcb_v2_ICCB2,micro_pcb_images,https://www.kaggle.com/datasets/frettapper/micropcb-images,CC BY 4.0,https://creativecommons.org/licenses/by/4.0/,raspberry_pi_sbc,raspberry_pi_1_b_plus,I,C,C,B,2,ICCB,train,train,NOT_VERIFIED,train_coded/train_coded/ICCB2.jpg,e6a2098aa2882ae7b4c20aa9c4f382eb642d5f9a3b17d3564437159adf7c4dcd,1653,1783,248,177,1159,1437,1.538241017,1.071304751
micro_pcb_v2_ICCB3,micro_pcb_images,https://www.kaggle.com/datasets/frettapper/micropcb-images,CC BY 4.0,https://creativecommons.org/licenses/by/4.0/,raspberry_pi_sbc,raspberry_pi_1_b_plus,I,C,C,B,3,ICCB,train,train,NOT_VERIFIED,train_coded/train_coded/ICCB3.jpg,145703afeeff3baeec81a9fb966f189c2115d40399cfcfeb1afcc148bf9b8635,1652,1778,248,173,1157,1434,1.595558937,1.072343519
micro_pcb_v2_ICCB4,micro_pcb_images,https://www.kaggle.com/datasets/frettapper/micropcb-images,CC BY 4.0,https://creativecommons.org/licenses/by/4.0/,raspberry_pi_sbc,raspberry_pi_1_b_plus,I,C,C,B,4,ICCB,train,train,NOT_VERIFIED,train_coded/train_coded/ICCB4.jpg,57a5aa997ef0619bb57a31ae2589da3bd5e2e5b3e5f7af4ac604bbaaeb9a31e0,1652,1782,247,177,1159,1435,1.65494872,1.072050659
micro_pcb_v2_ICCC1,micro_pcb_images,https://www.kaggle.com/datasets/frettapper/micropcb-images,CC BY 4.0,https://creativecommons.org/licenses/by/4.0/,raspberry_pi_sbc,raspberry_pi_1_b_plus,I,C,C,C,1,ICCC,train,train,NOT_VERIFIED,train_coded/train_coded/ICCC1.jpg,ac5c8e22cd3102f0172e22659771557d6a5d29beece23edf192766844e8f1d24,1681,1873,266,165,1148,1537,0.435964915,0.991292083
micro_pcb_v2_ICCC2,micro_pcb_images,https://www.kaggle.com/datasets/frettapper/micropcb-images,CC BY 4.0,https://creativecommons.org/licenses/by/4.0/,raspberry_pi_sbc,raspberry_pi_1_b_plus,I,C,C,C,2,ICCC,train,train,NOT_VERIFIED,train_coded/train_coded/ICCC2.jpg,12c9c4b4f08c413a8888b198c4d43b4feeabba9dd180f5c35449446eda15210a,1668,1871,250,165,1158,1538,0.824735657,0.989156861
micro_pcb_v2_ICCC3,micro_pcb_images,https://www.kaggle.com/datasets/frettapper/micropcb-images,CC BY 4.0,https://creativecommons.org/licenses/by/4.0/,raspberry_pi_sbc,raspberry_pi_1_b_plus,I,C,C,C,3,ICCC,train,train,NOT_VERIFIED,train_coded/train_coded/ICCC3.jpg,a3600b1eda98e8fa3faa611e3c67900e32b2c28eb33f0e0f62cf03aaa10b1aa6,1668,1871,247,164,1160,1538,0.95304207,0.990850325
micro_pcb_v2_ICCC4,micro_pcb_images,https://www.kaggle.com/datasets/frettapper/micropcb-images,CC BY 4.0,https://creativecommons.org/licenses/by/4.0/,raspberry_pi_sbc,raspberry_pi_1_b_plus,I,C,C,C,4,ICCC,train,train,NOT_VERIFIED,train_coded/train_coded/ICCC4.jpg,be73b53239dee7b2904dd028519722552b72d307f2287e98afef7b86cd74c88e,1658,1870,248,165,1151,1537,0.584796874,0.990503706
micro_pcb_v2_ICCD1,micro_pcb_images,https://www.kaggle.com/datasets/frettapper/micropcb-images,CC BY 4.0,https://creativecommons.org/licenses/by/4.0/,raspberry_pi_sbc,raspberry_pi_1_b_plus,I,C,C,D,1,ICCD,train,train,NOT_VERIFIED,train_coded/train_coded/ICCD1.jpg,0f26adc7cef7d3bcc106cb3fdacb61d1660d5ba3bdd92c92f9e098d9c3d3fbed,1652,1872,249,165,1155,1538,0.956966357,0.939509281
micro_pcb_v2_ICCD2,micro_pcb_images,https://www.kaggle.com/datasets/frettapper/micropcb-images,CC BY 4.0,https://creativecommons.org/licenses/by/4.0/,raspberry_pi_sbc,raspberry_pi_1_b_plus,I,C,C,D,2,ICCD,train,train,NOT_VERIFIED,train_coded/train_coded/ICCD2.jpg,d468c0fff620e0273cb3d271a96941ddb586356af554d230dd923ef19007d8d7,1652,1867,249,165,1156,1534,0.649746952,0.939020734
micro_pcb_v2_ICCD3,micro_pcb_images,https://www.kaggle.com/datasets/frettapper/micropcb-images,CC BY 4.0,https://creativecommons.org/licenses/by/4.0/,raspberry_pi_sbc,raspberry_pi_1_b_plus,I,C,C,D,3,ICCD,train,train,NOT_VERIFIED,train_coded/train_coded/ICCD3.jpg,6fbfd1d8249e579722ebd3f731affc1d635d8d2f817e471a27c747d0375aebcd,1659,1874,249,165,1156,1541,1.470082126,0.938646642
micro_pcb_v2_ICCD4,micro_pcb_images,https://www.kaggle.com/datasets/frettapper/micropcb-images,CC BY 4.0,https://creativecommons.org/licenses/by/4.0/,raspberry_pi_sbc,raspberry_pi_1_b_plus,I,C,C,D,4,ICCD,train,train,NOT_VERIFIED,train_coded/train_coded/ICCD4.jpg,e5268179bc2ecd0a48f1e56522de2ea09764af6e8f2303bae338884fb18cab31,1650,1873,249,165,1153,1543,1.624087522,0.941096365
micro_pcb_v2_ICCE1,micro_pcb_images,https://www.kaggle.com/datasets/frettapper/micropcb-images,CC BY 4.0,https://creativecommons.org/licenses/by/4.0/,raspberry_pi_sbc,raspberry_pi_1_b_plus,I,C,C,E,1,ICCE,train,train,NOT_VERIFIED,train_coded/train_coded/ICCE1.jpg,dc6ee306fe20a7edef7569541a71020e4ba2352283027f880bcacc53444db58a,1583,1682,246,165,1090,1352,2.020013792,0.903323509
micro_pcb_v2_ICCE2,micro_pcb_images,https://www.kaggle.com/datasets/frettapper/micropcb-images,CC BY 4.0,https://creativecommons.org/licenses/by/4.0/,raspberry_pi_sbc,raspberry_pi_1_b_plus,I,C,C,E,2,ICCE,train,train,NOT_VERIFIED,train_coded/train_coded/ICCE2.jpg,4cb374bab6ac021bf286b78ef625063f24a8b23322ca213f8009ee5a0ff49909,1584,1681,246,165,1092,1351,1.901427457,0.900723072
micro_pcb_v2_ICCE3,micro_pcb_images,https://www.kaggle.com/datasets/frettapper/micropcb-images,CC BY 4.0,https://creativecommons.org/licenses/by/4.0/,raspberry_pi_sbc,raspberry_pi_1_b_plus,I,C,C,E,3,ICCE,train,train,NOT_VERIFIED,train_coded/train_coded/ICCE3.jpg,91d8eaee19974a2516ce37555f5db2002a62d260e20efad79052df0dfb2b572e,1582,1678,246,164,1090,1349,1.760297039,0.902073752
micro_pcb_v2_ICCE4,micro_pcb_images,https://www.kaggle.com/datasets/frettapper/micropcb-images,CC BY 4.0,https://creativecommons.org/licenses/by/4.0/,raspberry_pi_sbc,raspberry_pi_1_b_plus,I,C,C,E,4,ICCE,train,train,NOT_VERIFIED,train_coded/train_coded/ICCE4.jpg,7f2d1cf0f4812fcae06a001589cc0693f7bf1dae43725c24cd0ce4fc6dab944b,1583,1678,247,165,1089,1349,1.753195477,0.904068369
micro_pcb_v2_ICDA1,micro_pcb_images,https://www.kaggle.com/datasets/frettapper/micropcb-images,CC BY 4.0,https://creativecommons.org/licenses/by/4.0/,raspberry_pi_sbc,raspberry_pi_1_b_plus,I,C,D,A,1,ICDA,train,train,NOT_VERIFIED,train_coded/train_coded/ICDA1.jpg,6c706895c268a07e6f2ad1e24b0b44386ea28d9c817e3a1be49ea63d1ec54967,1721,1845,247,168,1228,1513,1.13667417,1.107216075
micro_pcb_v2_ICDA2,micro_pcb_images,https://www.kaggle.com/datasets/frettapper/micropcb-images,CC BY 4.0,https://creativecommons.org/licenses/by/4.0/,raspberry_pi_sbc,raspberry_pi_1_b_plus,I,C,D,A,2,ICDA,train,train,NOT_VERIFIED,train_coded/train_coded/ICDA2.jpg,91c605bde7551f7b01b855dddd4d56e08b8deccc1a0d060473cf6bc08f8775bd,1717,1841,247,171,1225,1505,0.834160844,1.105146898
micro_pcb_v2_ICDA3,micro_pcb_images,https://www.kaggle.com/datasets/frettapper/micropcb-images,CC BY 4.0,https://creativecommons.org/licenses/by/4.0/,raspberry_pi_sbc,raspberry_pi_1_b_plus,I,C,D,A,3,ICDA,train,train,NOT_VERIFIED,train_coded/train_coded/ICDA3.jpg,d61b53c5cbd6a398a0d0b56d2621fccaa8fbc16a5e2cb3068454159d81cbb02b,1722,1827,255,167,1220,1495,0.149262172,1.10373172
micro_pcb_v2_ICDA4,micro_pcb_images,https://www.kaggle.com/datasets/frettapper/micropcb-images,CC BY 4.0,https://creativecommons.org/licenses/by/4.0/,raspberry_pi_sbc,raspberry_pi_1_b_plus,I,C,D,A,4,ICDA,train,train,NOT_VERIFIED,train_coded/train_coded/ICDA4.jpg,968f209a16e7b9e050f4df11d1a19908102708cfd04763286d7a20d83a9bfdb1,1715,1828,248,168,1220,1496,0.109180462,1.105742167
micro_pcb_v2_ICDB1,micro_pcb_images,https://www.kaggle.com/datasets/frettapper/micropcb-images,CC BY 4.0,https://creativecommons.org/licenses/by/4.0/,raspberry_pi_sbc,raspberry_pi_1_b_plus,I,C,D,B,1,ICDB,train,train,NOT_VERIFIED,train_coded/train_coded/ICDB1.jpg,e5defb960bdf249f1a8a09ab165fd360e49c5e134767e0baab410574331536c6,1850,2025,291,169,1312,1691,0.334364569,1.047592585
micro_pcb_v2_ICDB2,micro_pcb_images,https://www.kaggle.com/datasets/frettapper/micropcb-images,CC BY 4.0,https://creativecommons.org/licenses/by/4.0/,raspberry_pi_sbc,raspberry_pi_1_b_plus,I,C,D,B,2,ICDB,train,train,NOT_VERIFIED,train_coded/train_coded/ICDB2.jpg,15ecf4dd8258f4b688833e5b896e40d86c6ab7e6f765c7f7d4221646f3fc7b8b,1832,2023,277,168,1307,1690,0.443591657,1.048087658
micro_pcb_v2_ICDB3,micro_pcb_images,https://www.kaggle.com/datasets/frettapper/micropcb-images,CC BY 4.0,https://creativecommons.org/licenses/by/4.0/,raspberry_pi_sbc,raspberry_pi_1_b_plus,I,C,D,B,3,ICDB,train,train,NOT_VERIFIED,train_coded/train_coded/ICDB3.jpg,dd0f353b677aa133644aa59d014eb53469b966a618a0bde6ff6f2a9394843a80,1839,2016,286,168,1306,1683,0.201737202,1.046631502
micro_pcb_v2_ICDB4,micro_pcb_images,https://www.kaggle.com/datasets/frettapper/micropcb-images,CC BY 4.0,https://creativecommons.org/licenses/by/4.0/,raspberry_pi_sbc,raspberry_pi_1_b_plus,I,C,D,B,4,ICDB,train,train,NOT_VERIFIED,train_coded/train_coded/ICDB4.jpg,17bb564b3d6ab83ac0920314d238e484aa6e58e1850b07b5479750afc0ba65c4,1853,2012,295,168,1310,1678,0.266156761,1.041333945
micro_pcb_v2_ICDC1,micro_pcb_images,https://www.kaggle.com/datasets/frettapper/micropcb-images,CC BY 4.0,https://creativecommons.org/licenses/by/4.0/,raspberry_pi_sbc,raspberry_pi_1_b_plus,I,C,D,C,1,ICDC,train,train,NOT_VERIFIED,train_coded/train_coded/ICDC1.jpg,5ee0023839d074c0bdc7a700ba611b35bb1766d839e07b8bf75e213554be9bd6,1621,1774,259,164,1117,1445,1.962653648,0.960268836
micro_pcb_v2_ICDC2,micro_pcb_images,https://www.kaggle.com/datasets/frettapper/micropcb-images,CC BY 4.0,https://creativecommons.org/licenses/by/4.0/,raspberry_pi_sbc,raspberry_pi_1_b_plus,I,C,D,C,2,ICDC,train,train,NOT_VERIFIED,train_coded/train_coded/ICDC2.jpg,1526f5ca1859e221b33e824db3d922709d2ff874e61c32bfd19dace94892f32a,1626,1774,264,164,1117,1443,2.238758666,0.953586199
micro_pcb_v2_ICDC3,micro_pcb_images,https://www.kaggle.com/datasets/frettapper/micropcb-images,CC BY 4.0,https://creativecommons.org/licenses/by/4.0/,raspberry_pi_sbc,raspberry_pi_1_b_plus,I,C,D,C,3,ICDC,train,train,NOT_VERIFIED,train_coded/train_coded/ICDC3.jpg,ca22016c00dc3d444cc2dc330498c1bf6041d898ac503002655b4c72ceea1ff4,1622,1775,257,165,1119,1444,2.423466904,0.952504797
micro_pcb_v2_ICDC4,micro_pcb_images,https://www.kaggle.com/datasets/frettapper/micropcb-images,CC BY 4.0,https://creativecommons.org/licenses/by/4.0/,raspberry_pi_sbc,raspberry_pi_1_b_plus,I,C,D,C,4,ICDC,train,train,NOT_VERIFIED,train_coded/train_coded/ICDC4.jpg,7b6e1f4ea9412bc8faeb918c6d020670e2506f72036eef68d17bad2862998a73,1631,1774,266,164,1119,1444,2.508880048,0.955123849
micro_pcb_v2_ICDD1,micro_pcb_images,https://www.kaggle.com/datasets/frettapper/micropcb-images,CC BY 4.0,https://creativecommons.org/licenses/by/4.0/,raspberry_pi_sbc,raspberry_pi_1_b_plus,I,C,D,D,1,ICDD,train,train,NOT_VERIFIED,train_coded/train_coded/ICDD1.jpg,26329b170d1b6696e31346a34e188bd686ac437466a1a5be31869c359ec033e2,1652,1806,264,164,1141,1476,2.905097958,0.941556659
micro_pcb_v2_ICDD2,micro_pcb_images,https://www.kaggle.com/datasets/frettapper/micropcb-images,CC BY 4.0,https://creativecommons.org/licenses/by/4.0/,raspberry_pi_sbc,raspberry_pi_1_b_plus,I,C,D,D,2,ICDD,train,train,NOT_VERIFIED,train_coded/train_coded/ICDD2.jpg,95b9b6e86f7d9a29c3a715af87dc9ec6345db13f03bebdc0d82dd9d2a19cfc71,1659,1802,264,164,1149,1473,3.407652026,0.946772649
micro_pcb_v2_ICDD3,micro_pcb_images,https://www.kaggle.com/datasets/frettapper/micropcb-images,CC BY 4.0,https://creativecommons.org/licenses/by/4.0/,raspberry_pi_sbc,raspberry_pi_1_b_plus,I,C,D,D,3,ICDD,train,train,NOT_VERIFIED,train_coded/train_coded/ICDD3.jpg,0406a8ad7e94ec5d66f1fad5b37d6cda3aea2ad4ef8a34b4f56d2f8b6f4bb4f3,1646,1808,272,165,1127,1479,1.913442546,0.92112928
micro_pcb_v2_ICDD4,micro_pcb_images,https://www.kaggle.com/datasets/frettapper/micropcb-images,CC BY 4.0,https://creativecommons.org/licenses/by/4.0/,raspberry_pi_sbc,raspberry_pi_1_b_plus,I,C,D,D,4,ICDD,train,train,NOT_VERIFIED,train_coded/train_coded/ICDD4.jpg,ad7c87583cba79379b4d796c66d1bedefba90d50ebd7916d358f597b8aff5e1f,1641,1812,260,164,1134,1483,2.337044705,0.940376924
micro_pcb_v2_ICDE1,micro_pcb_images,https://www.kaggle.com/datasets/frettapper/micropcb-images,CC BY 4.0,https://creativecommons.org/licenses/by/4.0/,raspberry_pi_sbc,raspberry_pi_1_b_plus,I,C,D,E,1,ICDE,train,train,NOT_VERIFIED,train_coded/train_coded/ICDE1.jpg,469336a2a060833eb37bd722e0972164037ac82a09e1f7267187a207aab37515,1598,1631,267,165,1086,1301,4.069706659,0.87760185
micro_pcb_v2_ICDE2,micro_pcb_images,https://www.kaggle.com/datasets/frettapper/micropcb-images,CC BY 4.0,https://creativecommons.org/licenses/by/4.0/,raspberry_pi_sbc,raspberry_pi_1_b_plus,I,C,D,E,2,ICDE,train,train,NOT_VERIFIED,train_coded/train_coded/ICDE2.jpg,4065afa554b0d847b5ab75107ab4b0757a938f70b733c133df27a983d8c3d16f,1598,1630,266,164,1085,1301,4.208922816,0.881555348
micro_pcb_v2_ICDE3,micro_pcb_images,https://www.kaggle.com/datasets/frettapper/micropcb-images,CC BY 4.0,https://creativecommons.org/licenses/by/4.0/,raspberry_pi_sbc,raspberry_pi_1_b_plus,I,C,D,E,3,ICDE,train,train,NOT_VERIFIED,train_coded/train_coded/ICDE3.jpg,090ef08f3047efcd63d9bef6c76cdde20294249ba09f1a0fd4b05756073547ef,1592,1633,266,164,1080,1304,4.038638476,0.883688335
micro_pcb_v2_ICDE4,micro_pcb_images,https://www.kaggle.com/datasets/frettapper/micropcb-images,CC BY 4.0,https://creativecommons.org/licenses/by/4.0/,raspberry_pi_sbc,raspberry_pi_1_b_plus,I,C,D,E,4,ICDE,train,train,NOT_VERIFIED,train_coded/train_coded/ICDE4.jpg,4441e431fce866d9b624d2ef4d475a5d421ce311309303c0863f5f0dc294385d,1593,1633,267,164,1080,1304,3.832750662,0.875798452
micro_pcb_v2_ICEA1,micro_pcb_images,https://www.kaggle.com/datasets/frettapper/micropcb-images,CC BY 4.0,https://creativecommons.org/licenses/by/4.0/,raspberry_pi_sbc,raspberry_pi_1_b_plus,I,C,E,A,1,ICEA,train,train,NOT_VERIFIED,train_coded/train_coded/ICEA1.jpg,f5c62158d15f0a5720472f61b52ddb8eb01a4f848a2c0f9830ba59ac4d630806,1544,1705,266,165,1033,1375,2.133260224,1.074977726
micro_pcb_v2_ICEA2,micro_pcb_images,https://www.kaggle.com/datasets/frettapper/micropcb-images,CC BY 4.0,https://creativecommons.org/licenses/by/4.0/,raspberry_pi_sbc,raspberry_pi_1_b_plus,I,C,E,A,2,ICEA,train,train,NOT_VERIFIED,train_coded/train_coded/ICEA2.jpg,6672e84d9c537c60e22d53f3f676ef3d3d71783a1779eda4012dfd9424e2ad6f,1555,1700,271,164,1038,1371,3.129612377,1.052695977
micro_pcb_v2_ICEA3,micro_pcb_images,https://www.kaggle.com/datasets/frettapper/micropcb-images,CC BY 4.0,https://creativecommons.org/licenses/by/4.0/,raspberry_pi_sbc,raspberry_pi_1_b_plus,I,C,E,A,3,ICEA,train,train,NOT_VERIFIED,train_coded/train_coded/ICEA3.jpg,b9eb91f17f217dd3a52d3d5fbd8cb3aa7c66c11bbe87ab8d371ac6bffef171eb,1558,1701,271,165,1042,1370,2.213032574,1.08649059
micro_pcb_v2_ICEA4,micro_pcb_images,https://www.kaggle.com/datasets/frettapper/micropcb-images,CC BY 4.0,https://creativecommons.org/licenses/by/4.0/,raspberry_pi_sbc,raspberry_pi_1_b_plus,I,C,E,A,4,ICEA,train,train,NOT_VERIFIED,train_coded/train_coded/ICEA4.jpg,8769362ea4567ec91c90464c8785f9857081d8e040868c853f003af1416a7920,1551,1702,264,164,1042,1373,2.262028481,1.086306971
micro_pcb_v2_ICEB1,micro_pcb_images,https://www.kaggle.com/datasets/frettapper/micropcb-images,CC BY 4.0,https://creativecommons.org/licenses/by/4.0/,raspberry_pi_sbc,raspberry_pi_1_b_plus,I,C,E,B,1,ICEB,train,train,NOT_VERIFIED,train_coded/train_coded/ICEB1.jpg,4b2439857f8ad58b7a56df0450267b20393362d8058a4f115a0b007a876d6098,1698,1903,259,167,1193,1572,1.181774518,1.04599884
micro_pcb_v2_ICEB2,micro_pcb_images,https://www.kaggle.com/datasets/frettapper/micropcb-images,CC BY 4.0,https://creativecommons.org/licenses/by/4.0/,raspberry_pi_sbc,raspberry_pi_1_b_plus,I,C,E,B,2,ICEB,train,train,NOT_VERIFIED,train_coded/train_coded/ICEB2.jpg,f5d1b8d763a67ccb3c47299e5feb2eb71611fb46d15cc801d2592eec91ace313,1706,1905,263,167,1197,1574,0.642027886,1.062794764
micro_pcb_v2_ICEB3,micro_pcb_images,https://www.kaggle.com/datasets/frettapper/micropcb-images,CC BY 4.0,https://creativecommons.org/licenses/by/4.0/,raspberry_pi_sbc,raspberry_pi_1_b_plus,I,C,E,B,3,ICEB,train,train,NOT_VERIFIED,train_coded/train_coded/ICEB3.jpg,21afde9d86fb0eed99555fd97ac8c31cedcf98395f248edf451cd1030ca49f29,1722,1906,273,168,1203,1574,0.952758599,1.054581747
micro_pcb_v2_ICEB4,micro_pcb_images,https://www.kaggle.com/datasets/frettapper/micropcb-images,CC BY 4.0,https://creativecommons.org/licenses/by/4.0/,raspberry_pi_sbc,raspberry_pi_1_b_plus,I,C,E,B,4,ICEB,train,train,NOT_VERIFIED,train_coded/train_coded/ICEB4.jpg,e5ac265568e74920ffccc6e21475df2d20d3e00ced1fd5480b7ffecab98b7464,1722,1906,275,167,1201,1575,0.82531753,1.054178652
micro_pcb_v2_ICEC1,micro_pcb_images,https://www.kaggle.com/datasets/frettapper/micropcb-images,CC BY 4.0,https://creativecommons.org/licenses/by/4.0/,raspberry_pi_sbc,raspberry_pi_1_b_plus,I,C,E,C,1,ICEC,train,train,NOT_VERIFIED,train_coded/train_coded/ICEC1.jpg,2ddf2d07f5c69b1818c76cb7c420d449d9da622c4faddb3c50a46979bb6ff65a,1510,1745,250,164,1014,1416,0.338505093,0.985402165
micro_pcb_v2_ICEC2,micro_pcb_images,https://www.kaggle.com/datasets/frettapper/micropcb-images,CC BY 4.0,https://creativecommons.org/licenses/by/4.0/,raspberry_pi_sbc,raspberry_pi_1_b_plus,I,C,E,C,2,ICEC,train,train,NOT_VERIFIED,train_coded/train_coded/ICEC2.jpg,ce2e85623869176dadb703d82ac415ffccd954b0cea2a8ed1481b988833a648c,1511,1746,249,164,1016,1416,0.136404758,0.983337337
micro_pcb_v2_ICEC3,micro_pcb_images,https://www.kaggle.com/datasets/frettapper/micropcb-images,CC BY 4.0,https://creativecommons.org/licenses/by/4.0/,raspberry_pi_sbc,raspberry_pi_1_b_plus,I,C,E,C,3,ICEC,train,train,NOT_VERIFIED,train_coded/train_coded/ICEC3.jpg,5a7bf417183561985dab44a32a1f726199f025dbf715e621f83c26d7778af224,1510,1745,248,164,1016,1415,0.139328618,0.983680777
micro_pcb_v2_ICEC4,micro_pcb_images,https://www.kaggle.com/datasets/frettapper/micropcb-images,CC BY 4.0,https://creativecommons.org/licenses/by/4.0/,raspberry_pi_sbc,raspberry_pi_1_b_plus,I,C,E,C,4,ICEC,train,train,NOT_VERIFIED,train_coded/train_coded/ICEC4.jpg,50eb656ecba81187d309d9955da72716ede6591641180417f8705b7e3d18f5f5,1510,1744,249,163,1015,1415,0.230987715,0.98004943
micro_pcb_v2_ICED1,micro_pcb_images,https://www.kaggle.com/datasets/frettapper/micropcb-images,CC BY 4.0,https://creativecommons.org/licenses/by/4.0/,raspberry_pi_sbc,raspberry_pi_1_b_plus,I,C,E,D,1,ICED,train,train,NOT_VERIFIED,train_coded/train_coded/ICED1.jpg,7db5493b809ca48942f00b7792e9b4e913b94a34cd4bcc67aadc7728db116124,1549,1745,255,164,1049,1415,3.834126247,0.946098143
micro_pcb_v2_ICED2,micro_pcb_images,https://www.kaggle.com/datasets/frettapper/micropcb-images,CC BY 4.0,https://creativecommons.org/licenses/by/4.0/,raspberry_pi_sbc,raspberry_pi_1_b_plus,I,C,E,D,2,ICED,train,train,NOT_VERIFIED,train_coded/train_coded/ICED2.jpg,f6d1c2cf856031a8cef15ee399c1e87175e38d34a7e9882a0511dbd7371ab384,1547,1742,254,164,1048,1414,3.432866581,0.932660675
micro_pcb_v2_ICED3,micro_pcb_images,https://www.kaggle.com/datasets/frettapper/micropcb-images,CC BY 4.0,https://creativecommons.org/licenses/by/4.0/,raspberry_pi_sbc,raspberry_pi_1_b_plus,I,C,E,D,3,ICED,train,train,NOT_VERIFIED,train_coded/train_coded/ICED3.jpg,38c0861d799b44a1cec9dd1d13df4e943bc5919d0c3175031fcff47088e5f66d,1546,1744,254,164,1047,1415,3.414141198,0.934810898
micro_pcb_v2_ICED4,micro_pcb_images,https://www.kaggle.com/datasets/frettapper/micropcb-images,CC BY 4.0,https://creativecommons.org/licenses/by/4.0/,raspberry_pi_sbc,raspberry_pi_1_b_plus,I,C,E,D,4,ICED,train,train,NOT_VERIFIED,train_coded/train_coded/ICED4.jpg,df8b8038e4cce9e980cba64834176e457ba710fb21a08b675a17763e9cc55609,1548,1744,254,164,1048,1416,3.739088885,0.943349709
micro_pcb_v2_ICEE1,micro_pcb_images,https://www.kaggle.com/datasets/frettapper/micropcb-images,CC BY 4.0,https://creativecommons.org/licenses/by/4.0/,raspberry_pi_sbc,raspberry_pi_1_b_plus,I,C,E,E,1,ICEE,train,train,NOT_VERIFIED,train_coded/train_coded/ICEE1.jpg,8c1b601980e4d3902fc26db53901c9f9ed83dd37b3e039b94e4347cd9cfce8bb,1494,1637,251,165,996,1308,4.021428802,0.86563602
micro_pcb_v2_ICEE2,micro_pcb_images,https://www.kaggle.com/datasets/frettapper/micropcb-images,CC BY 4.0,https://creativecommons.org/licenses/by/4.0/,raspberry_pi_sbc,raspberry_pi_1_b_plus,I,C,E,E,2,ICEE,train,train,NOT_VERIFIED,train_coded/train_coded/ICEE2.jpg,6469679ee9125ae012a8b08ad0d6272fedf2d53258eddda988a4616698802cf0,1492,1636,250,165,996,1306,3.961874881,0.864531376
micro_pcb_v2_ICEE3,micro_pcb_images,https://www.kaggle.com/datasets/frettapper/micropcb-images,CC BY 4.0,https://creativecommons.org/licenses/by/4.0/,raspberry_pi_sbc,raspberry_pi_1_b_plus,I,C,E,E,3,ICEE,train,train,NOT_VERIFIED,train_coded/train_coded/ICEE3.jpg,d2e434317c38f3f29465defa0d691cae7bad6d8b1515f6c09b52ed41a1d4685e,1490,1639,250,165,993,1309,3.827814968,0.864827741
micro_pcb_v2_ICEE4,micro_pcb_images,https://www.kaggle.com/datasets/frettapper/micropcb-images,CC BY 4.0,https://creativecommons.org/licenses/by/4.0/,raspberry_pi_sbc,raspberry_pi_1_b_plus,I,C,E,E,4,ICEE,train,train,NOT_VERIFIED,train_coded/train_coded/ICEE4.jpg,0b70bc53ad8fff954cdfd49c4f7a042093bff5a3be5e75b6abf6105742b116cf,1489,1638,249,165,993,1307,3.703233371,0.858599017
micro_pcb_v2_IDAA1,micro_pcb_images,https://www.kaggle.com/datasets/frettapper/micropcb-images,CC BY 4.0,https://creativecommons.org/licenses/by/4.0/,raspberry_pi_sbc,raspberry_pi_1_b_plus,I,D,A,A,1,IDAA,train,train,NOT_VERIFIED,train_coded/train_coded/IDAA1.jpg,b6e323dd48ed53bfc166a31f5c34bc797e60073db29aa37d5bd0158ca24514e2,1522,1683,247,165,1035,1354,7.662943786,1.108732956
micro_pcb_v2_IDAA2,micro_pcb_images,https://www.kaggle.com/datasets/frettapper/micropcb-images,CC BY 4.0,https://creativecommons.org/licenses/by/4.0/,raspberry_pi_sbc,raspberry_pi_1_b_plus,I,D,A,A,2,IDAA,train,train,NOT_VERIFIED,train_coded/train_coded/IDAA2.jpg,cbea20222609761f04fa09680f0016cef7d0bfe9332c593724368dded6818d82,1513,1680,247,165,1026,1351,7.040690414,1.102310508
micro_pcb_v2_IDAA3,micro_pcb_images,https://www.kaggle.com/datasets/frettapper/micropcb-images,CC BY 4.0,https://creativecommons.org/licenses/by/4.0/,raspberry_pi_sbc,raspberry_pi_1_b_plus,I,D,A,A,3,IDAA,train,train,NOT_VERIFIED,train_coded/train_coded/IDAA3.jpg,ea42f1c87ffce59780cfa265cdc5e2e2426cf0215e814324185c6b53f583bbb7,1513,1684,246,166,1027,1354,6.883747182,1.097873129
micro_pcb_v2_IDAA4,micro_pcb_images,https://www.kaggle.com/datasets/frettapper/micropcb-images,CC BY 4.0,https://creativecommons.org/licenses/by/4.0/,raspberry_pi_sbc,raspberry_pi_1_b_plus,I,D,A,A,4,IDAA,train,train,NOT_VERIFIED,train_coded/train_coded/IDAA4.jpg,4bc6298fa2d6634a1c608f78dfbf8c37e900e6872fe1237265d6cc38e7d92a43,1506,1679,247,166,1013,1348,5.794621093,1.103475473
micro_pcb_v2_IDAB1,micro_pcb_images,https://www.kaggle.com/datasets/frettapper/micropcb-images,CC BY 4.0,https://creativecommons.org/licenses/by/4.0/,raspberry_pi_sbc,raspberry_pi_1_b_plus,I,D,A,B,1,IDAB,train,train,NOT_VERIFIED,train_coded/train_coded/IDAB1.jpg,e9f61f66f391e5d2ad906556de2be384bb5a5c88e560adbd58584ba4690195ee,1619,1824,246,164,1123,1496,9.476513071,1.058681431
micro_pcb_v2_IDAB2,micro_pcb_images,https://www.kaggle.com/datasets/frettapper/micropcb-images,CC BY 4.0,https://creativecommons.org/licenses/by/4.0/,raspberry_pi_sbc,raspberry_pi_1_b_plus,I,D,A,B,2,IDAB,train,train,NOT_VERIFIED,train_coded/train_coded/IDAB2.jpg,6949b0a9f1431f0c14b7758434d32af0885698cff4cf045e0b3c03f6c1e0600f,1603,1815,246,164,1110,1488,8.969597628,1.061733469
micro_pcb_v2_IDAB3,micro_pcb_images,https://www.kaggle.com/datasets/frettapper/micropcb-images,CC BY 4.0,https://creativecommons.org/licenses/by/4.0/,raspberry_pi_sbc,raspberry_pi_1_b_plus,I,D,A,B,3,IDAB,train,train,NOT_VERIFIED,train_coded/train_coded/IDAB3.jpg,6315c3b0e16347064d62bd3161375c4332a1d62e4c018553247c7b34ea6f8b15,1598,1814,247,164,1105,1486,8.850470018,1.059388277
micro_pcb_v2_IDAB4,micro_pcb_images,https://www.kaggle.com/datasets/frettapper/micropcb-images,CC BY 4.0,https://creativecommons.org/licenses/by/4.0/,raspberry_pi_sbc,raspberry_pi_1_b_plus,I,D,A,B,4,IDAB,train,train,NOT_VERIFIED,train_coded/train_coded/IDAB4.jpg,46db7b537a6b3d519284a8edef8f7f6f7443dd1e1bd29ee8cdec346d320b55d5,1603,1815,247,164,1107,1487,8.61001586,1.06256149
micro_pcb_v2_IDAC1,micro_pcb_images,https://www.kaggle.com/datasets/frettapper/micropcb-images,CC BY 4.0,https://creativecommons.org/licenses/by/4.0/,raspberry_pi_sbc,raspberry_pi_1_b_plus,I,D,A,C,1,IDAC,train,train,NOT_VERIFIED,train_coded/train_coded/IDAC1.jpg,aca6d7a8f5e13736255e393e1c8de762eb194c20c1615b59b8881583017c7783,1948,1982,246,164,1456,1653,17.12081204,0.939089207
micro_pcb_v2_IDAC2,micro_pcb_images,https://www.kaggle.com/datasets/frettapper/micropcb-images,CC BY 4.0,https://creativecommons.org/licenses/by/4.0/,raspberry_pi_sbc,raspberry_pi_1_b_plus,I,D,A,C,2,IDAC,train,train,NOT_VERIFIED,train_coded/train_coded/IDAC2.jpg,9653614e8b7f8386625a1ee27656ec0fed67b0ff66daf93796c803fee030d1d5,1955,1981,246,164,1459,1652,17.12813216,0.952912201
micro_pcb_v2_IDAC3,micro_pcb_images,https://www.kaggle.com/datasets/frettapper/micropcb-images,CC BY 4.0,https://creativecommons.org/licenses/by/4.0/,raspberry_pi_sbc,raspberry_pi_1_b_plus,I,D,A,C,3,IDAC,train,train,NOT_VERIFIED,train_coded/train_coded/IDAC3.jpg,337692c796e098312353976eca41a0e29a9ccb0464472bcfa7c0b30b158e07ac,1965,1989,246,164,1471,1662,17.37583337,0.940462088
micro_pcb_v2_IDAC4,micro_pcb_images,https://www.kaggle.com/datasets/frettapper/micropcb-images,CC BY 4.0,https://creativecommons.org/licenses/by/4.0/,raspberry_pi_sbc,raspberry_pi_1_b_plus,I,D,A,C,4,IDAC,train,train,NOT_VERIFIED,train_coded/train_coded/IDAC4.jpg,cf3cab58b8bd86c7961940dd7a15d419d475be9c4123f0ca5dc65b9649042e10,1952,1985,246,164,1459,1657,16.66394799,0.947939821
micro_pcb_v2_IDAD1,micro_pcb_images,https://www.kaggle.com/datasets/frettapper/micropcb-images,CC BY 4.0,https://creativecommons.org/licenses/by/4.0/,raspberry_pi_sbc,raspberry_pi_1_b_plus,I,D,A,D,1,IDAD,train,train,NOT_VERIFIED,train_coded/train_coded/IDAD1.jpg,c8920ea68e064b21219ac5cdaa200a9b4cf9cea699831c44548abcce57bec7ad,1862,2012,246,165,1373,1684,14.0464973,0.948627315
micro_pcb_v2_IDAD2,micro_pcb_images,https://www.kaggle.com/datasets/frettapper/micropcb-images,CC BY 4.0,https://creativecommons.org/licenses/by/4.0/,raspberry_pi_sbc,raspberry_pi_1_b_plus,I,D,A,D,2,IDAD,train,train,NOT_VERIFIED,train_coded/train_coded/IDAD2.jpg,235a6381e339a9e4e86919ab8f24d051d602a7f37f548dac611125eec0bce3c8,1841,1996,246,164,1348,1667,12.67919228,0.950220963
micro_pcb_v2_IDAD3,micro_pcb_images,https://www.kaggle.com/datasets/frettapper/micropcb-images,CC BY 4.0,https://creativecommons.org/licenses/by/4.0/,raspberry_pi_sbc,raspberry_pi_1_b_plus,I,D,A,D,3,IDAD,train,train,NOT_VERIFIED,train_coded/train_coded/IDAD3.jpg,e2d4c3dbb5448c41f4c6ced1477efeb469c2513d1d6a82602d29765c02058e5a,1847,2000,246,165,1356,1672,12.95964947,0.948855855
micro_pcb_v2_IDAD4,micro_pcb_images,https://www.kaggle.com/datasets/frettapper/micropcb-images,CC BY 4.0,https://creativecommons.org/licenses/by/4.0/,raspberry_pi_sbc,raspberry_pi_1_b_plus,I,D,A,D,4,IDAD,train,train,NOT_VERIFIED,train_coded/train_coded/IDAD4.jpg,7bf896878e3ddabce4b8a1b31fefb6a79664c2ec73c20114828e6416aecc9d5f,1845,2001,246,165,1352,1666,12.85810229,0.952434006
micro_pcb_v2_IDAE1,micro_pcb_images,https://www.kaggle.com/datasets/frettapper/micropcb-images,CC BY 4.0,https://creativecommons.org/licenses/by/4.0/,raspberry_pi_sbc,raspberry_pi_1_b_plus,I,D,A,E,1,IDAE,train,train,NOT_VERIFIED,train_coded/train_coded/IDAE1.jpg,b3118d4c225a73ace39a609db1560e7995bfa81f7d3f5e654198875e3562fcad,1917,1673,245,165,1414,1343,25.90045449,0.895681588
micro_pcb_v2_IDAE2,micro_pcb_images,https://www.kaggle.com/datasets/frettapper/micropcb-images,CC BY 4.0,https://creativecommons.org/licenses/by/4.0/,raspberry_pi_sbc,raspberry_pi_1_b_plus,I,D,A,E,2,IDAE,train,train,NOT_VERIFIED,train_coded/train_coded/IDAE2.jpg,4dd291bcaed0d00c73f4926a4f9598a9b011c103ae64934355513d833f9b314e,1914,1670,245,165,1411,1341,25.9201346,0.903888391
micro_pcb_v2_IDAE3,micro_pcb_images,https://www.kaggle.com/datasets/frettapper/micropcb-images,CC BY 4.0,https://creativecommons.org/licenses/by/4.0/,raspberry_pi_sbc,raspberry_pi_1_b_plus,I,D,A,E,3,IDAE,train,train,NOT_VERIFIED,train_coded/train_coded/IDAE3.jpg,f4029e6bbb60653ba9ebd658fa2c5e25226ee46bcff8cf171e995f2e915c4159,1916,1670,246,164,1412,1341,26.1797881,0.890963863
micro_pcb_v2_IDAE4,micro_pcb_images,https://www.kaggle.com/datasets/frettapper/micropcb-images,CC BY 4.0,https://creativecommons.org/licenses/by/4.0/,raspberry_pi_sbc,raspberry_pi_1_b_plus,I,D,A,E,4,IDAE,train,train,NOT_VERIFIED,train_coded/train_coded/IDAE4.jpg,8fea9791dc21e41efeafebea50ebbba33663363335eb14428014538b1bc4a1f9,1923,1675,245,164,1418,1346,26.34215589,0.887077869
micro_pcb_v2_IDBA1,micro_pcb_images,https://www.kaggle.com/datasets/frettapper/micropcb-images,CC BY 4.0,https://creativecommons.org/licenses/by/4.0/,raspberry_pi_sbc,raspberry_pi_1_b_plus,I,D,B,A,1,IDBA,train,train,NOT_VERIFIED,train_coded/train_coded/IDBA1.jpg,45bd79111f1af505bbcccbe98c4f534a363d02fd662192bad5a47f7a7fa4f2af,1799,1807,246,166,1302,1477,13.15617063,1.116477859
micro_pcb_v2_IDBA2,micro_pcb_images,https://www.kaggle.com/datasets/frettapper/micropcb-images,CC BY 4.0,https://creativecommons.org/licenses/by/4.0/,raspberry_pi_sbc,raspberry_pi_1_b_plus,I,D,B,A,2,IDBA,train,train,NOT_VERIFIED,train_coded/train_coded/IDBA2.jpg,31c845d71efeb939e9ea556673a681f5a535acb8017cb2243c6dca17a6269705,1786,1804,246,167,1293,1473,12.70152295,1.11028086
micro_pcb_v2_IDBA3,micro_pcb_images,https://www.kaggle.com/datasets/frettapper/micropcb-images,CC BY 4.0,https://creativecommons.org/licenses/by/4.0/,raspberry_pi_sbc,raspberry_pi_1_b_plus,I,D,B,A,3,IDBA,train,train,NOT_VERIFIED,train_coded/train_coded/IDBA3.jpg,2d10b1034d34ad1df388b3cb17a584e5992aaf70af8f3bbb10a2cbeb665324a8,1786,1807,246,167,1294,1476,12.56501635,1.108621837
micro_pcb_v2_IDBA4,micro_pcb_images,https://www.kaggle.com/datasets/frettapper/micropcb-images,CC BY 4.0,https://creativecommons.org/licenses/by/4.0/,raspberry_pi_sbc,raspberry_pi_1_b_plus,I,D,B,A,4,IDBA,train,train,NOT_VERIFIED,train_coded/train_coded/IDBA4.jpg,c61fd6fe1ae6644b239efbcc84d831f0edd5cfcbbc0e25a79fd535b4e90d2005,1776,1801,246,164,1283,1473,11.64720811,1.107266147
micro_pcb_v2_IDBB1,micro_pcb_images,https://www.kaggle.com/datasets/frettapper/micropcb-images,CC BY 4.0,https://creativecommons.org/licenses/by/4.0/,raspberry_pi_sbc,raspberry_pi_1_b_plus,I,D,B,B,1,IDBB,train,train,NOT_VERIFIED,train_coded/train_coded/IDBB1.jpg,102a6c86e2145a9d23a1f3e9846db5aa2737df4132815aebcd52f76977837c61,1793,1898,246,164,1289,1570,13.9887612,1.058324048
micro_pcb_v2_IDBB2,micro_pcb_images,https://www.kaggle.com/datasets/frettapper/micropcb-images,CC BY 4.0,https://creativecommons.org/licenses/by/4.0/,raspberry_pi_sbc,raspberry_pi_1_b_plus,I,D,B,B,2,IDBB,train,train,NOT_VERIFIED,train_coded/train_coded/IDBB2.jpg,539444a0a83f09ae9d2610b011aaad1bd5b90bb4a930cae1ff553694f74f70c2,1790,1898,245,165,1288,1568,13.75869173,1.067975334
micro_pcb_v2_IDBB3,micro_pcb_images,https://www.kaggle.com/datasets/frettapper/micropcb-images,CC BY 4.0,https://creativecommons.org/licenses/by/4.0/,raspberry_pi_sbc,raspberry_pi_1_b_plus,I,D,B,B,3,IDBB,train,train,NOT_VERIFIED,train_coded/train_coded/IDBB3.jpg,558c6f7b8762126ef8fdee7e09f45e0210ff25f3577f52ed8b445c00a93356c4,1786,1895,246,164,1289,1567,13.45853735,1.063971428
micro_pcb_v2_IDBB4,micro_pcb_images,https://www.kaggle.com/datasets/frettapper/micropcb-images,CC BY 4.0,https://creativecommons.org/licenses/by/4.0/,raspberry_pi_sbc,raspberry_pi_1_b_plus,I,D,B,B,4,IDBB,train,train,NOT_VERIFIED,train_coded/train_coded/IDBB4.jpg,bc9b9eab9575dc5ca2f1da86a8f84eaafcd23478782ae81fb29541f9854f119b,1791,1898,246,164,1288,1569,13.81322986,1.062215645
micro_pcb_v2_IDBC1,micro_pcb_images,https://www.kaggle.com/datasets/frettapper/micropcb-images,CC BY 4.0,https://creativecommons.org/licenses/by/4.0/,raspberry_pi_sbc,raspberry_pi_1_b_plus,I,D,B,C,1,IDBC,train,train,NOT_VERIFIED,train_coded/train_coded/IDBC1.jpg,ffe9917331cbaad383a6879e41324b051f145c7fd6b870a7b51a3169772c10ef,2032,2078,247,165,1516,1749,17.35444036,1.005296223
micro_pcb_v2_IDBC2,micro_pcb_images,https://www.kaggle.com/datasets/frettapper/micropcb-images,CC BY 4.0,https://creativecommons.org/licenses/by/4.0/,raspberry_pi_sbc,raspberry_pi_1_b_plus,I,D,B,C,2,IDBC,train,train,NOT_VERIFIED,train_coded/train_coded/IDBC2.jpg,0de26e6be28dde9c64932cc09e35275b671af7ea73f895e24a3961249008d6e2,2022,2071,246,165,1503,1741,16.5346677,0.998490187
micro_pcb_v2_IDBC3,micro_pcb_images,https://www.kaggle.com/datasets/frettapper/micropcb-images,CC BY 4.0,https://creativecommons.org/licenses/by/4.0/,raspberry_pi_sbc,raspberry_pi_1_b_plus,I,D,B,C,3,IDBC,train,train,NOT_VERIFIED,train_coded/train_coded/IDBC3.jpg,7d060625fc8de5453e80428acb9038f110933a1a2e4657b402528ae1884b12f2,2010,2064,246,166,1490,1733,15.77692327,1.014860228
micro_pcb_v2_IDBC4,micro_pcb_images,https://www.kaggle.com/datasets/frettapper/micropcb-images,CC BY 4.0,https://creativecommons.org/licenses/by/4.0/,raspberry_pi_sbc,raspberry_pi_1_b_plus,I,D,B,C,4,IDBC,train,train,NOT_VERIFIED,train_coded/train_coded/IDBC4.jpg,19b7a7bf1702a6a2e5e42fab627966285e8ca9417a8ffc7bbf7478391e8e833f,2013,2066,246,166,1492,1736,15.86259942,1.000933103
micro_pcb_v2_IDBD1,micro_pcb_images,https://www.kaggle.com/datasets/frettapper/micropcb-images,CC BY 4.0,https://creativecommons.org/licenses/by/4.0/,raspberry_pi_sbc,raspberry_pi_1_b_plus,I,D,B,D,1,IDBD,train,train,NOT_VERIFIED,train_coded/train_coded/IDBD1.jpg,d81d41d88c3478b596ff5c5d9e3733464c214cedcf4e501cfce89489ad21a748,2235,2265,247,164,1730,1935,19.33435668,0.936585221
micro_pcb_v2_IDBD2,micro_pcb_images,https://www.kaggle.com/datasets/frettapper/micropcb-images,CC BY 4.0,https://creativecommons.org/licenses/by/4.0/,raspberry_pi_sbc,raspberry_pi_1_b_plus,I,D,B,D,2,IDBD,train,train,NOT_VERIFIED,train_coded/train_coded/IDBD2.jpg,1a4147ada5ff2749e6ce24a9c92800d503b57a688520bcb2333e90243852c610,2241,2259,247,164,1726,1928,19.24540714,0.937630031
micro_pcb_v2_IDBD3,micro_pcb_images,https://www.kaggle.com/datasets/frettapper/micropcb-images,CC BY 4.0,https://creativecommons.org/licenses/by/4.0/,raspberry_pi_sbc,raspberry_pi_1_b_plus,I,D,B,D,3,IDBD,train,train,NOT_VERIFIED,train_coded/train_coded/IDBD3.jpg,0be38acac796baa56fb6dca8940e7287db3b6de3c3c60c07488b16c4b0e98741,2225,2253,247,164,1713,1924,18.53496361,0.936543271
micro_pcb_v2_IDBD4,micro_pcb_images,https://www.kaggle.com/datasets/frettapper/micropcb-images,CC BY 4.0,https://creativecommons.org/licenses/by/4.0/,raspberry_pi_sbc,raspberry_pi_1_b_plus,I,D,B,D,4,IDBD,train,train,NOT_VERIFIED,train_coded/train_coded/IDBD4.jpg,485e003ce4c3fe47ff4f14ed844575aa8cd47c38bdab33684224fb5455e315fb,2213,2247,246,164,1704,1916,18.0656936,0.931229667
micro_pcb_v2_IDBE1,micro_pcb_images,https://www.kaggle.com/datasets/frettapper/micropcb-images,CC BY 4.0,https://creativecommons.org/licenses/by/4.0/,raspberry_pi_sbc,raspberry_pi_1_b_plus,I,D,B,E,1,IDBE,train,train,NOT_VERIFIED,train_coded/train_coded/IDBE1.jpg,5cdf68fdc07f034f260821208d707cc6da04c529e8b5bff4405976d1f5479e01,2011,1868,247,165,1517,1537,20.16265717,0.881608491
micro_pcb_v2_IDBE2,micro_pcb_images,https://www.kaggle.com/datasets/frettapper/micropcb-images,CC BY 4.0,https://creativecommons.org/licenses/by/4.0/,raspberry_pi_sbc,raspberry_pi_1_b_plus,I,D,B,E,2,IDBE,train,train,NOT_VERIFIED,train_coded/train_coded/IDBE2.jpg,834a34f717c376375b40151eb724fc89b1aabddb275245bed0d1b039bf144124,2007,1864,247,165,1513,1533,20.11563436,0.882990276
micro_pcb_v2_IDBE3,micro_pcb_images,https://www.kaggle.com/datasets/frettapper/micropcb-images,CC BY 4.0,https://creativecommons.org/licenses/by/4.0/,raspberry_pi_sbc,raspberry_pi_1_b_plus,I,D,B,E,3,IDBE,train,train,NOT_VERIFIED,train_coded/train_coded/IDBE3.jpg,b47c77340e8412bc4cfaf36569814dd6b8a00fd41783b392baf855d764200a6a,1995,1856,248,165,1500,1526,19.43852844,0.883068225
micro_pcb_v2_IDBE4,micro_pcb_images,https://www.kaggle.com/datasets/frettapper/micropcb-images,CC BY 4.0,https://creativecommons.org/licenses/by/4.0/,raspberry_pi_sbc,raspberry_pi_1_b_plus,I,D,B,E,4,IDBE,train,train,NOT_VERIFIED,train_coded/train_coded/IDBE4.jpg,27072315d7b638099f4f6714569e6d4babb02af55a0721eed0d638735e93f7ae,1987,1856,246,164,1494,1526,19.08015069,0.88288475
micro_pcb_v2_IDCA1,micro_pcb_images,https://www.kaggle.com/datasets/frettapper/micropcb-images,CC BY 4.0,https://creativecommons.org/licenses/by/4.0/,raspberry_pi_sbc,raspberry_pi_1_b_plus,I,D,C,A,1,IDCA,train,train,NOT_VERIFIED,train_coded/train_coded/IDCA1.jpg,8ce2c67a843b9e785e490671d5b7644805d79c4dd8e322fd67006a609e5fe3fb,1731,1659,247,173,1238,1322,10.84818218,1.138586779
micro_pcb_v2_IDCA2,micro_pcb_images,https://www.kaggle.com/datasets/frettapper/micropcb-images,CC BY 4.0,https://creativecommons.org/licenses/by/4.0/,raspberry_pi_sbc,raspberry_pi_1_b_plus,I,D,C,A,2,IDCA,train,train,NOT_VERIFIED,train_coded/train_coded/IDCA2.jpg,20d242d2aa4d3913c5f419c90f8cb4d03705bc5c4dec35d41cc47ace14067a0e,1728,1653,248,171,1234,1318,10.84098778,1.136736882
micro_pcb_v2_IDCA3,micro_pcb_images,https://www.kaggle.com/datasets/frettapper/micropcb-images,CC BY 4.0,https://creativecommons.org/licenses/by/4.0/,raspberry_pi_sbc,raspberry_pi_1_b_plus,I,D,C,A,3,IDCA,train,train,NOT_VERIFIED,train_coded/train_coded/IDCA3.jpg,6605a1352ce454bf7f9b0ce130976123f9a2de971fd2e85dafea8afffdbec18c,1728,1654,247,170,1235,1320,10.71903815,1.136213427
micro_pcb_v2_IDCA4,micro_pcb_images,https://www.kaggle.com/datasets/frettapper/micropcb-images,CC BY 4.0,https://creativecommons.org/licenses/by/4.0/,raspberry_pi_sbc,raspberry_pi_1_b_plus,I,D,C,A,4,IDCA,train,train,NOT_VERIFIED,train_coded/train_coded/IDCA4.jpg,ef25187bcba4f56dc91a453513bc5cd74e115f035c5d3757c009c7a36999180d,1722,1657,247,168,1229,1325,10.22595735,1.135931477
micro_pcb_v2_IDCB1,micro_pcb_images,https://www.kaggle.com/datasets/frettapper/micropcb-images,CC BY 4.0,https://creativecommons.org/licenses/by/4.0/,raspberry_pi_sbc,raspberry_pi_1_b_plus,I,D,C,B,1,IDCB,train,train,NOT_VERIFIED,train_coded/train_coded/IDCB1.jpg,fa1c2f87ef013f310cabc7d3a6d71ab5aa45e9c25a20589ca18db0685e7de455,1891,1933,247,165,1397,1604,12.09521206,1.079757979
micro_pcb_v2_IDCB2,micro_pcb_images,https://www.kaggle.com/datasets/frettapper/micropcb-images,CC BY 4.0,https://creativecommons.org/licenses/by/4.0/,raspberry_pi_sbc,raspberry_pi_1_b_plus,I,D,C,B,2,IDCB,train,train,NOT_VERIFIED,train_coded/train_coded/IDCB2.jpg,4acc76b5b718e74eb76c8fc200117b81a107466863556ab992a6d27213c09963,1886,1931,247,165,1393,1602,12.01201617,1.07969762
micro_pcb_v2_IDCB3,micro_pcb_images,https://www.kaggle.com/datasets/frettapper/micropcb-images,CC BY 4.0,https://creativecommons.org/licenses/by/4.0/,raspberry_pi_sbc,raspberry_pi_1_b_plus,I,D,C,B,3,IDCB,train,train,NOT_VERIFIED,train_coded/train_coded/IDCB3.jpg,6f01f854afad42d970340211873f058f13e0697e2120991023e41c2937036daf,1878,1925,247,164,1384,1598,11.50873419,1.077679307
micro_pcb_v2_IDCB4,micro_pcb_images,https://www.kaggle.com/datasets/frettapper/micropcb-images,CC BY 4.0,https://creativecommons.org/licenses/by/4.0/,raspberry_pi_sbc,raspberry_pi_1_b_plus,I,D,C,B,4,IDCB,train,train,NOT_VERIFIED,train_coded/train_coded/IDCB4.jpg,8498d94be681259feb00b673322680650955a4fa4b2cd59979b4c522ef02bf6e,1868,1920,246,165,1375,1591,11.00901401,1.07636571
micro_pcb_v2_IDCC1,micro_pcb_images,https://www.kaggle.com/datasets/frettapper/micropcb-images,CC BY 4.0,https://creativecommons.org/licenses/by/4.0/,raspberry_pi_sbc,raspberry_pi_1_b_plus,I,D,C,C,1,IDCC,train,train,NOT_VERIFIED,train_coded/train_coded/IDCC1.jpg,58cd70d3a87db589fd0b33b2119d0359d1e00197a79937c75321719c3272e171,1974,2047,249,164,1479,1717,16.46409328,0.990855885
micro_pcb_v2_IDCC2,micro_pcb_images,https://www.kaggle.com/datasets/frettapper/micropcb-images,CC BY 4.0,https://creativecommons.org/licenses/by/4.0/,raspberry_pi_sbc,raspberry_pi_1_b_plus,I,D,C,C,2,IDCC,train,train,NOT_VERIFIED,train_coded/train_coded/IDCC2.jpg,58c2c4b55849ac7f807fdc9d9d75c67a5b4e210bd9997131ac69d8b9ff50b3a4,1970,2042,249,164,1475,1714,16.29196503,0.990028723
micro_pcb_v2_IDCC3,micro_pcb_images,https://www.kaggle.com/datasets/frettapper/micropcb-images,CC BY 4.0,https://creativecommons.org/licenses/by/4.0/,raspberry_pi_sbc,raspberry_pi_1_b_plus,I,D,C,C,3,IDCC,train,train,NOT_VERIFIED,train_coded/train_coded/IDCC3.jpg,347ba98f228ed557ff2d02c02086f6e7bbfe7e043467cd6cdeba80c8390b25d1,1988,2044,268,164,1474,1714,16.16751595,0.989184118
micro_pcb_v2_IDCC4,micro_pcb_images,https://www.kaggle.com/datasets/frettapper/micropcb-images,CC BY 4.0,https://creativecommons.org/licenses/by/4.0/,raspberry_pi_sbc,raspberry_pi_1_b_plus,I,D,C,C,4,IDCC,train,train,NOT_VERIFIED,train_coded/train_coded/IDCC4.jpg,237f4717d27f7e33d9b0a4e9abdb333a9c5ba46e894e2de90ebb0dc200525617,1980,2040,266,164,1468,1711,15.9003266,0.988746364
micro_pcb_v2_IDCD1,micro_pcb_images,https://www.kaggle.com/datasets/frettapper/micropcb-images,CC BY 4.0,https://creativecommons.org/licenses/by/4.0/,raspberry_pi_sbc,raspberry_pi_1_b_plus,I,D,C,D,1,IDCD,train,train,NOT_VERIFIED,train_coded/train_coded/IDCD1.jpg,83d6437b336acd936a9d6d7c13c6fb2afc75f5cc08bad6d07f4bee3abd3439b3,1896,1995,247,164,1402,1666,14.42894308,0.934515732
micro_pcb_v2_IDCD2,micro_pcb_images,https://www.kaggle.com/datasets/frettapper/micropcb-images,CC BY 4.0,https://creativecommons.org/licenses/by/4.0/,raspberry_pi_sbc,raspberry_pi_1_b_plus,I,D,C,D,2,IDCD,train,train,NOT_VERIFIED,train_coded/train_coded/IDCD2.jpg,bd8c0eb498e7aa969fd1bf942b71f5bff7481eb39c200c9becacfbd38701d6e5,1880,1985,247,164,1386,1657,13.59103387,0.936182515
micro_pcb_v2_IDCD3,micro_pcb_images,https://www.kaggle.com/datasets/frettapper/micropcb-images,CC BY 4.0,https://creativecommons.org/licenses/by/4.0/,raspberry_pi_sbc,raspberry_pi_1_b_plus,I,D,C,D,3,IDCD,train,train,NOT_VERIFIED,train_coded/train_coded/IDCD3.jpg,ccead0eb302d9ab19d83fb4e0c1abc3071f630d3e3f08243b926eaa193dbf4d6,1869,1980,247,163,1376,1653,12.94823628,0.934912093
micro_pcb_v2_IDCD4,micro_pcb_images,https://www.kaggle.com/datasets/frettapper/micropcb-images,CC BY 4.0,https://creativecommons.org/licenses/by/4.0/,raspberry_pi_sbc,raspberry_pi_1_b_plus,I,D,C,D,4,IDCD,train,train,NOT_VERIFIED,train_coded/train_coded/IDCD4.jpg,27cc027dfd358a2d234d8b94a814e0848a5af33f4999ba76fe489970f4240ae2,1859,1974,247,164,1365,1645,12.34910904,0.936066314
micro_pcb_v2_IDCE1,micro_pcb_images,https://www.kaggle.com/datasets/frettapper/micropcb-images,CC BY 4.0,https://creativecommons.org/licenses/by/4.0/,raspberry_pi_sbc,raspberry_pi_1_b_plus,I,D,C,E,1,IDCE,train,train,NOT_VERIFIED,train_coded/train_coded/IDCE1.jpg,3b5f1d352895ee4ae1d45b9caf0994f8b5b1bf5205a07abd466b461e40b02e87,1791,1798,247,164,1297,1467,16.22584727,0.890830177
micro_pcb_v2_IDCE2,micro_pcb_images,https://www.kaggle.com/datasets/frettapper/micropcb-images,CC BY 4.0,https://creativecommons.org/licenses/by/4.0/,raspberry_pi_sbc,raspberry_pi_1_b_plus,I,D,C,E,2,IDCE,train,train,NOT_VERIFIED,train_coded/train_coded/IDCE2.jpg,6b15273ea2099e998a7888086e9e3ec61fee64f9342f203ea7b5c2025b9eaab7,1774,1788,247,164,1280,1457,15.19297569,0.890306001
micro_pcb_v2_IDCE3,micro_pcb_images,https://www.kaggle.com/datasets/frettapper/micropcb-images,CC BY 4.0,https://creativecommons.org/licenses/by/4.0/,raspberry_pi_sbc,raspberry_pi_1_b_plus,I,D,C,E,3,IDCE,train,train,NOT_VERIFIED,train_coded/train_coded/IDCE3.jpg,68979bc5e38a67a2b64a55ca2b916a5534b894b387a0686aa660bf914a84bd2e,1769,1788,247,164,1275,1458,14.61528681,0.890448655
micro_pcb_v2_IDCE4,micro_pcb_images,https://www.kaggle.com/datasets/frettapper/micropcb-images,CC BY 4.0,https://creativecommons.org/licenses/by/4.0/,raspberry_pi_sbc,raspberry_pi_1_b_plus,I,D,C,E,4,IDCE,train,train,NOT_VERIFIED,train_coded/train_coded/IDCE4.jpg,71d80910bfe2c5d4eae5aedef153ca912a31ae77c3f50e8b3574414e126251d2,1756,1779,247,164,1263,1448,13.82649448,0.894077606
micro_pcb_v2_IDDA1,micro_pcb_images,https://www.kaggle.com/datasets/frettapper/micropcb-images,CC BY 4.0,https://creativecommons.org/licenses/by/4.0/,raspberry_pi_sbc,raspberry_pi_1_b_plus,I,D,D,A,1,IDDA,train,train,NOT_VERIFIED,train_coded/train_coded/IDDA1.jpg,fc1ad93ec932391d0f33bc56a55dfdc077670ebd9f61284db6f0b54fc2696c96,2046,1840,246,173,1554,1502,19.24062757,1.083996653
micro_pcb_v2_IDDA2,micro_pcb_images,https://www.kaggle.com/datasets/frettapper/micropcb-images,CC BY 4.0,https://creativecommons.org/licenses/by/4.0/,raspberry_pi_sbc,raspberry_pi_1_b_plus,I,D,D,A,2,IDDA,train,train,NOT_VERIFIED,train_coded/train_coded/IDDA2.jpg,25cac71bb24de068fbb0b4e43150571247cf5e089dce15d6efc17d306a15fe57,2041,1832,246,166,1548,1501,18.61668653,1.093403675
micro_pcb_v2_IDDA3,micro_pcb_images,https://www.kaggle.com/datasets/frettapper/micropcb-images,CC BY 4.0,https://creativecommons.org/licenses/by/4.0/,raspberry_pi_sbc,raspberry_pi_1_b_plus,I,D,D,A,3,IDDA,train,train,NOT_VERIFIED,train_coded/train_coded/IDDA3.jpg,854d1a40eeeebb91f4d3ccd40b1b90e0ddda2e668d0543388e2a8889b90122e6,2029,1833,246,168,1538,1500,17.68566284,1.093417121
micro_pcb_v2_IDDA4,micro_pcb_images,https://www.kaggle.com/datasets/frettapper/micropcb-images,CC BY 4.0,https://creativecommons.org/licenses/by/4.0/,raspberry_pi_sbc,raspberry_pi_1_b_plus,I,D,D,A,4,IDDA,train,train,NOT_VERIFIED,train_coded/train_coded/IDDA4.jpg,a0c3869ef0e4e3fb4fdd6c695aef3114beb2a6f0a1b89aeea61b75fe98a4cdae,2022,1830,246,169,1530,1497,17.28204269,1.092376564
micro_pcb_v2_IDDB1,micro_pcb_images,https://www.kaggle.com/datasets/frettapper/micropcb-images,CC BY 4.0,https://creativecommons.org/licenses/by/4.0/,raspberry_pi_sbc,raspberry_pi_1_b_plus,I,D,D,B,1,IDDB,train,train,NOT_VERIFIED,train_coded/train_coded/IDDB1.jpg,ce5548ee177c14fc3292cdc4e41ae8e3354e36870bb66b6a5a16b152fdb0262a,2205,2217,250,173,1708,1880,19.54689456,1.031028208
micro_pcb_v2_IDDB2,micro_pcb_images,https://www.kaggle.com/datasets/frettapper/micropcb-images,CC BY 4.0,https://creativecommons.org/licenses/by/4.0/,raspberry_pi_sbc,raspberry_pi_1_b_plus,I,D,D,B,2,IDDB,train,train,NOT_VERIFIED,train_coded/train_coded/IDDB2.jpg,f10bc8fe377440549ead8e5cacd913e7ab5793be54122b9ef6a28344700b263c,2185,2202,251,179,1687,1858,18.58773086,1.032666569
micro_pcb_v2_IDDB3,micro_pcb_images,https://www.kaggle.com/datasets/frettapper/micropcb-images,CC BY 4.0,https://creativecommons.org/licenses/by/4.0/,raspberry_pi_sbc,raspberry_pi_1_b_plus,I,D,D,B,3,IDDB,train,train,NOT_VERIFIED,train_coded/train_coded/IDDB3.jpg,06270899c7c5793c86fa662b0e25a8115bf2acf9327ee79325fc1c5cb06f25fa,2183,2199,251,179,1685,1855,18.62781658,1.032116363
micro_pcb_v2_IDDB4,micro_pcb_images,https://www.kaggle.com/datasets/frettapper/micropcb-images,CC BY 4.0,https://creativecommons.org/licenses/by/4.0/,raspberry_pi_sbc,raspberry_pi_1_b_plus,I,D,D,B,4,IDDB,train,train,NOT_VERIFIED,train_coded/train_coded/IDDB4.jpg,8f1d09b4c294b389da0cf1561fb09a287f07d1663ea0c47756736fb04762e14a,2191,2203,260,180,1684,1859,18.23601763,1.03328394
micro_pcb_v2_IDDC1,micro_pcb_images,https://www.kaggle.com/datasets/frettapper/micropcb-images,CC BY 4.0,https://creativecommons.org/licenses/by/4.0/,raspberry_pi_sbc,raspberry_pi_1_b_plus,I,D,D,C,1,IDDC,train,train,NOT_VERIFIED,train_coded/train_coded/IDDC1.jpg,99f9ace32f11624a4d9a142f45dd27963036f8f2735dae050b73e3f1e1f5b5f3,1809,1871,261,165,1302,1543,14.04869498,0.948322127
micro_pcb_v2_IDDC2,micro_pcb_images,https://www.kaggle.com/datasets/frettapper/micropcb-images,CC BY 4.0,https://creativecommons.org/licenses/by/4.0/,raspberry_pi_sbc,raspberry_pi_1_b_plus,I,D,D,C,2,IDDC,train,train,NOT_VERIFIED,train_coded/train_coded/IDDC2.jpg,06e55a4c963672b1e024d145966deae3b21bb2f7697b5720cd886226da8deab8,1818,1874,266,165,1306,1545,14.40334852,0.939373632
micro_pcb_v2_IDDC3,micro_pcb_images,https://www.kaggle.com/datasets/frettapper/micropcb-images,CC BY 4.0,https://creativecommons.org/licenses/by/4.0/,raspberry_pi_sbc,raspberry_pi_1_b_plus,I,D,D,C,3,IDDC,train,train,NOT_VERIFIED,train_coded/train_coded/IDDC3.jpg,1e3bb8d47df9952b806c18ab26d90e62c803850f036fe690093cd00c6bf4ae3f,1809,1869,264,164,1300,1541,13.86978488,0.94342819
micro_pcb_v2_IDDC4,micro_pcb_images,https://www.kaggle.com/datasets/frettapper/micropcb-images,CC BY 4.0,https://creativecommons.org/licenses/by/4.0/,raspberry_pi_sbc,raspberry_pi_1_b_plus,I,D,D,C,4,IDDC,train,train,NOT_VERIFIED,train_coded/train_coded/IDDC4.jpg,c40dae674d16fa064796be69b352849803b304f6a699e6dd72a8c09ace3801ad,1806,1865,266,165,1294,1535,13.21304273,0.947105502
micro_pcb_v2_IDDD1,micro_pcb_images,https://www.kaggle.com/datasets/frettapper/micropcb-images,CC BY 4.0,https://creativecommons.org/licenses/by/4.0/,raspberry_pi_sbc,raspberry_pi_1_b_plus,I,D,D,D,1,IDDD,train,train,NOT_VERIFIED,train_coded/train_coded/IDDD1.jpg,5d742a4015a20ca8f72f96ff5702fa588072d03689bbb04d93497cfc21870eb7,1752,1948,256,164,1249,1620,12.30501706,0.918474316
micro_pcb_v2_IDDD2,micro_pcb_images,https://www.kaggle.com/datasets/frettapper/micropcb-images,CC BY 4.0,https://creativecommons.org/licenses/by/4.0/,raspberry_pi_sbc,raspberry_pi_1_b_plus,I,D,D,D,2,IDDD,train,train,NOT_VERIFIED,train_coded/train_coded/IDDD2.jpg,097a85fd7d9487f146a1a18752649dc715ecddb0767691acf0868cd774b30398,1740,1942,267,164,1227,1614,11.89937523,0.918803147
micro_pcb_v2_IDDD3,micro_pcb_images,https://www.kaggle.com/datasets/frettapper/micropcb-images,CC BY 4.0,https://creativecommons.org/licenses/by/4.0/,raspberry_pi_sbc,raspberry_pi_1_b_plus,I,D,D,D,3,IDDD,train,train,NOT_VERIFIED,train_coded/train_coded/IDDD3.jpg,03aa34232558a777f061adb74df89d3e9b61f77bad551ca7c14cd988e612af82,1728,1939,253,165,1228,1609,11.58086125,0.917450913
micro_pcb_v2_IDDD4,micro_pcb_images,https://www.kaggle.com/datasets/frettapper/micropcb-images,CC BY 4.0,https://creativecommons.org/licenses/by/4.0/,raspberry_pi_sbc,raspberry_pi_1_b_plus,I,D,D,D,4,IDDD,train,train,NOT_VERIFIED,train_coded/train_coded/IDDD4.jpg,2e0ef233a0743fb5b33a051d41f9ac6f5e2d774556128260568ceded45032ab2,1723,1938,252,164,1225,1608,11.74734813,0.913070541
micro_pcb_v2_IDDE1,micro_pcb_images,https://www.kaggle.com/datasets/frettapper/micropcb-images,CC BY 4.0,https://creativecommons.org/licenses/by/4.0/,raspberry_pi_sbc,raspberry_pi_1_b_plus,I,D,D,E,1,IDDE,train,train,NOT_VERIFIED,train_coded/train_coded/IDDE1.jpg,db22081aa1ba83c3e473a8371dc36a0572f4139cc9a894a9320c3a3f0f787c9e,1592,1764,245,165,1100,1434,13.81279107,0.862702742
micro_pcb_v2_IDDE2,micro_pcb_images,https://www.kaggle.com/datasets/frettapper/micropcb-images,CC BY 4.0,https://creativecommons.org/licenses/by/4.0/,raspberry_pi_sbc,raspberry_pi_1_b_plus,I,D,D,E,2,IDDE,train,train,NOT_VERIFIED,train_coded/train_coded/IDDE2.jpg,847913f624ebd0c9caec41d1f8cef6dc12c5a38e33ec900543dbfd1115460fdc,1601,1769,248,164,1105,1440,13.6805222,0.858505373
micro_pcb_v2_IDDE3,micro_pcb_images,https://www.kaggle.com/datasets/frettapper/micropcb-images,CC BY 4.0,https://creativecommons.org/licenses/by/4.0/,raspberry_pi_sbc,raspberry_pi_1_b_plus,I,D,D,E,3,IDDE,train,train,NOT_VERIFIED,train_coded/train_coded/IDDE3.jpg,ac56961fb970c771f0cccb11ec566f947922b25945f44fd7363a943445d08b53,1606,1769,252,164,1106,1440,13.63258909,0.859092454
micro_pcb_v2_IDDE4,micro_pcb_images,https://www.kaggle.com/datasets/frettapper/micropcb-images,CC BY 4.0,https://creativecommons.org/licenses/by/4.0/,raspberry_pi_sbc,raspberry_pi_1_b_plus,I,D,D,E,4,IDDE,train,train,NOT_VERIFIED,train_coded/train_coded/IDDE4.jpg,f4db880bd4b6df98674a3e7ff53cc94ad95684c173bb45b77e6a68aa00ca678b,1593,1765,244,164,1102,1435,13.13846391,0.867892306
micro_pcb_v2_IDEA1,micro_pcb_images,https://www.kaggle.com/datasets/frettapper/micropcb-images,CC BY 4.0,https://creativecommons.org/licenses/by/4.0/,raspberry_pi_sbc,raspberry_pi_1_b_plus,I,D,E,A,1,IDEA,train,train,NOT_VERIFIED,train_coded/train_coded/IDEA1.jpg,e01fe4e875fc3ffdd46b2c9476a19d3bfda3194592f3d43c5e3fe38e7ce63cdc,1931,1665,249,163,1435,1337,24.96053972,1.059665585
micro_pcb_v2_IDEA2,micro_pcb_images,https://www.kaggle.com/datasets/frettapper/micropcb-images,CC BY 4.0,https://creativecommons.org/licenses/by/4.0/,raspberry_pi_sbc,raspberry_pi_1_b_plus,I,D,E,A,2,IDEA,train,train,NOT_VERIFIED,train_coded/train_coded/IDEA2.jpg,1de1a2c1fa53fac23c1a80a5aa3c1aad9ff696a83fdcc9adf68c70dc6c4567e9,1938,1672,254,163,1437,1344,25.15981991,1.054742344
micro_pcb_v2_IDEA3,micro_pcb_images,https://www.kaggle.com/datasets/frettapper/micropcb-images,CC BY 4.0,https://creativecommons.org/licenses/by/4.0/,raspberry_pi_sbc,raspberry_pi_1_b_plus,I,D,E,A,3,IDEA,train,train,NOT_VERIFIED,train_coded/train_coded/IDEA3.jpg,8dd60aebfc758e4c6e3af5949c9060afc35a818307893bdec64621b684821b0a,1938,1677,252,164,1439,1349,24.72024533,1.064791386
micro_pcb_v2_IDEA4,micro_pcb_images,https://www.kaggle.com/datasets/frettapper/micropcb-images,CC BY 4.0,https://creativecommons.org/licenses/by/4.0/,raspberry_pi_sbc,raspberry_pi_1_b_plus,I,D,E,A,4,IDEA,train,train,NOT_VERIFIED,train_coded/train_coded/IDEA4.jpg,15feca19b7f050bddc0421ab1d5a5dd6e7c8a81e79e9baa7ec9f84698ed60463,1938,1678,252,167,1439,1346,24.5649341,1.068739681
micro_pcb_v2_IDEB1,micro_pcb_images,https://www.kaggle.com/datasets/frettapper/micropcb-images,CC BY 4.0,https://creativecommons.org/licenses/by/4.0/,raspberry_pi_sbc,raspberry_pi_1_b_plus,I,D,E,B,1,IDEB,train,train,NOT_VERIFIED,train_coded/train_coded/IDEB1.jpg,a0f40882841946d80c379f0919fd389cd3cd982d56542c51c9257fb8dc7bce0e,1946,1936,252,170,1448,1602,16.51923008,1.040883386
micro_pcb_v2_IDEB2,micro_pcb_images,https://www.kaggle.com/datasets/frettapper/micropcb-images,CC BY 4.0,https://creativecommons.org/licenses/by/4.0/,raspberry_pi_sbc,raspberry_pi_1_b_plus,I,D,E,B,2,IDEB,train,train,NOT_VERIFIED,train_coded/train_coded/IDEB2.jpg,92a5d337ce4d8f5d0b33e36a0b98ffaacc3aeeb07d6b3371ea4246b8af470c1b,1925,1932,247,172,1431,1595,15.9045995,1.035388404
micro_pcb_v2_IDEB3,micro_pcb_images,https://www.kaggle.com/datasets/frettapper/micropcb-images,CC BY 4.0,https://creativecommons.org/licenses/by/4.0/,raspberry_pi_sbc,raspberry_pi_1_b_plus,I,D,E,B,3,IDEB,train,train,NOT_VERIFIED,train_coded/train_coded/IDEB3.jpg,e7a09a64c2d645a23cf16367c5dfd5c767a9bb8e0ea955ff076c3126202ad205,1917,1927,250,168,1421,1595,15.21842482,1.036756865
micro_pcb_v2_IDEB4,micro_pcb_images,https://www.kaggle.com/datasets/frettapper/micropcb-images,CC BY 4.0,https://creativecommons.org/licenses/by/4.0/,raspberry_pi_sbc,raspberry_pi_1_b_plus,I,D,E,B,4,IDEB,train,train,NOT_VERIFIED,train_coded/train_coded/IDEB4.jpg,42d361767ed66703ae8905dd14a2f8ec62ac7b51bf02fee80842989a20c7378e,1908,1924,247,166,1414,1593,14.43100823,1.042003262
micro_pcb_v2_IDEC1,micro_pcb_images,https://www.kaggle.com/datasets/frettapper/micropcb-images,CC BY 4.0,https://creativecommons.org/licenses/by/4.0/,raspberry_pi_sbc,raspberry_pi_1_b_plus,I,D,E,C,1,IDEC,train,train,NOT_VERIFIED,train_coded/train_coded/IDEC1.jpg,3f8a624a8193d111ba2ea4851636cbd194e0eae594e94132ed21af3789f64e53,1704,1849,247,165,1210,1520,12.9050872,0.971820403
micro_pcb_v2_IDEC2,micro_pcb_images,https://www.kaggle.com/datasets/frettapper/micropcb-images,CC BY 4.0,https://creativecommons.org/licenses/by/4.0/,raspberry_pi_sbc,raspberry_pi_1_b_plus,I,D,E,C,2,IDEC,train,train,NOT_VERIFIED,train_coded/train_coded/IDEC2.jpg,8cb9e45dc222c8ebbcc9a8d6fb165fc46c237eeb454bd118b79934e84ac2e939,1698,1843,252,164,1198,1515,12.05365037,0.976040271
micro_pcb_v2_IDEC3,micro_pcb_images,https://www.kaggle.com/datasets/frettapper/micropcb-images,CC BY 4.0,https://creativecommons.org/licenses/by/4.0/,raspberry_pi_sbc,raspberry_pi_1_b_plus,I,D,E,C,3,IDEC,train,train,NOT_VERIFIED,train_coded/train_coded/IDEC3.jpg,6f1fc9a91c6791271fdc73a195a620162787a50f7a38b337a5976544c92b7c2a,1680,1840,247,164,1188,1512,11.14610805,0.984571677
micro_pcb_v2_IDEC4,micro_pcb_images,https://www.kaggle.com/datasets/frettapper/micropcb-images,CC BY 4.0,https://creativecommons.org/licenses/by/4.0/,raspberry_pi_sbc,raspberry_pi_1_b_plus,I,D,E,C,4,IDEC,train,train,NOT_VERIFIED,train_coded/train_coded/IDEC4.jpg,ee0d7fcd8ab1b8d624a62d17458e098bbb7b98082ebfa1c8a62bf72afdd28e36,1674,1834,246,164,1182,1506,11.15068754,0.976059028
micro_pcb_v2_IDED1,micro_pcb_images,https://www.kaggle.com/datasets/frettapper/micropcb-images,CC BY 4.0,https://creativecommons.org/licenses/by/4.0/,raspberry_pi_sbc,raspberry_pi_1_b_plus,I,D,E,D,1,IDED,train,train,NOT_VERIFIED,train_coded/train_coded/IDED1.jpg,6209f3f4cb064d45d6b34dc27dcbd2d234e3e5cf74afcad2d10c453b9a5fda3a,1608,1879,256,164,1107,1551,12.09699105,0.920842049
micro_pcb_v2_IDED2,micro_pcb_images,https://www.kaggle.com/datasets/frettapper/micropcb-images,CC BY 4.0,https://creativecommons.org/licenses/by/4.0/,raspberry_pi_sbc,raspberry_pi_1_b_plus,I,D,E,D,2,IDED,train,train,NOT_VERIFIED,train_coded/train_coded/IDED2.jpg,e11aa5303d5c096294fe480ffc4175507d2ba40e0346bb7a26d42b0f0f1a716e,1602,1875,256,164,1101,1546,11.75812387,0.924657748
micro_pcb_v2_IDED3,micro_pcb_images,https://www.kaggle.com/datasets/frettapper/micropcb-images,CC BY 4.0,https://creativecommons.org/licenses/by/4.0/,raspberry_pi_sbc,raspberry_pi_1_b_plus,I,D,E,D,3,IDED,train,train,NOT_VERIFIED,train_coded/train_coded/IDED3.jpg,2fcdfacf5e5d96c7b0a00fb9b2ae2d00092760028124f486d606ca717834ff8e,1603,1875,253,164,1104,1546,11.37771161,0.934376322
micro_pcb_v2_IDED4,micro_pcb_images,https://www.kaggle.com/datasets/frettapper/micropcb-images,CC BY 4.0,https://creativecommons.org/licenses/by/4.0/,raspberry_pi_sbc,raspberry_pi_1_b_plus,I,D,E,D,4,IDED,train,train,NOT_VERIFIED,train_coded/train_coded/IDED4.jpg,b744fce924999116f7c97050add227c10c7140c3fb11a0d4efb898f295326d3d,1604,1876,259,164,1099,1547,11.65681571,0.928325477
micro_pcb_v2_IDEE1,micro_pcb_images,https://www.kaggle.com/datasets/frettapper/micropcb-images,CC BY 4.0,https://creativecommons.org/licenses/by/4.0/,raspberry_pi_sbc,raspberry_pi_1_b_plus,I,D,E,E,1,IDEE,train,train,NOT_VERIFIED,train_coded/train_coded/IDEE1.jpg,3405d4eb221fc1a52524ae9468f651671a8d58cba05ebad855a7796e66bdbead,1500,1752,245,164,1009,1424,10.36403681,0.874299452
micro_pcb_v2_IDEE2,micro_pcb_images,https://www.kaggle.com/datasets/frettapper/micropcb-images,CC BY 4.0,https://creativecommons.org/licenses/by/4.0/,raspberry_pi_sbc,raspberry_pi_1_b_plus,I,D,E,E,2,IDEE,train,train,NOT_VERIFIED,train_coded/train_coded/IDEE2.jpg,5724815058cce7d2d7652a8ccd8367639e13fc9b33a537fd596467e8905bce52,1493,1751,244,165,1002,1420,10.21816381,0.867648051
micro_pcb_v2_IDEE3,micro_pcb_images,https://www.kaggle.com/datasets/frettapper/micropcb-images,CC BY 4.0,https://creativecommons.org/licenses/by/4.0/,raspberry_pi_sbc,raspberry_pi_1_b_plus,I,D,E,E,3,IDEE,train,train,NOT_VERIFIED,train_coded/train_coded/IDEE3.jpg,67b9d87d9b6eafe2d19929ccee4467ed956967a54ec93bab67fd959a04a69de0,1501,1753,250,165,1005,1423,10.01753852,0.873347005
micro_pcb_v2_IDEE4,micro_pcb_images,https://www.kaggle.com/datasets/frettapper/micropcb-images,CC BY 4.0,https://creativecommons.org/licenses/by/4.0/,raspberry_pi_sbc,raspberry_pi_1_b_plus,I,D,E,E,4,IDEE,train,train,NOT_VERIFIED,train_coded/train_coded/IDEE4.jpg,dc831aa52239b3619ebb9ae31cf81b91c6d15a110db4c9720e27275f1343ce80,1502,1756,247,165,1009,1426,10.07641689,0.873909129
micro_pcb_v2_IEAA1,micro_pcb_images,https://www.kaggle.com/datasets/frettapper/micropcb-images,CC BY 4.0,https://creativecommons.org/licenses/by/4.0/,raspberry_pi_sbc,raspberry_pi_1_b_plus,I,E,A,A,1,IEAA,train,train,NOT_VERIFIED,train_coded/train_coded/IEAA1.jpg,c4627581a10819914cc12c74417c25eef563216f0db6fa5b81935edfac185440,1623,1725,248,166,1130,1395,17.04553242,1.126051548
micro_pcb_v2_IEAA2,micro_pcb_images,https://www.kaggle.com/datasets/frettapper/micropcb-images,CC BY 4.0,https://creativecommons.org/licenses/by/4.0/,raspberry_pi_sbc,raspberry_pi_1_b_plus,I,E,A,A,2,IEAA,train,train,NOT_VERIFIED,train_coded/train_coded/IEAA2.jpg,949597a41fc9cea9f9be02d2001fba1bd38fd45f1de09377810eb1df194acd35,1618,1727,248,166,1127,1396,16.30758709,1.132433899
micro_pcb_v2_IEAA3,micro_pcb_images,https://www.kaggle.com/datasets/frettapper/micropcb-images,CC BY 4.0,https://creativecommons.org/licenses/by/4.0/,raspberry_pi_sbc,raspberry_pi_1_b_plus,I,E,A,A,3,IEAA,train,train,NOT_VERIFIED,train_coded/train_coded/IEAA3.jpg,35ebfff3e44fb2936645a70c8ddce25eed2c9fed714318aa156bf1c4193df47a,1615,1725,247,166,1125,1394,16.07612394,1.129991622
micro_pcb_v2_IEAA4,micro_pcb_images,https://www.kaggle.com/datasets/frettapper/micropcb-images,CC BY 4.0,https://creativecommons.org/licenses/by/4.0/,raspberry_pi_sbc,raspberry_pi_1_b_plus,I,E,A,A,4,IEAA,train,train,NOT_VERIFIED,train_coded/train_coded/IEAA4.jpg,8fe6094f4273b846559dcce008ef9f67485ac4bfae0c92e19e351db5434e1136,1617,1729,247,166,1125,1398,16.04247732,1.130372039
micro_pcb_v2_IEAB1,micro_pcb_images,https://www.kaggle.com/datasets/frettapper/micropcb-images,CC BY 4.0,https://creativecommons.org/licenses/by/4.0/,raspberry_pi_sbc,raspberry_pi_1_b_plus,I,E,A,B,1,IEAB,train,train,NOT_VERIFIED,train_coded/train_coded/IEAB1.jpg,0ff3c77367f0b6f46c3e273016c389ac0aabb9840fa7beb7fe1860ed24dd2091,1729,1868,246,164,1233,1540,18.41728469,1.075175346
micro_pcb_v2_IEAB2,micro_pcb_images,https://www.kaggle.com/datasets/frettapper/micropcb-images,CC BY 4.0,https://creativecommons.org/licenses/by/4.0/,raspberry_pi_sbc,raspberry_pi_1_b_plus,I,E,A,B,2,IEAB,train,train,NOT_VERIFIED,train_coded/train_coded/IEAB2.jpg,e0794c5ae9f27899a1813763503351e5575748e884079b0c7f0865d4daf3ffa7,1728,1870,246,164,1236,1542,18.27304139,1.072538477
micro_pcb_v2_IEAB3,micro_pcb_images,https://www.kaggle.com/datasets/frettapper/micropcb-images,CC BY 4.0,https://creativecommons.org/licenses/by/4.0/,raspberry_pi_sbc,raspberry_pi_1_b_plus,I,E,A,B,3,IEAB,train,train,NOT_VERIFIED,train_coded/train_coded/IEAB3.jpg,0972873245858191f44094fe5772da2494ea01db91c68720d5b24a141d0816f8,1724,1869,247,164,1227,1541,18.02559847,1.078536071
micro_pcb_v2_IEAB4,micro_pcb_images,https://www.kaggle.com/datasets/frettapper/micropcb-images,CC BY 4.0,https://creativecommons.org/licenses/by/4.0/,raspberry_pi_sbc,raspberry_pi_1_b_plus,I,E,A,B,4,IEAB,train,train,NOT_VERIFIED,train_coded/train_coded/IEAB4.jpg,3bf231922334cc0aa26a40b15f945c156ef5fc768f7f2daa08576b75b1b3f399,1715,1864,247,165,1221,1535,17.79402393,1.071615493
micro_pcb_v2_IEAC1,micro_pcb_images,https://www.kaggle.com/datasets/frettapper/micropcb-images,CC BY 4.0,https://creativecommons.org/licenses/by/4.0/,raspberry_pi_sbc,raspberry_pi_1_b_plus,I,E,A,C,1,IEAC,train,train,NOT_VERIFIED,train_coded/train_coded/IEAC1.jpg,b5b357ed5c3f8cf9a5063327a7e414d614d4d669172bd00c1d2f02052e6dad2c,2111,2091,245,164,1616,1762,26.68649718,0.936875824
micro_pcb_v2_IEAC2,micro_pcb_images,https://www.kaggle.com/datasets/frettapper/micropcb-images,CC BY 4.0,https://creativecommons.org/licenses/by/4.0/,raspberry_pi_sbc,raspberry_pi_1_b_plus,I,E,A,C,2,IEAC,train,train,NOT_VERIFIED,train_coded/train_coded/IEAC2.jpg,141a8c4cd3ccf37a74bc5b1db9191f1e8cfabd555297b4334d7a38746b09be14,2108,2087,245,164,1613,1762,26.48475948,0.91486043
micro_pcb_v2_IEAC3,micro_pcb_images,https://www.kaggle.com/datasets/frettapper/micropcb-images,CC BY 4.0,https://creativecommons.org/licenses/by/4.0/,raspberry_pi_sbc,raspberry_pi_1_b_plus,I,E,A,C,3,IEAC,train,train,NOT_VERIFIED,train_coded/train_coded/IEAC3.jpg,fb517074dc9e9917a50e3f0e7a81f66494b6bfb56444d8f24fad7856328c1d9d,2106,2089,245,165,1612,1759,26.32071309,0.923167641
micro_pcb_v2_IEAC4,micro_pcb_images,https://www.kaggle.com/datasets/frettapper/micropcb-images,CC BY 4.0,https://creativecommons.org/licenses/by/4.0/,raspberry_pi_sbc,raspberry_pi_1_b_plus,I,E,A,C,4,IEAC,train,train,NOT_VERIFIED,train_coded/train_coded/IEAC4.jpg,6967bf39667382d79ae05b22c7aa6035f90f6299d9f6e372d147340d42117efa,2104,2088,246,164,1608,1758,26.12965466,0.925845001
micro_pcb_v2_IEAD1,micro_pcb_images,https://www.kaggle.com/datasets/frettapper/micropcb-images,CC BY 4.0,https://creativecommons.org/licenses/by/4.0/,raspberry_pi_sbc,raspberry_pi_1_b_plus,I,E,A,D,1,IEAD,train,train,NOT_VERIFIED,train_coded/train_coded/IEAD1.jpg,569adcd4b0b564f2483f1649d2ba467cb9bebad49090e4392e7895e4a1364c0b,1931,2062,246,165,1437,1728,17.94417403,0.948558816
micro_pcb_v2_IEAD2,micro_pcb_images,https://www.kaggle.com/datasets/frettapper/micropcb-images,CC BY 4.0,https://creativecommons.org/licenses/by/4.0/,raspberry_pi_sbc,raspberry_pi_1_b_plus,I,E,A,D,2,IEAD,train,train,NOT_VERIFIED,train_coded/train_coded/IEAD2.jpg,97610c04b1d5eec425ac28385f1c87c92dac75ad8652f754b6401ea19f27bd67,1922,2055,247,164,1430,1723,17.49259493,0.945465095
micro_pcb_v2_IEAD3,micro_pcb_images,https://www.kaggle.com/datasets/frettapper/micropcb-images,CC BY 4.0,https://creativecommons.org/licenses/by/4.0/,raspberry_pi_sbc,raspberry_pi_1_b_plus,I,E,A,D,3,IEAD,train,train,NOT_VERIFIED,train_coded/train_coded/IEAD3.jpg,03a855fad819c02583a9439374c46c2d653b7d4197329e68bd7e7afcf1de6487,1919,2056,246,165,1428,1722,17.24383031,0.942925556
micro_pcb_v2_IEAD4,micro_pcb_images,https://www.kaggle.com/datasets/frettapper/micropcb-images,CC BY 4.0,https://creativecommons.org/licenses/by/4.0/,raspberry_pi_sbc,raspberry_pi_1_b_plus,I,E,A,D,4,IEAD,train,train,NOT_VERIFIED,train_coded/train_coded/IEAD4.jpg,081907fc74b8fa00207c72d3912323b17f50a98a3a8db78af6ea6fd95d165cf0,1925,2058,246,165,1433,1726,17.63336622,0.942078049
micro_pcb_v2_IEAE1,micro_pcb_images,https://www.kaggle.com/datasets/frettapper/micropcb-images,CC BY 4.0,https://creativecommons.org/licenses/by/4.0/,raspberry_pi_sbc,raspberry_pi_1_b_plus,I,E,A,E,1,IEAE,train,train,NOT_VERIFIED,train_coded/train_coded/IEAE1.jpg,707acfd8fefa3342e96754eaf69b7c8fb66e9806c97d87686b98b433c08277f1,2049,1727,247,164,1546,1400,39.5693428,0.887632679
micro_pcb_v2_IEAE2,micro_pcb_images,https://www.kaggle.com/datasets/frettapper/micropcb-images,CC BY 4.0,https://creativecommons.org/licenses/by/4.0/,raspberry_pi_sbc,raspberry_pi_1_b_plus,I,E,A,E,2,IEAE,train,train,NOT_VERIFIED,train_coded/train_coded/IEAE2.jpg,1ed001062daec6d4b89b4a426876dcae4e823b7c9998df86753d9493f0b7beca,2050,1729,247,164,1548,1401,39.60740088,0.877482253
micro_pcb_v2_IEAE3,micro_pcb_images,https://www.kaggle.com/datasets/frettapper/micropcb-images,CC BY 4.0,https://creativecommons.org/licenses/by/4.0/,raspberry_pi_sbc,raspberry_pi_1_b_plus,I,E,A,E,3,IEAE,train,train,NOT_VERIFIED,train_coded/train_coded/IEAE3.jpg,e6998c249174fa995567ab313a8e0a3e12fb372a80003d87cf5d5d2c308591b5,2052,1734,246,164,1551,1405,39.59712704,0.88733835
micro_pcb_v2_IEAE4,micro_pcb_images,https://www.kaggle.com/datasets/frettapper/micropcb-images,CC BY 4.0,https://creativecommons.org/licenses/by/4.0/,raspberry_pi_sbc,raspberry_pi_1_b_plus,I,E,A,E,4,IEAE,train,train,NOT_VERIFIED,train_coded/train_coded/IEAE4.jpg,4bb3f131020383c82ad7bf73e2737f58b54fd1826b1944aa678f3ea5a56e7cb1,2047,1734,246,165,1548,1405,39.26633217,0.885636501
micro_pcb_v2_IEBA1,micro_pcb_images,https://www.kaggle.com/datasets/frettapper/micropcb-images,CC BY 4.0,https://creativecommons.org/licenses/by/4.0/,raspberry_pi_sbc,raspberry_pi_1_b_plus,I,E,B,A,1,IEBA,train,train,NOT_VERIFIED,train_coded/train_coded/IEBA1.jpg,d0766a8c10a87dff86054eb5d29cdec951e6cce81d70b045c158d43ad10bc68d,1939,1868,246,164,1447,1540,24.65236906,1.159766195
micro_pcb_v2_IEBA2,micro_pcb_images,https://www.kaggle.com/datasets/frettapper/micropcb-images,CC BY 4.0,https://creativecommons.org/licenses/by/4.0/,raspberry_pi_sbc,raspberry_pi_1_b_plus,I,E,B,A,2,IEBA,train,train,NOT_VERIFIED,train_coded/train_coded/IEBA2.jpg,b6296ebc56ed964f74957caf2f130b89c4a9fb246ced89d5b14b06e094904126,1936,1867,246,165,1443,1538,24.37378924,1.156818241
micro_pcb_v2_IEBA3,micro_pcb_images,https://www.kaggle.com/datasets/frettapper/micropcb-images,CC BY 4.0,https://creativecommons.org/licenses/by/4.0/,raspberry_pi_sbc,raspberry_pi_1_b_plus,I,E,B,A,3,IEBA,train,train,NOT_VERIFIED,train_coded/train_coded/IEBA3.jpg,9ba50a48628c3bc585f98d07c6be35beaa6b217d737040bd6618ca561519923a,1935,1867,246,167,1442,1536,24.37596604,1.156409963
micro_pcb_v2_IEBA4,micro_pcb_images,https://www.kaggle.com/datasets/frettapper/micropcb-images,CC BY 4.0,https://creativecommons.org/licenses/by/4.0/,raspberry_pi_sbc,raspberry_pi_1_b_plus,I,E,B,A,4,IEBA,train,train,NOT_VERIFIED,train_coded/train_coded/IEBA4.jpg,746c053b45ed62e26ae2afe810f856bc7e2cf9f57ea4b12030467da360873e4f,1937,1867,247,164,1444,1539,24.69789366,1.155591347
micro_pcb_v2_IEBB1,micro_pcb_images,https://www.kaggle.com/datasets/frettapper/micropcb-images,CC BY 4.0,https://creativecommons.org/licenses/by/4.0/,raspberry_pi_sbc,raspberry_pi_1_b_plus,I,E,B,B,1,IEBB,train,train,NOT_VERIFIED,train_coded/train_coded/IEBB1.jpg,536629bb9d77661900520b5382f7c25f9cee67491c93e4a89c8f6d8ea469450a,1896,1941,247,165,1405,1612,22.48656031,1.081261332
micro_pcb_v2_IEBB2,micro_pcb_images,https://www.kaggle.com/datasets/frettapper/micropcb-images,CC BY 4.0,https://creativecommons.org/licenses/by/4.0/,raspberry_pi_sbc,raspberry_pi_1_b_plus,I,E,B,B,2,IEBB,train,train,NOT_VERIFIED,train_coded/train_coded/IEBB2.jpg,ab78e81cf688f9addb606970be3e740446beea0a128dc2fdc6c98b6da9ce5759,1892,1938,247,164,1399,1610,21.99190325,1.086756322
micro_pcb_v2_IEBB3,micro_pcb_images,https://www.kaggle.com/datasets/frettapper/micropcb-images,CC BY 4.0,https://creativecommons.org/licenses/by/4.0/,raspberry_pi_sbc,raspberry_pi_1_b_plus,I,E,B,B,3,IEBB,train,train,NOT_VERIFIED,train_coded/train_coded/IEBB3.jpg,1d6329ecda41db323654f2b0fca85a0b3849f2cb42a9afb5d0b145e43f1be0b4,1887,1935,246,165,1389,1606,20.90265393,1.072732899
micro_pcb_v2_IEBB4,micro_pcb_images,https://www.kaggle.com/datasets/frettapper/micropcb-images,CC BY 4.0,https://creativecommons.org/licenses/by/4.0/,raspberry_pi_sbc,raspberry_pi_1_b_plus,I,E,B,B,4,IEBB,train,train,NOT_VERIFIED,train_coded/train_coded/IEBB4.jpg,824564e0599401b9201bb5fcb95705bb75efe3a87d35e74e3019cac5e4dd31d2,1881,1931,246,164,1380,1603,20.46211236,1.072142433
micro_pcb_v2_IEBC1,micro_pcb_images,https://www.kaggle.com/datasets/frettapper/micropcb-images,CC BY 4.0,https://creativecommons.org/licenses/by/4.0/,raspberry_pi_sbc,raspberry_pi_1_b_plus,I,E,B,C,1,IEBC,train,train,NOT_VERIFIED,train_coded/train_coded/IEBC1.jpg,9e295d4576f409622fbf417179d44874b57739cbaeeb9292a47cf67cb8610dc0,2149,2136,246,165,1637,1807,25.62041585,1.00374904
micro_pcb_v2_IEBC2,micro_pcb_images,https://www.kaggle.com/datasets/frettapper/micropcb-images,CC BY 4.0,https://creativecommons.org/licenses/by/4.0/,raspberry_pi_sbc,raspberry_pi_1_b_plus,I,E,B,C,2,IEBC,train,train,NOT_VERIFIED,train_coded/train_coded/IEBC2.jpg,8699aa8404a9e410c612a8573b407c85f3e3a9cfdf9e6adcc8bb76251fdf9c1e,2144,2137,246,167,1631,1806,24.99237228,1.009536175
micro_pcb_v2_IEBC3,micro_pcb_images,https://www.kaggle.com/datasets/frettapper/micropcb-images,CC BY 4.0,https://creativecommons.org/licenses/by/4.0/,raspberry_pi_sbc,raspberry_pi_1_b_plus,I,E,B,C,3,IEBC,train,train,NOT_VERIFIED,train_coded/train_coded/IEBC3.jpg,d9738e6f997dab15269cbbb674d8409b838a4be1c2c99e403c67a25185b7ccd0,2138,2135,246,166,1627,1804,24.49805573,1.019164235
micro_pcb_v2_IEBC4,micro_pcb_images,https://www.kaggle.com/datasets/frettapper/micropcb-images,CC BY 4.0,https://creativecommons.org/licenses/by/4.0/,raspberry_pi_sbc,raspberry_pi_1_b_plus,I,E,B,C,4,IEBC,train,train,NOT_VERIFIED,train_coded/train_coded/IEBC4.jpg,4f1260651ed2437b19ae975411614d77f7d83e48796be5b49de8cfa43cf48d79,2153,2144,246,169,1638,1810,25.26191227,0.997515296
micro_pcb_v2_IEBD1,micro_pcb_images,https://www.kaggle.com/datasets/frettapper/micropcb-images,CC BY 4.0,https://creativecommons.org/licenses/by/4.0/,raspberry_pi_sbc,raspberry_pi_1_b_plus,I,E,B,D,1,IEBD,train,train,NOT_VERIFIED,train_coded/train_coded/IEBD1.jpg,7bed77ff69af7c5fdea6283bcfe7050682e794dc2d8c45c65e25cf0e05d7c0f7,2422,2377,246,165,1930,2045,31.18303175,0.95068067
micro_pcb_v2_IEBD2,micro_pcb_images,https://www.kaggle.com/datasets/frettapper/micropcb-images,CC BY 4.0,https://creativecommons.org/licenses/by/4.0/,raspberry_pi_sbc,raspberry_pi_1_b_plus,I,E,B,D,2,IEBD,train,train,NOT_VERIFIED,train_coded/train_coded/IEBD2.jpg,c87ff1ddc8f13afe0c84425d2c6d3ce88d27ed82804e635de37f2967d816b01f,2417,2371,246,165,1922,2038,30.63523334,0.950470536
micro_pcb_v2_IEBD3,micro_pcb_images,https://www.kaggle.com/datasets/frettapper/micropcb-images,CC BY 4.0,https://creativecommons.org/licenses/by/4.0/,raspberry_pi_sbc,raspberry_pi_1_b_plus,I,E,B,D,3,IEBD,train,train,NOT_VERIFIED,train_coded/train_coded/IEBD3.jpg,d02f9dd89260805cd01698c3e13c637c126d8b9caec1a9245cfa9695c383cf44,2410,2371,247,165,1917,2040,30.28081049,0.94932742
micro_pcb_v2_IEBD4,micro_pcb_images,https://www.kaggle.com/datasets/frettapper/micropcb-images,CC BY 4.0,https://creativecommons.org/licenses/by/4.0/,raspberry_pi_sbc,raspberry_pi_1_b_plus,I,E,B,D,4,IEBD,train,train,NOT_VERIFIED,train_coded/train_coded/IEBD4.jpg,92b952ead06360aea62e34496de750cc1bbec96f4842296106b7b7028a8c2860,2419,2374,246,165,1923,2043,30.53735942,0.946535749
micro_pcb_v2_IEBE1,micro_pcb_images,https://www.kaggle.com/datasets/frettapper/micropcb-images,CC BY 4.0,https://creativecommons.org/licenses/by/4.0/,raspberry_pi_sbc,raspberry_pi_1_b_plus,I,E,B,E,1,IEBE,train,train,NOT_VERIFIED,train_coded/train_coded/IEBE1.jpg,9e9b941aba9077e917f38f72cdd9f07bf6e67487f6fb7ce0845b342ea7327cbe,2165,1971,247,164,1672,1642,29.89848996,0.880145681
micro_pcb_v2_IEBE2,micro_pcb_images,https://www.kaggle.com/datasets/frettapper/micropcb-images,CC BY 4.0,https://creativecommons.org/licenses/by/4.0/,raspberry_pi_sbc,raspberry_pi_1_b_plus,I,E,B,E,2,IEBE,train,train,NOT_VERIFIED,train_coded/train_coded/IEBE2.jpg,5113896ebfc9d5a56dd754cfe46c313d9883c74d341b18dc9abd07cd009110ae,2150,1960,246,165,1654,1628,28.94073028,0.881597683
micro_pcb_v2_IEBE3,micro_pcb_images,https://www.kaggle.com/datasets/frettapper/micropcb-images,CC BY 4.0,https://creativecommons.org/licenses/by/4.0/,raspberry_pi_sbc,raspberry_pi_1_b_plus,I,E,B,E,3,IEBE,train,train,NOT_VERIFIED,train_coded/train_coded/IEBE3.jpg,21e3cc2e7a4f19b51308cd1326c800dbeecb6a0b29137686272758dd6feba048,2131,1941,247,164,1636,1611,28.19296351,0.880139031
micro_pcb_v2_IEBE4,micro_pcb_images,https://www.kaggle.com/datasets/frettapper/micropcb-images,CC BY 4.0,https://creativecommons.org/licenses/by/4.0/,raspberry_pi_sbc,raspberry_pi_1_b_plus,I,E,B,E,4,IEBE,train,train,NOT_VERIFIED,train_coded/train_coded/IEBE4.jpg,5a1945b8922bcd4f34ec5b8cdabf5c96ed543b85bd9c2f45e9ffb022aed2c794,2127,1936,246,163,1635,1605,28.19875908,0.881052411
micro_pcb_v2_IECA1,micro_pcb_images,https://www.kaggle.com/datasets/frettapper/micropcb-images,CC BY 4.0,https://creativecommons.org/licenses/by/4.0/,raspberry_pi_sbc,raspberry_pi_1_b_plus,I,E,C,A,1,IECA,train,train,NOT_VERIFIED,train_coded/train_coded/IECA1.jpg,9e399fc200ed7e35e19a02f410ad3a4e611a5e2190444048141c276425abe4b2,1864,1731,247,166,1371,1401,20.41525234,1.127466688
micro_pcb_v2_IECA2,micro_pcb_images,https://www.kaggle.com/datasets/frettapper/micropcb-images,CC BY 4.0,https://creativecommons.org/licenses/by/4.0/,raspberry_pi_sbc,raspberry_pi_1_b_plus,I,E,C,A,2,IECA,train,train,NOT_VERIFIED,train_coded/train_coded/IECA2.jpg,c0e33695230d410e498a50497ee1d46e47bb553262b1320c5cd90dc3d29c15f5,1856,1730,246,166,1364,1399,19.58428892,1.130655565
micro_pcb_v2_IECA3,micro_pcb_images,https://www.kaggle.com/datasets/frettapper/micropcb-images,CC BY 4.0,https://creativecommons.org/licenses/by/4.0/,raspberry_pi_sbc,raspberry_pi_1_b_plus,I,E,C,A,3,IECA,train,train,NOT_VERIFIED,train_coded/train_coded/IECA3.jpg,e08c85d94a1f24be06e947c416e33c4826c613e5da560bb7ea7c4b7041d4be1a,1853,1730,247,171,1359,1395,19.55042783,1.128086556
micro_pcb_v2_IECA4,micro_pcb_images,https://www.kaggle.com/datasets/frettapper/micropcb-images,CC BY 4.0,https://creativecommons.org/licenses/by/4.0/,raspberry_pi_sbc,raspberry_pi_1_b_plus,I,E,C,A,4,IECA,train,train,NOT_VERIFIED,train_coded/train_coded/IECA4.jpg,b5b9f2be6322f48f0f912228ce88f81815108e46beaf19eff6375dbfef120a75,1850,1734,246,172,1359,1398,19.33737279,1.12871698
micro_pcb_v2_IECB1,micro_pcb_images,https://www.kaggle.com/datasets/frettapper/micropcb-images,CC BY 4.0,https://creativecommons.org/licenses/by/4.0/,raspberry_pi_sbc,raspberry_pi_1_b_plus,I,E,C,B,1,IECB,train,train,NOT_VERIFIED,train_coded/train_coded/IECB1.jpg,3fe366e6ce859796af0b48d0b70838f204bd66919200556cc203cf1a122bfafb,2028,2015,246,164,1535,1687,20.37090999,1.088296093
micro_pcb_v2_IECB2,micro_pcb_images,https://www.kaggle.com/datasets/frettapper/micropcb-images,CC BY 4.0,https://creativecommons.org/licenses/by/4.0/,raspberry_pi_sbc,raspberry_pi_1_b_plus,I,E,C,B,2,IECB,train,train,NOT_VERIFIED,train_coded/train_coded/IECB2.jpg,b96f1f28a598840f42c2e08581257161873df5fc55f6286e654b8763f8eb40b9,2026,2014,247,165,1533,1685,20.32325151,1.087167169
micro_pcb_v2_IECB3,micro_pcb_images,https://www.kaggle.com/datasets/frettapper/micropcb-images,CC BY 4.0,https://creativecommons.org/licenses/by/4.0/,raspberry_pi_sbc,raspberry_pi_1_b_plus,I,E,C,B,3,IECB,train,train,NOT_VERIFIED,train_coded/train_coded/IECB3.jpg,7cd0bdf858c8670ff24f73a0b347cdbd2bc2785c7eda52b989e1603171581833,2024,2013,246,165,1531,1684,20.22023963,1.083174723
micro_pcb_v2_IECB4,micro_pcb_images,https://www.kaggle.com/datasets/frettapper/micropcb-images,CC BY 4.0,https://creativecommons.org/licenses/by/4.0/,raspberry_pi_sbc,raspberry_pi_1_b_plus,I,E,C,B,4,IECB,train,train,NOT_VERIFIED,train_coded/train_coded/IECB4.jpg,e8a6bba7f2be0a93591a289ff539bcd8abb87cd5f230af32f9316b30aec0a8dd,2020,2011,247,166,1527,1682,19.97153858,1.0865407
micro_pcb_v2_IECC1,micro_pcb_images,https://www.kaggle.com/datasets/frettapper/micropcb-images,CC BY 4.0,https://creativecommons.org/licenses/by/4.0/,raspberry_pi_sbc,raspberry_pi_1_b_plus,I,E,C,C,1,IECC,train,train,NOT_VERIFIED,train_coded/train_coded/IECC1.jpg,2afc0c205a58dbced1c8b927f4af1e2d9da47d47edaf77b466cf79856af45169,2106,2111,247,164,1613,1783,25.22406772,0.990089385
micro_pcb_v2_IECC2,micro_pcb_images,https://www.kaggle.com/datasets/frettapper/micropcb-images,CC BY 4.0,https://creativecommons.org/licenses/by/4.0/,raspberry_pi_sbc,raspberry_pi_1_b_plus,I,E,C,C,2,IECC,train,train,NOT_VERIFIED,train_coded/train_coded/IECC2.jpg,7f4b26231e9bc19aa53ce58283a9670994604cc9e14ea64c50a3fb957ec54700,2103,2110,250,164,1607,1781,24.78610658,0.992310997
micro_pcb_v2_IECC3,micro_pcb_images,https://www.kaggle.com/datasets/frettapper/micropcb-images,CC BY 4.0,https://creativecommons.org/licenses/by/4.0/,raspberry_pi_sbc,raspberry_pi_1_b_plus,I,E,C,C,3,IECC,train,train,NOT_VERIFIED,train_coded/train_coded/IECC3.jpg,df2c1b3e70ceed82e078a6d04f9433f6fca3de570a0e5c874747ea8160f066f9,2098,2110,246,164,1606,1780,24.72245285,0.990671582
micro_pcb_v2_IECC4,micro_pcb_images,https://www.kaggle.com/datasets/frettapper/micropcb-images,CC BY 4.0,https://creativecommons.org/licenses/by/4.0/,raspberry_pi_sbc,raspberry_pi_1_b_plus,I,E,C,C,4,IECC,train,train,NOT_VERIFIED,train_coded/train_coded/IECC4.jpg,875357f40b418fd8cbedfe46947914c0e92e8e9915c3bc2afe799d5bc6398f65,2102,2113,248,164,1608,1783,24.84611269,0.99250093
micro_pcb_v2_IECD1,micro_pcb_images,https://www.kaggle.com/datasets/frettapper/micropcb-images,CC BY 4.0,https://creativecommons.org/licenses/by/4.0/,raspberry_pi_sbc,raspberry_pi_1_b_plus,I,E,C,D,1,IECD,train,train,NOT_VERIFIED,train_coded/train_coded/IECD1.jpg,025678ac89fc6f1a285faf98dd5f39886849fea82561f2f129afbf274e548e82,2033,2079,247,164,1540,1750,22.41952067,0.93071657
micro_pcb_v2_IECD2,micro_pcb_images,https://www.kaggle.com/datasets/frettapper/micropcb-images,CC BY 4.0,https://creativecommons.org/licenses/by/4.0/,raspberry_pi_sbc,raspberry_pi_1_b_plus,I,E,C,D,2,IECD,train,train,NOT_VERIFIED,train_coded/train_coded/IECD2.jpg,12fe9019570819584343eb29ab8016d9393d08ac9a7db2d3fef5494da2c26f2b,2030,2079,247,164,1537,1750,22.30419593,0.93093898
micro_pcb_v2_IECD3,micro_pcb_images,https://www.kaggle.com/datasets/frettapper/micropcb-images,CC BY 4.0,https://creativecommons.org/licenses/by/4.0/,raspberry_pi_sbc,raspberry_pi_1_b_plus,I,E,C,D,3,IECD,train,train,NOT_VERIFIED,train_coded/train_coded/IECD3.jpg,085f719d2c00364fa448cb1bc883c88712dfbe370f5ecdfa412ffbbffc7c02d4,2029,2078,247,164,1535,1749,22.14526211,0.930967325
micro_pcb_v2_IECD4,micro_pcb_images,https://www.kaggle.com/datasets/frettapper/micropcb-images,CC BY 4.0,https://creativecommons.org/licenses/by/4.0/,raspberry_pi_sbc,raspberry_pi_1_b_plus,I,E,C,D,4,IECD,train,train,NOT_VERIFIED,train_coded/train_coded/IECD4.jpg,2b24347d54a48078b32b17d17d7cedb5b79e4089a3f9f30ab3996b6b81b7d8dc,2035,2081,246,164,1543,1752,22.73426181,0.928276442
micro_pcb_v2_IECE1,micro_pcb_images,https://www.kaggle.com/datasets/frettapper/micropcb-images,CC BY 4.0,https://creativecommons.org/licenses/by/4.0/,raspberry_pi_sbc,raspberry_pi_1_b_plus,I,E,C,E,1,IECE,train,train,NOT_VERIFIED,train_coded/train_coded/IECE1.jpg,eb68de5ecb169ea5aaa612167fdbd2d6f88bb399b66fb315232b3e646576367c,1883,1852,246,164,1391,1522,22.54850784,0.884493073
micro_pcb_v2_IECE2,micro_pcb_images,https://www.kaggle.com/datasets/frettapper/micropcb-images,CC BY 4.0,https://creativecommons.org/licenses/by/4.0/,raspberry_pi_sbc,raspberry_pi_1_b_plus,I,E,C,E,2,IECE,train,train,NOT_VERIFIED,train_coded/train_coded/IECE2.jpg,ab636a83ec59f70ecfee80a9a5eaec85c1958bfa6d471a2802aa7cb9f4e306b5,1882,1852,247,164,1388,1523,22.58947953,0.886965277
micro_pcb_v2_IECE3,micro_pcb_images,https://www.kaggle.com/datasets/frettapper/micropcb-images,CC BY 4.0,https://creativecommons.org/licenses/by/4.0/,raspberry_pi_sbc,raspberry_pi_1_b_plus,I,E,C,E,3,IECE,train,train,NOT_VERIFIED,train_coded/train_coded/IECE3.jpg,34eaf959d8caf1c75b9aed79d9a6478bcb3112f98d91ad78956410fe853b9f5b,1882,1853,246,164,1390,1524,22.73262505,0.884441826
micro_pcb_v2_IECE4,micro_pcb_images,https://www.kaggle.com/datasets/frettapper/micropcb-images,CC BY 4.0,https://creativecommons.org/licenses/by/4.0/,raspberry_pi_sbc,raspberry_pi_1_b_plus,I,E,C,E,4,IECE,train,train,NOT_VERIFIED,train_coded/train_coded/IECE4.jpg,e13df10943f31698b40e9ebbbe34b9a2baa9b51b079f52b599b6d25e5634a3c0,1883,1856,246,164,1390,1527,22.48282425,0.884340735
micro_pcb_v2_IEDA1,micro_pcb_images,https://www.kaggle.com/datasets/frettapper/micropcb-images,CC BY 4.0,https://creativecommons.org/licenses/by/4.0/,raspberry_pi_sbc,raspberry_pi_1_b_plus,I,E,D,A,1,IEDA,train,train,NOT_VERIFIED,train_coded/train_coded/IEDA1.jpg,c8fc647f8d00aac330bda99710d9c2c405c8de3c803c1702b21cf7500695319c,2236,1981,247,174,1742,1642,30.9388634,1.042291708
micro_pcb_v2_IEDA2,micro_pcb_images,https://www.kaggle.com/datasets/frettapper/micropcb-images,CC BY 4.0,https://creativecommons.org/licenses/by/4.0/,raspberry_pi_sbc,raspberry_pi_1_b_plus,I,E,D,A,2,IEDA,train,train,NOT_VERIFIED,train_coded/train_coded/IEDA2.jpg,b626e57711b4f8c835071b495b226f3968129049677964b4e769390471ec03c3,2245,1964,260,173,1738,1627,31.34242687,1.029173282
micro_pcb_v2_IEDA3,micro_pcb_images,https://www.kaggle.com/datasets/frettapper/micropcb-images,CC BY 4.0,https://creativecommons.org/licenses/by/4.0/,raspberry_pi_sbc,raspberry_pi_1_b_plus,I,E,D,A,3,IEDA,train,train,NOT_VERIFIED,train_coded/train_coded/IEDA3.jpg,d54fe6f5ae818cf468d27cdb4de6c5ee3da26223d86f30985a060e2e5d527f3c,2246,1968,264,177,1736,1627,30.87301472,1.039089307
micro_pcb_v2_IEDA4,micro_pcb_images,https://www.kaggle.com/datasets/frettapper/micropcb-images,CC BY 4.0,https://creativecommons.org/licenses/by/4.0/,raspberry_pi_sbc,raspberry_pi_1_b_plus,I,E,D,A,4,IEDA,train,train,NOT_VERIFIED,train_coded/train_coded/IEDA4.jpg,85aa7c640b7d1c92b9ef53a827b2c4c70ac0cae47301b87852e32076c65dc54a,2231,1959,255,176,1730,1619,30.69762557,1.036930662
micro_pcb_v2_IEDB1,micro_pcb_images,https://www.kaggle.com/datasets/frettapper/micropcb-images,CC BY 4.0,https://creativecommons.org/licenses/by/4.0/,raspberry_pi_sbc,raspberry_pi_1_b_plus,I,E,D,B,1,IEDB,train,train,NOT_VERIFIED,train_coded/train_coded/IEDB1.jpg,86f73c577040548fc880c2f2b63d3f55bfd44d604a05f2fcf6bab32b44eaa0e8,2411,2343,265,200,1900,1979,31.50353261,0.982238928
micro_pcb_v2_IEDB2,micro_pcb_images,https://www.kaggle.com/datasets/frettapper/micropcb-images,CC BY 4.0,https://creativecommons.org/licenses/by/4.0/,raspberry_pi_sbc,raspberry_pi_1_b_plus,I,E,D,B,2,IEDB,train,train,NOT_VERIFIED,train_coded/train_coded/IEDB2.jpg,7e0742db7fdf5b25101bf64811a797ddf1aff0dbb84806a84a616bc2e7f31639,2392,2335,260,195,1886,1976,31.29666293,0.954709313
micro_pcb_v2_IEDB3,micro_pcb_images,https://www.kaggle.com/datasets/frettapper/micropcb-images,CC BY 4.0,https://creativecommons.org/licenses/by/4.0/,raspberry_pi_sbc,raspberry_pi_1_b_plus,I,E,D,B,3,IEDB,train,train,NOT_VERIFIED,train_coded/train_coded/IEDB3.jpg,dd9199a12f4c08a3a4399e42ffd2dbbe7f4018f9dad8c7a0b2cbe3460f71667d,2396,2325,263,186,1887,1975,31.25014012,0.957947917
micro_pcb_v2_IEDB4,micro_pcb_images,https://www.kaggle.com/datasets/frettapper/micropcb-images,CC BY 4.0,https://creativecommons.org/licenses/by/4.0/,raspberry_pi_sbc,raspberry_pi_1_b_plus,I,E,D,B,4,IEDB,train,train,NOT_VERIFIED,train_coded/train_coded/IEDB4.jpg,c134ab9c493b143c54c1de463cc7bf66b92b1e4455eb1a723046c14469d87ddd,2400,2333,264,196,1890,1973,30.93553695,0.969544465
micro_pcb_v2_IEDC1,micro_pcb_images,https://www.kaggle.com/datasets/frettapper/micropcb-images,CC BY 4.0,https://creativecommons.org/licenses/by/4.0/,raspberry_pi_sbc,raspberry_pi_1_b_plus,I,E,D,C,1,IEDC,train,train,NOT_VERIFIED,train_coded/train_coded/IEDC1.jpg,243d4a59f790c73b6d53abe707258c765f66b6b21fef33d54464859f25e3c33e,1933,1953,257,164,1430,1624,21.6769447,0.961918204
micro_pcb_v2_IEDC2,micro_pcb_images,https://www.kaggle.com/datasets/frettapper/micropcb-images,CC BY 4.0,https://creativecommons.org/licenses/by/4.0/,raspberry_pi_sbc,raspberry_pi_1_b_plus,I,E,D,C,2,IEDC,train,train,NOT_VERIFIED,train_coded/train_coded/IEDC2.jpg,33c7ce69b9a4a99572f0564094299611a0cdb7322b57d506a6bc45b7b2bf61cc,1928,1949,262,165,1421,1620,21.8243179,0.945021487
micro_pcb_v2_IEDC3,micro_pcb_images,https://www.kaggle.com/datasets/frettapper/micropcb-images,CC BY 4.0,https://creativecommons.org/licenses/by/4.0/,raspberry_pi_sbc,raspberry_pi_1_b_plus,I,E,D,C,3,IEDC,train,train,NOT_VERIFIED,train_coded/train_coded/IEDC3.jpg,2c1814eb4ebe58a1e3b05c463424be634fc458e28e80a29ba7ca30133b5bfca8,1932,1947,260,164,1426,1619,21.46810967,0.947522167
micro_pcb_v2_IEDC4,micro_pcb_images,https://www.kaggle.com/datasets/frettapper/micropcb-images,CC BY 4.0,https://creativecommons.org/licenses/by/4.0/,raspberry_pi_sbc,raspberry_pi_1_b_plus,I,E,D,C,4,IEDC,train,train,NOT_VERIFIED,train_coded/train_coded/IEDC4.jpg,590d7cc70c065d65d89926d52098454c232baa0a6f5c5a4fecd5c9dd63382307,1926,1944,264,165,1416,1615,21.14838286,0.948179292
micro_pcb_v2_IEDD1,micro_pcb_images,https://www.kaggle.com/datasets/frettapper/micropcb-images,CC BY 4.0,https://creativecommons.org/licenses/by/4.0/,raspberry_pi_sbc,raspberry_pi_1_b_plus,I,E,D,D,1,IEDD,train,train,NOT_VERIFIED,train_coded/train_coded/IEDD1.jpg,6bdb779bc526e5e89ed2c531bee0ff1246af944d347d59817163d7c7963baec3,1903,2017,252,164,1405,1689,24.36919137,0.884960786
micro_pcb_v2_IEDD2,micro_pcb_images,https://www.kaggle.com/datasets/frettapper/micropcb-images,CC BY 4.0,https://creativecommons.org/licenses/by/4.0/,raspberry_pi_sbc,raspberry_pi_1_b_plus,I,E,D,D,2,IEDD,train,train,NOT_VERIFIED,train_coded/train_coded/IEDD2.jpg,1149ca653f4cbb661735f59c05e6732ce77ae28dbdf6f3c4b623a7388394fa6f,1902,2021,248,164,1407,1692,23.91427916,0.886103298
micro_pcb_v2_IEDD3,micro_pcb_images,https://www.kaggle.com/datasets/frettapper/micropcb-images,CC BY 4.0,https://creativecommons.org/licenses/by/4.0/,raspberry_pi_sbc,raspberry_pi_1_b_plus,I,E,D,D,3,IEDD,train,train,NOT_VERIFIED,train_coded/train_coded/IEDD3.jpg,7bacb8fdf7731c82791a9580b2db73adaaba5c0678d96e620f6dc6c0a20bdcc5,1903,2023,248,164,1408,1695,23.98553283,0.889594194
micro_pcb_v2_IEDD4,micro_pcb_images,https://www.kaggle.com/datasets/frettapper/micropcb-images,CC BY 4.0,https://creativecommons.org/licenses/by/4.0/,raspberry_pi_sbc,raspberry_pi_1_b_plus,I,E,D,D,4,IEDD,train,train,NOT_VERIFIED,train_coded/train_coded/IEDD4.jpg,7d54c7e0856a7f28ba19d263afbd3e9ee4abcbab1a1b671c4e6bfcc6efd04c2c,1894,2019,244,165,1403,1689,23.91131,0.88654706
micro_pcb_v2_IEDE1,micro_pcb_images,https://www.kaggle.com/datasets/frettapper/micropcb-images,CC BY 4.0,https://creativecommons.org/licenses/by/4.0/,raspberry_pi_sbc,raspberry_pi_1_b_plus,I,E,D,E,1,IEDE,train,train,NOT_VERIFIED,train_coded/train_coded/IEDE1.jpg,235afecb9d1b9099f53980044b663b6f65154b54f5b264db3e0b093ea0847915,1727,1819,246,164,1234,1490,25.93337461,0.828520395
micro_pcb_v2_IEDE2,micro_pcb_images,https://www.kaggle.com/datasets/frettapper/micropcb-images,CC BY 4.0,https://creativecommons.org/licenses/by/4.0/,raspberry_pi_sbc,raspberry_pi_1_b_plus,I,E,D,E,2,IEDE,train,train,NOT_VERIFIED,train_coded/train_coded/IEDE2.jpg,c6e275f4c19516e6b507b0bfd14b75e4aed83889b1e349339fb3cfb54ac0b244,1720,1815,246,166,1226,1483,25.20302783,0.84558806
micro_pcb_v2_IEDE3,micro_pcb_images,https://www.kaggle.com/datasets/frettapper/micropcb-images,CC BY 4.0,https://creativecommons.org/licenses/by/4.0/,raspberry_pi_sbc,raspberry_pi_1_b_plus,I,E,D,E,3,IEDE,train,train,NOT_VERIFIED,train_coded/train_coded/IEDE3.jpg,8f436a366cba8f09fa6000f65470c2245d2bdb99d61f7eed2e2f3777bf42e0ad,1722,1812,246,164,1228,1483,25.43506321,0.830702941
micro_pcb_v2_IEDE4,micro_pcb_images,https://www.kaggle.com/datasets/frettapper/micropcb-images,CC BY 4.0,https://creativecommons.org/licenses/by/4.0/,raspberry_pi_sbc,raspberry_pi_1_b_plus,I,E,D,E,4,IEDE,train,train,NOT_VERIFIED,train_coded/train_coded/IEDE4.jpg,68de2c19707f82018cdeb1a36a6a53f5b0f315192a56a5f84bcdede760bb309b,1726,1813,246,164,1231,1484,25.40202202,0.832244337
micro_pcb_v2_IEEA1,micro_pcb_images,https://www.kaggle.com/datasets/frettapper/micropcb-images,CC BY 4.0,https://creativecommons.org/licenses/by/4.0/,raspberry_pi_sbc,raspberry_pi_1_b_plus,I,E,E,A,1,IEEA,train,train,NOT_VERIFIED,train_coded/train_coded/IEEA1.jpg,652d9b815f28518d7834f4edb982b5cde3533b41cdc8a097c3d73129e917f87a,2101,1750,256,167,1599,1418,37.26026417,0.991378917
micro_pcb_v2_IEEA2,micro_pcb_images,https://www.kaggle.com/datasets/frettapper/micropcb-images,CC BY 4.0,https://creativecommons.org/licenses/by/4.0/,raspberry_pi_sbc,raspberry_pi_1_b_plus,I,E,E,A,2,IEEA,train,train,NOT_VERIFIED,train_coded/train_coded/IEEA2.jpg,b5aec11edefd31148944a81b810e957db7d4daec825cf4b54e3798f524f0892e,2107,1753,254,165,1607,1424,37.83841023,0.979392076
micro_pcb_v2_IEEA3,micro_pcb_images,https://www.kaggle.com/datasets/frettapper/micropcb-images,CC BY 4.0,https://creativecommons.org/licenses/by/4.0/,raspberry_pi_sbc,raspberry_pi_1_b_plus,I,E,E,A,3,IEEA,train,train,NOT_VERIFIED,train_coded/train_coded/IEEA3.jpg,e37b904db1f215b521267d58856cfa7558a945e99ee35afa3316454f053c7a5c,2104,1757,255,169,1603,1424,37.59005958,0.981894957
micro_pcb_v2_IEEA4,micro_pcb_images,https://www.kaggle.com/datasets/frettapper/micropcb-images,CC BY 4.0,https://creativecommons.org/licenses/by/4.0/,raspberry_pi_sbc,raspberry_pi_1_b_plus,I,E,E,A,4,IEEA,train,train,NOT_VERIFIED,train_coded/train_coded/IEEA4.jpg,b3015a9b82947166c63445a10c227b3db2e64370321aff78b811b99b6de1c6cd,2101,1755,252,166,1603,1424,37.22491342,0.983598108
micro_pcb_v2_IEEB1,micro_pcb_images,https://www.kaggle.com/datasets/frettapper/micropcb-images,CC BY 4.0,https://creativecommons.org/licenses/by/4.0/,raspberry_pi_sbc,raspberry_pi_1_b_plus,I,E,E,B,1,IEEB,train,train,NOT_VERIFIED,train_coded/train_coded/IEEB1.jpg,e9e59567525ab4f376953e8b32dd8472edf55e84a0de6ee162db44f6a0a8659e,2070,2033,255,171,1568,1697,24.27669185,1.001519515
micro_pcb_v2_IEEB2,micro_pcb_images,https://www.kaggle.com/datasets/frettapper/micropcb-images,CC BY 4.0,https://creativecommons.org/licenses/by/4.0/,raspberry_pi_sbc,raspberry_pi_1_b_plus,I,E,E,B,2,IEEB,train,train,NOT_VERIFIED,train_coded/train_coded/IEEB2.jpg,30b939da5c822b48d15ea9199e6638c08cacaad79df7c81917cd0486fbc123f6,2077,2025,262,167,1569,1694,24.24922453,1.000017358
micro_pcb_v2_IEEB3,micro_pcb_images,https://www.kaggle.com/datasets/frettapper/micropcb-images,CC BY 4.0,https://creativecommons.org/licenses/by/4.0/,raspberry_pi_sbc,raspberry_pi_1_b_plus,I,E,E,B,3,IEEB,train,train,NOT_VERIFIED,train_coded/train_coded/IEEB3.jpg,4b8a319e3aa9bf5122a89bb9994b7923b9c67ae6d3d820df0cfce97f545bf103,2077,2024,264,168,1567,1692,23.60450431,1.009465863
micro_pcb_v2_IEEB4,micro_pcb_images,https://www.kaggle.com/datasets/frettapper/micropcb-images,CC BY 4.0,https://creativecommons.org/licenses/by/4.0/,raspberry_pi_sbc,raspberry_pi_1_b_plus,I,E,E,B,4,IEEB,train,train,NOT_VERIFIED,train_coded/train_coded/IEEB4.jpg,47179a14fc8bd0d9d9a41b9fa076ed14ed2f0c6e2aa203227c21471bc87bbf96,2068,2025,254,169,1567,1692,23.84879652,1.004085801
micro_pcb_v2_IEEC1,micro_pcb_images,https://www.kaggle.com/datasets/frettapper/micropcb-images,CC BY 4.0,https://creativecommons.org/licenses/by/4.0/,raspberry_pi_sbc,raspberry_pi_1_b_plus,I,E,E,C,1,IEEC,train,train,NOT_VERIFIED,train_coded/train_coded/IEEC1.jpg,17cc93df16c73cb6e2d5ee084bb9d3ee9344656a09f2345d90200d9ed788a3da,1812,1906,249,164,1317,1578,19.11872609,0.96520339
micro_pcb_v2_IEEC2,micro_pcb_images,https://www.kaggle.com/datasets/frettapper/micropcb-images,CC BY 4.0,https://creativecommons.org/licenses/by/4.0/,raspberry_pi_sbc,raspberry_pi_1_b_plus,I,E,E,C,2,IEEC,train,train,NOT_VERIFIED,train_coded/train_coded/IEEC2.jpg,baeefbd1150d2d3f2d72a7dae4d1a2affc439be0ac411f39fb260eb47fc2e365,1810,1904,251,164,1313,1576,18.56985286,0.969982226
micro_pcb_v2_IEEC3,micro_pcb_images,https://www.kaggle.com/datasets/frettapper/micropcb-images,CC BY 4.0,https://creativecommons.org/licenses/by/4.0/,raspberry_pi_sbc,raspberry_pi_1_b_plus,I,E,E,C,3,IEEC,train,train,NOT_VERIFIED,train_coded/train_coded/IEEC3.jpg,a56b1de27f18fb45f81f2fce882aeaf55913258640a0a9afeddbaa68c41f813c,1797,1897,252,164,1299,1569,17.88395064,0.973596602
micro_pcb_v2_IEEC4,micro_pcb_images,https://www.kaggle.com/datasets/frettapper/micropcb-images,CC BY 4.0,https://creativecommons.org/licenses/by/4.0/,raspberry_pi_sbc,raspberry_pi_1_b_plus,I,E,E,C,4,IEEC,train,train,NOT_VERIFIED,train_coded/train_coded/IEEC4.jpg,be156cf85600f1dd3c3a872b77351404df754e69d793d83044bc8a627765958f,1800,1900,246,165,1308,1571,18.4002322,0.968317316
micro_pcb_v2_IEED1,micro_pcb_images,https://www.kaggle.com/datasets/frettapper/micropcb-images,CC BY 4.0,https://creativecommons.org/licenses/by/4.0/,raspberry_pi_sbc,raspberry_pi_1_b_plus,I,E,E,D,1,IEED,train,train,NOT_VERIFIED,train_coded/train_coded/IEED1.jpg,45c07640a04a103674b32962ddeb9653b6d99d85852bc2135dd03cbee54b9298,1716,1924,254,164,1216,1596,21.52825544,0.865591654
micro_pcb_v2_IEED2,micro_pcb_images,https://www.kaggle.com/datasets/frettapper/micropcb-images,CC BY 4.0,https://creativecommons.org/licenses/by/4.0/,raspberry_pi_sbc,raspberry_pi_1_b_plus,I,E,E,D,2,IEED,train,train,NOT_VERIFIED,train_coded/train_coded/IEED2.jpg,4aa45836a59acd39859d1590a33be6d87968f1473f78bfe7764997b6a6fc0c9f,1722,1928,254,165,1223,1599,21.43071713,0.869517608
micro_pcb_v2_IEED3,micro_pcb_images,https://www.kaggle.com/datasets/frettapper/micropcb-images,CC BY 4.0,https://creativecommons.org/licenses/by/4.0/,raspberry_pi_sbc,raspberry_pi_1_b_plus,I,E,E,D,3,IEED,train,train,NOT_VERIFIED,train_coded/train_coded/IEED3.jpg,509771f4a6645c4b417b940b296ba7551c51dce0fb1f4baeea94a397b9bcb004,1722,1929,253,165,1224,1599,21.39635324,0.873252392
micro_pcb_v2_IEED4,micro_pcb_images,https://www.kaggle.com/datasets/frettapper/micropcb-images,CC BY 4.0,https://creativecommons.org/licenses/by/4.0/,raspberry_pi_sbc,raspberry_pi_1_b_plus,I,E,E,D,4,IEED,train,train,NOT_VERIFIED,train_coded/train_coded/IEED4.jpg,6a9ab99963e7b872211aa35afc238bfe88c9dfd511e522177471c1af0c0a4c5a,1725,1928,254,164,1226,1601,21.75870088,0.866821753
micro_pcb_v2_IEEE1,micro_pcb_images,https://www.kaggle.com/datasets/frettapper/micropcb-images,CC BY 4.0,https://creativecommons.org/licenses/by/4.0/,raspberry_pi_sbc,raspberry_pi_1_b_plus,I,E,E,E,1,IEEE,train,train,NOT_VERIFIED,train_coded/train_coded/IEEE1.jpg,1fefb8b16a747cfab78847831fc454f2ba15222e6da28697bc2e249184eae0c4,1598,1792,247,165,1103,1462,21.108611,0.822194264
micro_pcb_v2_IEEE2,micro_pcb_images,https://www.kaggle.com/datasets/frettapper/micropcb-images,CC BY 4.0,https://creativecommons.org/licenses/by/4.0/,raspberry_pi_sbc,raspberry_pi_1_b_plus,I,E,E,E,2,IEEE,train,train,NOT_VERIFIED,train_coded/train_coded/IEEE2.jpg,adb67a09a0b92148d4e91c95c6fd762111031ba9559f6626c405f89fc2b42af5,1598,1789,250,165,1102,1459,20.98506549,0.827295238
micro_pcb_v2_IEEE3,micro_pcb_images,https://www.kaggle.com/datasets/frettapper/micropcb-images,CC BY 4.0,https://creativecommons.org/licenses/by/4.0/,raspberry_pi_sbc,raspberry_pi_1_b_plus,I,E,E,E,3,IEEE,train,train,NOT_VERIFIED,train_coded/train_coded/IEEE3.jpg,c5bfaf58ae9f0d8937e4db9931b9e0e40bf7deefc6554467d1ba6d9316a8072d,1602,1790,254,164,1102,1462,21.25055918,0.827055087
micro_pcb_v2_IEEE4,micro_pcb_images,https://www.kaggle.com/datasets/frettapper/micropcb-images,CC BY 4.0,https://creativecommons.org/licenses/by/4.0/,raspberry_pi_sbc,raspberry_pi_1_b_plus,I,E,E,E,4,IEEE,train,train,NOT_VERIFIED,train_coded/train_coded/IEEE4.jpg,9668da16d02f22b0f2536c2987876c1781af00eb011ca1d2a2a0f1c01d79104f,1604,1789,252,164,1105,1461,21.55489956,0.826506902
micro_pcb_v2_AAAA5,micro_pcb_images,https://www.kaggle.com/datasets/frettapper/micropcb-images,CC BY 4.0,https://creativecommons.org/licenses/by/4.0/,raspberry_pi_sbc,raspberry_pi_a_plus,A,A,A,A,5,AAAA,test,val,NOT_VERIFIED,test_coded/test_coded/AAAA5.jpg,7557a70480b72da40f54e1f601069e80305031ec04c0a1c883d3dc43bd11496c,1942,1847,246,174,1434,1508,30.13725133,1.055265255
micro_pcb_v2_AAAB5,micro_pcb_images,https://www.kaggle.com/datasets/frettapper/micropcb-images,CC BY 4.0,https://creativecommons.org/licenses/by/4.0/,raspberry_pi_sbc,raspberry_pi_a_plus,A,A,A,B,5,AAAB,test,val,NOT_VERIFIED,test_coded/test_coded/AAAB5.jpg,30fa1e994eea4eb7c824d156a7701bff92db3d2995ac32f83bcdcc2fc96593e2,2170,2237,246,173,1667,1900,30.27103475,1.010107171
micro_pcb_v2_AAAC5,micro_pcb_images,https://www.kaggle.com/datasets/frettapper/micropcb-images,CC BY 4.0,https://creativecommons.org/licenses/by/4.0/,raspberry_pi_sbc,raspberry_pi_a_plus,A,A,A,C,5,AAAC,test,val,NOT_VERIFIED,test_coded/test_coded/AAAC5.jpg,58fa5259bbbbcc04111e5148566b83b9bc04c2d33773d58fdb6b081152a10977,1990,2384,246,165,1488,2056,18.93196017,0.947940524
micro_pcb_v2_AAAD5,micro_pcb_images,https://www.kaggle.com/datasets/frettapper/micropcb-images,CC BY 4.0,https://creativecommons.org/licenses/by/4.0/,raspberry_pi_sbc,raspberry_pi_a_plus,A,A,A,D,5,AAAD,test,val,NOT_VERIFIED,test_coded/test_coded/AAAD5.jpg,b10bfd18fd565e3163daf93ed2f6243aa1f31194b2881bf0e00eff085dd12eb4,1879,2404,247,165,1377,2075,17.11085201,0.906241767
micro_pcb_v2_AAAE5,micro_pcb_images,https://www.kaggle.com/datasets/frettapper/micropcb-images,CC BY 4.0,https://creativecommons.org/licenses/by/4.0/,raspberry_pi_sbc,raspberry_pi_a_plus,A,A,A,E,5,AAAE,test,val,NOT_VERIFIED,test_coded/test_coded/AAAE5.jpg,0bb53111605d500ece652d88ac199b3272bfbf4f58809af22eaab251d649b605,1738,2166,247,165,1236,1836,16.73569101,0.829745001
micro_pcb_v2_AABA5,micro_pcb_images,https://www.kaggle.com/datasets/frettapper/micropcb-images,CC BY 4.0,https://creativecommons.org/licenses/by/4.0/,raspberry_pi_sbc,raspberry_pi_a_plus,A,A,B,A,5,AABA,test,val,NOT_VERIFIED,test_coded/test_coded/AABA5.jpg,9d7d08445f1b9deec800b3a6e53306e98bac6c4ed1ffc9c259bd926ecf330868,2073,2066,245,171,1580,1731,28.52110258,1.121904779
micro_pcb_v2_AABB5,micro_pcb_images,https://www.kaggle.com/datasets/frettapper/micropcb-images,CC BY 4.0,https://creativecommons.org/licenses/by/4.0/,raspberry_pi_sbc,raspberry_pi_a_plus,A,A,B,B,5,AABB,test,val,NOT_VERIFIED,test_coded/test_coded/AABB5.jpg,af63588b15d2d03592b37fb5457b45a891bec409bcb37041fd84fc2ee1616a43,2362,2479,247,189,1854,2126,29.6823516,1.060898225
micro_pcb_v2_AABC5,micro_pcb_images,https://www.kaggle.com/datasets/frettapper/micropcb-images,CC BY 4.0,https://creativecommons.org/licenses/by/4.0/,raspberry_pi_sbc,raspberry_pi_a_plus,A,A,B,C,5,AABC,test,val,NOT_VERIFIED,test_coded/test_coded/AABC5.jpg,71551b6bb9f0540ef7e4007e8211df72f2269635e903703f170f41faecafa247,2136,2629,246,165,1629,2300,19.3472965,0.97620125
micro_pcb_v2_AABD5,micro_pcb_images,https://www.kaggle.com/datasets/frettapper/micropcb-images,CC BY 4.0,https://creativecommons.org/licenses/by/4.0/,raspberry_pi_sbc,raspberry_pi_a_plus,A,A,B,D,5,AABD,test,val,NOT_VERIFIED,test_coded/test_coded/AABD5.jpg,979b1f22f43da1e7a16f41fcf60e1d53b66af70913b2ba3036ffff0f9467eea0,2173,2678,246,164,1678,2349,19.8304384,0.890132604
micro_pcb_v2_AABE5,micro_pcb_images,https://www.kaggle.com/datasets/frettapper/micropcb-images,CC BY 4.0,https://creativecommons.org/licenses/by/4.0/,raspberry_pi_sbc,raspberry_pi_a_plus,A,A,B,E,5,AABE,test,val,NOT_VERIFIED,test_coded/test_coded/AABE5.jpg,afb3a12a92c9ee6c3086b49aee2fb1ce52d1aff1fecdc7876746a8cfe55af20d,1996,2291,246,164,1499,1963,21.09922492,0.827846032
micro_pcb_v2_AACA5,micro_pcb_images,https://www.kaggle.com/datasets/frettapper/micropcb-images,CC BY 4.0,https://creativecommons.org/licenses/by/4.0/,raspberry_pi_sbc,raspberry_pi_a_plus,A,A,C,A,5,AACA,test,val,NOT_VERIFIED,test_coded/test_coded/AACA5.jpg,1e7b1da89b655be58f3a373d9144cf9b9b700495794964d4d9ebca7bbc082703,2073,2367,248,189,1560,2015,25.44222756,0.962027748
micro_pcb_v2_AACB5,micro_pcb_images,https://www.kaggle.com/datasets/frettapper/micropcb-images,CC BY 4.0,https://creativecommons.org/licenses/by/4.0/,raspberry_pi_sbc,raspberry_pi_a_plus,A,A,C,B,5,AACB,test,val,NOT_VERIFIED,test_coded/test_coded/AACB5.jpg,d6a9ef042a988361690925607f13887747bf698ef37ceac41588370bf8d84a41,2060,2613,248,165,1566,2284,17.53672037,1.011516387
micro_pcb_v2_AACC5,micro_pcb_images,https://www.kaggle.com/datasets/frettapper/micropcb-images,CC BY 4.0,https://creativecommons.org/licenses/by/4.0/,raspberry_pi_sbc,raspberry_pi_a_plus,A,A,C,C,5,AACC,test,val,NOT_VERIFIED,test_coded/test_coded/AACC5.jpg,c601d4465f498ea6ad7869a35488e5c310bb28b3a0ec7c44f8f63cd86405cc4c,2228,2737,246,166,1735,2407,19.72952917,0.995115239
micro_pcb_v2_AACD5,micro_pcb_images,https://www.kaggle.com/datasets/frettapper/micropcb-images,CC BY 4.0,https://creativecommons.org/licenses/by/4.0/,raspberry_pi_sbc,raspberry_pi_a_plus,A,A,C,D,5,AACD,test,val,NOT_VERIFIED,test_coded/test_coded/AACD5.jpg,5dcffefdff26bbb9d8bee624e5eb247e1c07230f47778b0efc7a1072ea683985,2285,2697,246,164,1790,2369,21.63484536,0.893808955
micro_pcb_v2_AACE5,micro_pcb_images,https://www.kaggle.com/datasets/frettapper/micropcb-images,CC BY 4.0,https://creativecommons.org/licenses/by/4.0/,raspberry_pi_sbc,raspberry_pi_a_plus,A,A,C,E,5,AACE,test,val,NOT_VERIFIED,test_coded/test_coded/AACE5.jpg,162442d1ce9ba6231956f6c64bb83367725835607026f769b4339c78117e2aa6,2041,2280,247,164,1548,1951,20.21644037,0.839887849
micro_pcb_v2_AADA5,micro_pcb_images,https://www.kaggle.com/datasets/frettapper/micropcb-images,CC BY 4.0,https://creativecommons.org/licenses/by/4.0/,raspberry_pi_sbc,raspberry_pi_a_plus,A,A,D,A,5,AADA,test,val,NOT_VERIFIED,test_coded/test_coded/AADA5.jpg,db5bc4b3e4fe6254b8b3e879063616f13d7970d6138fe311ccde7b84093ffd88,2015,2205,246,165,1522,1876,24.15937701,1.183870355
micro_pcb_v2_AADB5,micro_pcb_images,https://www.kaggle.com/datasets/frettapper/micropcb-images,CC BY 4.0,https://creativecommons.org/licenses/by/4.0/,raspberry_pi_sbc,raspberry_pi_a_plus,A,A,D,B,5,AADB,test,val,NOT_VERIFIED,test_coded/test_coded/AADB5.jpg,d36fa538b5973b999aa943b2fa43f4724e192ea675158aa4eb3881f3d09291e8,2161,2595,247,165,1668,2265,20.39927655,1.103319677
micro_pcb_v2_AADC5,micro_pcb_images,https://www.kaggle.com/datasets/frettapper/micropcb-images,CC BY 4.0,https://creativecommons.org/licenses/by/4.0/,raspberry_pi_sbc,raspberry_pi_a_plus,A,A,D,C,5,AADC,test,val,NOT_VERIFIED,test_coded/test_coded/AADC5.jpg,a0ae832486da4bb3e8a24430b1c40184b87990c028228d85e8a2bf0008bbbb6e,2150,2649,260,164,1644,2321,18.9624855,1.003361893
micro_pcb_v2_AADD5,micro_pcb_images,https://www.kaggle.com/datasets/frettapper/micropcb-images,CC BY 4.0,https://creativecommons.org/licenses/by/4.0/,raspberry_pi_sbc,raspberry_pi_a_plus,A,A,D,D,5,AADD,test,val,NOT_VERIFIED,test_coded/test_coded/AADD5.jpg,19a881f8a28e7bffafef09f8ec2899964addf78270351f34f016506fd94e2fd2,2234,2577,253,164,1735,2246,22.31304445,0.926660473
micro_pcb_v2_AADE5,micro_pcb_images,https://www.kaggle.com/datasets/frettapper/micropcb-images,CC BY 4.0,https://creativecommons.org/licenses/by/4.0/,raspberry_pi_sbc,raspberry_pi_a_plus,A,A,D,E,5,AADE,test,val,NOT_VERIFIED,test_coded/test_coded/AADE5.jpg,d2405a67ad59b8542f67edf393ad050ef4a6f3065007f0d135c499ba9142b1aa,2059,2129,248,164,1565,1800,24.24932146,0.86622366
micro_pcb_v2_AAEA5,micro_pcb_images,https://www.kaggle.com/datasets/frettapper/micropcb-images,CC BY 4.0,https://creativecommons.org/licenses/by/4.0/,raspberry_pi_sbc,raspberry_pi_a_plus,A,A,E,A,5,AAEA,test,val,NOT_VERIFIED,test_coded/test_coded/AAEA5.jpg,1433d2209db161a9494c6ba0f5fdcee4c72a0a0aceda69dd5cae829a447f3728,1729,2062,247,168,1235,1730,20.64242999,1.175501189
micro_pcb_v2_AAEB5,micro_pcb_images,https://www.kaggle.com/datasets/frettapper/micropcb-images,CC BY 4.0,https://creativecommons.org/licenses/by/4.0/,raspberry_pi_sbc,raspberry_pi_a_plus,A,A,E,B,5,AAEB,test,val,NOT_VERIFIED,test_coded/test_coded/AAEB5.jpg,3da43367fb45045869a97dbbb68dfa333c73e03fed721874cf9447a23898955e,1935,2357,253,170,1436,2023,21.45099988,1.107966602
micro_pcb_v2_AAEC5,micro_pcb_images,https://www.kaggle.com/datasets/frettapper/micropcb-images,CC BY 4.0,https://creativecommons.org/licenses/by/4.0/,raspberry_pi_sbc,raspberry_pi_a_plus,A,A,E,C,5,AAEC,test,val,NOT_VERIFIED,test_coded/test_coded/AAEC5.jpg,d6fac7545d9a31c8d26d31a9cfdc334e4e4b00725969cc5d8c7e7ee20e906693,2058,2415,255,165,1557,2086,23.58647421,1.01648759
micro_pcb_v2_AAED5,micro_pcb_images,https://www.kaggle.com/datasets/frettapper/micropcb-images,CC BY 4.0,https://creativecommons.org/licenses/by/4.0/,raspberry_pi_sbc,raspberry_pi_a_plus,A,A,E,D,5,AAED,test,val,NOT_VERIFIED,test_coded/test_coded/AAED5.jpg,c222efbf58599d8c43abdc51249fc3e1989b1960c2cdf382183abecd4c643e64,1942,2294,247,164,1448,1966,21.49247375,0.96656926
micro_pcb_v2_AAEE5,micro_pcb_images,https://www.kaggle.com/datasets/frettapper/micropcb-images,CC BY 4.0,https://creativecommons.org/licenses/by/4.0/,raspberry_pi_sbc,raspberry_pi_a_plus,A,A,E,E,5,AAEE,test,val,NOT_VERIFIED,test_coded/test_coded/AAEE5.jpg,a9b199e732089603c9b2e3e6450156aa621f2ff3b36765bcf2e202e0f0963223,1898,1970,254,164,1398,1641,23.63066888,0.909985204
micro_pcb_v2_ABAA5,micro_pcb_images,https://www.kaggle.com/datasets/frettapper/micropcb-images,CC BY 4.0,https://creativecommons.org/licenses/by/4.0/,raspberry_pi_sbc,raspberry_pi_a_plus,A,B,A,A,5,ABAA,test,val,NOT_VERIFIED,test_coded/test_coded/ABAA5.jpg,4e18c6d9a8d75dc8f342a106ecb4719244d7f1db3187b5009bc94ce6568b4965,1675,1860,246,169,1170,1526,17.5074884,1.075605767
micro_pcb_v2_ABAB5,micro_pcb_images,https://www.kaggle.com/datasets/frettapper/micropcb-images,CC BY 4.0,https://creativecommons.org/licenses/by/4.0/,raspberry_pi_sbc,raspberry_pi_a_plus,A,B,A,B,5,ABAB,test,val,NOT_VERIFIED,test_coded/test_coded/ABAB5.jpg,cbf770dab787d04d2330c032ea558bcbf04848f51d175fc9432b3d05bd7716a3,1872,2226,246,178,1366,1884,17.58084208,1.029993998
micro_pcb_v2_ABAC5,micro_pcb_images,https://www.kaggle.com/datasets/frettapper/micropcb-images,CC BY 4.0,https://creativecommons.org/licenses/by/4.0/,raspberry_pi_sbc,raspberry_pi_a_plus,A,B,A,C,5,ABAC,test,val,NOT_VERIFIED,test_coded/test_coded/ABAC5.jpg,712d3f2f7f3d37afb5d50dd9968452021c7f28ec231ebd1f0f453a66a9237e64,1771,2371,246,164,1272,2043,10.53381231,0.931217671
micro_pcb_v2_ABAD5,micro_pcb_images,https://www.kaggle.com/datasets/frettapper/micropcb-images,CC BY 4.0,https://creativecommons.org/licenses/by/4.0/,raspberry_pi_sbc,raspberry_pi_a_plus,A,B,A,D,5,ABAD,test,val,NOT_VERIFIED,test_coded/test_coded/ABAD5.jpg,17a42727961eb5e76cc71d75f53ea79460bb638909735828f8c41e0372ddff0d,1702,2408,246,164,1204,2080,9.496849101,0.904398488
micro_pcb_v2_ABAE5,micro_pcb_images,https://www.kaggle.com/datasets/frettapper/micropcb-images,CC BY 4.0,https://creativecommons.org/licenses/by/4.0/,raspberry_pi_sbc,raspberry_pi_a_plus,A,B,A,E,5,ABAE,test,val,NOT_VERIFIED,test_coded/test_coded/ABAE5.jpg,d6830ada6d7c254d83f1a2927669a425f13ec97a684ebe66c23f60914f604c4a,1525,2188,247,164,1022,1860,5.379798375,0.83924955
micro_pcb_v2_ABBA5,micro_pcb_images,https://www.kaggle.com/datasets/frettapper/micropcb-images,CC BY 4.0,https://creativecommons.org/licenses/by/4.0/,raspberry_pi_sbc,raspberry_pi_a_plus,A,B,B,A,5,ABBA,test,val,NOT_VERIFIED,test_coded/test_coded/ABBA5.jpg,770df9551241c8d72b95514bc9bb1cc5af7fda2dcbc4e64c5e027d8a58003326,1800,2030,247,170,1306,1696,16.63538659,1.138980729
micro_pcb_v2_ABBB5,micro_pcb_images,https://www.kaggle.com/datasets/frettapper/micropcb-images,CC BY 4.0,https://creativecommons.org/licenses/by/4.0/,raspberry_pi_sbc,raspberry_pi_a_plus,A,B,B,B,5,ABBB,test,val,NOT_VERIFIED,test_coded/test_coded/ABBB5.jpg,0abef53f4f8b08eba288c923621df5e6c43726a3755c2223a347bd96ecb76d94,2049,2463,246,180,1547,2119,17.91884403,1.073846631
micro_pcb_v2_ABBC5,micro_pcb_images,https://www.kaggle.com/datasets/frettapper/micropcb-images,CC BY 4.0,https://creativecommons.org/licenses/by/4.0/,raspberry_pi_sbc,raspberry_pi_a_plus,A,B,B,C,5,ABBC,test,val,NOT_VERIFIED,test_coded/test_coded/ABBC5.jpg,da1df69af75392846ba562b8d1f21c20f57dc15afa0a841583ce3de49c944fbd,1933,2607,246,165,1435,2278,12.50889069,0.974845891
micro_pcb_v2_ABBD5,micro_pcb_images,https://www.kaggle.com/datasets/frettapper/micropcb-images,CC BY 4.0,https://creativecommons.org/licenses/by/4.0/,raspberry_pi_sbc,raspberry_pi_a_plus,A,B,B,D,5,ABBD,test,val,NOT_VERIFIED,test_coded/test_coded/ABBD5.jpg,47d7f820cc3eeb2bd12b3340cdfc814ebb76ca6649f6e76a9db5d73ab64a45a6,1954,2676,246,164,1460,2348,11.32597799,0.892361506
micro_pcb_v2_ABBE5,micro_pcb_images,https://www.kaggle.com/datasets/frettapper/micropcb-images,CC BY 4.0,https://creativecommons.org/licenses/by/4.0/,raspberry_pi_sbc,raspberry_pi_a_plus,A,B,B,E,5,ABBE,test,val,NOT_VERIFIED,test_coded/test_coded/ABBE5.jpg,39529d1f1a5d8ed99cdac0654633fc948816d96e8e5c939fcea6761dfe036826,1747,2272,247,164,1248,1943,9.20537504,0.829126652
micro_pcb_v2_ABCA5,micro_pcb_images,https://www.kaggle.com/datasets/frettapper/micropcb-images,CC BY 4.0,https://creativecommons.org/licenses/by/4.0/,raspberry_pi_sbc,raspberry_pi_a_plus,A,B,C,A,5,ABCA,test,val,NOT_VERIFIED,test_coded/test_coded/ABCA5.jpg,be46190afac93976a048d327e0542084fe7a7f6d84e9d502c4870adf0b6a34bf,1791,2371,246,183,1290,2025,13.54490841,0.983144313
micro_pcb_v2_ABCB5,micro_pcb_images,https://www.kaggle.com/datasets/frettapper/micropcb-images,CC BY 4.0,https://creativecommons.org/licenses/by/4.0/,raspberry_pi_sbc,raspberry_pi_a_plus,A,B,C,B,5,ABCB,test,val,NOT_VERIFIED,test_coded/test_coded/ABCB5.jpg,c386d7c01e1d620822f811fff074911ccec66587175d02ac047376a4efd430bc,1823,2589,247,170,1328,2255,9.256538116,1.016501472
micro_pcb_v2_ABCC5,micro_pcb_images,https://www.kaggle.com/datasets/frettapper/micropcb-images,CC BY 4.0,https://creativecommons.org/licenses/by/4.0/,raspberry_pi_sbc,raspberry_pi_a_plus,A,B,C,C,5,ABCC,test,val,NOT_VERIFIED,test_coded/test_coded/ABCC5.jpg,9c76fc5d5477204a055b2b44240350979334a914de1d5c0e4fb42da94dcf9fe0,1986,2705,246,165,1493,2376,11.48673325,0.993107442
micro_pcb_v2_ABCD5,micro_pcb_images,https://www.kaggle.com/datasets/frettapper/micropcb-images,CC BY 4.0,https://creativecommons.org/licenses/by/4.0/,raspberry_pi_sbc,raspberry_pi_a_plus,A,B,C,D,5,ABCD,test,val,NOT_VERIFIED,test_coded/test_coded/ABCD5.jpg,0a5fe3cb0af7078e6f27ac658a2f2afff8b73b388a532526d63faabd1e373812,2014,2677,246,164,1520,2349,11.54713084,0.89311224
micro_pcb_v2_ABCE5,micro_pcb_images,https://www.kaggle.com/datasets/frettapper/micropcb-images,CC BY 4.0,https://creativecommons.org/licenses/by/4.0/,raspberry_pi_sbc,raspberry_pi_a_plus,A,B,C,E,5,ABCE,test,val,NOT_VERIFIED,test_coded/test_coded/ABCE5.jpg,e59a3990d99673cdd86e991d9ab29d62cf6e20917f75e6188a691b6515da012b,1826,2246,247,164,1332,1916,10.25105173,0.841708304
micro_pcb_v2_ABDA5,micro_pcb_images,https://www.kaggle.com/datasets/frettapper/micropcb-images,CC BY 4.0,https://creativecommons.org/licenses/by/4.0/,raspberry_pi_sbc,raspberry_pi_a_plus,A,B,D,A,5,ABDA,test,val,NOT_VERIFIED,test_coded/test_coded/ABDA5.jpg,2a3ed6d5a80d3526c5f8e50a8c1249ce8ada0b14130a120af245de270c9b9046,1804,2215,248,172,1309,1879,14.14333711,1.175245983
micro_pcb_v2_ABDB5,micro_pcb_images,https://www.kaggle.com/datasets/frettapper/micropcb-images,CC BY 4.0,https://creativecommons.org/licenses/by/4.0/,raspberry_pi_sbc,raspberry_pi_a_plus,A,B,D,B,5,ABDB,test,val,NOT_VERIFIED,test_coded/test_coded/ABDB5.jpg,09e223297c6b7be329fa59ccd8f4315ea97ccb592f7351898181a3cab0d1d237,1918,2582,248,165,1424,2253,11.4656737,1.098178897
micro_pcb_v2_ABDC5,micro_pcb_images,https://www.kaggle.com/datasets/frettapper/micropcb-images,CC BY 4.0,https://creativecommons.org/licenses/by/4.0/,raspberry_pi_sbc,raspberry_pi_a_plus,A,B,D,C,5,ABDC,test,val,NOT_VERIFIED,test_coded/test_coded/ABDC5.jpg,2f64cc223280e0ee5219293e07e1c44e862bad35b9bc6b7fd934bc749dadbdfa,1928,2614,270,165,1412,2285,10.77269708,1.000574065
micro_pcb_v2_ABDD5,micro_pcb_images,https://www.kaggle.com/datasets/frettapper/micropcb-images,CC BY 4.0,https://creativecommons.org/licenses/by/4.0/,raspberry_pi_sbc,raspberry_pi_a_plus,A,B,D,D,5,ABDD,test,val,NOT_VERIFIED,test_coded/test_coded/ABDD5.jpg,a4d52092dd67a66bbb00e5c67db3faffb1a5e15dc057fdcc68ce4921b2bca7db,1984,2534,262,164,1475,2206,12.32457588,0.916466443
micro_pcb_v2_ABDE5,micro_pcb_images,https://www.kaggle.com/datasets/frettapper/micropcb-images,CC BY 4.0,https://creativecommons.org/licenses/by/4.0/,raspberry_pi_sbc,raspberry_pi_a_plus,A,B,D,E,5,ABDE,test,val,NOT_VERIFIED,test_coded/test_coded/ABDE5.jpg,3fd13f59f5d01b04bc649f616f92bccf2d20fb388d1d73d0ce69e7c7cda7fe90,1832,2096,249,166,1337,1763,13.212225,0.864063593
micro_pcb_v2_ABEA5,micro_pcb_images,https://www.kaggle.com/datasets/frettapper/micropcb-images,CC BY 4.0,https://creativecommons.org/licenses/by/4.0/,raspberry_pi_sbc,raspberry_pi_a_plus,A,B,E,A,5,ABEA,test,val,NOT_VERIFIED,test_coded/test_coded/ABEA5.jpg,f9e21492b7145fe3950f9d331d4c98a8f9ec65da57623ee8c1d2acdd3b68bb9f,1575,2093,248,175,1080,1754,11.61999197,1.168830675
micro_pcb_v2_ABEB5,micro_pcb_images,https://www.kaggle.com/datasets/frettapper/micropcb-images,CC BY 4.0,https://creativecommons.org/licenses/by/4.0/,raspberry_pi_sbc,raspberry_pi_a_plus,A,B,E,B,5,ABEB,test,val,NOT_VERIFIED,test_coded/test_coded/ABEB5.jpg,8f1ced0aaf3235ac758ec42e4a2405828abff6dfb9ce4ce72b5c7f9f4e90483b,1783,2370,255,166,1282,2040,14.20916695,1.105353619
micro_pcb_v2_ABEC5,micro_pcb_images,https://www.kaggle.com/datasets/frettapper/micropcb-images,CC BY 4.0,https://creativecommons.org/licenses/by/4.0/,raspberry_pi_sbc,raspberry_pi_a_plus,A,B,E,C,5,ABEC,test,val,NOT_VERIFIED,test_coded/test_coded/ABEC5.jpg,ee247719d44b88db60c128a00b4db6edb715e54b742588da6e8e956d9dee1043,1887,2410,246,165,1395,2081,16.69508674,1.032707121
micro_pcb_v2_ABED5,micro_pcb_images,https://www.kaggle.com/datasets/frettapper/micropcb-images,CC BY 4.0,https://creativecommons.org/licenses/by/4.0/,raspberry_pi_sbc,raspberry_pi_a_plus,A,B,E,D,5,ABED,test,val,NOT_VERIFIED,test_coded/test_coded/ABED5.jpg,f9bb3c03387ff8b45bd73115dd57e758c57519bb87f4d251170a503823b41da6,1703,2237,256,165,1201,1908,11.32460317,0.951303806
micro_pcb_v2_ABEE5,micro_pcb_images,https://www.kaggle.com/datasets/frettapper/micropcb-images,CC BY 4.0,https://creativecommons.org/licenses/by/4.0/,raspberry_pi_sbc,raspberry_pi_a_plus,A,B,E,E,5,ABEE,test,val,NOT_VERIFIED,test_coded/test_coded/ABEE5.jpg,d91ffc918b6b20989d6981d56cf501cc6eb8cf0aa9e881350face8a94c55ef30,1625,1941,250,164,1128,1611,11.02198849,0.882561349
micro_pcb_v2_ACAA5,micro_pcb_images,https://www.kaggle.com/datasets/frettapper/micropcb-images,CC BY 4.0,https://creativecommons.org/licenses/by/4.0/,raspberry_pi_sbc,raspberry_pi_a_plus,A,C,A,A,5,ACAA,test,val,NOT_VERIFIED,test_coded/test_coded/ACAA5.jpg,e88a50e607ed3f65eee523454d9b16475136b59e4d27d8ad465787f8c9fce34c,1402,1929,246,170,894,1594,5.451153469,1.112842492
micro_pcb_v2_ACAB5,micro_pcb_images,https://www.kaggle.com/datasets/frettapper/micropcb-images,CC BY 4.0,https://creativecommons.org/licenses/by/4.0/,raspberry_pi_sbc,raspberry_pi_a_plus,A,C,A,B,5,ACAB,test,val,NOT_VERIFIED,test_coded/test_coded/ACAB5.jpg,ef867228bb024e1f4a31ea66055ca0c3b16bc4c84dcc9b76a93c1d870e9f3a3f,1446,2196,247,143,945,1889,2.932614959,1.056792516
micro_pcb_v2_ACAC5,micro_pcb_images,https://www.kaggle.com/datasets/frettapper/micropcb-images,CC BY 4.0,https://creativecommons.org/licenses/by/4.0/,raspberry_pi_sbc,raspberry_pi_a_plus,A,C,A,C,5,ACAC,test,val,NOT_VERIFIED,test_coded/test_coded/ACAC5.jpg,108f8fd190d36801611c2da9547be63fba1390f13ca9d5614c0214f1a2daf972,1507,2307,246,165,1016,1979,1.738248797,0.972990529
micro_pcb_v2_ACAD5,micro_pcb_images,https://www.kaggle.com/datasets/frettapper/micropcb-images,CC BY 4.0,https://creativecommons.org/licenses/by/4.0/,raspberry_pi_sbc,raspberry_pi_a_plus,A,C,A,D,5,ACAD,test,val,NOT_VERIFIED,test_coded/test_coded/ACAD5.jpg,da213fb3483db384ec4e4f7f519d9d517c4facecefb7a894e8cf4c93388edaa9,1485,2339,246,165,978,2009,2.484572353,0.904243755
micro_pcb_v2_ACAE5,micro_pcb_images,https://www.kaggle.com/datasets/frettapper/micropcb-images,CC BY 4.0,https://creativecommons.org/licenses/by/4.0/,raspberry_pi_sbc,raspberry_pi_a_plus,A,C,A,E,5,ACAE,test,val,NOT_VERIFIED,test_coded/test_coded/ACAE5.jpg,b10a84c3af7cc5625f4a23f8f32c58b4b67d34f964911a67b5e347a7fe668b17,1464,2130,257,164,938,1802,4.864656406,0.853205761
micro_pcb_v2_ACBA5,micro_pcb_images,https://www.kaggle.com/datasets/frettapper/micropcb-images,CC BY 4.0,https://creativecommons.org/licenses/by/4.0/,raspberry_pi_sbc,raspberry_pi_a_plus,A,C,B,A,5,ACBA,test,val,NOT_VERIFIED,test_coded/test_coded/ACBA5.jpg,5b2e275a0a3b5ce4cf7a6f4bebbccf436e5794b6c13bea2b5d761960964f603d,1512,2055,247,182,1017,1709,4.890908352,1.141334684
micro_pcb_v2_ACBB5,micro_pcb_images,https://www.kaggle.com/datasets/frettapper/micropcb-images,CC BY 4.0,https://creativecommons.org/licenses/by/4.0/,raspberry_pi_sbc,raspberry_pi_a_plus,A,C,B,B,5,ACBB,test,val,NOT_VERIFIED,test_coded/test_coded/ACBB5.jpg,1e668659c84c9972bb2dd781088ffd3a73448270fd593f06c1de49e5e511fdba,1614,2426,248,179,1107,2081,2.872104458,1.064163175
micro_pcb_v2_ACBC5,micro_pcb_images,https://www.kaggle.com/datasets/frettapper/micropcb-images,CC BY 4.0,https://creativecommons.org/licenses/by/4.0/,raspberry_pi_sbc,raspberry_pi_a_plus,A,C,B,C,5,ACBC,test,val,NOT_VERIFIED,test_coded/test_coded/ACBC5.jpg,546f790a0fdfda9e007089e7eb6854d270682e951136d5b2c8b9bd2d412ea164,1574,2507,247,164,1062,2176,0.331399742,0.972117835
micro_pcb_v2_ACBD5,micro_pcb_images,https://www.kaggle.com/datasets/frettapper/micropcb-images,CC BY 4.0,https://creativecommons.org/licenses/by/4.0/,raspberry_pi_sbc,raspberry_pi_a_plus,A,C,B,D,5,ACBD,test,val,NOT_VERIFIED,test_coded/test_coded/ACBD5.jpg,18050f58c405ecfc542c58abdd266a5b4bd79f589ade3833340b5479eb57ad5b,1623,2580,248,166,1121,2245,0.108877431,0.902553902
micro_pcb_v2_ACBE5,micro_pcb_images,https://www.kaggle.com/datasets/frettapper/micropcb-images,CC BY 4.0,https://creativecommons.org/licenses/by/4.0/,raspberry_pi_sbc,raspberry_pi_a_plus,A,C,B,E,5,ACBE,test,val,NOT_VERIFIED,test_coded/test_coded/ACBE5.jpg,5a9f7fb7f996526613597d28978a2b360eeabe7c29ec7b7205d450dcee8c669d,1540,2187,247,164,1046,1857,3.603612283,0.839257778
micro_pcb_v2_ACCA5,micro_pcb_images,https://www.kaggle.com/datasets/frettapper/micropcb-images,CC BY 4.0,https://creativecommons.org/licenses/by/4.0/,raspberry_pi_sbc,raspberry_pi_a_plus,A,C,C,A,5,ACCA,test,val,NOT_VERIFIED,test_coded/test_coded/ACCA5.jpg,0f0ece1c15fb65d69bd062c73c5570e7ece7301247dd220695b4606868401bf5,1431,2294,247,166,924,1964,0.094370597,0.99464641
micro_pcb_v2_ACCB5,micro_pcb_images,https://www.kaggle.com/datasets/frettapper/micropcb-images,CC BY 4.0,https://creativecommons.org/licenses/by/4.0/,raspberry_pi_sbc,raspberry_pi_a_plus,A,C,C,B,5,ACCB,test,val,NOT_VERIFIED,test_coded/test_coded/ACCB5.jpg,8413f01eaf652c484e3e85e376b6c8bb2f83a93f6058cdeb0bc8821f52f82aef,1567,2511,246,165,1069,2182,0.33827307,0.997691784
micro_pcb_v2_ACCC5,micro_pcb_images,https://www.kaggle.com/datasets/frettapper/micropcb-images,CC BY 4.0,https://creativecommons.org/licenses/by/4.0/,raspberry_pi_sbc,raspberry_pi_a_plus,A,C,C,C,5,ACCC,test,val,NOT_VERIFIED,test_coded/test_coded/ACCC5.jpg,186878a07e3141c7bc2c6d2e97e410f592f4036f67edb2d63f46cd34c75db9b0,1612,2582,248,165,1116,2250,0.445074829,0.995391666
micro_pcb_v2_ACCD5,micro_pcb_images,https://www.kaggle.com/datasets/frettapper/micropcb-images,CC BY 4.0,https://creativecommons.org/licenses/by/4.0/,raspberry_pi_sbc,raspberry_pi_a_plus,A,C,C,D,5,ACCD,test,val,NOT_VERIFIED,test_coded/test_coded/ACCD5.jpg,9fb5dbc8ae4a66e38064b1f0cd6a0906adbf8c600b083ea27c82367a7a5fd795,1650,2559,248,165,1154,2227,0.85160192,0.902159233
micro_pcb_v2_ACCE5,micro_pcb_images,https://www.kaggle.com/datasets/frettapper/micropcb-images,CC BY 4.0,https://creativecommons.org/licenses/by/4.0/,raspberry_pi_sbc,raspberry_pi_a_plus,A,C,C,E,5,ACCE,test,val,NOT_VERIFIED,test_coded/test_coded/ACCE5.jpg,a09b2eb0d69060a49cccb56ac085a365bb2f7a55b05d728dd1e1dd7dc5bf54cc,1574,2168,248,164,1078,1840,0.856000611,0.844611222
micro_pcb_v2_ACDA5,micro_pcb_images,https://www.kaggle.com/datasets/frettapper/micropcb-images,CC BY 4.0,https://creativecommons.org/licenses/by/4.0/,raspberry_pi_sbc,raspberry_pi_a_plus,A,C,D,A,5,ACDA,test,val,NOT_VERIFIED,test_coded/test_coded/ACDA5.jpg,c8af635f6d5fb993a133f5ced32d408c77be52305dbf73ab2477303b6233e5d3,1541,2160,248,178,1047,1818,1.781760593,1.165276557
micro_pcb_v2_ACDB5,micro_pcb_images,https://www.kaggle.com/datasets/frettapper/micropcb-images,CC BY 4.0,https://creativecommons.org/licenses/by/4.0/,raspberry_pi_sbc,raspberry_pi_a_plus,A,C,D,B,5,ACDB,test,val,NOT_VERIFIED,test_coded/test_coded/ACDB5.jpg,748f31db99bc7a520d5f54749715a57eb10720f76d9967238a81250e1026c35e,1620,2482,250,169,1122,2146,1.754059153,1.10496172
micro_pcb_v2_ACDC5,micro_pcb_images,https://www.kaggle.com/datasets/frettapper/micropcb-images,CC BY 4.0,https://creativecommons.org/licenses/by/4.0/,raspberry_pi_sbc,raspberry_pi_a_plus,A,C,D,C,5,ACDC,test,val,NOT_VERIFIED,test_coded/test_coded/ACDC5.jpg,963979c46f416eca82dde440c96f8ebca8746762e8d71199eafbeb026edf0339,1566,2494,247,167,1072,2163,0.121244216,1.001661976
micro_pcb_v2_ACDD5,micro_pcb_images,https://www.kaggle.com/datasets/frettapper/micropcb-images,CC BY 4.0,https://creativecommons.org/licenses/by/4.0/,raspberry_pi_sbc,raspberry_pi_a_plus,A,C,D,D,5,ACDD,test,val,NOT_VERIFIED,test_coded/test_coded/ACDD5.jpg,cac7d50cc91d95c530b65e295bf5a36529842badc31223d3fc40fd596abf2887,1615,2451,262,163,1106,2123,0.007908621,0.911844423
micro_pcb_v2_ACDE5,micro_pcb_images,https://www.kaggle.com/datasets/frettapper/micropcb-images,CC BY 4.0,https://creativecommons.org/licenses/by/4.0/,raspberry_pi_sbc,raspberry_pi_a_plus,A,C,D,E,5,ACDE,test,val,NOT_VERIFIED,test_coded/test_coded/ACDE5.jpg,f2287929a917449d4db443886ec183d3c557c4a89c1bf7d73f08d7907c3ec18c,1604,2077,265,164,1092,1749,3.0709083,0.854340752
micro_pcb_v2_ACEA5,micro_pcb_images,https://www.kaggle.com/datasets/frettapper/micropcb-images,CC BY 4.0,https://creativecommons.org/licenses/by/4.0/,raspberry_pi_sbc,raspberry_pi_a_plus,A,C,E,A,5,ACEA,test,val,NOT_VERIFIED,test_coded/test_coded/ACEA5.jpg,15b1092dc68a9b04a0a57f1c7983eda61d650f830b68accdde54d2b6f58fc26d,1398,2047,264,174,888,1709,1.144335766,1.146939806
micro_pcb_v2_ACEB5,micro_pcb_images,https://www.kaggle.com/datasets/frettapper/micropcb-images,CC BY 4.0,https://creativecommons.org/licenses/by/4.0/,raspberry_pi_sbc,raspberry_pi_a_plus,A,C,E,B,5,ACEB,test,val,NOT_VERIFIED,test_coded/test_coded/ACEB5.jpg,fce34eea84efda6dc80f80d32a0ee10b19881c8ff206b6c1ab1b923c5e20f28c,1470,2305,260,169,964,1972,1.938507212,1.082002136
micro_pcb_v2_ACEC5,micro_pcb_images,https://www.kaggle.com/datasets/frettapper/micropcb-images,CC BY 4.0,https://creativecommons.org/licenses/by/4.0/,raspberry_pi_sbc,raspberry_pi_a_plus,A,C,E,C,5,ACEC,test,val,NOT_VERIFIED,test_coded/test_coded/ACEC5.jpg,ce7eac1cfd84ebca4663b5f62e2784677463c55cafca6df6b35e7b07c29470ba,1467,2309,238,185,983,1960,1.109741193,0.99844342
micro_pcb_v2_ACED5,micro_pcb_images,https://www.kaggle.com/datasets/frettapper/micropcb-images,CC BY 4.0,https://creativecommons.org/licenses/by/4.0/,raspberry_pi_sbc,raspberry_pi_a_plus,A,C,E,D,5,ACED,test,val,NOT_VERIFIED,test_coded/test_coded/ACED5.jpg,28652d6581ef72b2517ccca20da31058a8abf45bd9d8e9004cd5975d62990e8f,1429,2193,254,164,928,1863,1.187843067,0.930506707
micro_pcb_v2_ACEE5,micro_pcb_images,https://www.kaggle.com/datasets/frettapper/micropcb-images,CC BY 4.0,https://creativecommons.org/licenses/by/4.0/,raspberry_pi_sbc,raspberry_pi_a_plus,A,C,E,E,5,ACEE,test,val,NOT_VERIFIED,test_coded/test_coded/ACEE5.jpg,b5dbea72b4bc45bd8bf804da978cb8a293ecac2b885df6dc81bd5e76079b9f66,1428,1998,258,164,923,1670,1.99212289,0.876346466
micro_pcb_v2_ADAA5,micro_pcb_images,https://www.kaggle.com/datasets/frettapper/micropcb-images,CC BY 4.0,https://creativecommons.org/licenses/by/4.0/,raspberry_pi_sbc,raspberry_pi_a_plus,A,D,A,A,5,ADAA,test,val,NOT_VERIFIED,test_coded/test_coded/ADAA5.jpg,fc460ed57dd6ba9e7a046a979433abad0e4f9257a4947768940eb7cc0d0a6ed4,1557,2002,247,165,1059,1673,12.05983355,1.131730231
micro_pcb_v2_ADAB5,micro_pcb_images,https://www.kaggle.com/datasets/frettapper/micropcb-images,CC BY 4.0,https://creativecommons.org/licenses/by/4.0/,raspberry_pi_sbc,raspberry_pi_a_plus,A,D,A,B,5,ADAB,test,val,NOT_VERIFIED,test_coded/test_coded/ADAB5.jpg,f6e6906150ae37f3420f736bd067e808f6f559bd8713ce84f9124934801a9d18,1669,2280,247,165,1172,1951,10.51265946,1.072902284
micro_pcb_v2_ADAC5,micro_pcb_images,https://www.kaggle.com/datasets/frettapper/micropcb-images,CC BY 4.0,https://creativecommons.org/licenses/by/4.0/,raspberry_pi_sbc,raspberry_pi_a_plus,A,D,A,C,5,ADAC,test,val,NOT_VERIFIED,test_coded/test_coded/ADAC5.jpg,c73cdf08bdcc90acc0c3c69c1bb9522c9ca94c85e836ae6e3d3d14acb99c220b,1725,2298,246,165,1232,1956,11.67477266,0.989843699
micro_pcb_v2_ADAD5,micro_pcb_images,https://www.kaggle.com/datasets/frettapper/micropcb-images,CC BY 4.0,https://creativecommons.org/licenses/by/4.0/,raspberry_pi_sbc,raspberry_pi_a_plus,A,D,A,D,5,ADAD,test,val,NOT_VERIFIED,test_coded/test_coded/ADAD5.jpg,e5bf2c0350bd96c39f321cb0a5cf9450e262949db6bcf71c858f741b16fe260b,1901,2257,246,164,1398,1929,19.3913795,0.952263534
micro_pcb_v2_ADAE5,micro_pcb_images,https://www.kaggle.com/datasets/frettapper/micropcb-images,CC BY 4.0,https://creativecommons.org/licenses/by/4.0/,raspberry_pi_sbc,raspberry_pi_a_plus,A,D,A,E,5,ADAE,test,val,NOT_VERIFIED,test_coded/test_coded/ADAE5.jpg,f1b8d815570bc11657a158cc0186128783f0e8bf9dada479e9bf91a3f22d8dfd,1760,2053,246,165,1247,1725,17.76812003,0.884198405
micro_pcb_v2_ADBA5,micro_pcb_images,https://www.kaggle.com/datasets/frettapper/micropcb-images,CC BY 4.0,https://creativecommons.org/licenses/by/4.0/,raspberry_pi_sbc,raspberry_pi_a_plus,A,D,B,A,5,ADBA,test,val,NOT_VERIFIED,test_coded/test_coded/ADBA5.jpg,84b1f371fe805808c03e96b74b0d87d277d5a1c2a15e417b2ddb5f77e4b423d3,1739,2125,247,166,1240,1795,10.98017138,1.170747598
micro_pcb_v2_ADBB5,micro_pcb_images,https://www.kaggle.com/datasets/frettapper/micropcb-images,CC BY 4.0,https://creativecommons.org/licenses/by/4.0/,raspberry_pi_sbc,raspberry_pi_a_plus,A,D,B,B,5,ADBB,test,val,NOT_VERIFIED,test_coded/test_coded/ADBB5.jpg,35aa788f5c013333971ca7baba779aa0630c134e030fd4a085e6c2417f1b855e,1918,2492,246,165,1422,2163,11.70656799,1.094960359
micro_pcb_v2_ADBC5,micro_pcb_images,https://www.kaggle.com/datasets/frettapper/micropcb-images,CC BY 4.0,https://creativecommons.org/licenses/by/4.0/,raspberry_pi_sbc,raspberry_pi_a_plus,A,D,B,C,5,ADBC,test,val,NOT_VERIFIED,test_coded/test_coded/ADBC5.jpg,910b2d8aaf7e85be71a1062066565bfdabfcffc0df32097270baf71ae2e2f1f5,1963,2536,246,164,1468,2208,13.93344118,0.99266525
micro_pcb_v2_ADBD5,micro_pcb_images,https://www.kaggle.com/datasets/frettapper/micropcb-images,CC BY 4.0,https://creativecommons.org/licenses/by/4.0/,raspberry_pi_sbc,raspberry_pi_a_plus,A,D,B,D,5,ADBD,test,val,NOT_VERIFIED,test_coded/test_coded/ADBD5.jpg,71925ecc28395fee25aa5c3706a70b4ee46ef3441c831eafc0f75434c6d50ec0,2016,2527,247,164,1521,2199,15.66159411,0.900838387
micro_pcb_v2_ADBE5,micro_pcb_images,https://www.kaggle.com/datasets/frettapper/micropcb-images,CC BY 4.0,https://creativecommons.org/licenses/by/4.0/,raspberry_pi_sbc,raspberry_pi_a_plus,A,D,B,E,5,ADBE,test,val,NOT_VERIFIED,test_coded/test_coded/ADBE5.jpg,79abc78596139788302390d08d91a77de167671c20a311e9507f1cc2db13613a,1807,2142,247,164,1312,1814,15.43437222,0.833254199
micro_pcb_v2_ADCA5,micro_pcb_images,https://www.kaggle.com/datasets/frettapper/micropcb-images,CC BY 4.0,https://creativecommons.org/licenses/by/4.0/,raspberry_pi_sbc,raspberry_pi_a_plus,A,D,C,A,5,ADCA,test,val,NOT_VERIFIED,test_coded/test_coded/ADCA5.jpg,5aa15c5ca88d45c94d1d1681bcd281ca9797fc45f92ebdd2c7c588d041b393a1,1918,2337,246,164,1410,2008,19.47122898,1.011733531
micro_pcb_v2_ADCB5,micro_pcb_images,https://www.kaggle.com/datasets/frettapper/micropcb-images,CC BY 4.0,https://creativecommons.org/licenses/by/4.0/,raspberry_pi_sbc,raspberry_pi_a_plus,A,D,C,B,5,ADCB,test,val,NOT_VERIFIED,test_coded/test_coded/ADCB5.jpg,c27008493a436bbe86ebba7bfb2593d613c1b0f482f466e6950184d70b926993,1978,2531,246,165,1463,2202,13.7085804,0.995097156
micro_pcb_v2_ADCC5,micro_pcb_images,https://www.kaggle.com/datasets/frettapper/micropcb-images,CC BY 4.0,https://creativecommons.org/licenses/by/4.0/,raspberry_pi_sbc,raspberry_pi_a_plus,A,D,C,C,5,ADCC,test,val,NOT_VERIFIED,test_coded/test_coded/ADCC5.jpg,4096cbb33fda204dee094f6a17d5e5c3e1c97550b0fbd98874e131546d5e3063,2079,2627,248,165,1584,2298,14.85018877,0.999123594
micro_pcb_v2_ADCD5,micro_pcb_images,https://www.kaggle.com/datasets/frettapper/micropcb-images,CC BY 4.0,https://creativecommons.org/licenses/by/4.0/,raspberry_pi_sbc,raspberry_pi_a_plus,A,D,C,D,5,ADCD,test,val,NOT_VERIFIED,test_coded/test_coded/ADCD5.jpg,b6c0b64a1fee80265722ef181ac71a9c44973c2d17e475f58273a2d1ee715065,2021,2575,247,164,1527,2247,14.53309495,0.898345521
micro_pcb_v2_ADCE5,micro_pcb_images,https://www.kaggle.com/datasets/frettapper/micropcb-images,CC BY 4.0,https://creativecommons.org/licenses/by/4.0/,raspberry_pi_sbc,raspberry_pi_a_plus,A,D,C,E,5,ADCE,test,val,NOT_VERIFIED,test_coded/test_coded/ADCE5.jpg,405194110fa9ec3a58049b2334f93ad2351ffbc5557bb1e6ec50f26f1e4831ed,1817,2186,248,164,1323,1857,14.76937542,0.841535585
micro_pcb_v2_ADDA5,micro_pcb_images,https://www.kaggle.com/datasets/frettapper/micropcb-images,CC BY 4.0,https://creativecommons.org/licenses/by/4.0/,raspberry_pi_sbc,raspberry_pi_a_plus,A,D,D,A,5,ADDA,test,val,NOT_VERIFIED,test_coded/test_coded/ADDA5.jpg,a027a78771027fe56883432e93ec443df70c1479b290419e451f71c81fd7e0eb,1844,2082,248,180,1349,1738,12.44668218,1.148700137
micro_pcb_v2_ADDB5,micro_pcb_images,https://www.kaggle.com/datasets/frettapper/micropcb-images,CC BY 4.0,https://creativecommons.org/licenses/by/4.0/,raspberry_pi_sbc,raspberry_pi_a_plus,A,D,D,B,5,ADDB,test,val,NOT_VERIFIED,test_coded/test_coded/ADDB5.jpg,0f344b14ebbc9e3ba9abc30fc0a003ea82fc47115d3ad53721586b175c297fa0,2045,2500,250,167,1549,2169,14.38368823,1.079320504
micro_pcb_v2_ADDC5,micro_pcb_images,https://www.kaggle.com/datasets/frettapper/micropcb-images,CC BY 4.0,https://creativecommons.org/licenses/by/4.0/,raspberry_pi_sbc,raspberry_pi_a_plus,A,D,D,C,5,ADDC,test,val,NOT_VERIFIED,test_coded/test_coded/ADDC5.jpg,a4287191052d650be67210db83c26173c0406384c471e2ae15f123fb434e8198,1981,2536,251,165,1483,2207,14.9380317,0.981095438
micro_pcb_v2_ADDD5,micro_pcb_images,https://www.kaggle.com/datasets/frettapper/micropcb-images,CC BY 4.0,https://creativecommons.org/licenses/by/4.0/,raspberry_pi_sbc,raspberry_pi_a_plus,A,D,D,D,5,ADDD,test,val,NOT_VERIFIED,test_coded/test_coded/ADDD5.jpg,7dd37cb6ee10d915800a2dc886eb00121b7987e8da144eef566e8d926ffb0325,1936,2540,253,165,1437,2210,15.01413786,0.891916482
micro_pcb_v2_ADDE5,micro_pcb_images,https://www.kaggle.com/datasets/frettapper/micropcb-images,CC BY 4.0,https://creativecommons.org/licenses/by/4.0/,raspberry_pi_sbc,raspberry_pi_a_plus,A,D,D,E,5,ADDE,test,val,NOT_VERIFIED,test_coded/test_coded/ADDE5.jpg,c78648f6eb8c850af82ff4c70792c47837a8dc52216a60060c5caf54fa4f79c9,1659,2158,250,164,1162,1829,12.04119985,0.838046435
micro_pcb_v2_ADEA5,micro_pcb_images,https://www.kaggle.com/datasets/frettapper/micropcb-images,CC BY 4.0,https://creativecommons.org/licenses/by/4.0/,raspberry_pi_sbc,raspberry_pi_a_plus,A,D,E,A,5,ADEA,test,val,NOT_VERIFIED,test_coded/test_coded/ADEA5.jpg,9694dd3465b28a83df745721afd1fd599cee82c7cb9a8fb43149dbc08e3be09e,1824,1922,254,166,1324,1592,20.00851083,1.106088586
micro_pcb_v2_ADEB5,micro_pcb_images,https://www.kaggle.com/datasets/frettapper/micropcb-images,CC BY 4.0,https://creativecommons.org/licenses/by/4.0/,raspberry_pi_sbc,raspberry_pi_a_plus,A,D,E,B,5,ADEB,test,val,NOT_VERIFIED,test_coded/test_coded/ADEB5.jpg,cc5bfc1b1c09658021b5e08bafbb435647358b63a08c6f2f4635d81807126eb8,1798,2191,250,168,1301,1859,14.77560027,1.06488195
micro_pcb_v2_ADEC5,micro_pcb_images,https://www.kaggle.com/datasets/frettapper/micropcb-images,CC BY 4.0,https://creativecommons.org/licenses/by/4.0/,raspberry_pi_sbc,raspberry_pi_a_plus,A,D,E,C,5,ADEC,test,val,NOT_VERIFIED,test_coded/test_coded/ADEC5.jpg,2e885e74df5e3226f049c2b89428ed71724b71d96070153cfe90642f60d0142c,1860,2365,253,205,1360,1995,18.36432994,0.988742503
micro_pcb_v2_ADED5,micro_pcb_images,https://www.kaggle.com/datasets/frettapper/micropcb-images,CC BY 4.0,https://creativecommons.org/licenses/by/4.0/,raspberry_pi_sbc,raspberry_pi_a_plus,A,D,E,D,5,ADED,test,val,NOT_VERIFIED,test_coded/test_coded/ADED5.jpg,f5b71e4c09cf644d34bcab328cd09ab3c9c62e26d77b10f2af5754827809b314,1711,2302,247,165,1218,1973,16.34660228,0.905143663
micro_pcb_v2_ADEE5,micro_pcb_images,https://www.kaggle.com/datasets/frettapper/micropcb-images,CC BY 4.0,https://creativecommons.org/licenses/by/4.0/,raspberry_pi_sbc,raspberry_pi_a_plus,A,D,E,E,5,ADEE,test,val,NOT_VERIFIED,test_coded/test_coded/ADEE5.jpg,edb099fb5f0438fad52128bc297a8295026cd320ad5f2b0f6e6bad3d74b89c43,1550,2085,248,164,1055,1756,13.57943113,0.85218526
micro_pcb_v2_AEAA5,micro_pcb_images,https://www.kaggle.com/datasets/frettapper/micropcb-images,CC BY 4.0,https://creativecommons.org/licenses/by/4.0/,raspberry_pi_sbc,raspberry_pi_a_plus,A,E,A,A,5,AEAA,test,val,NOT_VERIFIED,test_coded/test_coded/AEAA5.jpg,10d02628e135aa77eadc04bae3c3bd21d476425b6aec74d5cb451af74d361bfd,1748,2009,248,165,1253,1678,25.08331433,1.162609748
micro_pcb_v2_AEAB5,micro_pcb_images,https://www.kaggle.com/datasets/frettapper/micropcb-images,CC BY 4.0,https://creativecommons.org/licenses/by/4.0/,raspberry_pi_sbc,raspberry_pi_a_plus,A,E,A,B,5,AEAB,test,val,NOT_VERIFIED,test_coded/test_coded/AEAB5.jpg,f12dd37cfdd4fd4517e3cbcc9f541297ac9edc41639407cfd35b829b5e679710,1873,2292,247,165,1379,1963,20.91573336,1.091505867
micro_pcb_v2_AEAC5,micro_pcb_images,https://www.kaggle.com/datasets/frettapper/micropcb-images,CC BY 4.0,https://creativecommons.org/licenses/by/4.0/,raspberry_pi_sbc,raspberry_pi_a_plus,A,E,A,C,5,AEAC,test,val,NOT_VERIFIED,test_coded/test_coded/AEAC5.jpg,60669b8cebe8239d736d740853c395441d74dc0ff78822bb62129f2900636a99,1899,2355,246,165,1407,1998,19.97206695,0.997562084
micro_pcb_v2_AEAD5,micro_pcb_images,https://www.kaggle.com/datasets/frettapper/micropcb-images,CC BY 4.0,https://creativecommons.org/licenses/by/4.0/,raspberry_pi_sbc,raspberry_pi_a_plus,A,E,A,D,5,AEAD,test,val,NOT_VERIFIED,test_coded/test_coded/AEAD5.jpg,beda3e079b077a90a259a49cfb2c082f71aaa881e155308fed1276f0bcfdaba5,2092,2279,246,165,1593,1947,28.76985333,0.951070895
micro_pcb_v2_AEAE5,micro_pcb_images,https://www.kaggle.com/datasets/frettapper/micropcb-images,CC BY 4.0,https://creativecommons.org/licenses/by/4.0/,raspberry_pi_sbc,raspberry_pi_a_plus,A,E,A,E,5,AEAE,test,val,NOT_VERIFIED,test_coded/test_coded/AEAE5.jpg,4eea8756ed6cfdc6ce0abb2b8ad4ad971f6f6c956c4238f7f922cbea033f9b42,2040,2025,246,164,1533,1696,31.5111813,0.921244258
micro_pcb_v2_AEBA5,micro_pcb_images,https://www.kaggle.com/datasets/frettapper/micropcb-images,CC BY 4.0,https://creativecommons.org/licenses/by/4.0/,raspberry_pi_sbc,raspberry_pi_a_plus,A,E,B,A,5,AEBA,test,val,NOT_VERIFIED,test_coded/test_coded/AEBA5.jpg,478212ac18733735c69617a92e48d788c6378cc137b3512a348e9996498ea028,1968,2156,247,165,1474,1827,23.48873552,1.205473
micro_pcb_v2_AEBB5,micro_pcb_images,https://www.kaggle.com/datasets/frettapper/micropcb-images,CC BY 4.0,https://creativecommons.org/licenses/by/4.0/,raspberry_pi_sbc,raspberry_pi_a_plus,A,E,B,B,5,AEBB,test,val,NOT_VERIFIED,test_coded/test_coded/AEBB5.jpg,56772feb5a3342230846e955c5754967d0b2bd7adfb74d65698771115061d114,2206,2528,247,165,1709,2199,24.26120232,1.117767677
micro_pcb_v2_AEBC5,micro_pcb_images,https://www.kaggle.com/datasets/frettapper/micropcb-images,CC BY 4.0,https://creativecommons.org/licenses/by/4.0/,raspberry_pi_sbc,raspberry_pi_a_plus,A,E,B,C,5,AEBC,test,val,NOT_VERIFIED,test_coded/test_coded/AEBC5.jpg,28a57b01fe2c26f155f13cad37737c81f5e41ee6cee4ed98ba5429ca8e18f54c,2159,2578,248,164,1661,2250,21.34013785,0.9997952
micro_pcb_v2_AEBD5,micro_pcb_images,https://www.kaggle.com/datasets/frettapper/micropcb-images,CC BY 4.0,https://creativecommons.org/licenses/by/4.0/,raspberry_pi_sbc,raspberry_pi_a_plus,A,E,B,D,5,AEBD,test,val,NOT_VERIFIED,test_coded/test_coded/AEBD5.jpg,6d535bb3f84b53d345352bec9032343185414702046239c546d418d042580471,2272,2575,246,164,1779,2247,25.12244167,0.908731977
micro_pcb_v2_AEBE5,micro_pcb_images,https://www.kaggle.com/datasets/frettapper/micropcb-images,CC BY 4.0,https://creativecommons.org/licenses/by/4.0/,raspberry_pi_sbc,raspberry_pi_a_plus,A,E,B,E,5,AEBE,test,val,NOT_VERIFIED,test_coded/test_coded/AEBE5.jpg,96cd864ab71d819ce2ee47d588fd1e9279839814f1995936e747eaf4994b2230,2091,2179,246,164,1597,1849,27.13241721,0.840171993
micro_pcb_v2_AECA5,micro_pcb_images,https://www.kaggle.com/datasets/frettapper/micropcb-images,CC BY 4.0,https://creativecommons.org/licenses/by/4.0/,raspberry_pi_sbc,raspberry_pi_a_plus,A,E,C,A,5,AECA,test,val,NOT_VERIFIED,test_coded/test_coded/AECA5.jpg,1e6bc2b00ba015feb3e27569d4cb43a030ba7542370ee16debb68eeb7515b92e,2103,2325,246,164,1606,1997,30.34960028,1.019208425
micro_pcb_v2_AECB5,micro_pcb_images,https://www.kaggle.com/datasets/frettapper/micropcb-images,CC BY 4.0,https://creativecommons.org/licenses/by/4.0/,raspberry_pi_sbc,raspberry_pi_a_plus,A,E,C,B,5,AECB,test,val,NOT_VERIFIED,test_coded/test_coded/AECB5.jpg,c183863194e0e2f62fb9a474bfec3a57b31fbca0e886f55d941d12408826a115,2200,2579,246,166,1695,2249,22.85354892,1.004764894
micro_pcb_v2_AECC5,micro_pcb_images,https://www.kaggle.com/datasets/frettapper/micropcb-images,CC BY 4.0,https://creativecommons.org/licenses/by/4.0/,raspberry_pi_sbc,raspberry_pi_a_plus,A,E,C,C,5,AECC,test,val,NOT_VERIFIED,test_coded/test_coded/AECC5.jpg,853a5f21dd0859ef64a1bee3ded3e6dbf793daffeda88775cf4d72f5227beaed,2391,2668,258,164,1887,2341,26.47243089,1.001144452
micro_pcb_v2_AECD5,micro_pcb_images,https://www.kaggle.com/datasets/frettapper/micropcb-images,CC BY 4.0,https://creativecommons.org/licenses/by/4.0/,raspberry_pi_sbc,raspberry_pi_a_plus,A,E,C,D,5,AECD,test,val,NOT_VERIFIED,test_coded/test_coded/AECD5.jpg,70f60fc19af9abda7d68f5a730bc0f2433d0336f932059f2c8340f0f823bcb42,2329,2608,247,164,1835,2279,26.65448681,0.894652363
micro_pcb_v2_AECE5,micro_pcb_images,https://www.kaggle.com/datasets/frettapper/micropcb-images,CC BY 4.0,https://creativecommons.org/licenses/by/4.0/,raspberry_pi_sbc,raspberry_pi_a_plus,A,E,C,E,5,AECE,test,val,NOT_VERIFIED,test_coded/test_coded/AECE5.jpg,8c7e9439d2087527df56d2b2045efde3a44833e60a64dc4de4efaee26cc0b537,2022,2239,247,165,1528,1910,24.13284844,0.82950915
micro_pcb_v2_AEDA5,micro_pcb_images,https://www.kaggle.com/datasets/frettapper/micropcb-images,CC BY 4.0,https://creativecommons.org/licenses/by/4.0/,raspberry_pi_sbc,raspberry_pi_a_plus,A,E,D,A,5,AEDA,test,val,NOT_VERIFIED,test_coded/test_coded/AEDA5.jpg,eaa648185ff38557671cf125b3b0eb62285cf650658f5b1122a804123bc482ff,2156,2165,247,167,1662,1835,26.15039158,1.153849791
micro_pcb_v2_AEDB5,micro_pcb_images,https://www.kaggle.com/datasets/frettapper/micropcb-images,CC BY 4.0,https://creativecommons.org/licenses/by/4.0/,raspberry_pi_sbc,raspberry_pi_a_plus,A,E,D,B,5,AEDB,test,val,NOT_VERIFIED,test_coded/test_coded/AEDB5.jpg,52ecb84b264c0d7a783c8d8d626ed200585defffd800868e9728bf0b686ef6bd,2347,2564,249,178,1851,2222,26.31240152,1.078155342
micro_pcb_v2_AEDC5,micro_pcb_images,https://www.kaggle.com/datasets/frettapper/micropcb-images,CC BY 4.0,https://creativecommons.org/licenses/by/4.0/,raspberry_pi_sbc,raspberry_pi_a_plus,A,E,D,C,5,AEDC,test,val,NOT_VERIFIED,test_coded/test_coded/AEDC5.jpg,00ee118a3a09705e81341331742829babadcd591e79373263ee1751b025c0ca4,2227,2575,247,169,1733,2242,24.87980204,0.977332884
micro_pcb_v2_AEDD5,micro_pcb_images,https://www.kaggle.com/datasets/frettapper/micropcb-images,CC BY 4.0,https://creativecommons.org/licenses/by/4.0/,raspberry_pi_sbc,raspberry_pi_a_plus,A,E,D,D,5,AEDD,test,val,NOT_VERIFIED,test_coded/test_coded/AEDD5.jpg,2d85630f7808228092e2949ce4d00a4365fe4813d1dceedfab491d995eba9b52,2136,2540,250,164,1639,2211,24.08672812,0.88695446
micro_pcb_v2_AEDE5,micro_pcb_images,https://www.kaggle.com/datasets/frettapper/micropcb-images,CC BY 4.0,https://creativecommons.org/licenses/by/4.0/,raspberry_pi_sbc,raspberry_pi_a_plus,A,E,D,E,5,AEDE,test,val,NOT_VERIFIED,test_coded/test_coded/AEDE5.jpg,c60821b44f3bb4843c0688f87e24b6913368caf04d19c36019671ba79077bee9,1961,2161,251,164,1463,1832,29.39870238,0.819732328
micro_pcb_v2_AEEA5,micro_pcb_images,https://www.kaggle.com/datasets/frettapper/micropcb-images,CC BY 4.0,https://creativecommons.org/licenses/by/4.0/,raspberry_pi_sbc,raspberry_pi_a_plus,A,E,E,A,5,AEEA,test,val,NOT_VERIFIED,test_coded/test_coded/AEEA5.jpg,15b8cbc077cb12db975da777a899376e05178049374415c9c55421fbed64f532,2103,1977,259,166,1597,1647,33.56318458,1.065712602
micro_pcb_v2_AEEB5,micro_pcb_images,https://www.kaggle.com/datasets/frettapper/micropcb-images,CC BY 4.0,https://creativecommons.org/licenses/by/4.0/,raspberry_pi_sbc,raspberry_pi_a_plus,A,E,E,B,5,AEEB,test,val,NOT_VERIFIED,test_coded/test_coded/AEEB5.jpg,7d841044753c436838b50578d053d53f134525fadde42db218e2564790f1b168,2127,2272,256,168,1624,1941,27.69760256,1.046464208
micro_pcb_v2_AEEC5,micro_pcb_images,https://www.kaggle.com/datasets/frettapper/micropcb-images,CC BY 4.0,https://creativecommons.org/licenses/by/4.0/,raspberry_pi_sbc,raspberry_pi_a_plus,A,E,E,C,5,AEEC,test,val,NOT_VERIFIED,test_coded/test_coded/AEEC5.jpg,41c211811d32425683e5c844c9e72996ef807898953fe306c670661df2001a13,2054,2383,244,203,1564,2016,27.17830694,0.978365866
micro_pcb_v2_AEED5,micro_pcb_images,https://www.kaggle.com/datasets/frettapper/micropcb-images,CC BY 4.0,https://creativecommons.org/licenses/by/4.0/,raspberry_pi_sbc,raspberry_pi_a_plus,A,E,E,D,5,AEED,test,val,NOT_VERIFIED,test_coded/test_coded/AEED5.jpg,8b41ddcc37caec013ce9e625b2fb8298e5f4ddb9e5736bc0f7da81eb8860772c,1994,2284,247,165,1501,1955,29.2533079,0.887521083
micro_pcb_v2_AEEE5,micro_pcb_images,https://www.kaggle.com/datasets/frettapper/micropcb-images,CC BY 4.0,https://creativecommons.org/licenses/by/4.0/,raspberry_pi_sbc,raspberry_pi_a_plus,A,E,E,E,5,AEEE,test,val,NOT_VERIFIED,test_coded/test_coded/AEEE5.jpg,3bdd7d49124a28f32b9e55b0f798e6238781bbde8d4d129415a1c7983c627429,1762,2056,246,165,1269,1726,27.44736485,0.838434865
micro_pcb_v2_HAAA5,micro_pcb_images,https://www.kaggle.com/datasets/frettapper/micropcb-images,CC BY 4.0,https://creativecommons.org/licenses/by/4.0/,raspberry_pi_sbc,raspberry_pi_3_b_plus,H,A,A,A,5,HAAA,test,val,NOT_VERIFIED,test_coded/test_coded/HAAA5.jpg,934b832453e92663d21f092c55bce6777bd59bac54687ede628ce4b232cb5782,2020,1629,245,164,1520,1301,38.61325348,1.302174977
micro_pcb_v2_HAAB5,micro_pcb_images,https://www.kaggle.com/datasets/frettapper/micropcb-images,CC BY 4.0,https://creativecommons.org/licenses/by/4.0/,raspberry_pi_sbc,raspberry_pi_3_b_plus,H,A,A,B,5,HAAB,test,val,NOT_VERIFIED,test_coded/test_coded/HAAB5.jpg,ef3dba47089096ccb425401d0dad19a05e4278f91bb18ff90e76a5c84f0f175d,2105,1989,245,174,1604,1651,32.90042793,1.239908648
micro_pcb_v2_HAAC5,micro_pcb_images,https://www.kaggle.com/datasets/frettapper/micropcb-images,CC BY 4.0,https://creativecommons.org/licenses/by/4.0/,raspberry_pi_sbc,raspberry_pi_3_b_plus,H,A,A,C,5,HAAC,test,val,NOT_VERIFIED,test_coded/test_coded/HAAC5.jpg,261f4cf7b0de3850aeaf215744e4a27e6d958d5e1e1cd077a7f9319ed0bceb0d,1871,2195,140,250,1473,1776,22.1585031,1.082068197
micro_pcb_v2_HAAD5,micro_pcb_images,https://www.kaggle.com/datasets/frettapper/micropcb-images,CC BY 4.0,https://creativecommons.org/licenses/by/4.0/,raspberry_pi_sbc,raspberry_pi_3_b_plus,H,A,A,D,5,HAAD,test,val,NOT_VERIFIED,test_coded/test_coded/HAAD5.jpg,3a8c66734596e952dcf805e7e7336f8f53080d0bf56690370d50d31822526c57,1944,2181,246,164,1453,1852,22.44056763,1.08639286
micro_pcb_v2_HAAE5,micro_pcb_images,https://www.kaggle.com/datasets/frettapper/micropcb-images,CC BY 4.0,https://creativecommons.org/licenses/by/4.0/,raspberry_pi_sbc,raspberry_pi_3_b_plus,H,A,A,E,5,HAAE,test,val,NOT_VERIFIED,test_coded/test_coded/HAAE5.jpg,85e5d6e7568b64cbed4629e1e2ac0ee5dd0675b115cc462add86bcd7431f927b,1840,1976,252,164,1343,1648,27.08165529,0.985307149
micro_pcb_v2_HABA5,micro_pcb_images,https://www.kaggle.com/datasets/frettapper/micropcb-images,CC BY 4.0,https://creativecommons.org/licenses/by/4.0/,raspberry_pi_sbc,raspberry_pi_3_b_plus,H,A,B,A,5,HABA,test,val,NOT_VERIFIED,test_coded/test_coded/HABA5.jpg,4112ad912f470d150030135b595ee03a695f97108a7161db2a8fa96846ae0dfb,2100,1798,245,174,1606,1459,34.22444524,1.323283696
micro_pcb_v2_HABB5,micro_pcb_images,https://www.kaggle.com/datasets/frettapper/micropcb-images,CC BY 4.0,https://creativecommons.org/licenses/by/4.0/,raspberry_pi_sbc,raspberry_pi_3_b_plus,H,A,B,B,5,HABB,test,val,NOT_VERIFIED,test_coded/test_coded/HABB5.jpg,25daf85192d29e704d038f881bf10a10ae8b8b545144c14c597a6412e795a63d,2226,2192,247,186,1731,1843,27.04105494,1.255369845
micro_pcb_v2_HABC5,micro_pcb_images,https://www.kaggle.com/datasets/frettapper/micropcb-images,CC BY 4.0,https://creativecommons.org/licenses/by/4.0/,raspberry_pi_sbc,raspberry_pi_3_b_plus,H,A,B,C,5,HABC,test,val,NOT_VERIFIED,test_coded/test_coded/HABC5.jpg,e4075cdeda44b2171bb8650baadeb90d2ac64129dba64ab4ad0a6d3526cbfcff,2153,2319,247,164,1652,1991,21.8478363,1.060554897
micro_pcb_v2_HABD5,micro_pcb_images,https://www.kaggle.com/datasets/frettapper/micropcb-images,CC BY 4.0,https://creativecommons.org/licenses/by/4.0/,raspberry_pi_sbc,raspberry_pi_3_b_plus,H,A,B,D,5,HABD,test,val,NOT_VERIFIED,test_coded/test_coded/HABD5.jpg,217b24e299b4114e96ca6e1e108e9687eba5dc2b0d4b6d84eb04a26ed03ebbd0,2223,2425,248,164,1728,2097,21.34423404,0.953170543
micro_pcb_v2_HABE5,micro_pcb_images,https://www.kaggle.com/datasets/frettapper/micropcb-images,CC BY 4.0,https://creativecommons.org/licenses/by/4.0/,raspberry_pi_sbc,raspberry_pi_3_b_plus,H,A,B,E,5,HABE,test,val,NOT_VERIFIED,test_coded/test_coded/HABE5.jpg,30bb1936da522e7b2fba7b8d4121ed9d842617136fee39b72b84307fde97fb7d,2034,2105,258,164,1530,1777,22.61995259,0.915437783
micro_pcb_v2_HACA5,micro_pcb_images,https://www.kaggle.com/datasets/frettapper/micropcb-images,CC BY 4.0,https://creativecommons.org/licenses/by/4.0/,raspberry_pi_sbc,raspberry_pi_3_b_plus,H,A,C,A,5,HACA,test,val,NOT_VERIFIED,test_coded/test_coded/HACA5.jpg,1e2728befba50e3cfe128be95a7e5ea304e5d7bc8e401ca162735b636db89751,2177,2304,253,320,1659,1819,34.03217092,1.191765659
micro_pcb_v2_HACB5,micro_pcb_images,https://www.kaggle.com/datasets/frettapper/micropcb-images,CC BY 4.0,https://creativecommons.org/licenses/by/4.0/,raspberry_pi_sbc,raspberry_pi_3_b_plus,H,A,C,B,5,HACB,test,val,NOT_VERIFIED,test_coded/test_coded/HACB5.jpg,c277eefe03824a26a611b244bc44a419010f63717bfc3a5bdf7a61f6bea7e3a8,2282,2388,246,203,1790,2021,28.34424336,1.225274228
micro_pcb_v2_HACC5,micro_pcb_images,https://www.kaggle.com/datasets/frettapper/micropcb-images,CC BY 4.0,https://creativecommons.org/licenses/by/4.0/,raspberry_pi_sbc,raspberry_pi_3_b_plus,H,A,C,C,5,HACC,test,val,NOT_VERIFIED,test_coded/test_coded/HACC5.jpg,55f4dd22f66d03ce63f5714080b3ed130101b5d600a02c97e9c5996b45ea3635,2193,2419,265,254,1681,2001,21.83537586,1.073228736
micro_pcb_v2_HACD5,micro_pcb_images,https://www.kaggle.com/datasets/frettapper/micropcb-images,CC BY 4.0,https://creativecommons.org/licenses/by/4.0/,raspberry_pi_sbc,raspberry_pi_3_b_plus,H,A,C,D,5,HACD,test,val,NOT_VERIFIED,test_coded/test_coded/HACD5.jpg,ceada3f21927a0203504b3f1d5ecdd84ff172a6ecb50259d6da5c2d5215728b9,2284,2464,247,163,1791,2135,23.42099253,0.960043399
micro_pcb_v2_HACE5,micro_pcb_images,https://www.kaggle.com/datasets/frettapper/micropcb-images,CC BY 4.0,https://creativecommons.org/licenses/by/4.0/,raspberry_pi_sbc,raspberry_pi_3_b_plus,H,A,C,E,5,HACE,test,val,NOT_VERIFIED,test_coded/test_coded/HACE5.jpg,256a459c49ad77270be00fe434f34db459599abf0f35412083b0ce51d18055d6,2093,2098,248,164,1599,1768,24.47335646,0.916362869
micro_pcb_v2_HADA5,micro_pcb_images,https://www.kaggle.com/datasets/frettapper/micropcb-images,CC BY 4.0,https://creativecommons.org/licenses/by/4.0/,raspberry_pi_sbc,raspberry_pi_3_b_plus,H,A,D,A,5,HADA,test,val,NOT_VERIFIED,test_coded/test_coded/HADA5.jpg,d1c24bf571d4fb171c2c13662e92226ed65d2393a2afbffa45a364ccd1e30ab2,1942,1969,246,171,1445,1634,27.39506244,1.22717458
micro_pcb_v2_HADB5,micro_pcb_images,https://www.kaggle.com/datasets/frettapper/micropcb-images,CC BY 4.0,https://creativecommons.org/licenses/by/4.0/,raspberry_pi_sbc,raspberry_pi_3_b_plus,H,A,D,B,5,HADB,test,val,NOT_VERIFIED,test_coded/test_coded/HADB5.jpg,ade34a6c450b4adae2c0a8b007870e8c946b76a8ae83a6731bb96bf3454113a6,2089,2291,262,165,1581,1962,22.69957443,1.127004466
micro_pcb_v2_HADC5,micro_pcb_images,https://www.kaggle.com/datasets/frettapper/micropcb-images,CC BY 4.0,https://creativecommons.org/licenses/by/4.0/,raspberry_pi_sbc,raspberry_pi_3_b_plus,H,A,D,C,5,HADC,test,val,NOT_VERIFIED,test_coded/test_coded/HADC5.jpg,d1577ef3d2a42c535fa8874a88b83d4c4e9e8eaa0ba0e8cfa2d05684b2d7bfca,2192,2361,313,176,1633,2021,22.43234451,1.056988197
micro_pcb_v2_HADD5,micro_pcb_images,https://www.kaggle.com/datasets/frettapper/micropcb-images,CC BY 4.0,https://creativecommons.org/licenses/by/4.0/,raspberry_pi_sbc,raspberry_pi_3_b_plus,H,A,D,D,5,HADD,test,val,NOT_VERIFIED,test_coded/test_coded/HADD5.jpg,a577d4e08d7a537d932444990782a5b99107a1d0ef08588b6a39081b9c1d1dc6,2237,2330,281,165,1710,2000,27.15336093,0.99167443
micro_pcb_v2_HADE5,micro_pcb_images,https://www.kaggle.com/datasets/frettapper/micropcb-images,CC BY 4.0,https://creativecommons.org/licenses/by/4.0/,raspberry_pi_sbc,raspberry_pi_3_b_plus,H,A,D,E,5,HADE,test,val,NOT_VERIFIED,test_coded/test_coded/HADE5.jpg,a71a2b851914b910295ca45a91a97009b0525f393e59e7c4e703b0af85a96b82,2036,1943,283,206,1507,1571,25.27385497,0.91259654
micro_pcb_v2_HAEA5,micro_pcb_images,https://www.kaggle.com/datasets/frettapper/micropcb-images,CC BY 4.0,https://creativecommons.org/licenses/by/4.0/,raspberry_pi_sbc,raspberry_pi_3_b_plus,H,A,E,A,5,HAEA,test,val,NOT_VERIFIED,test_coded/test_coded/HAEA5.jpg,e94bf0c66ce1de9ae3cd894a5c1ce313b290985e8f866be458570b7d19af7176,1831,1919,283,168,1302,1584,30.4746624,1.348486609
micro_pcb_v2_HAEB5,micro_pcb_images,https://www.kaggle.com/datasets/frettapper/micropcb-images,CC BY 4.0,https://creativecommons.org/licenses/by/4.0/,raspberry_pi_sbc,raspberry_pi_3_b_plus,H,A,E,B,5,HAEB,test,val,NOT_VERIFIED,test_coded/test_coded/HAEB5.jpg,48faadad7652174cb85ba0ee5cb5fd0d21f81b4ad75dc28f4e76affb3d0e8036,1872,2129,262,165,1364,1800,24.69618871,1.227331883
micro_pcb_v2_HAEC5,micro_pcb_images,https://www.kaggle.com/datasets/frettapper/micropcb-images,CC BY 4.0,https://creativecommons.org/licenses/by/4.0/,raspberry_pi_sbc,raspberry_pi_3_b_plus,H,A,E,C,5,HAEC,test,val,NOT_VERIFIED,test_coded/test_coded/HAEC5.jpg,77cd7ac5bb0d437f50cfb7f378123b4bbf805631fa0c71a74f6f9cab2589b73f,2036,2306,344,301,1441,1833,24.29149841,1.15944734
micro_pcb_v2_HAED5,micro_pcb_images,https://www.kaggle.com/datasets/frettapper/micropcb-images,CC BY 4.0,https://creativecommons.org/licenses/by/4.0/,raspberry_pi_sbc,raspberry_pi_3_b_plus,H,A,E,D,5,HAED,test,val,NOT_VERIFIED,test_coded/test_coded/HAED5.jpg,5d8eceb901299976544c9b6c22f5021584e2719450f8eefc8de195c857e226ca,2065,2089,271,163,1549,1762,35.10780735,1.163577022
micro_pcb_v2_HAEE5,micro_pcb_images,https://www.kaggle.com/datasets/frettapper/micropcb-images,CC BY 4.0,https://creativecommons.org/licenses/by/4.0/,raspberry_pi_sbc,raspberry_pi_3_b_plus,H,A,E,E,5,HAEE,test,val,NOT_VERIFIED,test_coded/test_coded/HAEE5.jpg,e3368f28efef6277303947cac4863b07a051574212e323179dae68039fa217bb,1891,1807,261,164,1384,1479,27.35688531,0.999200792
micro_pcb_v2_HBAA5,micro_pcb_images,https://www.kaggle.com/datasets/frettapper/micropcb-images,CC BY 4.0,https://creativecommons.org/licenses/by/4.0/,raspberry_pi_sbc,raspberry_pi_3_b_plus,H,B,A,A,5,HBAA,test,val,NOT_VERIFIED,test_coded/test_coded/HBAA5.jpg,58efa6aee07c31e20af568636d516ac6feff8792964315012a9c7c7b6ed2eed1,1767,1574,245,167,1267,1243,23.14155268,1.240490283
micro_pcb_v2_HBAB5,micro_pcb_images,https://www.kaggle.com/datasets/frettapper/micropcb-images,CC BY 4.0,https://creativecommons.org/licenses/by/4.0/,raspberry_pi_sbc,raspberry_pi_3_b_plus,H,B,A,B,5,HBAB,test,val,NOT_VERIFIED,test_coded/test_coded/HBAB5.jpg,4128f7fa5de6ca230bf64d7935ebd93471c494953a88afb3aa885dfaf2b5dc87,1857,1907,255,175,1347,1568,19.23039723,1.184679382
micro_pcb_v2_HBAC5,micro_pcb_images,https://www.kaggle.com/datasets/frettapper/micropcb-images,CC BY 4.0,https://creativecommons.org/licenses/by/4.0/,raspberry_pi_sbc,raspberry_pi_3_b_plus,H,B,A,C,5,HBAC,test,val,NOT_VERIFIED,test_coded/test_coded/HBAC5.jpg,a438e15756d223e09cf82c708a6c41264f4282bcb62980b987652194122d7d4f,1842,2132,260,246,1314,1709,11.22328679,0.947851081
micro_pcb_v2_HBAD5,micro_pcb_images,https://www.kaggle.com/datasets/frettapper/micropcb-images,CC BY 4.0,https://creativecommons.org/licenses/by/4.0/,raspberry_pi_sbc,raspberry_pi_3_b_plus,H,B,A,D,5,HBAD,test,val,NOT_VERIFIED,test_coded/test_coded/HBAD5.jpg,3d2428fbcce31473adf21cfb67f6bc15b995810eaeb957892893c99d829aa306,1790,2151,246,164,1300,1823,13.46901467,1.011415649
micro_pcb_v2_HBAE5,micro_pcb_images,https://www.kaggle.com/datasets/frettapper/micropcb-images,CC BY 4.0,https://creativecommons.org/licenses/by/4.0/,raspberry_pi_sbc,raspberry_pi_3_b_plus,H,B,A,E,5,HBAE,test,val,NOT_VERIFIED,test_coded/test_coded/HBAE5.jpg,57bbfb0e6c2f1d410362b01f791e0eb11b5bfa032f18a2d9da297ee3c414fbb3,1650,1973,247,164,1152,1644,13.14792947,0.984568074
micro_pcb_v2_HBBA5,micro_pcb_images,https://www.kaggle.com/datasets/frettapper/micropcb-images,CC BY 4.0,https://creativecommons.org/licenses/by/4.0/,raspberry_pi_sbc,raspberry_pi_3_b_plus,H,B,B,A,5,HBBA,test,val,NOT_VERIFIED,test_coded/test_coded/HBBA5.jpg,2b58853fc63390be3a499a4334b379eee9200433d947a6f3a11f7c2862fcda79,1846,1684,246,166,1343,1354,19.93831559,1.242240164
micro_pcb_v2_HBBB5,micro_pcb_images,https://www.kaggle.com/datasets/frettapper/micropcb-images,CC BY 4.0,https://creativecommons.org/licenses/by/4.0/,raspberry_pi_sbc,raspberry_pi_3_b_plus,H,B,B,B,5,HBBB,test,val,NOT_VERIFIED,test_coded/test_coded/HBBB5.jpg,c44946cc5140f780b1dce44ee664c9e05878b1e01913b60f55e9990553edd37a,2015,2096,246,180,1509,1752,16.92309196,1.177722653
micro_pcb_v2_HBBC5,micro_pcb_images,https://www.kaggle.com/datasets/frettapper/micropcb-images,CC BY 4.0,https://creativecommons.org/licenses/by/4.0/,raspberry_pi_sbc,raspberry_pi_3_b_plus,H,B,B,C,5,HBBC,test,val,NOT_VERIFIED,test_coded/test_coded/HBBC5.jpg,8890661a1ea83237b0aa51a6df0bbd853355c3b075a34935deb3ff29e644535f,1983,2247,245,165,1482,1918,13.41631505,1.019995075
micro_pcb_v2_HBBD5,micro_pcb_images,https://www.kaggle.com/datasets/frettapper/micropcb-images,CC BY 4.0,https://creativecommons.org/licenses/by/4.0/,raspberry_pi_sbc,raspberry_pi_3_b_plus,H,B,B,D,5,HBBD,test,val,NOT_VERIFIED,test_coded/test_coded/HBBD5.jpg,d92f9cdd54affa46d070029e0275b24bdbbdf2008f72b4fdc44cc09162f70262,2016,2359,249,164,1521,2031,12.83787357,0.952066132
micro_pcb_v2_HBBE5,micro_pcb_images,https://www.kaggle.com/datasets/frettapper/micropcb-images,CC BY 4.0,https://creativecommons.org/licenses/by/4.0/,raspberry_pi_sbc,raspberry_pi_3_b_plus,H,B,B,E,5,HBBE,test,val,NOT_VERIFIED,test_coded/test_coded/HBBE5.jpg,8050d8a3a809aed66f97cd771aced95b4421c711e551bb1a942c668b0e6f729c,1829,2058,256,164,1326,1730,11.04714517,0.861618086
micro_pcb_v2_HBCA5,micro_pcb_images,https://www.kaggle.com/datasets/frettapper/micropcb-images,CC BY 4.0,https://creativecommons.org/licenses/by/4.0/,raspberry_pi_sbc,raspberry_pi_3_b_plus,H,B,C,A,5,HBCA,test,val,NOT_VERIFIED,test_coded/test_coded/HBCA5.jpg,5f4f4e7dab551d342b3eeddf5fbb7ae2766baccde453db1a9faf26a9e64ab198,1954,2251,255,325,1434,1761,21.21292604,1.141693895
micro_pcb_v2_HBCB5,micro_pcb_images,https://www.kaggle.com/datasets/frettapper/micropcb-images,CC BY 4.0,https://creativecommons.org/licenses/by/4.0/,raspberry_pi_sbc,raspberry_pi_3_b_plus,H,B,C,B,5,HBCB,test,val,NOT_VERIFIED,test_coded/test_coded/HBCB5.jpg,98b170091f4b38bc3bc24de599b3da94a5e7759acd541608bf64b6e7bde8c9e6,2055,2351,258,214,1546,1974,16.96416435,1.06140129
micro_pcb_v2_HBCC5,micro_pcb_images,https://www.kaggle.com/datasets/frettapper/micropcb-images,CC BY 4.0,https://creativecommons.org/licenses/by/4.0/,raspberry_pi_sbc,raspberry_pi_3_b_plus,H,B,C,C,5,HBCC,test,val,NOT_VERIFIED,test_coded/test_coded/HBCC5.jpg,f8a29c8d8fe8c52347a08d5b832afa326179c9f56256b356072b0bd3bf9f566a,2015,2341,274,240,1494,1937,13.16813602,1.032972078
micro_pcb_v2_HBCD5,micro_pcb_images,https://www.kaggle.com/datasets/frettapper/micropcb-images,CC BY 4.0,https://creativecommons.org/licenses/by/4.0/,raspberry_pi_sbc,raspberry_pi_3_b_plus,H,B,C,D,5,HBCD,test,val,NOT_VERIFIED,test_coded/test_coded/HBCD5.jpg,3896dad32088a73b8749f6752014d1301017a37b17e72b2ee048b23fcd167f00,2044,2387,247,163,1550,2059,12.89981297,0.922825941
micro_pcb_v2_HBCE5,micro_pcb_images,https://www.kaggle.com/datasets/frettapper/micropcb-images,CC BY 4.0,https://creativecommons.org/licenses/by/4.0/,raspberry_pi_sbc,raspberry_pi_3_b_plus,H,B,C,E,5,HBCE,test,val,NOT_VERIFIED,test_coded/test_coded/HBCE5.jpg,e3cd25f17faeaf93fe9af02e74c11673bd918afe267234633192b431037112e4,1898,2029,247,164,1405,1700,14.3347238,0.878703148
micro_pcb_v2_HBDA5,micro_pcb_images,https://www.kaggle.com/datasets/frettapper/micropcb-images,CC BY 4.0,https://creativecommons.org/licenses/by/4.0/,raspberry_pi_sbc,raspberry_pi_3_b_plus,H,B,D,A,5,HBDA,test,val,NOT_VERIFIED,test_coded/test_coded/HBDA5.jpg,e621808e7a90d726769f4deb26d039168ecda5e21ae4dd7e055010d2e3d7c695,1778,1930,248,166,1277,1600,15.05000476,1.141017962
micro_pcb_v2_HBDB5,micro_pcb_images,https://www.kaggle.com/datasets/frettapper/micropcb-images,CC BY 4.0,https://creativecommons.org/licenses/by/4.0/,raspberry_pi_sbc,raspberry_pi_3_b_plus,H,B,D,B,5,HBDB,test,val,NOT_VERIFIED,test_coded/test_coded/HBDB5.jpg,66d5b182e1613a62692370d3cb9498761964fa6e130b0d3f077e2109cc2981a5,1893,2219,275,166,1367,1889,12.21446615,1.085913555
micro_pcb_v2_HBDC5,micro_pcb_images,https://www.kaggle.com/datasets/frettapper/micropcb-images,CC BY 4.0,https://creativecommons.org/licenses/by/4.0/,raspberry_pi_sbc,raspberry_pi_3_b_plus,H,B,D,C,5,HBDC,test,val,NOT_VERIFIED,test_coded/test_coded/HBDC5.jpg,dea8e9e8f24867da4682431833dda956982f1562a08f347c394c6870b9658d15,2047,2312,316,183,1488,1965,15.22015731,1.019493038
micro_pcb_v2_HBDD5,micro_pcb_images,https://www.kaggle.com/datasets/frettapper/micropcb-images,CC BY 4.0,https://creativecommons.org/licenses/by/4.0/,raspberry_pi_sbc,raspberry_pi_3_b_plus,H,B,D,D,5,HBDD,test,val,NOT_VERIFIED,test_coded/test_coded/HBDD5.jpg,01688a723d6f5b255950ddd087610713a9143855e561197553b497447331e90c,2000,2243,272,197,1483,1882,13.90776198,0.911570505
micro_pcb_v2_HBDE5,micro_pcb_images,https://www.kaggle.com/datasets/frettapper/micropcb-images,CC BY 4.0,https://creativecommons.org/licenses/by/4.0/,raspberry_pi_sbc,raspberry_pi_3_b_plus,H,B,D,E,5,HBDE,test,val,NOT_VERIFIED,test_coded/test_coded/HBDE5.jpg,8baaf358981b33887a59d8de1c91d6c2bc00cde586fd2e8c62e06697b4641d14,1807,1870,282,167,1289,1537,12.23875165,0.853809666
micro_pcb_v2_HBEA5,micro_pcb_images,https://www.kaggle.com/datasets/frettapper/micropcb-images,CC BY 4.0,https://creativecommons.org/licenses/by/4.0/,raspberry_pi_sbc,raspberry_pi_3_b_plus,H,B,E,A,5,HBEA,test,val,NOT_VERIFIED,test_coded/test_coded/HBEA5.jpg,a8c5e07d4abe6ccc84cdced139601314c150f728d41f4c7c6587d19aadf1244f,1651,1890,271,166,1135,1558,16.0613468,1.186176337
micro_pcb_v2_HBEB5,micro_pcb_images,https://www.kaggle.com/datasets/frettapper/micropcb-images,CC BY 4.0,https://creativecommons.org/licenses/by/4.0/,raspberry_pi_sbc,raspberry_pi_3_b_plus,H,B,E,B,5,HBEB,test,val,NOT_VERIFIED,test_coded/test_coded/HBEB5.jpg,6f5786d8063b705590ba0e8e8f0279d23b845b58cbf1be99399c51e8de1daadc,1716,2089,262,166,1208,1759,14.16320354,1.142474469
micro_pcb_v2_HBEC5,micro_pcb_images,https://www.kaggle.com/datasets/frettapper/micropcb-images,CC BY 4.0,https://creativecommons.org/licenses/by/4.0/,raspberry_pi_sbc,raspberry_pi_3_b_plus,H,B,E,C,5,HBEC,test,val,NOT_VERIFIED,test_coded/test_coded/HBEC5.jpg,9927e97595960d22876b2449f9b682ba9cb05d2017a77ebf5a3aa823716c5a4f,1820,2181,301,252,1272,1765,15.11404126,1.118678449
micro_pcb_v2_HBED5,micro_pcb_images,https://www.kaggle.com/datasets/frettapper/micropcb-images,CC BY 4.0,https://creativecommons.org/licenses/by/4.0/,raspberry_pi_sbc,raspberry_pi_3_b_plus,H,B,E,D,5,HBED,test,val,NOT_VERIFIED,test_coded/test_coded/HBED5.jpg,4296ffc40679e66c771a5d0e561cabd9b87818118eed92f77b7a7fe61278df99,1817,2038,255,163,1317,1711,19.69510634,1.038890919
micro_pcb_v2_HBEE5,micro_pcb_images,https://www.kaggle.com/datasets/frettapper/micropcb-images,CC BY 4.0,https://creativecommons.org/licenses/by/4.0/,raspberry_pi_sbc,raspberry_pi_3_b_plus,H,B,E,E,5,HBEE,test,val,NOT_VERIFIED,test_coded/test_coded/HBEE5.jpg,dc364c738377cdca2235ecc73ebe2f57b893ac9f6b1034a29dde639aaf6a4d2f,1701,1772,253,167,1202,1441,15.97322222,0.963241214
micro_pcb_v2_HCAA5,micro_pcb_images,https://www.kaggle.com/datasets/frettapper/micropcb-images,CC BY 4.0,https://creativecommons.org/licenses/by/4.0/,raspberry_pi_sbc,raspberry_pi_3_b_plus,H,C,A,A,5,HCAA,test,val,NOT_VERIFIED,test_coded/test_coded/HCAA5.jpg,ed035f29b510f8cd220cf54b647cac1032cd5371c901d20020e6a44e5ecde2b2,1547,1705,248,172,1038,1367,10.96182597,1.291522389
micro_pcb_v2_HCAB5,micro_pcb_images,https://www.kaggle.com/datasets/frettapper/micropcb-images,CC BY 4.0,https://creativecommons.org/licenses/by/4.0/,raspberry_pi_sbc,raspberry_pi_3_b_plus,H,C,A,B,5,HCAB,test,val,NOT_VERIFIED,test_coded/test_coded/HCAB5.jpg,aace3cf42921453000798e92ad1f4441a2eb54c48a06c103d4bc332f52668ef5,1553,1911,252,172,1064,1575,6.271331416,1.240508883
micro_pcb_v2_HCAC5,micro_pcb_images,https://www.kaggle.com/datasets/frettapper/micropcb-images,CC BY 4.0,https://creativecommons.org/licenses/by/4.0/,raspberry_pi_sbc,raspberry_pi_3_b_plus,H,C,A,C,5,HCAC,test,val,NOT_VERIFIED,test_coded/test_coded/HCAC5.jpg,e2bb39fc941c75dacabab2202d3062f791e9637ab3da708bdbfe78889c130a95,1611,1982,252,192,1100,1618,2.01882175,1.045865434
micro_pcb_v2_HCAD5,micro_pcb_images,https://www.kaggle.com/datasets/frettapper/micropcb-images,CC BY 4.0,https://creativecommons.org/licenses/by/4.0/,raspberry_pi_sbc,raspberry_pi_3_b_plus,H,C,A,D,5,HCAD,test,val,NOT_VERIFIED,test_coded/test_coded/HCAD5.jpg,f418f0cc6df9c25b7ddd33d4a9202fad4e7f1cfc0e8cd1317e45f54fac91d4fc,1563,2048,247,164,1082,1718,2.749494333,1.054080774
micro_pcb_v2_HCAE5,micro_pcb_images,https://www.kaggle.com/datasets/frettapper/micropcb-images,CC BY 4.0,https://creativecommons.org/licenses/by/4.0/,raspberry_pi_sbc,raspberry_pi_3_b_plus,H,C,A,E,5,HCAE,test,val,NOT_VERIFIED,test_coded/test_coded/HCAE5.jpg,1f4e2155e21a6794790f349851211fba3c5b1a73214a7f4892ad4f46d4523321,1456,1888,246,164,960,1559,0.199629009,1.035507424
micro_pcb_v2_HCBA5,micro_pcb_images,https://www.kaggle.com/datasets/frettapper/micropcb-images,CC BY 4.0,https://creativecommons.org/licenses/by/4.0/,raspberry_pi_sbc,raspberry_pi_3_b_plus,H,C,B,A,5,HCBA,test,val,NOT_VERIFIED,test_coded/test_coded/HCBA5.jpg,59af9ec9eda42ab592770fe8417e3ead1ac3b4e9f509ebc080d39675cc305ec7,1639,1772,259,175,1118,1432,2.802699871,1.123413478
micro_pcb_v2_HCBB5,micro_pcb_images,https://www.kaggle.com/datasets/frettapper/micropcb-images,CC BY 4.0,https://creativecommons.org/licenses/by/4.0/,raspberry_pi_sbc,raspberry_pi_3_b_plus,H,C,B,B,5,HCBB,test,val,NOT_VERIFIED,test_coded/test_coded/HCBB5.jpg,9c3c0027325ecaaf7ccd876dd927a9a0989c27751f398f7dfab577057b6b1af7,1728,2068,259,176,1215,1728,3.703189641,1.199654061
micro_pcb_v2_HCBC5,micro_pcb_images,https://www.kaggle.com/datasets/frettapper/micropcb-images,CC BY 4.0,https://creativecommons.org/licenses/by/4.0/,raspberry_pi_sbc,raspberry_pi_3_b_plus,H,C,B,C,5,HCBC,test,val,NOT_VERIFIED,test_coded/test_coded/HCBC5.jpg,d26573d164e782a265805610b6404ad40014a9896373549c62a169575085b887,1677,2094,249,165,1212,1765,0.224330674,0.985066621
micro_pcb_v2_HCBD5,micro_pcb_images,https://www.kaggle.com/datasets/frettapper/micropcb-images,CC BY 4.0,https://creativecommons.org/licenses/by/4.0/,raspberry_pi_sbc,raspberry_pi_3_b_plus,H,C,B,D,5,HCBD,test,val,NOT_VERIFIED,test_coded/test_coded/HCBD5.jpg,79c5dfd1ab7690ed84ef8b4b906e1047165fc0d1edd6d847ac48a77acaafab30,1696,2197,251,165,1199,1865,0.936980283,1.014267299
micro_pcb_v2_HCBE5,micro_pcb_images,https://www.kaggle.com/datasets/frettapper/micropcb-images,CC BY 4.0,https://creativecommons.org/licenses/by/4.0/,raspberry_pi_sbc,raspberry_pi_3_b_plus,H,C,B,E,5,HCBE,test,val,NOT_VERIFIED,test_coded/test_coded/HCBE5.jpg,4e2f109e3ebf8f5cc701c16f19f46a993d93c3373af5a9c88241435500e0455c,1620,1916,247,164,1127,1587,3.197393796,0.940069878
micro_pcb_v2_HCCA5,micro_pcb_images,https://www.kaggle.com/datasets/frettapper/micropcb-images,CC BY 4.0,https://creativecommons.org/licenses/by/4.0/,raspberry_pi_sbc,raspberry_pi_3_b_plus,H,C,C,A,5,HCCA,test,val,NOT_VERIFIED,test_coded/test_coded/HCCA5.jpg,4e4f90d66134949e518866a35f703efc5a425774be38d4fcba48ea936eb2a699,1574,2160,252,379,1068,1617,1.474436173,1.104892761
micro_pcb_v2_HCCB5,micro_pcb_images,https://www.kaggle.com/datasets/frettapper/micropcb-images,CC BY 4.0,https://creativecommons.org/licenses/by/4.0/,raspberry_pi_sbc,raspberry_pi_3_b_plus,H,C,C,B,5,HCCB,test,val,NOT_VERIFIED,test_coded/test_coded/HCCB5.jpg,cf80d292123360265bd37bbef6266b1da7c8502238c6bf5f1daaf2f60b1e2eb4,1768,2320,253,337,1207,1819,0.112284391,1.080220437
micro_pcb_v2_HCCC5,micro_pcb_images,https://www.kaggle.com/datasets/frettapper/micropcb-images,CC BY 4.0,https://creativecommons.org/licenses/by/4.0/,raspberry_pi_sbc,raspberry_pi_3_b_plus,H,C,C,C,5,HCCC,test,val,NOT_VERIFIED,test_coded/test_coded/HCCC5.jpg,9abb8ee141d48241a4680e752c8711e867646b2611054ae4f8e0989c2c65f200,1764,2160,297,167,1222,1824,0.117727574,1.042812015
micro_pcb_v2_HCCD5,micro_pcb_images,https://www.kaggle.com/datasets/frettapper/micropcb-images,CC BY 4.0,https://creativecommons.org/licenses/by/4.0/,raspberry_pi_sbc,raspberry_pi_3_b_plus,H,C,C,D,5,HCCD,test,val,NOT_VERIFIED,test_coded/test_coded/HCCD5.jpg,c96d980d2ed8a35ed2b6127c3dac8626c85ab89c73c2c03be8d935c73882d31d,1730,2229,247,163,1236,1900,0.088635088,0.890059453
micro_pcb_v2_HCCE5,micro_pcb_images,https://www.kaggle.com/datasets/frettapper/micropcb-images,CC BY 4.0,https://creativecommons.org/licenses/by/4.0/,raspberry_pi_sbc,raspberry_pi_3_b_plus,H,C,C,E,5,HCCE,test,val,NOT_VERIFIED,test_coded/test_coded/HCCE5.jpg,9256dffe93c1e308cfe21279362b9c56193a083bc727276610eba69d62fbd366,1628,1937,247,164,1129,1608,0.158940267,0.934601384
micro_pcb_v2_HCDA5,micro_pcb_images,https://www.kaggle.com/datasets/frettapper/micropcb-images,CC BY 4.0,https://creativecommons.org/licenses/by/4.0/,raspberry_pi_sbc,raspberry_pi_3_b_plus,H,C,D,A,5,HCDA,test,val,NOT_VERIFIED,test_coded/test_coded/HCDA5.jpg,0bb62efe3310a9fc6f188e88792dadb9f33fa1277d24c9353938565f2851725b,1623,1788,271,171,1106,1453,0.246688034,1.06256581
micro_pcb_v2_HCDB5,micro_pcb_images,https://www.kaggle.com/datasets/frettapper/micropcb-images,CC BY 4.0,https://creativecommons.org/licenses/by/4.0/,raspberry_pi_sbc,raspberry_pi_3_b_plus,H,C,D,B,5,HCDB,test,val,NOT_VERIFIED,test_coded/test_coded/HCDB5.jpg,c69ac036b758c03a7a63cda7f954b17a1768a9781924139e73d3f19e7eb731c1,1735,2084,286,177,1202,1743,0.61943007,1.102016892
micro_pcb_v2_HCDC5,micro_pcb_images,https://www.kaggle.com/datasets/frettapper/micropcb-images,CC BY 4.0,https://creativecommons.org/licenses/by/4.0/,raspberry_pi_sbc,raspberry_pi_3_b_plus,H,C,D,C,5,HCDC,test,val,NOT_VERIFIED,test_coded/test_coded/HCDC5.jpg,a6704da7abd15cb57fc777f2cae73539d2b74ea89a8bed92d3337b890e9c2add,1795,2187,335,234,1214,1789,2.696397658,1.05762024
micro_pcb_v2_HCDD5,micro_pcb_images,https://www.kaggle.com/datasets/frettapper/micropcb-images,CC BY 4.0,https://creativecommons.org/licenses/by/4.0/,raspberry_pi_sbc,raspberry_pi_3_b_plus,H,C,D,D,5,HCDD,test,val,NOT_VERIFIED,test_coded/test_coded/HCDD5.jpg,736b559918b5dbf87aad53dfb0f89f021bff18672bc6e2e737db384c005dafaa,1725,2167,281,154,1198,1848,0.461029736,0.912717998
micro_pcb_v2_HCDE5,micro_pcb_images,https://www.kaggle.com/datasets/frettapper/micropcb-images,CC BY 4.0,https://creativecommons.org/licenses/by/4.0/,raspberry_pi_sbc,raspberry_pi_3_b_plus,H,C,D,E,5,HCDE,test,val,NOT_VERIFIED,test_coded/test_coded/HCDE5.jpg,eb528d393504467060d735e6380e194344b387612125e4158dedbd8110030901,1582,1955,266,168,1071,1622,0.611490947,0.841773896
micro_pcb_v2_HCEA5,micro_pcb_images,https://www.kaggle.com/datasets/frettapper/micropcb-images,CC BY 4.0,https://creativecommons.org/licenses/by/4.0/,raspberry_pi_sbc,raspberry_pi_3_b_plus,H,C,E,A,5,HCEA,test,val,NOT_VERIFIED,test_coded/test_coded/HCEA5.jpg,059403527b2701256735cf50538abc0d034f258d0d54ecda5b65143560883974,1520,1800,271,170,1001,1465,2.645440353,1.228507414
micro_pcb_v2_HCEB5,micro_pcb_images,https://www.kaggle.com/datasets/frettapper/micropcb-images,CC BY 4.0,https://creativecommons.org/licenses/by/4.0/,raspberry_pi_sbc,raspberry_pi_3_b_plus,H,C,E,B,5,HCEB,test,val,NOT_VERIFIED,test_coded/test_coded/HCEB5.jpg,56c69e84fcfd5735f05cb9ea807a3fc60f612d76f236aa3406a58d8686b6459b,1557,1977,267,179,1047,1634,2.714714156,1.164978082
micro_pcb_v2_HCEC5,micro_pcb_images,https://www.kaggle.com/datasets/frettapper/micropcb-images,CC BY 4.0,https://creativecommons.org/licenses/by/4.0/,raspberry_pi_sbc,raspberry_pi_3_b_plus,H,C,E,C,5,HCEC,test,val,NOT_VERIFIED,test_coded/test_coded/HCEC5.jpg,4ad9577d5836a748ac465b12c57640757517ce11c6d01ee186caaf737e4e8240,1614,2115,311,303,1056,1647,2.291103191,1.09657691
micro_pcb_v2_HCED5,micro_pcb_images,https://www.kaggle.com/datasets/frettapper/micropcb-images,CC BY 4.0,https://creativecommons.org/licenses/by/4.0/,raspberry_pi_sbc,raspberry_pi_3_b_plus,H,C,E,D,5,HCED,test,val,NOT_VERIFIED,test_coded/test_coded/HCED5.jpg,132ee0537f82e122eeecfc027bb8e55d54d1e5100a64d6be05b8f1a4309fc6d9,1504,1964,242,164,1017,1634,3.358938366,1.001970872
micro_pcb_v2_HCEE5,micro_pcb_images,https://www.kaggle.com/datasets/frettapper/micropcb-images,CC BY 4.0,https://creativecommons.org/licenses/by/4.0/,raspberry_pi_sbc,raspberry_pi_3_b_plus,H,C,E,E,5,HCEE,test,val,NOT_VERIFIED,test_coded/test_coded/HCEE5.jpg,4320469e3fe722d8228b6154bcfaed1a3ab8b4573423602ae4cc2da0764a46ac,1470,1902,250,167,974,1569,1.886817435,0.917691475
micro_pcb_v2_HDAA5,micro_pcb_images,https://www.kaggle.com/datasets/frettapper/micropcb-images,CC BY 4.0,https://creativecommons.org/licenses/by/4.0/,raspberry_pi_sbc,raspberry_pi_3_b_plus,H,D,A,A,5,HDAA,test,val,NOT_VERIFIED,test_coded/test_coded/HDAA5.jpg,88790005f35a2d0e07a5971562c965054e6d62a85663b2eb57b931058520a351,1573,1825,253,182,1065,1478,7.357799224,1.285769279
micro_pcb_v2_HDAB5,micro_pcb_images,https://www.kaggle.com/datasets/frettapper/micropcb-images,CC BY 4.0,https://creativecommons.org/licenses/by/4.0/,raspberry_pi_sbc,raspberry_pi_3_b_plus,H,D,A,B,5,HDAB,test,val,NOT_VERIFIED,test_coded/test_coded/HDAB5.jpg,a1ddc71c87fc973ad72802668e6c8fbfeab4769309b5759e3b2612dd7af87b74,1736,2079,246,174,1240,1741,11.80140837,1.25311864
micro_pcb_v2_HDAC5,micro_pcb_images,https://www.kaggle.com/datasets/frettapper/micropcb-images,CC BY 4.0,https://creativecommons.org/licenses/by/4.0/,raspberry_pi_sbc,raspberry_pi_3_b_plus,H,D,A,C,5,HDAC,test,val,NOT_VERIFIED,test_coded/test_coded/HDAC5.jpg,8a55e3e8bccd9d911da1b73e61a47e9c77440bfa703e54753ba123527d3e7d0b,1769,2097,251,167,1265,1766,10.52223207,1.09536371
micro_pcb_v2_HDAD5,micro_pcb_images,https://www.kaggle.com/datasets/frettapper/micropcb-images,CC BY 4.0,https://creativecommons.org/licenses/by/4.0/,raspberry_pi_sbc,raspberry_pi_3_b_plus,H,D,A,D,5,HDAD,test,val,NOT_VERIFIED,test_coded/test_coded/HDAD5.jpg,c52503010cdb0de5435f2ed4b91f41778d74206aef7e9d3a18976167135ae8cf,1868,2079,247,164,1364,1750,16.57612273,1.075632168
micro_pcb_v2_HDAE5,micro_pcb_images,https://www.kaggle.com/datasets/frettapper/micropcb-images,CC BY 4.0,https://creativecommons.org/licenses/by/4.0/,raspberry_pi_sbc,raspberry_pi_3_b_plus,H,D,A,E,5,HDAE,test,val,NOT_VERIFIED,test_coded/test_coded/HDAE5.jpg,00c135c70fe6376c08b9ff2dc8e2448203e933641f0bf52543f6419e685e48d1,1697,1769,246,167,1199,1438,14.79117558,1.029034558
micro_pcb_v2_HDBA5,micro_pcb_images,https://www.kaggle.com/datasets/frettapper/micropcb-images,CC BY 4.0,https://creativecommons.org/licenses/by/4.0/,raspberry_pi_sbc,raspberry_pi_3_b_plus,H,D,B,A,5,HDBA,test,val,NOT_VERIFIED,test_coded/test_coded/HDBA5.jpg,a78c97d36b397171a8edbfc512ce69b0b8baa9ad9a823f3c16f0da0650ff6417,1793,1876,248,170,1274,1542,13.29914274,1.201138205
micro_pcb_v2_HDBB5,micro_pcb_images,https://www.kaggle.com/datasets/frettapper/micropcb-images,CC BY 4.0,https://creativecommons.org/licenses/by/4.0/,raspberry_pi_sbc,raspberry_pi_3_b_plus,H,D,B,B,5,HDBB,test,val,NOT_VERIFIED,test_coded/test_coded/HDBB5.jpg,28305b2ab9983a594f0a7dc23822b38ba654ec543ac282ae4178db12a439fc4f,1937,2222,247,174,1423,1884,11.10970676,1.223595869
micro_pcb_v2_HDBC5,micro_pcb_images,https://www.kaggle.com/datasets/frettapper/micropcb-images,CC BY 4.0,https://creativecommons.org/licenses/by/4.0/,raspberry_pi_sbc,raspberry_pi_3_b_plus,H,D,B,C,5,HDBC,test,val,NOT_VERIFIED,test_coded/test_coded/HDBC5.jpg,952714f7c8f35dfc46c5c72deac6e9f14ad61d01cb1ccf8f1dae168093e8b97d,1959,2283,248,168,1455,1951,14.49969245,1.007359219
micro_pcb_v2_HDBD5,micro_pcb_images,https://www.kaggle.com/datasets/frettapper/micropcb-images,CC BY 4.0,https://creativecommons.org/licenses/by/4.0/,raspberry_pi_sbc,raspberry_pi_3_b_plus,H,D,B,D,5,HDBD,test,val,NOT_VERIFIED,test_coded/test_coded/HDBD5.jpg,0108ce57034382b00e8fd02d5a41c17c955a2c68366f5986d2bd39171a15dd1b,2052,2350,247,166,1557,2019,16.73849528,1.055515822
micro_pcb_v2_HDBE5,micro_pcb_images,https://www.kaggle.com/datasets/frettapper/micropcb-images,CC BY 4.0,https://creativecommons.org/licenses/by/4.0/,raspberry_pi_sbc,raspberry_pi_3_b_plus,H,D,B,E,5,HDBE,test,val,NOT_VERIFIED,test_coded/test_coded/HDBE5.jpg,185abc275516baf76e1a3cdbf42b60229e60375b107d9663e14597e47a01158f,1851,1955,247,165,1357,1626,16.53165975,1.000184334
micro_pcb_v2_HDCA5,micro_pcb_images,https://www.kaggle.com/datasets/frettapper/micropcb-images,CC BY 4.0,https://creativecommons.org/licenses/by/4.0/,raspberry_pi_sbc,raspberry_pi_3_b_plus,H,D,C,A,5,HDCA,test,val,NOT_VERIFIED,test_coded/test_coded/HDCA5.jpg,23c5288cf70f6d85b27764bc5c1926384013b65af63bf9be2a7eba65b7a35674,1875,2264,246,286,1349,1812,15.09794101,1.197643812
micro_pcb_v2_HDCB5,micro_pcb_images,https://www.kaggle.com/datasets/frettapper/micropcb-images,CC BY 4.0,https://creativecommons.org/licenses/by/4.0/,raspberry_pi_sbc,raspberry_pi_3_b_plus,H,D,C,B,5,HDCB,test,val,NOT_VERIFIED,test_coded/test_coded/HDCB5.jpg,5393bd85e0fb4da6b3634a20b450250a4816ad78e29974c098b56e75f43343a8,2094,2401,245,247,1530,1990,15.63830025,1.115162764
micro_pcb_v2_HDCC5,micro_pcb_images,https://www.kaggle.com/datasets/frettapper/micropcb-images,CC BY 4.0,https://creativecommons.org/licenses/by/4.0/,raspberry_pi_sbc,raspberry_pi_3_b_plus,H,D,C,C,5,HDCC,test,val,NOT_VERIFIED,test_coded/test_coded/HDCC5.jpg,a19eb189e39f0d9c7e2b4d21a3125da8ffd45d8786b29eba9bf129bc0c636202,2110,2379,249,166,1613,2048,17.88871221,1.040076202
micro_pcb_v2_HDCD5,micro_pcb_images,https://www.kaggle.com/datasets/frettapper/micropcb-images,CC BY 4.0,https://creativecommons.org/licenses/by/4.0/,raspberry_pi_sbc,raspberry_pi_3_b_plus,H,D,C,D,5,HDCD,test,val,NOT_VERIFIED,test_coded/test_coded/HDCD5.jpg,e48f461e5826e06bcdd20fb52d19175b59385f90e4c84bbf3dddab70ce2ff1d5,2065,2419,248,165,1571,2089,16.68461066,0.972026867
micro_pcb_v2_HDCE5,micro_pcb_images,https://www.kaggle.com/datasets/frettapper/micropcb-images,CC BY 4.0,https://creativecommons.org/licenses/by/4.0/,raspberry_pi_sbc,raspberry_pi_3_b_plus,H,D,C,E,5,HDCE,test,val,NOT_VERIFIED,test_coded/test_coded/HDCE5.jpg,bcb1addf0533dd5046eccbf3515248b5b89f0e9be36339f33c8ad3cd08edce3d,1818,2056,247,164,1325,1728,15.00851644,0.91549795
micro_pcb_v2_HDDA5,micro_pcb_images,https://www.kaggle.com/datasets/frettapper/micropcb-images,CC BY 4.0,https://creativecommons.org/licenses/by/4.0/,raspberry_pi_sbc,raspberry_pi_3_b_plus,H,D,D,A,5,HDDA,test,val,NOT_VERIFIED,test_coded/test_coded/HDDA5.jpg,13ff875805c6aac8bb1341259015dcb88a4a7a6272e1b877889559500374f055,1922,1778,248,171,1428,1443,16.68759534,1.024244909
micro_pcb_v2_HDDB5,micro_pcb_images,https://www.kaggle.com/datasets/frettapper/micropcb-images,CC BY 4.0,https://creativecommons.org/licenses/by/4.0/,raspberry_pi_sbc,raspberry_pi_3_b_plus,H,D,D,B,5,HDDB,test,val,NOT_VERIFIED,test_coded/test_coded/HDDB5.jpg,f23fc68d4ff17af201e522148be303456c235d5a66650b78c38fdabed2fe31f1,2083,2194,245,195,1554,1834,16.63954803,1.083258035
micro_pcb_v2_HDDC5,micro_pcb_images,https://www.kaggle.com/datasets/frettapper/micropcb-images,CC BY 4.0,https://creativecommons.org/licenses/by/4.0/,raspberry_pi_sbc,raspberry_pi_3_b_plus,H,D,D,C,5,HDDC,test,val,NOT_VERIFIED,test_coded/test_coded/HDDC5.jpg,e707af8572c0e08f0d3fe4476f353aaf761293bb6ebd79f81dec49739a270ba7,2009,2294,252,177,1510,1953,14.85881141,1.044784318
micro_pcb_v2_HDDD5,micro_pcb_images,https://www.kaggle.com/datasets/frettapper/micropcb-images,CC BY 4.0,https://creativecommons.org/licenses/by/4.0/,raspberry_pi_sbc,raspberry_pi_3_b_plus,H,D,D,D,5,HDDD,test,val,NOT_VERIFIED,test_coded/test_coded/HDDD5.jpg,b2d2a5ac82534f0f889a832731b76683637ddd8ea33a1fdcb45aa15cafb5b412,2013,2363,249,167,1486,2031,16.48206293,0.911339728
micro_pcb_v2_HDDE5,micro_pcb_images,https://www.kaggle.com/datasets/frettapper/micropcb-images,CC BY 4.0,https://creativecommons.org/licenses/by/4.0/,raspberry_pi_sbc,raspberry_pi_3_b_plus,H,D,D,E,5,HDDE,test,val,NOT_VERIFIED,test_coded/test_coded/HDDE5.jpg,6090622466d8f69fc1edd5a499d692252b5358a70bc14cbdcc36157fbb08fcab,1717,2045,247,165,1277,1715,15.85979775,0.846395221
micro_pcb_v2_HDEA5,micro_pcb_images,https://www.kaggle.com/datasets/frettapper/micropcb-images,CC BY 4.0,https://creativecommons.org/licenses/by/4.0/,raspberry_pi_sbc,raspberry_pi_3_b_plus,H,D,E,A,5,HDEA,test,val,NOT_VERIFIED,test_coded/test_coded/HDEA5.jpg,772b6b783dc53cc07abfb6b420e03082762f9ad91ea157a41906e98239f591fe,1849,1671,265,172,1338,1333,19.90424842,1.085561063
micro_pcb_v2_HDEB5,micro_pcb_images,https://www.kaggle.com/datasets/frettapper/micropcb-images,CC BY 4.0,https://creativecommons.org/licenses/by/4.0/,raspberry_pi_sbc,raspberry_pi_3_b_plus,H,D,E,B,5,HDEB,test,val,NOT_VERIFIED,test_coded/test_coded/HDEB5.jpg,4cb924c921116550f781d6c37ab248fe7d858cc01ac95850b14dae874f58f2bc,1875,1925,255,176,1373,1585,14.24790818,1.109907897
micro_pcb_v2_HDEC5,micro_pcb_images,https://www.kaggle.com/datasets/frettapper/micropcb-images,CC BY 4.0,https://creativecommons.org/licenses/by/4.0/,raspberry_pi_sbc,raspberry_pi_3_b_plus,H,D,E,C,5,HDEC,test,val,NOT_VERIFIED,test_coded/test_coded/HDEC5.jpg,9dd7dd5d7264aefdb21d5421ff24d96075c75ce0474789bda8b565587a630b1d,1836,2174,246,241,1343,1767,13.90311884,1.092732689
micro_pcb_v2_HDED5,micro_pcb_images,https://www.kaggle.com/datasets/frettapper/micropcb-images,CC BY 4.0,https://creativecommons.org/licenses/by/4.0/,raspberry_pi_sbc,raspberry_pi_3_b_plus,H,D,E,D,5,HDED,test,val,NOT_VERIFIED,test_coded/test_coded/HDED5.jpg,020fb69c9e767beb91f5263f5d18fbbe71cb9b5aa0b83e4a298ba6bdff432f73,1810,2153,250,167,1314,1820,17.02269319,0.942979689
micro_pcb_v2_HDEE5,micro_pcb_images,https://www.kaggle.com/datasets/frettapper/micropcb-images,CC BY 4.0,https://creativecommons.org/licenses/by/4.0/,raspberry_pi_sbc,raspberry_pi_3_b_plus,H,D,E,E,5,HDEE,test,val,NOT_VERIFIED,test_coded/test_coded/HDEE5.jpg,f62a91e45beb83af67b8777f083727224542e101de424f12c68556d1d397a24f,1602,1985,250,166,1106,1654,11.13247869,0.918063199
micro_pcb_v2_HEAA5,micro_pcb_images,https://www.kaggle.com/datasets/frettapper/micropcb-images,CC BY 4.0,https://creativecommons.org/licenses/by/4.0/,raspberry_pi_sbc,raspberry_pi_3_b_plus,H,E,A,A,5,HEAA,test,val,NOT_VERIFIED,test_coded/test_coded/HEAA5.jpg,817d1c1a4dba9d2233b3a606117e6611bf602beb8bd1f99e8cf57b0302d071a3,1734,1867,253,187,1224,1513,22.99835086,1.194682187
micro_pcb_v2_HEAB5,micro_pcb_images,https://www.kaggle.com/datasets/frettapper/micropcb-images,CC BY 4.0,https://creativecommons.org/licenses/by/4.0/,raspberry_pi_sbc,raspberry_pi_3_b_plus,H,E,A,B,5,HEAB,test,val,NOT_VERIFIED,test_coded/test_coded/HEAB5.jpg,1933028adedeffafb951169f9d97c42083e0dfdbd4b95136002221fa9ca095e4,1876,2108,245,178,1381,1765,22.52831857,1.21983937
micro_pcb_v2_HEAC5,micro_pcb_images,https://www.kaggle.com/datasets/frettapper/micropcb-images,CC BY 4.0,https://creativecommons.org/licenses/by/4.0/,raspberry_pi_sbc,raspberry_pi_3_b_plus,H,E,A,C,5,HEAC,test,val,NOT_VERIFIED,test_coded/test_coded/HEAC5.jpg,6f549203a468c7818e641d5e054ad0983f2204cff75c2a72bb042cfa134b11e9,1875,2152,246,172,1377,1815,17.71863041,1.082390851
micro_pcb_v2_HEAD5,micro_pcb_images,https://www.kaggle.com/datasets/frettapper/micropcb-images,CC BY 4.0,https://creativecommons.org/licenses/by/4.0/,raspberry_pi_sbc,raspberry_pi_3_b_plus,H,E,A,D,5,HEAD,test,val,NOT_VERIFIED,test_coded/test_coded/HEAD5.jpg,c192f937dac9d8683191bb9252dd452008607d418fe44e8504215384e0dd18c6,2064,2141,245,164,1558,1811,27.93630118,1.052869212
micro_pcb_v2_HEAE5,micro_pcb_images,https://www.kaggle.com/datasets/frettapper/micropcb-images,CC BY 4.0,https://creativecommons.org/licenses/by/4.0/,raspberry_pi_sbc,raspberry_pi_3_b_plus,H,E,A,E,5,HEAE,test,val,NOT_VERIFIED,test_coded/test_coded/HEAE5.jpg,57880746ae603c144022205d4ae3521cb42682fc0a432078c60dd4ead11a6b1a,1948,1877,246,167,1428,1546,28.08144544,1.02947693
micro_pcb_v2_HEBA5,micro_pcb_images,https://www.kaggle.com/datasets/frettapper/micropcb-images,CC BY 4.0,https://creativecommons.org/licenses/by/4.0/,raspberry_pi_sbc,raspberry_pi_3_b_plus,H,E,B,A,5,HEBA,test,val,NOT_VERIFIED,test_coded/test_coded/HEBA5.jpg,8819c08e4fe29c6625ded4bb052c6262d6760b15abadeb5986e223222c2ae234,1971,1923,246,170,1474,1589,29.69110767,1.060118584
micro_pcb_v2_HEBB5,micro_pcb_images,https://www.kaggle.com/datasets/frettapper/micropcb-images,CC BY 4.0,https://creativecommons.org/licenses/by/4.0/,raspberry_pi_sbc,raspberry_pi_3_b_plus,H,E,B,B,5,HEBB,test,val,NOT_VERIFIED,test_coded/test_coded/HEBB5.jpg,ea8a6dc68b9209707cc197c243903f2683cf78f7fc8a3a208ea99c6b7c7a1b90,2151,2275,246,182,1645,1929,24.92158752,1.135767715
micro_pcb_v2_HEBC5,micro_pcb_images,https://www.kaggle.com/datasets/frettapper/micropcb-images,CC BY 4.0,https://creativecommons.org/licenses/by/4.0/,raspberry_pi_sbc,raspberry_pi_3_b_plus,H,E,B,C,5,HEBC,test,val,NOT_VERIFIED,test_coded/test_coded/HEBC5.jpg,0b3e88b79761588c5addbe74243608e4a4789f072a37f219134ce7e73cb579f7,2103,2342,248,170,1613,2008,22.91710996,1.00174453
micro_pcb_v2_HEBD5,micro_pcb_images,https://www.kaggle.com/datasets/frettapper/micropcb-images,CC BY 4.0,https://creativecommons.org/licenses/by/4.0/,raspberry_pi_sbc,raspberry_pi_3_b_plus,H,E,B,D,5,HEBD,test,val,NOT_VERIFIED,test_coded/test_coded/HEBD5.jpg,aa58684f6e36ac881c943db9b996309293d9b9e2ef286b5839b6f25b09a75ffe,2305,2435,247,164,1805,2105,29.14117809,1.02210896
micro_pcb_v2_HEBE5,micro_pcb_images,https://www.kaggle.com/datasets/frettapper/micropcb-images,CC BY 4.0,https://creativecommons.org/licenses/by/4.0/,raspberry_pi_sbc,raspberry_pi_3_b_plus,H,E,B,E,5,HEBE,test,val,NOT_VERIFIED,test_coded/test_coded/HEBE5.jpg,b83f3cbcb871d3129be08854c470e32734773e3aebbfbb09fd9aecbefdf0c3d3,2076,2045,246,167,1572,1714,28.78202148,0.972961661
micro_pcb_v2_HECA5,micro_pcb_images,https://www.kaggle.com/datasets/frettapper/micropcb-images,CC BY 4.0,https://creativecommons.org/licenses/by/4.0/,raspberry_pi_sbc,raspberry_pi_3_b_plus,H,E,C,A,5,HECA,test,val,NOT_VERIFIED,test_coded/test_coded/HECA5.jpg,a7bb8b5a2ba0c904bff2ed251b3a2b7406f13ea75a9bfa2a8b1d6619fd180dc6,2024,2224,246,208,1513,1848,26.71069904,1.131755016
micro_pcb_v2_HECB5,micro_pcb_images,https://www.kaggle.com/datasets/frettapper/micropcb-images,CC BY 4.0,https://creativecommons.org/licenses/by/4.0/,raspberry_pi_sbc,raspberry_pi_3_b_plus,H,E,C,B,5,HECB,test,val,NOT_VERIFIED,test_coded/test_coded/HECB5.jpg,780b47d0f1b6a2b9e06b09a34ec35aad713f2ccf1090f7122b4751ef7374c9f0,2277,2485,246,254,1746,2067,27.77412217,1.03100422
micro_pcb_v2_HECC5,micro_pcb_images,https://www.kaggle.com/datasets/frettapper/micropcb-images,CC BY 4.0,https://creativecommons.org/licenses/by/4.0/,raspberry_pi_sbc,raspberry_pi_3_b_plus,H,E,C,C,5,HECC,test,val,NOT_VERIFIED,test_coded/test_coded/HECC5.jpg,aa86a9503559b149ad40c2ea40508319f6728cec9748f651667c49d8e506f71f,2296,2421,253,165,1773,2091,26.47515474,0.993162358
micro_pcb_v2_HECD5,micro_pcb_images,https://www.kaggle.com/datasets/frettapper/micropcb-images,CC BY 4.0,https://creativecommons.org/licenses/by/4.0/,raspberry_pi_sbc,raspberry_pi_3_b_plus,H,E,C,D,5,HECD,test,val,NOT_VERIFIED,test_coded/test_coded/HECD5.jpg,1f98915a25d4b50e9403b61cf3c739a63707e4beaedb8a6ee6343c39f93433d7,2294,2471,247,164,1801,2142,27.2531892,0.921650728
micro_pcb_v2_HECE5,micro_pcb_images,https://www.kaggle.com/datasets/frettapper/micropcb-images,CC BY 4.0,https://creativecommons.org/licenses/by/4.0/,raspberry_pi_sbc,raspberry_pi_3_b_plus,H,E,C,E,5,HECE,test,val,NOT_VERIFIED,test_coded/test_coded/HECE5.jpg,b9f7c039e50f9b41cab6bca4b7454186eeb7cda6911880eb4b6514b7ed0739f6,2050,2138,248,166,1556,1807,26.67722013,0.850496303
micro_pcb_v2_HEDA5,micro_pcb_images,https://www.kaggle.com/datasets/frettapper/micropcb-images,CC BY 4.0,https://creativecommons.org/licenses/by/4.0/,raspberry_pi_sbc,raspberry_pi_3_b_plus,H,E,D,A,5,HEDA,test,val,NOT_VERIFIED,test_coded/test_coded/HEDA5.jpg,5e0170487859f35be11207013ee42bf9d89ca4420f9d5a4678f34e8511a6363f,2100,1830,252,169,1602,1499,30.57334464,0.811090193
micro_pcb_v2_HEDB5,micro_pcb_images,https://www.kaggle.com/datasets/frettapper/micropcb-images,CC BY 4.0,https://creativecommons.org/licenses/by/4.0/,raspberry_pi_sbc,raspberry_pi_3_b_plus,H,E,D,B,5,HEDB,test,val,NOT_VERIFIED,test_coded/test_coded/HEDB5.jpg,7158f57a71534515cf43f4fdd135438b7a67e6cac4bf052ded89f851919d6c15,2321,2278,248,204,1827,1911,29.00564017,1.044105595
micro_pcb_v2_HEDC5,micro_pcb_images,https://www.kaggle.com/datasets/frettapper/micropcb-images,CC BY 4.0,https://creativecommons.org/licenses/by/4.0/,raspberry_pi_sbc,raspberry_pi_3_b_plus,H,E,D,C,5,HEDC,test,val,NOT_VERIFIED,test_coded/test_coded/HEDC5.jpg,95bc137cd9009efd9d7fa7b3afab92ad8f63825a7589400396e8ebcdfcc309e1,2176,2360,246,194,1684,2002,22.9318821,1.009338513
micro_pcb_v2_HEDD5,micro_pcb_images,https://www.kaggle.com/datasets/frettapper/micropcb-images,CC BY 4.0,https://creativecommons.org/licenses/by/4.0/,raspberry_pi_sbc,raspberry_pi_3_b_plus,H,E,D,D,5,HEDD,test,val,NOT_VERIFIED,test_coded/test_coded/HEDD5.jpg,9a5086c266f5159472a1f5fbb8de398956a6386758d754e991bfc81dae630498,2093,2413,250,170,1699,2078,28.88383797,0.800530137
micro_pcb_v2_HEDE5,micro_pcb_images,https://www.kaggle.com/datasets/frettapper/micropcb-images,CC BY 4.0,https://creativecommons.org/licenses/by/4.0/,raspberry_pi_sbc,raspberry_pi_3_b_plus,H,E,D,E,5,HEDE,test,val,NOT_VERIFIED,test_coded/test_coded/HEDE5.jpg,28dabacb0b9032a10f3cf4903376299f453706bd68a676b85aa828c9f8eda657,1930,2089,251,165,1433,1759,24.84271939,0.830896974
micro_pcb_v2_HEEA5,micro_pcb_images,https://www.kaggle.com/datasets/frettapper/micropcb-images,CC BY 4.0,https://creativecommons.org/licenses/by/4.0/,raspberry_pi_sbc,raspberry_pi_3_b_plus,H,E,E,A,5,HEEA,test,val,NOT_VERIFIED,test_coded/test_coded/HEEA5.jpg,1f92e6921c9dab127e42e4a4fe12abd0d30ed17b88d6985d60e675701290f4bb,2055,1735,265,172,1544,1397,33.50399585,0.905675637
micro_pcb_v2_HEEB5,micro_pcb_images,https://www.kaggle.com/datasets/frettapper/micropcb-images,CC BY 4.0,https://creativecommons.org/licenses/by/4.0/,raspberry_pi_sbc,raspberry_pi_3_b_plus,H,E,E,B,5,HEEB,test,val,NOT_VERIFIED,test_coded/test_coded/HEEB5.jpg,9854714e42115efce24cedd1e2b3de5c208f66a889c533c111ef57bb2c01ca28,2077,2007,257,182,1610,1661,27.31362089,0.925338379
micro_pcb_v2_HEEC5,micro_pcb_images,https://www.kaggle.com/datasets/frettapper/micropcb-images,CC BY 4.0,https://creativecommons.org/licenses/by/4.0/,raspberry_pi_sbc,raspberry_pi_3_b_plus,H,E,E,C,5,HEEC,test,val,NOT_VERIFIED,test_coded/test_coded/HEEC5.jpg,4e754c69920d8c913b221c41fd2acde4b237f43dcdbe5f4f6286d5047f0bda5a,1990,2200,243,220,1500,1815,22.0415982,1.028644721
micro_pcb_v2_HEED5,micro_pcb_images,https://www.kaggle.com/datasets/frettapper/micropcb-images,CC BY 4.0,https://creativecommons.org/licenses/by/4.0/,raspberry_pi_sbc,raspberry_pi_3_b_plus,H,E,E,D,5,HEED,test,val,NOT_VERIFIED,test_coded/test_coded/HEED5.jpg,9cb0e28d93db41388e24026393d53431746e3fab0368d633859fa46df21f7d0a,1961,2151,246,164,1469,1822,31.37100503,0.881759101
micro_pcb_v2_HEEE5,micro_pcb_images,https://www.kaggle.com/datasets/frettapper/micropcb-images,CC BY 4.0,https://creativecommons.org/licenses/by/4.0/,raspberry_pi_sbc,raspberry_pi_3_b_plus,H,E,E,E,5,HEEE,test,val,NOT_VERIFIED,test_coded/test_coded/HEEE5.jpg,dd58da40e637fd83587c03e42217bd52aa0ffac88f31a29a6b604d9affef592d,1804,2022,257,168,1301,1687,23.34967321,0.83447479
micro_pcb_v2_IAAA5,micro_pcb_images,https://www.kaggle.com/datasets/frettapper/micropcb-images,CC BY 4.0,https://creativecommons.org/licenses/by/4.0/,raspberry_pi_sbc,raspberry_pi_1_b_plus,I,A,A,A,5,IAAA,test,val,NOT_VERIFIED,test_coded/test_coded/IAAA5.jpg,0746348ac18fe19c20bcb4f79d0999afc03a4fb0e4824826ae9ae1418d0d726d,1773,1442,246,165,1268,1113,30.57902674,1.077600584
micro_pcb_v2_IAAB5,micro_pcb_images,https://www.kaggle.com/datasets/frettapper/micropcb-images,CC BY 4.0,https://creativecommons.org/licenses/by/4.0/,raspberry_pi_sbc,raspberry_pi_1_b_plus,I,A,A,B,5,IAAB,test,val,NOT_VERIFIED,test_coded/test_coded/IAAB5.jpg,6601c14e246f6f4d80e7f17adaf8c3dd2ff0ff9bb30f7cb2478fe53490ca9e57,1903,1726,246,166,1403,1396,31.76406701,1.011267151
micro_pcb_v2_IAAC5,micro_pcb_images,https://www.kaggle.com/datasets/frettapper/micropcb-images,CC BY 4.0,https://creativecommons.org/licenses/by/4.0/,raspberry_pi_sbc,raspberry_pi_1_b_plus,I,A,A,C,5,IAAC,test,val,NOT_VERIFIED,test_coded/test_coded/IAAC5.jpg,f1919506b7f1ffbd29f50b35f58ecac74df1c546a8b97b0da9a8b233f799ebb5,1897,1824,248,169,1353,1467,23.49401139,0.950599306
micro_pcb_v2_IAAD5,micro_pcb_images,https://www.kaggle.com/datasets/frettapper/micropcb-images,CC BY 4.0,https://creativecommons.org/licenses/by/4.0/,raspberry_pi_sbc,raspberry_pi_1_b_plus,I,A,A,D,5,IAAD,test,val,NOT_VERIFIED,test_coded/test_coded/IAAD5.jpg,a91a4b864f49e54b12e7f925bb6d6a8f06019ab66ad8dfa54ef942f518f031a1,1746,1794,247,164,1248,1465,18.40161144,0.901623339
micro_pcb_v2_IAAE5,micro_pcb_images,https://www.kaggle.com/datasets/frettapper/micropcb-images,CC BY 4.0,https://creativecommons.org/licenses/by/4.0/,raspberry_pi_sbc,raspberry_pi_1_b_plus,I,A,A,E,5,IAAE,test,val,NOT_VERIFIED,test_coded/test_coded/IAAE5.jpg,8f483ec7780a161adc2c341fcb2585f8867d215a7981b149c209c14c383cc918,1618,1623,248,165,1125,1293,18.39375391,0.878531659
micro_pcb_v2_IABA5,micro_pcb_images,https://www.kaggle.com/datasets/frettapper/micropcb-images,CC BY 4.0,https://creativecommons.org/licenses/by/4.0/,raspberry_pi_sbc,raspberry_pi_1_b_plus,I,A,B,A,5,IABA,test,val,NOT_VERIFIED,test_coded/test_coded/IABA5.jpg,f23c24321dc7f6a60e1f17879f4133ed4fc6f271a91ccada2adb2cd4b1c10faa,1906,1610,246,166,1408,1280,32.51088928,1.073183257
micro_pcb_v2_IABB5,micro_pcb_images,https://www.kaggle.com/datasets/frettapper/micropcb-images,CC BY 4.0,https://creativecommons.org/licenses/by/4.0/,raspberry_pi_sbc,raspberry_pi_1_b_plus,I,A,B,B,5,IABB,test,val,NOT_VERIFIED,test_coded/test_coded/IABB5.jpg,7b514dd8a461ac17eb24a081852234dcbdc2fbad027d65fabc3fa71bff68077e,2048,1904,246,165,1544,1575,27.39177608,1.034952541
micro_pcb_v2_IABC5,micro_pcb_images,https://www.kaggle.com/datasets/frettapper/micropcb-images,CC BY 4.0,https://creativecommons.org/licenses/by/4.0/,raspberry_pi_sbc,raspberry_pi_1_b_plus,I,A,B,C,5,IABC,test,val,NOT_VERIFIED,test_coded/test_coded/IABC5.jpg,a75c01ff34489a454b4ac60a8c1b694fe53d20f6bb08b3641d3f8960135de223,1967,1933,247,164,1450,1604,19.63832406,0.927511013
micro_pcb_v2_IABD5,micro_pcb_images,https://www.kaggle.com/datasets/frettapper/micropcb-images,CC BY 4.0,https://creativecommons.org/licenses/by/4.0/,raspberry_pi_sbc,raspberry_pi_1_b_plus,I,A,B,D,5,IABD,test,val,NOT_VERIFIED,test_coded/test_coded/IABD5.jpg,df409bbe1ca1845fd0140672c64b985f81df8db5de4447e9a1edceef56440eaf,1982,1963,246,165,1486,1633,20.12002822,0.918022149
micro_pcb_v2_IABE5,micro_pcb_images,https://www.kaggle.com/datasets/frettapper/micropcb-images,CC BY 4.0,https://creativecommons.org/licenses/by/4.0/,raspberry_pi_sbc,raspberry_pi_1_b_plus,I,A,B,E,5,IABE,test,val,NOT_VERIFIED,test_coded/test_coded/IABE5.jpg,298de4883fdd85fe2829d56e090ab8caf9b42f25d68fc3532678dd81e976f34e,1823,1681,246,164,1330,1352,21.69459039,0.877931577
micro_pcb_v2_IACA5,micro_pcb_images,https://www.kaggle.com/datasets/frettapper/micropcb-images,CC BY 4.0,https://creativecommons.org/licenses/by/4.0/,raspberry_pi_sbc,raspberry_pi_1_b_plus,I,A,C,A,5,IACA,test,val,NOT_VERIFIED,test_coded/test_coded/IACA5.jpg,2ca20ac6b94137b10d3c255f08c731ea2ee5f439f6d25ed46b3ea7669e71b957,1920,1843,246,173,1406,1505,29.41882445,0.973306132
micro_pcb_v2_IACB5,micro_pcb_images,https://www.kaggle.com/datasets/frettapper/micropcb-images,CC BY 4.0,https://creativecommons.org/licenses/by/4.0/,raspberry_pi_sbc,raspberry_pi_1_b_plus,I,A,C,B,5,IACB,test,val,NOT_VERIFIED,test_coded/test_coded/IACB5.jpg,4e31dd3a3a34209a26cb3b1517618828d8af7031bd2d327ce183067f8bbe3632,2045,1992,246,173,1557,1655,26.97869056,0.982263413
micro_pcb_v2_IACC5,micro_pcb_images,https://www.kaggle.com/datasets/frettapper/micropcb-images,CC BY 4.0,https://creativecommons.org/licenses/by/4.0/,raspberry_pi_sbc,raspberry_pi_1_b_plus,I,A,C,C,5,IACC,test,val,NOT_VERIFIED,test_coded/test_coded/IACC5.jpg,b3f8739feae4732b08822d4e804a4996cbeb8f223b10c904b86cc79d9d0d27ac,2004,2003,246,164,1512,1673,21.47419965,1.009381126
micro_pcb_v2_IACD5,micro_pcb_images,https://www.kaggle.com/datasets/frettapper/micropcb-images,CC BY 4.0,https://creativecommons.org/licenses/by/4.0/,raspberry_pi_sbc,raspberry_pi_1_b_plus,I,A,C,D,5,IACD,test,val,NOT_VERIFIED,test_coded/test_coded/IACD5.jpg,2ba2bb86303299c908b3a82623e6395d199195f50c844a043750073a0c366242,2052,1968,247,165,1558,1637,23.26273367,0.949684992
micro_pcb_v2_IACE5,micro_pcb_images,https://www.kaggle.com/datasets/frettapper/micropcb-images,CC BY 4.0,https://creativecommons.org/licenses/by/4.0/,raspberry_pi_sbc,raspberry_pi_1_b_plus,I,A,C,E,5,IACE,test,val,NOT_VERIFIED,test_coded/test_coded/IACE5.jpg,348a0a46cb08ef1fd4d1bd6c9d2579f1c11246e57696e65f6fd06dbe12ee4b59,1887,1631,247,164,1394,1299,24.54906568,0.906113389
micro_pcb_v2_IADA5,micro_pcb_images,https://www.kaggle.com/datasets/frettapper/micropcb-images,CC BY 4.0,https://creativecommons.org/licenses/by/4.0/,raspberry_pi_sbc,raspberry_pi_1_b_plus,I,A,D,A,5,IADA,test,val,NOT_VERIFIED,test_coded/test_coded/IADA5.jpg,1ff43e2108db5619f6301b8f9ff1d67f340b1662b4d5e0644adff4267eaca24b,1815,1766,246,164,1322,1438,25.63172256,1.178030244
micro_pcb_v2_IADB5,micro_pcb_images,https://www.kaggle.com/datasets/frettapper/micropcb-images,CC BY 4.0,https://creativecommons.org/licenses/by/4.0/,raspberry_pi_sbc,raspberry_pi_1_b_plus,I,A,D,B,5,IADB,test,val,NOT_VERIFIED,test_coded/test_coded/IADB5.jpg,06c2a9d3494251067955f0f98f4fef9b6f73095bcbe2f9c17505e4b389ca89c7,1954,1980,247,166,1461,1650,22.83234805,1.106106086
micro_pcb_v2_IADC5,micro_pcb_images,https://www.kaggle.com/datasets/frettapper/micropcb-images,CC BY 4.0,https://creativecommons.org/licenses/by/4.0/,raspberry_pi_sbc,raspberry_pi_1_b_plus,I,A,D,C,5,IADC,test,val,NOT_VERIFIED,test_coded/test_coded/IADC5.jpg,14ead57c0e454693508a7db7d98a38fd7f2263cd4e747e421b73502cfc3b307f,2006,1943,286,166,1474,1613,22.9686126,1.021776368
micro_pcb_v2_IADD5,micro_pcb_images,https://www.kaggle.com/datasets/frettapper/micropcb-images,CC BY 4.0,https://creativecommons.org/licenses/by/4.0/,raspberry_pi_sbc,raspberry_pi_1_b_plus,I,A,D,D,5,IADD,test,val,NOT_VERIFIED,test_coded/test_coded/IADD5.jpg,9da65adcbf05becb934adf0bf32bc5d297f89d51dfd0092ea060d5bac6c86402,2063,1858,261,164,1556,1528,28.82426701,0.931442598
micro_pcb_v2_IADE5,micro_pcb_images,https://www.kaggle.com/datasets/frettapper/micropcb-images,CC BY 4.0,https://creativecommons.org/licenses/by/4.0/,raspberry_pi_sbc,raspberry_pi_1_b_plus,I,A,D,E,5,IADE,test,val,NOT_VERIFIED,test_coded/test_coded/IADE5.jpg,8dc5395143fe2bc1e2394065da3e136957c30284a65ea152856204e9f25296b3,1837,1506,256,165,1335,1176,24.70161991,0.924790111
micro_pcb_v2_IAEA5,micro_pcb_images,https://www.kaggle.com/datasets/frettapper/micropcb-images,CC BY 4.0,https://creativecommons.org/licenses/by/4.0/,raspberry_pi_sbc,raspberry_pi_1_b_plus,I,A,E,A,5,IAEA,test,val,NOT_VERIFIED,test_coded/test_coded/IAEA5.jpg,fad306d00f16702197d3413cfa685d11ae3fafaf14f1f1fc3db346ee1b8c340f,1675,1706,267,164,1162,1377,25.6186898,1.126258026
micro_pcb_v2_IAEB5,micro_pcb_images,https://www.kaggle.com/datasets/frettapper/micropcb-images,CC BY 4.0,https://creativecommons.org/licenses/by/4.0/,raspberry_pi_sbc,raspberry_pi_1_b_plus,I,A,E,B,5,IAEB,test,val,NOT_VERIFIED,test_coded/test_coded/IAEB5.jpg,1a7ae6de637be7ecc55a362764de94e2b3e4b6f4d4bdf5699d2e4a65f812c87e,1830,1855,252,164,1332,1527,28.22328987,1.105061254
micro_pcb_v2_IAEC5,micro_pcb_images,https://www.kaggle.com/datasets/frettapper/micropcb-images,CC BY 4.0,https://creativecommons.org/licenses/by/4.0/,raspberry_pi_sbc,raspberry_pi_1_b_plus,I,A,E,C,5,IAEC,test,val,NOT_VERIFIED,test_coded/test_coded/IAEC5.jpg,bdeec655fc390eee9649ba32b4b476c06e609164357ca1625892da24f59d69c5,1821,1774,256,165,1319,1445,22.40648849,0.989512545
micro_pcb_v2_IAED5,micro_pcb_images,https://www.kaggle.com/datasets/frettapper/micropcb-images,CC BY 4.0,https://creativecommons.org/licenses/by/4.0/,raspberry_pi_sbc,raspberry_pi_1_b_plus,I,A,E,D,5,IAED,test,val,NOT_VERIFIED,test_coded/test_coded/IAED5.jpg,c95dc8f822605e59e2d86bdce7a2b6736a1a1a144b3c5ccd71d90bfdbf0926d7,1911,1704,264,164,1401,1373,34.65906418,1.011194114
micro_pcb_v2_IAEE5,micro_pcb_images,https://www.kaggle.com/datasets/frettapper/micropcb-images,CC BY 4.0,https://creativecommons.org/licenses/by/4.0/,raspberry_pi_sbc,raspberry_pi_1_b_plus,I,A,E,E,5,IAEE,test,val,NOT_VERIFIED,test_coded/test_coded/IAEE5.jpg,c60116d42e9f6d352b5dd88883917a58919fdc1a7009f7ba75bbd4bb75f10c4b,1724,1407,260,164,1219,1078,27.78809217,0.94937886
micro_pcb_v2_IBAA5,micro_pcb_images,https://www.kaggle.com/datasets/frettapper/micropcb-images,CC BY 4.0,https://creativecommons.org/licenses/by/4.0/,raspberry_pi_sbc,raspberry_pi_1_b_plus,I,B,A,A,5,IBAA,test,val,NOT_VERIFIED,test_coded/test_coded/IBAA5.jpg,083d0d395193a3c862b2ea3857671a6b63b25114298512a574f9c84fdb90b013,1617,1361,246,165,1117,1031,18.24099696,1.07910763
micro_pcb_v2_IBAB5,micro_pcb_images,https://www.kaggle.com/datasets/frettapper/micropcb-images,CC BY 4.0,https://creativecommons.org/licenses/by/4.0/,raspberry_pi_sbc,raspberry_pi_1_b_plus,I,B,A,B,5,IBAB,test,val,NOT_VERIFIED,test_coded/test_coded/IBAB5.jpg,503f370e220048d59c9bbc08589d84db814e882a3a6fb1125525a59966b84cfe,1712,1607,246,165,1216,1278,17.72818428,1.027272333
micro_pcb_v2_IBAC5,micro_pcb_images,https://www.kaggle.com/datasets/frettapper/micropcb-images,CC BY 4.0,https://creativecommons.org/licenses/by/4.0/,raspberry_pi_sbc,raspberry_pi_1_b_plus,I,B,A,C,5,IBAC,test,val,NOT_VERIFIED,test_coded/test_coded/IBAC5.jpg,26f9f9cadcd1ccaa31e822d53ce719a056c9682f77b2deac6692187da76568c3,1725,1726,246,164,1218,1397,13.59615268,0.965094237
micro_pcb_v2_IBAD5,micro_pcb_images,https://www.kaggle.com/datasets/frettapper/micropcb-images,CC BY 4.0,https://creativecommons.org/licenses/by/4.0/,raspberry_pi_sbc,raspberry_pi_1_b_plus,I,B,A,D,5,IBAD,test,val,NOT_VERIFIED,test_coded/test_coded/IBAD5.jpg,43ad7511a0f456c26e2b158ea48119eca90e31b799a8d76a14c3c06766012e2b,1667,1767,246,164,1166,1438,11.53264043,0.907941018
micro_pcb_v2_IBAE5,micro_pcb_images,https://www.kaggle.com/datasets/frettapper/micropcb-images,CC BY 4.0,https://creativecommons.org/licenses/by/4.0/,raspberry_pi_sbc,raspberry_pi_1_b_plus,I,B,A,E,5,IBAE,test,val,NOT_VERIFIED,test_coded/test_coded/IBAE5.jpg,a56c9a61db64c614347ebed8f0292768d5b61d995ed164bfbd3c01e16472e958,1504,1585,247,164,1007,1255,8.26309375,0.898243592
micro_pcb_v2_IBBA5,micro_pcb_images,https://www.kaggle.com/datasets/frettapper/micropcb-images,CC BY 4.0,https://creativecommons.org/licenses/by/4.0/,raspberry_pi_sbc,raspberry_pi_1_b_plus,I,B,B,A,5,IBBA,test,val,NOT_VERIFIED,test_coded/test_coded/IBBA5.jpg,c6361f8c0ad35da04d4a65587b4e53e6adb04bf2b81062a3e1baa3c7c885eb86,1759,1508,246,165,1255,1179,20.48221915,1.078649851
micro_pcb_v2_IBBB5,micro_pcb_images,https://www.kaggle.com/datasets/frettapper/micropcb-images,CC BY 4.0,https://creativecommons.org/licenses/by/4.0/,raspberry_pi_sbc,raspberry_pi_1_b_plus,I,B,B,B,5,IBBB,test,val,NOT_VERIFIED,test_coded/test_coded/IBBB5.jpg,b505376d031ea57f9d422d3453cc21b38ecaf06e46a929a8a7e53f27297cd839,1856,1779,247,167,1345,1448,14.70144384,1.036902325
micro_pcb_v2_IBBC5,micro_pcb_images,https://www.kaggle.com/datasets/frettapper/micropcb-images,CC BY 4.0,https://creativecommons.org/licenses/by/4.0/,raspberry_pi_sbc,raspberry_pi_1_b_plus,I,B,B,C,5,IBBC,test,val,NOT_VERIFIED,test_coded/test_coded/IBBC5.jpg,9a2d4bf329a1f38bec6c1cade688bb60f19cfeb86f1641d219c8782f6755cdc6,1854,1854,245,164,1306,1525,11.38251145,0.976906586
micro_pcb_v2_IBBD5,micro_pcb_images,https://www.kaggle.com/datasets/frettapper/micropcb-images,CC BY 4.0,https://creativecommons.org/licenses/by/4.0/,raspberry_pi_sbc,raspberry_pi_1_b_plus,I,B,B,D,5,IBBD,test,val,NOT_VERIFIED,test_coded/test_coded/IBBD5.jpg,542c8954b3909b73cd1c18d3d1d19af533cf69c826a9650d0dafb236fdca6777,1833,1893,247,164,1338,1564,11.57070451,0.923905373
micro_pcb_v2_IBBE5,micro_pcb_images,https://www.kaggle.com/datasets/frettapper/micropcb-images,CC BY 4.0,https://creativecommons.org/licenses/by/4.0/,raspberry_pi_sbc,raspberry_pi_1_b_plus,I,B,B,E,5,IBBE,test,val,NOT_VERIFIED,test_coded/test_coded/IBBE5.jpg,3cea24752c634c84234b5c4a3a1a6e0c2b88d125f7be639762bbc4122ddb6696,1673,1627,246,164,1181,1298,9.485844207,0.877981636
micro_pcb_v2_IBCA5,micro_pcb_images,https://www.kaggle.com/datasets/frettapper/micropcb-images,CC BY 4.0,https://creativecommons.org/licenses/by/4.0/,raspberry_pi_sbc,raspberry_pi_1_b_plus,I,B,C,A,5,IBCA,test,val,NOT_VERIFIED,test_coded/test_coded/IBCA5.jpg,4a6b249b679edc16b87092c7e820ba1a2129c8d6f5c6047992ad0781648fc6ee,1767,1761,247,171,1253,1425,17.86675487,0.98444421
micro_pcb_v2_IBCB5,micro_pcb_images,https://www.kaggle.com/datasets/frettapper/micropcb-images,CC BY 4.0,https://creativecommons.org/licenses/by/4.0/,raspberry_pi_sbc,raspberry_pi_1_b_plus,I,B,C,B,5,IBCB,test,val,NOT_VERIFIED,test_coded/test_coded/IBCB5.jpg,ae1cafad7a5406ad1952322f5b54c2107278a12c6101bcda106b61409b73b590,1897,1921,246,175,1390,1583,15.36083876,0.998334274
micro_pcb_v2_IBCC5,micro_pcb_images,https://www.kaggle.com/datasets/frettapper/micropcb-images,CC BY 4.0,https://creativecommons.org/licenses/by/4.0/,raspberry_pi_sbc,raspberry_pi_1_b_plus,I,B,C,C,5,IBCC,test,val,NOT_VERIFIED,test_coded/test_coded/IBCC5.jpg,d6d5aee9b7884182c763bdbd75d5f1358094f74e983221f46085afa03bbc4f09,1843,1912,247,164,1342,1583,11.83622062,1.011816164
micro_pcb_v2_IBCD5,micro_pcb_images,https://www.kaggle.com/datasets/frettapper/micropcb-images,CC BY 4.0,https://creativecommons.org/licenses/by/4.0/,raspberry_pi_sbc,raspberry_pi_1_b_plus,I,B,C,D,5,IBCD,test,val,NOT_VERIFIED,test_coded/test_coded/IBCD5.jpg,066696d75a4a9b7ab4f027d8e79fdae802225322f1ce7234a8dc8901781f0c3d,1913,1897,246,164,1417,1568,14.00460986,0.950004552
micro_pcb_v2_IBCE5,micro_pcb_images,https://www.kaggle.com/datasets/frettapper/micropcb-images,CC BY 4.0,https://creativecommons.org/licenses/by/4.0/,raspberry_pi_sbc,raspberry_pi_1_b_plus,I,B,C,E,5,IBCE,test,val,NOT_VERIFIED,test_coded/test_coded/IBCE5.jpg,d1706b6766e71569b7baf04ec29b210b1440ead964fea8360abbd8b871d19b2d,1727,1590,247,164,1234,1262,11.70483109,0.905294444
micro_pcb_v2_IBDA5,micro_pcb_images,https://www.kaggle.com/datasets/frettapper/micropcb-images,CC BY 4.0,https://creativecommons.org/licenses/by/4.0/,raspberry_pi_sbc,raspberry_pi_1_b_plus,I,B,D,A,5,IBDA,test,val,NOT_VERIFIED,test_coded/test_coded/IBDA5.jpg,7262410a3f6ce17a7526a45de2152ee580915ecaf2efc4057e275943a3e85b63,1684,1699,246,166,1192,1368,14.78079372,1.15140056
micro_pcb_v2_IBDB5,micro_pcb_images,https://www.kaggle.com/datasets/frettapper/micropcb-images,CC BY 4.0,https://creativecommons.org/licenses/by/4.0/,raspberry_pi_sbc,raspberry_pi_1_b_plus,I,B,D,B,5,IBDB,test,val,NOT_VERIFIED,test_coded/test_coded/IBDB5.jpg,510a7d552d56ba74eca684941b4fca1d04b64e3033212a28d1a4da1a976d8ae7,1825,1893,271,164,1308,1565,12.91439619,1.08893215
micro_pcb_v2_IBDC5,micro_pcb_images,https://www.kaggle.com/datasets/frettapper/micropcb-images,CC BY 4.0,https://creativecommons.org/licenses/by/4.0/,raspberry_pi_sbc,raspberry_pi_1_b_plus,I,B,D,C,5,IBDC,test,val,NOT_VERIFIED,test_coded/test_coded/IBDC5.jpg,b5ed963d3c1a31df64324dd6fc06c5b87a2f0df6843c4ac5205d7a24dc6dc07a,1913,1880,299,165,1368,1551,14.89592851,1.017523334
micro_pcb_v2_IBDD5,micro_pcb_images,https://www.kaggle.com/datasets/frettapper/micropcb-images,CC BY 4.0,https://creativecommons.org/licenses/by/4.0/,raspberry_pi_sbc,raspberry_pi_1_b_plus,I,B,D,D,5,IBDD,test,val,NOT_VERIFIED,test_coded/test_coded/IBDD5.jpg,6ed58fb0ae11822d8b13ff51657574bd83663a0a9f24007fa39e315ebcc56e24,1860,1759,263,164,1351,1428,14.27584811,0.948212984
micro_pcb_v2_IBDE5,micro_pcb_images,https://www.kaggle.com/datasets/frettapper/micropcb-images,CC BY 4.0,https://creativecommons.org/licenses/by/4.0/,raspberry_pi_sbc,raspberry_pi_1_b_plus,I,B,D,E,5,IBDE,test,val,NOT_VERIFIED,test_coded/test_coded/IBDE5.jpg,f31391d9e860491929b054ec15ab1acde69a8d20a7e6878a6fc0857aebe6b3f8,1709,1527,262,164,1201,1198,14.35109038,0.919856069
micro_pcb_v2_IBEA5,micro_pcb_images,https://www.kaggle.com/datasets/frettapper/micropcb-images,CC BY 4.0,https://creativecommons.org/licenses/by/4.0/,raspberry_pi_sbc,raspberry_pi_1_b_plus,I,B,E,A,5,IBEA,test,val,NOT_VERIFIED,test_coded/test_coded/IBEA5.jpg,8895ef63fa7f33eddc57968d07864a4e2d62862279c81bf79fd96799572f0e51,1549,1654,260,165,1043,1325,14.32315504,1.130613262
micro_pcb_v2_IBEB5,micro_pcb_images,https://www.kaggle.com/datasets/frettapper/micropcb-images,CC BY 4.0,https://creativecommons.org/licenses/by/4.0/,raspberry_pi_sbc,raspberry_pi_1_b_plus,I,B,E,B,5,IBEB,test,val,NOT_VERIFIED,test_coded/test_coded/IBEB5.jpg,5e41b8d2fc7d357ba015f3bafdfabb9cf8713b5a5aa8d3132581280920d4f29b,1678,1787,252,164,1179,1459,15.66548963,1.091767087
micro_pcb_v2_IBEC5,micro_pcb_images,https://www.kaggle.com/datasets/frettapper/micropcb-images,CC BY 4.0,https://creativecommons.org/licenses/by/4.0/,raspberry_pi_sbc,raspberry_pi_1_b_plus,I,B,E,C,5,IBEC,test,val,NOT_VERIFIED,test_coded/test_coded/IBEC5.jpg,7d6b1dd826c4c7e67fbea78b52d3fae748cd3f5ea37baa9ef1e18f19bc454aad,1703,1719,254,166,1203,1389,13.81478775,1.002659793
micro_pcb_v2_IBED5,micro_pcb_images,https://www.kaggle.com/datasets/frettapper/micropcb-images,CC BY 4.0,https://creativecommons.org/licenses/by/4.0/,raspberry_pi_sbc,raspberry_pi_1_b_plus,I,B,E,D,5,IBED,test,val,NOT_VERIFIED,test_coded/test_coded/IBED5.jpg,01e19a8de100e98774fc355af11c0f040afbce364cf39b56f32fd4210df27848,1737,1629,256,163,1235,1301,19.44036848,0.991989773
micro_pcb_v2_IBEE5,micro_pcb_images,https://www.kaggle.com/datasets/frettapper/micropcb-images,CC BY 4.0,https://creativecommons.org/licenses/by/4.0/,raspberry_pi_sbc,raspberry_pi_1_b_plus,I,B,E,E,5,IBEE,test,val,NOT_VERIFIED,test_coded/test_coded/IBEE5.jpg,e81b49c24665fcf579bddfa9bfeac7db78d81fb0811d59f8febbf9e1edfa8385,1610,1443,255,164,1109,1114,17.37113528,0.901100302
micro_pcb_v2_ICAA5,micro_pcb_images,https://www.kaggle.com/datasets/frettapper/micropcb-images,CC BY 4.0,https://creativecommons.org/licenses/by/4.0/,raspberry_pi_sbc,raspberry_pi_1_b_plus,I,C,A,A,5,ICAA,test,val,NOT_VERIFIED,test_coded/test_coded/ICAA5.jpg,d8596a89ce688d88863f48fabb7f583de41b9d16d001ad0803d40be94acb5c46,1415,1503,247,168,914,1171,4.911921008,1.091827774
micro_pcb_v2_ICAB5,micro_pcb_images,https://www.kaggle.com/datasets/frettapper/micropcb-images,CC BY 4.0,https://creativecommons.org/licenses/by/4.0/,raspberry_pi_sbc,raspberry_pi_1_b_plus,I,C,A,B,5,ICAB,test,val,NOT_VERIFIED,test_coded/test_coded/ICAB5.jpg,ab8404f086d1a36ec8fa4740513c7077044fa42e3812bebc79b973c126465cd1,1449,1600,246,171,951,1265,3.271001608,1.053721446
micro_pcb_v2_ICAC5,micro_pcb_images,https://www.kaggle.com/datasets/frettapper/micropcb-images,CC BY 4.0,https://creativecommons.org/licenses/by/4.0/,raspberry_pi_sbc,raspberry_pi_1_b_plus,I,C,A,C,5,ICAC,test,val,NOT_VERIFIED,test_coded/test_coded/ICAC5.jpg,4cc024bf03ae28d2b37117861d3e62e46203c6763b3d94ca23e7150b9d837b08,1473,1603,247,165,972,1265,0.268405538,0.97263403
micro_pcb_v2_ICAD5,micro_pcb_images,https://www.kaggle.com/datasets/frettapper/micropcb-images,CC BY 4.0,https://creativecommons.org/licenses/by/4.0/,raspberry_pi_sbc,raspberry_pi_1_b_plus,I,C,A,D,5,ICAD,test,val,NOT_VERIFIED,test_coded/test_coded/ICAD5.jpg,4c29a16aa667601c94ba25d4b512150ae167dcc0ad95d580e12aa6100afefe7b,1469,1640,247,164,976,1311,0.84353792,0.932196788
micro_pcb_v2_ICAE5,micro_pcb_images,https://www.kaggle.com/datasets/frettapper/micropcb-images,CC BY 4.0,https://creativecommons.org/licenses/by/4.0/,raspberry_pi_sbc,raspberry_pi_1_b_plus,I,C,A,E,5,ICAE,test,val,NOT_VERIFIED,test_coded/test_coded/ICAE5.jpg,767ce096c39129a0fd286173a484aed8a4ac528d447b24f7fdbf1a40a9087c33,1416,1502,246,165,919,1170,3.566501273,0.914975144
micro_pcb_v2_ICBA5,micro_pcb_images,https://www.kaggle.com/datasets/frettapper/micropcb-images,CC BY 4.0,https://creativecommons.org/licenses/by/4.0/,raspberry_pi_sbc,raspberry_pi_1_b_plus,I,C,B,A,5,ICBA,test,val,NOT_VERIFIED,test_coded/test_coded/ICBA5.jpg,4f1573a9ba94301622c17e26a5e034cf677739bf5fdfa62519d53b73c50c840b,1545,1550,247,170,1027,1216,4.829242574,1.083189035
micro_pcb_v2_ICBB5,micro_pcb_images,https://www.kaggle.com/datasets/frettapper/micropcb-images,CC BY 4.0,https://creativecommons.org/licenses/by/4.0/,raspberry_pi_sbc,raspberry_pi_1_b_plus,I,C,B,B,5,ICBB,test,val,NOT_VERIFIED,test_coded/test_coded/ICBB5.jpg,77daa8cb4bea5f15f650b0f2811ff3078cb793c8cba31767dfb02b5782fb6934,1608,1730,247,170,1091,1396,1.957745246,1.041488656
micro_pcb_v2_ICBC5,micro_pcb_images,https://www.kaggle.com/datasets/frettapper/micropcb-images,CC BY 4.0,https://creativecommons.org/licenses/by/4.0/,raspberry_pi_sbc,raspberry_pi_1_b_plus,I,C,B,C,5,ICBC,test,val,NOT_VERIFIED,test_coded/test_coded/ICBC5.jpg,d211c2cfc2fc175e7fefe77ad85b5a20d0ede655147147806dad3d6ddc1fc9a1,1626,1745,246,164,1092,1415,0.987817481,0.977741257
micro_pcb_v2_ICBD5,micro_pcb_images,https://www.kaggle.com/datasets/frettapper/micropcb-images,CC BY 4.0,https://creativecommons.org/licenses/by/4.0/,raspberry_pi_sbc,raspberry_pi_1_b_plus,I,C,B,D,5,ICBD,test,val,NOT_VERIFIED,test_coded/test_coded/ICBD5.jpg,76fa3a2f181a078282312bc45a9b253419da8f5ce5bfaf250dbc5ee7c3d90135,1639,1790,247,164,1118,1457,1.23019145,0.92766014
micro_pcb_v2_ICBE5,micro_pcb_images,https://www.kaggle.com/datasets/frettapper/micropcb-images,CC BY 4.0,https://creativecommons.org/licenses/by/4.0/,raspberry_pi_sbc,raspberry_pi_1_b_plus,I,C,B,E,5,ICBE,test,val,NOT_VERIFIED,test_coded/test_coded/ICBE5.jpg,3d14caac48dcd6da0f69b62da0d517821999d3c586061396bba2faa0234703d8,1551,1591,246,164,1049,1261,2.763595834,0.876740301
micro_pcb_v2_ICCA5,micro_pcb_images,https://www.kaggle.com/datasets/frettapper/micropcb-images,CC BY 4.0,https://creativecommons.org/licenses/by/4.0/,raspberry_pi_sbc,raspberry_pi_1_b_plus,I,C,C,A,5,ICCA,test,val,NOT_VERIFIED,test_coded/test_coded/ICCA5.jpg,e86ac7135c5e9b4f19a6edb46322a6dcd33206d0fd803496402279ab7d2ff7b0,1455,1602,247,183,952,1255,1.018598774,1.017479933
micro_pcb_v2_ICCB5,micro_pcb_images,https://www.kaggle.com/datasets/frettapper/micropcb-images,CC BY 4.0,https://creativecommons.org/licenses/by/4.0/,raspberry_pi_sbc,raspberry_pi_1_b_plus,I,C,C,B,5,ICCB,test,val,NOT_VERIFIED,test_coded/test_coded/ICCB5.jpg,f8b2383ea2014b9a0bf56482d2cb8fb660dedc78f185724fc6a9980247421e96,1629,1764,246,191,1109,1410,0.732116115,0.999226936
micro_pcb_v2_ICCC5,micro_pcb_images,https://www.kaggle.com/datasets/frettapper/micropcb-images,CC BY 4.0,https://creativecommons.org/licenses/by/4.0/,raspberry_pi_sbc,raspberry_pi_1_b_plus,I,C,C,C,5,ICCC,test,val,NOT_VERIFIED,test_coded/test_coded/ICCC5.jpg,b1ab13ea986a4e6e53c86a3615b4fb733797299fe6e3dddc5bd15062fff94f84,1643,1805,289,164,1108,1466,0.458511154,1.006974518
micro_pcb_v2_ICCD5,micro_pcb_images,https://www.kaggle.com/datasets/frettapper/micropcb-images,CC BY 4.0,https://creativecommons.org/licenses/by/4.0/,raspberry_pi_sbc,raspberry_pi_1_b_plus,I,C,C,D,5,ICCD,test,val,NOT_VERIFIED,test_coded/test_coded/ICCD5.jpg,f8f459a82e4aec045ee145e3b16e9dc82c3b80f43b5c1fec74725416b2085e67,1650,1837,248,164,1150,1506,0.50743399,0.944497636
micro_pcb_v2_ICCE5,micro_pcb_images,https://www.kaggle.com/datasets/frettapper/micropcb-images,CC BY 4.0,https://creativecommons.org/licenses/by/4.0/,raspberry_pi_sbc,raspberry_pi_1_b_plus,I,C,C,E,5,ICCE,test,val,NOT_VERIFIED,test_coded/test_coded/ICCE5.jpg,9de60bfe8b862994d74a6c0c433eacfff779a1d2aed7c98adc132be2396ec655,1540,1601,247,164,1047,1272,0.446530976,0.905865839
micro_pcb_v2_ICDA5,micro_pcb_images,https://www.kaggle.com/datasets/frettapper/micropcb-images,CC BY 4.0,https://creativecommons.org/licenses/by/4.0/,raspberry_pi_sbc,raspberry_pi_1_b_plus,I,C,D,A,5,ICDA,test,val,NOT_VERIFIED,test_coded/test_coded/ICDA5.jpg,02e46901045c8a6a4e9682f449ac255496e144a4a09c5ae32833d545d29d03ce,1514,1552,253,168,1015,1220,0.551846731,1.135350899
micro_pcb_v2_ICDB5,micro_pcb_images,https://www.kaggle.com/datasets/frettapper/micropcb-images,CC BY 4.0,https://creativecommons.org/licenses/by/4.0/,raspberry_pi_sbc,raspberry_pi_1_b_plus,I,C,D,B,5,ICDB,test,val,NOT_VERIFIED,test_coded/test_coded/ICDB5.jpg,4ef4cdcfd2db9980cd96dd356834fcd5d94249fa1a8e578d5973a8958c3ed94f,1630,1746,281,180,1103,1402,0.903198672,1.077442678
micro_pcb_v2_ICDC5,micro_pcb_images,https://www.kaggle.com/datasets/frettapper/micropcb-images,CC BY 4.0,https://creativecommons.org/licenses/by/4.0/,raspberry_pi_sbc,raspberry_pi_1_b_plus,I,C,D,C,5,ICDC,test,val,NOT_VERIFIED,test_coded/test_coded/ICDC5.jpg,6f51f2e5cc3f48c82f6eaa5e39b5285883a3f77f2c88dc88184d42505570bbca,1640,1752,272,165,1122,1423,1.709900508,0.998298406
micro_pcb_v2_ICDD5,micro_pcb_images,https://www.kaggle.com/datasets/frettapper/micropcb-images,CC BY 4.0,https://creativecommons.org/licenses/by/4.0/,raspberry_pi_sbc,raspberry_pi_1_b_plus,I,C,D,D,5,ICDD,test,val,NOT_VERIFIED,test_coded/test_coded/ICDD5.jpg,61a3097f6e26aa4c8409b0c0c029eab55e3f141feb1770e850a84df90116a25a,1605,1815,256,164,1103,1486,0.457626568,0.938766469
micro_pcb_v2_ICDE5,micro_pcb_images,https://www.kaggle.com/datasets/frettapper/micropcb-images,CC BY 4.0,https://creativecommons.org/licenses/by/4.0/,raspberry_pi_sbc,raspberry_pi_1_b_plus,I,C,D,E,5,ICDE,test,val,NOT_VERIFIED,test_coded/test_coded/ICDE5.jpg,de78b9aec94cc112b843827b93b34d2f26fdd00b14cac6258ee2e195725bbe40,1496,1617,257,164,993,1286,1.289409178,0.885405078
micro_pcb_v2_ICEA5,micro_pcb_images,https://www.kaggle.com/datasets/frettapper/micropcb-images,CC BY 4.0,https://creativecommons.org/licenses/by/4.0/,raspberry_pi_sbc,raspberry_pi_1_b_plus,I,C,E,A,5,ICEA,test,val,NOT_VERIFIED,test_coded/test_coded/ICEA5.jpg,7c6b367fe2f1879bec0136a1c6d878e8b61616f0acf7a044ab0cc48eb605939b,1412,1567,260,165,906,1237,1.320519556,1.082148678
micro_pcb_v2_ICEB5,micro_pcb_images,https://www.kaggle.com/datasets/frettapper/micropcb-images,CC BY 4.0,https://creativecommons.org/licenses/by/4.0/,raspberry_pi_sbc,raspberry_pi_1_b_plus,I,C,E,B,5,ICEB,test,val,NOT_VERIFIED,test_coded/test_coded/ICEB5.jpg,9fd9de4233b788eda18661cd9279947158c2b6d3561540778ab58af35c7f3253,1469,1646,254,167,969,1315,1.279204474,1.073655658
micro_pcb_v2_ICEC5,micro_pcb_images,https://www.kaggle.com/datasets/frettapper/micropcb-images,CC BY 4.0,https://creativecommons.org/licenses/by/4.0/,raspberry_pi_sbc,raspberry_pi_1_b_plus,I,C,E,C,5,ICEC,test,val,NOT_VERIFIED,test_coded/test_coded/ICEC5.jpg,f3fd7f205ef1c6916398abec5e9861357fb49d21cdb8953c54a72fcee1a4e06b,1476,1634,252,175,978,1295,0.669868311,0.985014
micro_pcb_v2_ICED5,micro_pcb_images,https://www.kaggle.com/datasets/frettapper/micropcb-images,CC BY 4.0,https://creativecommons.org/licenses/by/4.0/,raspberry_pi_sbc,raspberry_pi_1_b_plus,I,C,E,D,5,ICED,test,val,NOT_VERIFIED,test_coded/test_coded/ICED5.jpg,60ef1048cfb2088864a29031a703a4e8ef074355b1b492ed29dc314c531bfb1d,1429,1669,248,163,934,1342,0.783983921,0.95540917
micro_pcb_v2_ICEE5,micro_pcb_images,https://www.kaggle.com/datasets/frettapper/micropcb-images,CC BY 4.0,https://creativecommons.org/licenses/by/4.0/,raspberry_pi_sbc,raspberry_pi_1_b_plus,I,C,E,E,5,ICEE,test,val,NOT_VERIFIED,test_coded/test_coded/ICEE5.jpg,17401c0af419d2974cb8eeb6a51534fcadfdc08ce0bb4fe6aa0b5a2d971b5690,1413,1554,252,164,914,1223,1.712243108,0.842209851
micro_pcb_v2_IDAA5,micro_pcb_images,https://www.kaggle.com/datasets/frettapper/micropcb-images,CC BY 4.0,https://creativecommons.org/licenses/by/4.0/,raspberry_pi_sbc,raspberry_pi_1_b_plus,I,D,A,A,5,IDAA,test,val,NOT_VERIFIED,test_coded/test_coded/IDAA5.jpg,88fc1ab4043d96d7b83e8df45c3e4c67117f586b04b769d3985bb006675e30a1,1542,1623,247,169,1039,1289,12.91280249,1.098173628
micro_pcb_v2_IDAB5,micro_pcb_images,https://www.kaggle.com/datasets/frettapper/micropcb-images,CC BY 4.0,https://creativecommons.org/licenses/by/4.0/,raspberry_pi_sbc,raspberry_pi_1_b_plus,I,D,A,B,5,IDAB,test,val,NOT_VERIFIED,test_coded/test_coded/IDAB5.jpg,e2bc3261ca8c48bd7436aa019ad3de09305be5af20d40a346e1da56f1fb3c87d,1656,1777,246,165,1156,1448,15.17965036,1.068535153
micro_pcb_v2_IDAC5,micro_pcb_images,https://www.kaggle.com/datasets/frettapper/micropcb-images,CC BY 4.0,https://creativecommons.org/licenses/by/4.0/,raspberry_pi_sbc,raspberry_pi_1_b_plus,I,D,A,C,5,IDAC,test,val,NOT_VERIFIED,test_coded/test_coded/IDAC5.jpg,775099f2d5e5acabee70bd915bad98db81ef75f93e5f40d2c91dae8f34c9d308,1674,1758,247,164,1182,1424,15.11436692,0.963308036
micro_pcb_v2_IDAD5,micro_pcb_images,https://www.kaggle.com/datasets/frettapper/micropcb-images,CC BY 4.0,https://creativecommons.org/licenses/by/4.0/,raspberry_pi_sbc,raspberry_pi_1_b_plus,I,D,A,D,5,IDAD,test,val,NOT_VERIFIED,test_coded/test_coded/IDAD5.jpg,53c9ecfa1ee131b5e46c6bc20fbd6f5f1ffbd1d26a6a4d3311b17f545bfc3994,1756,1708,246,164,1262,1380,19.61944323,0.936878259
micro_pcb_v2_IDAE5,micro_pcb_images,https://www.kaggle.com/datasets/frettapper/micropcb-images,CC BY 4.0,https://creativecommons.org/licenses/by/4.0/,raspberry_pi_sbc,raspberry_pi_1_b_plus,I,D,A,E,5,IDAE,test,val,NOT_VERIFIED,test_coded/test_coded/IDAE5.jpg,9055926e10fb4bbb8d35d0db1a85413f938d059d77a0defb20a610e18c185902,1683,1488,246,164,1184,1160,22.47988397,0.933958734
micro_pcb_v2_IDBA5,micro_pcb_images,https://www.kaggle.com/datasets/frettapper/micropcb-images,CC BY 4.0,https://creativecommons.org/licenses/by/4.0/,raspberry_pi_sbc,raspberry_pi_1_b_plus,I,D,B,A,5,IDBA,test,val,NOT_VERIFIED,test_coded/test_coded/IDBA5.jpg,cb7881363afc61bdc96d56d963b777be23890462ebe4c523190cec91cde5aaa7,1712,1694,247,167,1214,1363,15.4876552,1.11285644
micro_pcb_v2_IDBB5,micro_pcb_images,https://www.kaggle.com/datasets/frettapper/micropcb-images,CC BY 4.0,https://creativecommons.org/licenses/by/4.0/,raspberry_pi_sbc,raspberry_pi_1_b_plus,I,D,B,B,5,IDBB,test,val,NOT_VERIFIED,test_coded/test_coded/IDBB5.jpg,f017fd35db53175f1af0a8dee496830950c4dd1b5276979e90e20e385735d6cd,1846,1906,246,164,1351,1578,14.26371085,1.054404166
micro_pcb_v2_IDBC5,micro_pcb_images,https://www.kaggle.com/datasets/frettapper/micropcb-images,CC BY 4.0,https://creativecommons.org/licenses/by/4.0/,raspberry_pi_sbc,raspberry_pi_1_b_plus,I,D,B,C,5,IDBC,test,val,NOT_VERIFIED,test_coded/test_coded/IDBC5.jpg,43a5976ee3a7ecf04ccab4ee6ff92dc8f4afec892ac9e31e4502e995cf3344e6,1853,1900,246,164,1352,1568,15.07870068,0.957654544
micro_pcb_v2_IDBD5,micro_pcb_images,https://www.kaggle.com/datasets/frettapper/micropcb-images,CC BY 4.0,https://creativecommons.org/licenses/by/4.0/,raspberry_pi_sbc,raspberry_pi_1_b_plus,I,D,B,D,5,IDBD,test,val,NOT_VERIFIED,test_coded/test_coded/IDBD5.jpg,fa41294a3956e1b366a3a136b38f3814d0e65ec53d3a9ca300720ed893c1e16c,1917,1917,247,164,1413,1586,17.99359183,0.913960892
micro_pcb_v2_IDBE5,micro_pcb_images,https://www.kaggle.com/datasets/frettapper/micropcb-images,CC BY 4.0,https://creativecommons.org/licenses/by/4.0/,raspberry_pi_sbc,raspberry_pi_1_b_plus,I,D,B,E,5,IDBE,test,val,NOT_VERIFIED,test_coded/test_coded/IDBE5.jpg,525d28b02402daf1b3a2a7d7e2d566955687e8d6a9e67561e455e59dcda106dc,1736,1615,247,164,1241,1285,18.00025866,0.868437141
micro_pcb_v2_IDCA5,micro_pcb_images,https://www.kaggle.com/datasets/frettapper/micropcb-images,CC BY 4.0,https://creativecommons.org/licenses/by/4.0/,raspberry_pi_sbc,raspberry_pi_1_b_plus,I,D,C,A,5,IDCA,test,val,NOT_VERIFIED,test_coded/test_coded/IDCA5.jpg,b1ad71fc514372f2590d37594718aebf9669957b5d4da4753e350e9cafb42c5a,1758,1794,246,164,1264,1465,19.1887363,1.003920742
micro_pcb_v2_IDCB5,micro_pcb_images,https://www.kaggle.com/datasets/frettapper/micropcb-images,CC BY 4.0,https://creativecommons.org/licenses/by/4.0/,raspberry_pi_sbc,raspberry_pi_1_b_plus,I,D,C,B,5,IDCB,test,val,NOT_VERIFIED,test_coded/test_coded/IDCB5.jpg,1173ac933d9b4178b07b3e1ffd255e431fa76a4a9af9949b55c811ebdd78e025,1896,1920,246,164,1385,1591,15.81021226,0.992375186
micro_pcb_v2_IDCC5,micro_pcb_images,https://www.kaggle.com/datasets/frettapper/micropcb-images,CC BY 4.0,https://creativecommons.org/licenses/by/4.0/,raspberry_pi_sbc,raspberry_pi_1_b_plus,I,D,C,C,5,IDCC,test,val,NOT_VERIFIED,test_coded/test_coded/IDCC5.jpg,45920bdf1896ef20a7716278b13607c708207811c351dc73c51a7b72c9fb655e,1959,1975,269,164,1444,1647,17.38899705,1.006477693
micro_pcb_v2_IDCD5,micro_pcb_images,https://www.kaggle.com/datasets/frettapper/micropcb-images,CC BY 4.0,https://creativecommons.org/licenses/by/4.0/,raspberry_pi_sbc,raspberry_pi_1_b_plus,I,D,C,D,5,IDCD,test,val,NOT_VERIFIED,test_coded/test_coded/IDCD5.jpg,2f22f1350fb60112fda95f3ad943d5e420b1aac6aa080f48c1e1e5e15ad014e6,1885,1975,247,164,1392,1646,14.8297035,0.934055742
micro_pcb_v2_IDCE5,micro_pcb_images,https://www.kaggle.com/datasets/frettapper/micropcb-images,CC BY 4.0,https://creativecommons.org/licenses/by/4.0/,raspberry_pi_sbc,raspberry_pi_1_b_plus,I,D,C,E,5,IDCE,test,val,NOT_VERIFIED,test_coded/test_coded/IDCE5.jpg,d063912bb4c594624e0bca0db9de33979c9aa1cef74e229331760567ce3b7731,1721,1710,248,164,1227,1381,15.62433115,0.874780864
micro_pcb_v2_IDDA5,micro_pcb_images,https://www.kaggle.com/datasets/frettapper/micropcb-images,CC BY 4.0,https://creativecommons.org/licenses/by/4.0/,raspberry_pi_sbc,raspberry_pi_1_b_plus,I,D,D,A,5,IDDA,test,val,NOT_VERIFIED,test_coded/test_coded/IDDA5.jpg,597fdd09b6a490d9ef1b5247d275a44150064c3460afb20187a541bafa405a9a,1761,1563,247,166,1268,1232,17.62773148,1.121239436
micro_pcb_v2_IDDB5,micro_pcb_images,https://www.kaggle.com/datasets/frettapper/micropcb-images,CC BY 4.0,https://creativecommons.org/licenses/by/4.0/,raspberry_pi_sbc,raspberry_pi_1_b_plus,I,D,D,B,5,IDDB,test,val,NOT_VERIFIED,test_coded/test_coded/IDDB5.jpg,b6b62c260ce6bf7d16ea07a45306029f3790d4bbba178bce893dd897fd169acc,1921,1873,268,171,1407,1538,18.35049473,1.064750293
micro_pcb_v2_IDDC5,micro_pcb_images,https://www.kaggle.com/datasets/frettapper/micropcb-images,CC BY 4.0,https://creativecommons.org/licenses/by/4.0/,raspberry_pi_sbc,raspberry_pi_1_b_plus,I,D,D,C,5,IDDC,test,val,NOT_VERIFIED,test_coded/test_coded/IDDC5.jpg,2aa6dc2073059df70574c6c53fa36ecabb8ac507c37005f0dcda3eb96f7177ea,1823,1892,260,164,1317,1564,15.81694124,0.995700343
micro_pcb_v2_IDDD5,micro_pcb_images,https://www.kaggle.com/datasets/frettapper/micropcb-images,CC BY 4.0,https://creativecommons.org/licenses/by/4.0/,raspberry_pi_sbc,raspberry_pi_1_b_plus,I,D,D,D,5,IDDD,test,val,NOT_VERIFIED,test_coded/test_coded/IDDD5.jpg,292f3d2c990adbb25a973dc46c8d7d839e4c2f4a8b6976b6c6facc18344ae7cc,1822,1962,260,164,1319,1632,17.27872182,0.928913114
micro_pcb_v2_IDDE5,micro_pcb_images,https://www.kaggle.com/datasets/frettapper/micropcb-images,CC BY 4.0,https://creativecommons.org/licenses/by/4.0/,raspberry_pi_sbc,raspberry_pi_1_b_plus,I,D,D,E,5,IDDE,test,val,NOT_VERIFIED,test_coded/test_coded/IDDE5.jpg,2cb728c033109cd576e61ac201a5d8e29166930971d0462fb752add13ab19756,1580,1701,247,165,1088,1368,13.11530805,0.886364761
micro_pcb_v2_IDEA5,micro_pcb_images,https://www.kaggle.com/datasets/frettapper/micropcb-images,CC BY 4.0,https://creativecommons.org/licenses/by/4.0/,raspberry_pi_sbc,raspberry_pi_1_b_plus,I,D,E,A,5,IDEA,test,val,NOT_VERIFIED,test_coded/test_coded/IDEA5.jpg,aca8c91f9b084bcc2bdf5b7371f0b71bc431990ffd71969ad8f9c38e51f2cc69,1681,1466,252,168,1183,1134,23.07631411,1.083446168
micro_pcb_v2_IDEB5,micro_pcb_images,https://www.kaggle.com/datasets/frettapper/micropcb-images,CC BY 4.0,https://creativecommons.org/licenses/by/4.0/,raspberry_pi_sbc,raspberry_pi_1_b_plus,I,D,E,B,5,IDEB,test,val,NOT_VERIFIED,test_coded/test_coded/IDEB5.jpg,685e64fa3e88288f900e70a8b90e05db0b40fffba623a3bf51aa97217067168c,1703,1657,255,169,1198,1323,17.82228106,1.042248256
micro_pcb_v2_IDEC5,micro_pcb_images,https://www.kaggle.com/datasets/frettapper/micropcb-images,CC BY 4.0,https://creativecommons.org/licenses/by/4.0/,raspberry_pi_sbc,raspberry_pi_1_b_plus,I,D,E,C,5,IDEC,test,val,NOT_VERIFIED,test_coded/test_coded/IDEC5.jpg,275f957877cdccc16824742611c3e566184691c881ac8a03d7c7c930c044d86a,1612,1734,246,176,1119,1394,16.12219987,0.966804079
micro_pcb_v2_IDED5,micro_pcb_images,https://www.kaggle.com/datasets/frettapper/micropcb-images,CC BY 4.0,https://creativecommons.org/licenses/by/4.0/,raspberry_pi_sbc,raspberry_pi_1_b_plus,I,D,E,D,5,IDED,test,val,NOT_VERIFIED,test_coded/test_coded/IDED5.jpg,898be2ec5948ecef00ff174e447fd8dccf599168695f3b77583eabc822a29914,1641,1818,249,164,1147,1490,20.12071854,0.909848017
micro_pcb_v2_IDEE5,micro_pcb_images,https://www.kaggle.com/datasets/frettapper/micropcb-images,CC BY 4.0,https://creativecommons.org/licenses/by/4.0/,raspberry_pi_sbc,raspberry_pi_1_b_plus,I,D,E,E,5,IDEE,test,val,NOT_VERIFIED,test_coded/test_coded/IDEE5.jpg,16fdbd3b3dc297729fc6121289eb40aa26a065887befb38f9b65bd1b7dcec2b3,1453,1661,256,164,951,1330,11.99065858,0.886324891
micro_pcb_v2_IEAA5,micro_pcb_images,https://www.kaggle.com/datasets/frettapper/micropcb-images,CC BY 4.0,https://creativecommons.org/licenses/by/4.0/,raspberry_pi_sbc,raspberry_pi_1_b_plus,I,E,A,A,5,IEAA,test,val,NOT_VERIFIED,test_coded/test_coded/IEAA5.jpg,f3fbf0f608892703a3ce833821c04cd8bd0b4742f310dd3f85ce9aa6b5eda15d,1638,1657,249,175,1131,1317,25.21639319,1.120911334
micro_pcb_v2_IEAB5,micro_pcb_images,https://www.kaggle.com/datasets/frettapper/micropcb-images,CC BY 4.0,https://creativecommons.org/licenses/by/4.0/,raspberry_pi_sbc,raspberry_pi_1_b_plus,I,E,A,B,5,IEAB,test,val,NOT_VERIFIED,test_coded/test_coded/IEAB5.jpg,1f65cac1f70598d724ff6789ae027aece6e0d16a40020104b9f95794ea3090f4,1776,1808,247,165,1282,1479,27.98615779,1.066159406
micro_pcb_v2_IEAC5,micro_pcb_images,https://www.kaggle.com/datasets/frettapper/micropcb-images,CC BY 4.0,https://creativecommons.org/licenses/by/4.0/,raspberry_pi_sbc,raspberry_pi_1_b_plus,I,E,A,C,5,IEAC,test,val,NOT_VERIFIED,test_coded/test_coded/IEAC5.jpg,377f0d12f1d6f0b9bf20249da67035f0b99c1d00fd8bbaccf55b23ddf09d9e4b,1788,1829,247,164,1301,1495,24.42845464,0.943169895
micro_pcb_v2_IEAD5,micro_pcb_images,https://www.kaggle.com/datasets/frettapper/micropcb-images,CC BY 4.0,https://creativecommons.org/licenses/by/4.0/,raspberry_pi_sbc,raspberry_pi_1_b_plus,I,E,A,D,5,IEAD,test,val,NOT_VERIFIED,test_coded/test_coded/IEAD5.jpg,73169a2a6d84a82d230362aa99825344ecb031cb6a50946c52f20262ecd60d5a,1899,1794,245,164,1404,1468,32.19535536,0.918851428
micro_pcb_v2_IEAE5,micro_pcb_images,https://www.kaggle.com/datasets/frettapper/micropcb-images,CC BY 4.0,https://creativecommons.org/licenses/by/4.0/,raspberry_pi_sbc,raspberry_pi_1_b_plus,I,E,A,E,5,IEAE,test,val,NOT_VERIFIED,test_coded/test_coded/IEAE5.jpg,cbfb8afeaa83db6e406bad5003521a2d9a0855820ea72a1cb6bdcc0fd1896543,1832,1589,246,165,1325,1260,34.57569871,0.906289812
micro_pcb_v2_IEBA5,micro_pcb_images,https://www.kaggle.com/datasets/frettapper/micropcb-images,CC BY 4.0,https://creativecommons.org/licenses/by/4.0/,raspberry_pi_sbc,raspberry_pi_1_b_plus,I,E,B,A,5,IEBA,test,val,NOT_VERIFIED,test_coded/test_coded/IEBA5.jpg,1b0806ab72268aa7daadc32aa78c88aa4192be5d457099e926e6e6dceebce3ac,1861,1749,246,164,1368,1420,29.96865914,1.170001805
micro_pcb_v2_IEBB5,micro_pcb_images,https://www.kaggle.com/datasets/frettapper/micropcb-images,CC BY 4.0,https://creativecommons.org/licenses/by/4.0/,raspberry_pi_sbc,raspberry_pi_1_b_plus,I,E,B,B,5,IEBB,test,val,NOT_VERIFIED,test_coded/test_coded/IEBB5.jpg,00284685446f577f35b429074c1d654e92e71d64e0eedcd9d4d6afb186bb234f,2007,1975,246,165,1515,1646,26.37176805,1.074616423
micro_pcb_v2_IEBC5,micro_pcb_images,https://www.kaggle.com/datasets/frettapper/micropcb-images,CC BY 4.0,https://creativecommons.org/licenses/by/4.0/,raspberry_pi_sbc,raspberry_pi_1_b_plus,I,E,B,C,5,IEBC,test,val,NOT_VERIFIED,test_coded/test_coded/IEBC5.jpg,267cd78fa81aa7f212b3f7e69386eee281ca73812bc146db8b25389b2b77624f,1993,1985,246,164,1496,1652,24.31266425,0.985348014
micro_pcb_v2_IEBD5,micro_pcb_images,https://www.kaggle.com/datasets/frettapper/micropcb-images,CC BY 4.0,https://creativecommons.org/licenses/by/4.0/,raspberry_pi_sbc,raspberry_pi_1_b_plus,I,E,B,D,5,IEBD,test,val,NOT_VERIFIED,test_coded/test_coded/IEBD5.jpg,a94a8c16ba2a1d279cbde8e2abe502fa269cc537f84090591f8fe62644f4048b,2092,2029,246,164,1600,1696,30.43140405,0.921721652
micro_pcb_v2_IEBE5,micro_pcb_images,https://www.kaggle.com/datasets/frettapper/micropcb-images,CC BY 4.0,https://creativecommons.org/licenses/by/4.0/,raspberry_pi_sbc,raspberry_pi_1_b_plus,I,E,B,E,5,IEBE,test,val,NOT_VERIFIED,test_coded/test_coded/IEBE5.jpg,1ac3889fedc69de88f9eebbb8282d3bda456bb236f435c1efc7a86f784c28a99,1916,1724,247,164,1420,1393,31.96395016,0.874619685
micro_pcb_v2_IECA5,micro_pcb_images,https://www.kaggle.com/datasets/frettapper/micropcb-images,CC BY 4.0,https://creativecommons.org/licenses/by/4.0/,raspberry_pi_sbc,raspberry_pi_1_b_plus,I,E,C,A,5,IECA,test,val,NOT_VERIFIED,test_coded/test_coded/IECA5.jpg,b890c92a9cf4f1b9dd8f1c95a4d609bf0c9e38003874dd7f9a9831682f375d17,1854,1842,246,165,1361,1512,28.64529988,1.015196013
micro_pcb_v2_IECB5,micro_pcb_images,https://www.kaggle.com/datasets/frettapper/micropcb-images,CC BY 4.0,https://creativecommons.org/licenses/by/4.0/,raspberry_pi_sbc,raspberry_pi_1_b_plus,I,E,C,B,5,IECB,test,val,NOT_VERIFIED,test_coded/test_coded/IECB5.jpg,46ae1bffea00d6b5efba17463ac482b3fc098721c111c4ca62378b9d47ec1584,2066,2013,246,165,1562,1684,28.71728776,0.998470068
micro_pcb_v2_IECC5,micro_pcb_images,https://www.kaggle.com/datasets/frettapper/micropcb-images,CC BY 4.0,https://creativecommons.org/licenses/by/4.0/,raspberry_pi_sbc,raspberry_pi_1_b_plus,I,E,C,C,5,IECC,test,val,NOT_VERIFIED,test_coded/test_coded/IECC5.jpg,79b6fb19d239ded037e424f77cc33c893ff97ea852020883d3229b6c021d7f1a,2081,2048,248,164,1586,1718,27.46034186,1.007631379
micro_pcb_v2_IECD5,micro_pcb_images,https://www.kaggle.com/datasets/frettapper/micropcb-images,CC BY 4.0,https://creativecommons.org/licenses/by/4.0/,raspberry_pi_sbc,raspberry_pi_1_b_plus,I,E,C,D,5,IECD,test,val,NOT_VERIFIED,test_coded/test_coded/IECD5.jpg,f673b7a222f3ca2ec2a1428dee1d094e69f932fc42ec6230c91b1b588c7c8f95,2049,2062,247,165,1556,1732,25.39790211,0.92374962
micro_pcb_v2_IECE5,micro_pcb_images,https://www.kaggle.com/datasets/frettapper/micropcb-images,CC BY 4.0,https://creativecommons.org/licenses/by/4.0/,raspberry_pi_sbc,raspberry_pi_1_b_plus,I,E,C,E,5,IECE,test,val,NOT_VERIFIED,test_coded/test_coded/IECE5.jpg,83fe4869d9f958d746ba99cbb887aff95c6e22bf9438918c711e3cda106fd5f5,1870,1789,247,164,1377,1460,27.961406,0.857643649
micro_pcb_v2_IEDA5,micro_pcb_images,https://www.kaggle.com/datasets/frettapper/micropcb-images,CC BY 4.0,https://creativecommons.org/licenses/by/4.0/,raspberry_pi_sbc,raspberry_pi_1_b_plus,I,E,D,A,5,IEDA,test,val,NOT_VERIFIED,test_coded/test_coded/IEDA5.jpg,714a1d4af4a96ab706d10d9e7beffe1a36bb8bf1a92018b69c4fd16abd26e48a,1930,1672,257,170,1427,1339,29.84783606,1.067649037
micro_pcb_v2_IEDB5,micro_pcb_images,https://www.kaggle.com/datasets/frettapper/micropcb-images,CC BY 4.0,https://creativecommons.org/licenses/by/4.0/,raspberry_pi_sbc,raspberry_pi_1_b_plus,I,E,D,B,5,IEDB,test,val,NOT_VERIFIED,test_coded/test_coded/IEDB5.jpg,483e1cb743b00aedd63a0bf3ee294d25c24497b1cd1b189486ad50a92da1bbbe,2060,1969,252,181,1562,1624,30.07855478,1.01065338
micro_pcb_v2_IEDC5,micro_pcb_images,https://www.kaggle.com/datasets/frettapper/micropcb-images,CC BY 4.0,https://creativecommons.org/licenses/by/4.0/,raspberry_pi_sbc,raspberry_pi_1_b_plus,I,E,D,C,5,IEDC,test,val,NOT_VERIFIED,test_coded/test_coded/IEDC5.jpg,92fdaa2f735b492681b2a24af1df496591e38803d6a983646154bcab8c99bb9c,1933,1976,247,183,1440,1630,24.20458887,0.984837686
micro_pcb_v2_IEDD5,micro_pcb_images,https://www.kaggle.com/datasets/frettapper/micropcb-images,CC BY 4.0,https://creativecommons.org/licenses/by/4.0/,raspberry_pi_sbc,raspberry_pi_1_b_plus,I,E,D,D,5,IEDD,test,val,NOT_VERIFIED,test_coded/test_coded/IEDD5.jpg,a84a9b1178a76c525f8d4b00f1f9b2b9b885092c067f740e36cf8e6900ee0d1a,1991,2021,249,165,1496,1692,31.43219173,0.896405787
micro_pcb_v2_IEDE5,micro_pcb_images,https://www.kaggle.com/datasets/frettapper/micropcb-images,CC BY 4.0,https://creativecommons.org/licenses/by/4.0/,raspberry_pi_sbc,raspberry_pi_1_b_plus,I,E,D,E,5,IEDE,test,val,NOT_VERIFIED,test_coded/test_coded/IEDE5.jpg,3c1d91fea43d6fe3ad5b983b5f8ee5e9461dee772e6c38e44c946506b6540366,1718,1754,249,165,1223,1420,25.51982344,0.858988696
micro_pcb_v2_IEEA5,micro_pcb_images,https://www.kaggle.com/datasets/frettapper/micropcb-images,CC BY 4.0,https://creativecommons.org/licenses/by/4.0/,raspberry_pi_sbc,raspberry_pi_1_b_plus,I,E,E,A,5,IEEA,test,val,NOT_VERIFIED,test_coded/test_coded/IEEA5.jpg,ad12e33422cb3efae3f42687c7e02bc1d0243a52ebfd9147bfb005448670d174,1819,1537,258,163,1315,1210,36.49856396,0.976862071
micro_pcb_v2_IEEB5,micro_pcb_images,https://www.kaggle.com/datasets/frettapper/micropcb-images,CC BY 4.0,https://creativecommons.org/licenses/by/4.0/,raspberry_pi_sbc,raspberry_pi_1_b_plus,I,E,E,B,5,IEEB,test,val,NOT_VERIFIED,test_coded/test_coded/IEEB5.jpg,69e5dd7ea0ff452911624992400e566f128f3698690a012cad41a67877cb10f8,1878,1770,257,170,1375,1436,32.8050079,0.928997186
micro_pcb_v2_IEEC5,micro_pcb_images,https://www.kaggle.com/datasets/frettapper/micropcb-images,CC BY 4.0,https://creativecommons.org/licenses/by/4.0/,raspberry_pi_sbc,raspberry_pi_1_b_plus,I,E,E,C,5,IEEC,test,val,NOT_VERIFIED,test_coded/test_coded/IEEC5.jpg,953af147d3f8721b3cd73c8f1a19b5a62dc257a21853cb96051af7629e30fcbc,1745,1820,246,174,1252,1482,26.7538537,0.902906949
micro_pcb_v2_IEED5,micro_pcb_images,https://www.kaggle.com/datasets/frettapper/micropcb-images,CC BY 4.0,https://creativecommons.org/licenses/by/4.0/,raspberry_pi_sbc,raspberry_pi_1_b_plus,I,E,E,D,5,IEED,test,val,NOT_VERIFIED,test_coded/test_coded/IEED5.jpg,ef98b4c99df757d84dbeb13714bb5bb0b1be613c679903b97955723aa1116536,1748,1833,245,164,1257,1504,33.39236533,0.803940834
micro_pcb_v2_IEEE5,micro_pcb_images,https://www.kaggle.com/datasets/frettapper/micropcb-images,CC BY 4.0,https://creativecommons.org/licenses/by/4.0/,raspberry_pi_sbc,raspberry_pi_1_b_plus,I,E,E,E,5,IEEE,test,val,NOT_VERIFIED,test_coded/test_coded/IEEE5.jpg,da081fb154143a1666a7adc14217ae2ec24f452b6fb676882967c53374b85b43,1532,1678,250,165,1034,1345,25.45816222,0.797751278
